tree
version=v4
num_class=1
num_tree_per_iteration=1
label_index=0
max_feature_idx=30
objective=regression
feature_names=nf_lag1 nf_lag3 nf_lag7 nf_lag14 nf_lag30 bal_lag1 bal_lag3 bal_lag7 bal_lag14 bal_lag30 nf_roll7_mean nf_roll14_mean nf_roll30_mean nf_roll60_mean nf_roll7_std nf_roll14_std nf_roll30_std nf_roll60_std bal_roll7_min bal_roll30_mean sin_dow cos_dow sin_dom cos_dom sin_month cos_month is_salary_day is_op_day is_weekend in_out_ratio n_tx
feature_infos=[-25630580.780000001:163370.09] [-25630580.780000001:163370.09] [-25630580.780000001:163370.09] [-170794.22:163370.09] [-133975.81:160894.85999999999] [-2371166.5600000001:23311960.109999999] [-2371166.5600000001:23311960.109999999] [-2371166.5600000001:23311960.109999999] [748149.51000000001:23311960.109999999] [566951.78000000003:22546164.32] [-3628632.2800000003:95197.68857142856] [-1791780.5614285714:76761.54857142859] [-815162.51000000001:65766.265333333329] [-380011.23400000005:57897.572666666667] [9578.2358370186721:9716638.7787759602] [18787.89029999507:6868888.1318664877] [32780.047709397892:4689203.8607239751] [37715.138262371351:3316016.1551999557] [-2371166.5600000001:22850183.079999998] [826039.46099999989:22554903.36066667] [-0.97492791218182362:0.97492791218182362] [-0.90096886790241903:1] [-0.99871650717105276:0.99871650717105276] [-0.99486932339189504:1] [-1:1] [-1:1] [0:1] [0:1] [0:1] [0.0034378948078115472:163370.08999999997] [1:18]
tree_sizes=3129 3075 3131 3131 2829 2893 3153 3014 3128 3159 3011 3131 3138 3002 3022 3139 3161 3141 3140 3126 2902 2930 2994 2990 3004 3037 3144 3032 2991 3046 3121 3163 3039 3140 3172 3149 3144 3113 3132 3131 3127 3121 2965 3141 3065 3126 3151 3154 3157 3124 3115 3110 3128 3169 3140 3141 3110 3127 3154 3162 3142 3138 3131 3118 3121 3159 3024 2935 3145 3124 3117 3113 3145 3066 3102 3127 3122 3108 3125 2925 2922 3168 3127 3107 3024 3101 3131 3100 3147 3048 3083 3100 3097 3107 3135 3117 3127 3122 3115 3082 3121 3049 3165 3138 3141 3135 3139 3114 3122 3137 3109 3034 3168 3113 3021 3152 3149 3128 3160 3139 3169 3116 3149 3120 3077 3142 3148 3113 3152 3112 3175 3162 3136 3187 3030 3028 2840 3124 3153 3116 3137 3148 3136 3139 3160 3108 3124 3067 3147 3154 3104 3111 3173 3175 3131 3114 3129 3111 3141 3050 3157 2988 3184 3153 3145 3167 3127 3144 3128 3155 3159 3124 3178 3124 3160 3160 3124 3147 3157 3014 3130 3117 3175 3132 3202 3089 3116 3129 3017 3033 3135 3145 3121 3110 3011 3157 3101 3170 2929 3144 3139 3094 3166 3121 3194 3110 3125 3139 3179 3128 3121 3135 3098 3111 3157 3112 3127 3132 3180 3143 3140 3131 3091 3154 3111 3002 3151 3178 3125 3072 3192 3134 3155 3103 3088 3125 3135 3118 3113 3159 3154 3143 3179 3104 3106 3146 3068 3139 3092 3123 3146 3166 3146 3086 3141 3130 3143 3147 3115 3120 3087 3115 3143 3138 3161 3172 3118 3109 3104 3133 3073 3130

Tree=0
num_leaves=31
num_cat=0
split_feature=26 10 10 22 1 0 22 22 2 22 15 12 11 20 14 17 11 11 0 1 12 16 12 1 24 15 15 2 24 22
split_gain=2.40616e+11 6.68533e+10 2.11184e+10 2.02527e+10 1.81653e+10 1.22184e+10 1.07032e+10 9.67142e+09 9.11408e+09 9.07826e+09 8.17976e+09 8.1628e+09 1.13811e+10 8.78866e+09 1.07512e+10 7.6022e+09 6.47944e+09 6.26965e+09 1.07372e+10 7.21284e+09 5.98224e+09 5.89851e+09 4.05585e+09 3.79403e+09 3.71168e+09 2.84997e+09 3.61383e+09 2.68016e+09 2.5045e+09 2.11044e+09
threshold=1.0000000180025095e-35 60481.597857142864 30323.69071428572 0.34685948904333835 36831.805 38975.890000000007 -0.52828508881293657 0.97827272159715795 53237.010000000009 0.87322439853274636 55540.109238197118 42910.805500000009 56989.127499999995 1.0000000180025095e-35 45300.494796257321 47954.310777415361 53499.241071428587 41094.832500000011 53489.755000000012 73777.530000000013 47394.66083333335 52818.510667306684 53195.25716666667 54518.790000000008 0.25000000000000011 33496.262012941959 44177.987738494412 25881.180000000004 1.0000000180025095e-35 -0.25033082153100961
decision_type=2 2 2 2 2 2 2 2 2 2 2 2 2 2 2 2 2 2 2 2 2 2 2 2 2 2 2 2 2 2
left_child=1 2 3 6 9 -3 -1 10 16 15 -5 13 17 14 -6 25 -7 -13 23 20 -20 22 -10 -19 -25 -4 -27 -18 -12 -17
right_child=-2 5 4 7 11 8 -8 -9 21 -11 28 12 -14 -15 -16 29 27 18 19 -21 -22 -23 -24 24 -26 26 -28 -29 -30 -31
leaf_value=45853.476489700181 42007.950590025408 48046.990946268823 46729.6830535111 45966.048828968371 46011.039272446855 46981.659323245294 44600.770091236765 45476.041766244583 46115.386802051871 47639.547968195497 46479.456217962288 45989.828359470266 45709.552002027551 46514.170488968179 44784.767909747497 46830.555842567112 47373.852348879962 46605.153954754816 45456.368010618949 46919.153990087987 46444.315818876865 47323.336827785235 46827.628402365997 46893.362314389713 47678.718793755193 45783.319933916813 46534.694203207466 48063.918531378629 47135.404694239209 47349.783034657405
leaf_weight=11.000000000000002 10.999999999999998 12.999999999999998 12.999999999999998 19 18.000000000000004 20 13.999999999999998 12.999999999999998 13.000000000000002 9.9999999999999982 10.000000000000002 15.999999999999998 19 12.999999999999998 9.9999999999999982 20.000000000000004 10.000000000000002 12.999999999999998 11.000000000000002 9.9999999999999982 10.999999999999998 10.999999999999998 15.999999999999998 12.000000000000002 9.9999999999999982 11.000000000000002 11.999999999999998 10.999999999999998 10.999999999999998 10.999999999999998
leaf_count=11 11 13 13 19 18 20 14 13 13 10 10 16 19 13 10 20 10 13 11 10 11 11 16 12 10 11 12 11 11 11
internal_value=46373.8 46496.8 46276.8 45852.8 46427.2 47194.2 45149.8 46185.2 47056.3 46798.5 46416.5 46227.1 46370.9 45869.9 45571 46672.1 47370.5 46522.6 46650 46252.8 45949.4 46733.5 46508.5 47012.8 47252.5 46375.4 46174.9 47738.5 46824.1 47016.1
internal_weight=403 392 298 78 220 94 25 53 81 77 40 143 102 41 28 67 41 83 67 32 22 40 29 35 22 36 23 21 21 31
internal_count=403 392 298 78 220 94 25 53 81 77 40 143 102 41 28 67 41 83 67 32 22 40 29 35 22 36 23 21 21 31
is_linear=0
shrinkage=1


Tree=1
num_leaves=30
num_cat=0
split_feature=29 29 29 30 29 29 30 29 29 29 29 29 29 30 29 14 30 10 29 29 29 20 29 29 29 29 29 29 29
split_gain=5.2507e+11 1.39874e+11 5.91175e+10 3.17856e+10 2.48663e+10 2.45909e+10 1.46361e+10 1.33146e+10 9.97323e+09 3.69406e+09 2.67897e+09 2.52522e+09 2.32733e+09 2.21474e+09 1.92802e+09 1.37276e+09 1.30165e+09 5.87142e+08 4.85765e+08 4.47167e+08 3.905e+08 7.55399e+08 2.42445e+08 2.33702e+08 2.07747e+08 1.75416e+08 1.46613e+08 4.92326e+07 3.92572e+07
threshold=1.2352053363942463 72765.705000000016 0.43082329105051809 7.5000000000000009 40927.200000000004 99813.215000000011 11.500000000000002 0.84499823192235823 2.3954351829683938 120940.16500000001 82821.965000000011 56461.085000000006 28604.970000000005 9.5000000000000018 58592.835000000006 51300.842881652155 6.5000000000000009 59570.092857142859 49026.955000000009 6.049204822479922 17114.705000000005 -1.0000000180025095e-35 62917.445000000007 91783.200000000026 34766.000000000007 64024.320000000007 78174.335000000021 45809.820000000007 52550.825000000004
decision_type=2 2 2 2 2 2 2 2 2 2 2 2 2 2 2 2 2 2 2 2 2 2 2 2 2 2 2 2 2
left_child=2 3 -1 4 12 10 8 15 -5 -7 26 18 16 14 19 -4 20 -15 27 -10 21 -2 -13 -12 -14 -16 -3 -6 -20
right_child=1 5 7 6 11 9 -8 -9 13 -11 23 22 24 17 25 -17 -18 -19 28 -21 -22 -23 -24 -25 -26 -27 -28 -29 -30
leaf_value=-4182.7529497663554 -681.40095615671635 861.10491204582422 -2183.4594198994246 -447.45980210578301 -66.24812540082786 1768.9284243574766 1279.1068393740836 -1311.8247508305647 38.879065903786291 2433.6394567757011 1210.0171958407468 380.72986160209257 -436.84740256824699 553.81588298740644 443.16136054201229 -2659.2010842971526 -463.24046014803594 885.97455981809696 140.48976973451633 281.16380558192168 -663.78362155249101 -1050.8082649886874 584.7075456023756 1419.3229346264366 -270.66095015313539 603.51058321220933 1002.2199788701066 27.674685714493933 220.60424338692945
leaf_weight=15.999999999999998 9.9999999999999982 23 13.000000000000002 12.999999999999998 10.000000000000002 15.999999999999998 17 14.999999999999998 12.000000000000002 15.999999999999998 14.000000000000002 11.000000000000002 13.000000000000002 10.000000000000002 12.000000000000002 13.999999999999998 15.999999999999998 9.9999999999999982 11.000000000000002 15.999999999999998 13.999999999999998 11.000000000000002 10.999999999999998 12.999999999999998 14.999999999999998 14.999999999999998 13.999999999999998 9.9999999999999982 11.999999999999998
leaf_count=16 10 23 13 13 10 16 17 15 12 16 14 11 13 10 12 14 16 10 11 16 14 11 11 13 15 15 14 10 12
internal_value=8.71171 452.814 -2631.04 77.6533 -211.759 1425.34 474.473 -2035.65 318.395 2104.56 1084.35 222.769 -569.197 451.352 352.481 -2434.6 -689.925 721.69 88.8044 177.582 -792.744 -876.936 483.813 1313.23 -348.46 533.195 915.78 -19.3348 182.676
internal_weight=403 345 58 249 144 96 105 42 88 32 64 65 79 75 55 27 51 20 43 28 35 21 22 27 28 27 37 20 23
internal_count=403 345 58 249 144 96 105 42 88 32 64 65 79 75 55 27 51 20 43 28 35 21 22 27 28 27 37 20 23
is_linear=0
shrinkage=0.03


Tree=2
num_leaves=31
num_cat=0
split_feature=26 30 10 30 10 5 22 1 30 11 12 5 30 14 15 8 10 2 1 11 11 5 2 13 15 1 2 16 0 10
split_gain=2.13701e+11 7.35258e+10 4.78009e+10 2.21831e+10 2.11698e+10 1.87977e+10 3.0732e+10 1.41216e+10 1.39413e+10 1.30407e+10 1.62103e+10 1.02266e+10 7.02916e+09 6.4424e+09 6.01041e+09 5.15391e+09 5.00642e+09 3.77109e+09 3.18179e+09 3.59028e+09 2.78177e+09 2.58461e+09 2.2202e+09 2.01464e+09 1.56102e+09 1.50948e+09 1.36659e+09 1.33506e+09 1.49492e+09 1.05092e+09
threshold=1.0000000180025095e-35 7.5000000000000009 59570.092857142859 10.500000000000002 30641.922142857144 4421738.8650000012 0.75778426208340954 31752.875000000004 4.5000000000000009 53163.018571428584 39799.013166666678 2466456.5000000005 10.500000000000002 31532.21194501904 49420.182474748661 14706349.430000002 64008.683571428577 47454.455000000009 36831.805 43540.442857142873 48730.380000000012 16506902.640000002 7796.1400000000003 48722.852250000011 46704.054095588894 80977.315000000017 54518.790000000008 43140.908443835084 51604.580000000009 41055.526428571429
decision_type=2 2 2 2 2 2 2 2 2 2 2 2 2 2 2 2 2 2 2 2 2 2 2 2 2 2 2 2 2 2
left_child=1 8 4 24 5 -3 -7 14 27 10 -9 -10 23 -5 20 -8 17 22 19 -19 -6 -20 -13 -12 25 -4 -18 -1 -29 -24
right_child=-2 2 3 13 7 6 15 9 11 -11 12 16 -14 -15 -16 -17 26 18 21 -21 -22 -23 29 -25 -26 -27 -28 28 -30 -31
leaf_value=-523.60896506238339 -4105.9620899321262 544.62651141292258 1003.3657288205977 1210.970422717842 250.44854353719674 -2138.3734666511182 -584.76157846023762 -467.32427682464697 -1107.0407474347014 -717.03553552904555 36.206613660214536 -244.71275144202684 1174.049320969626 2118.5805942693905 1436.7298446479883 376.07027314598872 562.85450239039153 -532.17826674731782 -326.11415934205741 182.72559384880176 958.87979244402982 -832.32363281250002 -30.982060401119391 593.50556779637452 371.22185776654408 566.00331536018132 78.502067904235005 -1208.0116878181557 -757.89869881838638 365.64485763600499
leaf_weight=9.9999999999999982 10.999999999999998 13.999999999999998 15.000000000000002 12.000000000000002 10.000000000000002 10.000000000000002 10.000000000000002 14.999999999999998 9.9999999999999982 11.999999999999998 10.000000000000002 15.999999999999998 15.999999999999998 18 12.999999999999998 9.9999999999999982 10.000000000000002 10.000000000000002 26 17 9.9999999999999982 13.999999999999998 10.000000000000002 13.999999999999998 10.999999999999998 13.999999999999998 10.999999999999998 11.000000000000002 18 14.999999999999998
leaf_count=10 11 14 15 12 10 10 10 15 10 12 10 16 16 18 13 10 10 10 26 17 10 14 10 14 11 14 11 11 18 15
internal_value=8.44931 124.414 499.076 1141.86 186.322 -361.771 -784.958 427.543 -326.037 177.071 372.623 -185.257 687.793 1758.16 935.04 -104.606 -113.4 -195.82 -334.412 -82.5479 606.172 -504.105 30.7904 361.856 678.028 793.563 309.935 -826.911 -930.417 207.249
internal_weight=403 392 214 70 144 44 30 100 178 67 55 139 40 30 33 20 129 108 67 27 20 40 41 24 40 29 21 39 29 25
internal_count=403 392 214 70 144 44 30 100 178 67 55 139 40 30 33 20 129 108 67 27 20 40 41 24 40 29 21 39 29 25
is_linear=0
shrinkage=0.03


Tree=3
num_leaves=31
num_cat=0
split_feature=29 29 29 30 29 29 29 30 29 29 29 29 29 30 30 29 30 29 29 30 10 29 29 29 29 2 29 29 5 29
split_gain=4.77316e+11 1.33938e+11 4.12538e+10 2.90657e+10 2.54621e+10 2.20257e+10 1.53841e+10 1.29369e+10 5.9732e+09 3.27467e+09 2.86988e+09 2.4095e+09 2.38442e+09 2.04615e+09 1.92914e+09 1.75169e+09 9.25969e+08 7.59487e+08 5.2533e+08 5.09884e+08 4.82148e+08 4.51197e+08 2.58489e+08 2.25374e+08 1.38338e+08 8.48805e+07 7.5483e+07 5.32905e+07 3.76151e+07 3.17554e+07
threshold=1.1007565827145689 72765.705000000016 0.43082329105051809 7.5000000000000009 39106.810000000005 99813.215000000011 2.3954351829683938 11.500000000000002 0.73598419398967929 120940.16500000001 1.7539170611738182 55570.970000000008 82821.965000000011 2.5000000000000004 9.5000000000000018 59357.150000000009 8.5000000000000018 3.0201460719841715 6.049204822479922 4.5000000000000009 59570.092857142859 49026.955000000009 62917.445000000007 91783.200000000026 78174.335000000021 48153.225000000006 65293.415000000008 45809.820000000007 13905552.515000002 52550.825000000004
decision_type=2 2 2 2 2 2 2 2 2 2 2 2 2 2 2 2 2 2 2 2 2 2 2 2 2 2 2 2 2 2
left_child=2 3 -1 4 10 12 -5 14 16 -7 -2 21 24 -12 15 18 -4 -15 -8 -19 -16 27 -13 -14 -3 -21 -17 -6 -27 -23
right_child=1 5 8 6 11 9 7 -9 -10 -11 13 22 23 17 20 26 -18 19 -20 25 -22 29 -24 -25 -26 28 -28 -29 -30 -31
leaf_value=-3965.9444363317757 -1006.6900479771782 821.91271946176789 -2201.1023354092517 -379.09634029145383 -65.960455391309893 1683.225992990654 27.549266869002839 1417.4640711882782 -1528.1658088235292 2309.4221670560746 -902.04464202425368 359.96577735995834 1149.4485653914587 -664.81967265271476 524.73626545009301 470.14980917744236 -2637.920009328358 -510.89036202017712 281.0878537155512 -242.77559355999 826.24315531716411 136.43772491869339 565.35522041148192 1353.1711745689654 958.44280332517781 -393.28678871268636 586.9848009756787 29.520862271892486 -304.12429017024255 210.23025355274319
leaf_weight=15.999999999999998 11.999999999999998 23 14.000000000000002 18 11.000000000000002 15.999999999999998 12.000000000000002 13.999999999999998 10.999999999999998 15.999999999999998 9.9999999999999982 12.000000000000002 14.000000000000002 10.999999999999998 10.000000000000002 13.000000000000002 9.9999999999999982 19 19 11.000000000000002 9.9999999999999982 11.000000000000002 10.999999999999998 12.999999999999998 13.999999999999998 10.000000000000002 10.999999999999998 9.9999999999999982 9.9999999999999982 10.999999999999998
leaf_count=16 12 23 14 18 11 16 12 14 11 16 10 12 14 11 10 13 10 19 19 11 10 11 11 13 14 10 11 10 10 11
internal_value=8.18933 401.298 -2702.77 42.8631 -227.999 1356.6 419.975 581.707 -2120.48 1999.44 -577.562 211.707 1033.88 -504.376 424.859 332.576 -2388.22 -438.499 183.146 -388.094 677.174 78.9432 459.209 1249.86 874.796 -312.13 524.808 -20.531 -349.575 173.727
internal_weight=403 352 51 256 149 96 107 89 35 32 83 66 64 71 75 55 24 61 31 50 20 43 23 27 37 31 24 21 20 22
internal_count=403 352 51 256 149 96 107 89 35 32 83 66 64 71 75 55 24 61 31 50 20 43 23 27 37 31 24 21 20 22
is_linear=0
shrinkage=0.03


Tree=4
num_leaves=28
num_cat=0
split_feature=29 29 29 29 29 29 29 29 29 29 29 18 29 29 29 14 2 29 22 29 29 29 6 29 29 29 29
split_gain=4.4937e+11 1.1906e+11 4.90276e+10 2.07278e+10 1.47673e+10 1.15137e+10 8.8772e+09 2.26429e+10 9.59054e+09 4.02251e+09 3.08173e+09 2.57494e+09 2.24433e+09 1.92655e+09 1.30117e+09 1.19133e+09 1.05617e+09 5.40868e+08 4.29743e+08 3.84172e+08 3.30844e+08 2.12133e+08 1.84141e+08 1.30281e+08 9.95368e+07 6.71053e+07 5.34036e+07
threshold=1.2352053363942463 72765.705000000016 0.43082329105051809 99813.215000000011 2.3954351829683938 0.84499823192235823 32.285839286721725 42831.405000000006 6.2595914749359158 57790.515000000007 120940.16500000001 6431439.745000001 82821.965000000011 27301.705000000002 1.7539170611738182 51300.842881652155 73602.960000000006 51187.725000000006 -0.15123342103804657 62917.445000000007 34766.000000000007 91783.200000000026 15080519.200000001 78174.335000000021 67239.700000000026 54029.004999999997 47983.345000000008
decision_type=2 2 2 2 2 2 2 2 2 2 2 2 2 2 2 2 2 2 2 2 2 2 2 2 2 2 2
left_child=2 4 -1 12 14 15 8 13 11 17 -5 -6 23 18 -2 -4 -13 26 -8 -11 -15 -14 -16 -3 -21 -19 -9
right_child=1 3 5 10 6 -7 7 9 -10 19 -12 16 21 20 22 -17 -18 25 -20 24 -22 -23 -24 -25 -26 -27 -28
leaf_value=-3847.3367990654201 -751.63013986170972 797.30881490645322 -2028.9688038793097 1632.8865362149531 579.63233049954601 -1218.7380476536543 -545.31282649253706 -18.176738187851001 1057.3598842462343 374.17332122892225 2240.3553300233643 199.93186514310742 1115.0878141681492 -414.16252007885515 -271.03592269669707 -2471.9634925489322 -192.27441260494402 164.44010477511677 -831.13362290111934 512.4713127880965 -222.80104142801503 1312.7315822557468 -456.23704086986936 929.79185247998203 630.91011736425332 254.18678882890362 69.993169530808117
leaf_weight=15.999999999999998 12.999999999999998 23 13.000000000000002 15.999999999999998 11.999999999999998 14.999999999999998 10.000000000000002 14.000000000000002 18 17 15.999999999999998 16.000000000000004 14.000000000000002 15.999999999999998 10.000000000000002 13.999999999999998 9.9999999999999982 16.000000000000004 9.9999999999999982 23 17 12.999999999999998 9.9999999999999982 13.999999999999998 10.999999999999998 14.999999999999998 10.999999999999998
leaf_count=16 13 23 13 16 12 15 10 14 18 17 16 16 14 16 10 14 10 16 10 23 17 13 10 14 11 15 11
internal_value=7.93959 418.783 -2434.12 1316.04 72.659 -1891.82 162.988 49.1543 487.894 300.294 1939.64 217.112 1002.96 -457.669 -517.938 -2262.81 49.0038 124.582 -689.939 492.922 -316.069 1212.5 -364.543 848.625 551.66 208.205 20.6803
internal_weight=403 345 58 96 249 42 216 160 56 107 32 38 64 53 33 27 26 56 20 51 33 27 20 37 34 31 25
internal_count=403 345 58 96 249 42 216 160 56 107 32 38 64 53 33 27 26 56 20 51 33 27 20 37 34 31 25
is_linear=0
shrinkage=0.03


Tree=5
num_leaves=29
num_cat=0
split_feature=29 29 29 29 29 29 29 29 29 29 29 29 29 20 29 7 29 11 29 29 29 29 29 29 29 29 29 29
split_gain=3.97661e+11 1.27812e+11 4.99462e+10 1.9274e+10 1.571e+10 9.82716e+09 6.94475e+09 1.3854e+10 5.7609e+09 4.83328e+09 3.37357e+09 2.52554e+09 1.6089e+09 1.49162e+09 1.2793e+09 1.2236e+09 1.09465e+09 1.00361e+09 8.72949e+08 4.75164e+08 2.76083e+08 2.68727e+08 1.18034e+08 1.06142e+08 3.7007e+07 3.62648e+07 2.35183e+07 2.29618e+07
threshold=1.2352053363942463 70262.375000000015 0.45208455116525753 99813.215000000011 49822.600000000006 0.84499823192235823 2.3954351829683938 32.285839286721725 6.2595914749359158 34766.000000000007 82821.965000000011 120940.16500000001 59357.150000000009 0.6078576107927941 1.6916567824023063 10226276.325000001 4.4361360705668966 48975.138571428579 25171.050000000007 42831.405000000006 76971.480000000025 90908.395000000019 54928.44000000001 62917.445000000007 46772.705000000009 74174.595000000016 53025.730000000003 66167.185000000012
decision_type=2 2 2 2 2 2 2 2 2 2 2 2 2 2 2 2 2 2 2 2 2 2 2 2 2 2 2 2
left_child=2 4 -1 10 6 15 14 8 13 18 20 -5 22 16 -2 -4 -8 -16 -9 -11 25 -12 26 -14 -21 -3 -6 -25
right_child=1 3 5 11 12 -7 7 9 -10 19 21 -13 23 -15 17 -17 -18 -19 -20 24 -22 -23 -24 27 -26 -27 -28 -29
leaf_value=-3687.076113453079 -771.74031968390807 677.63724370757882 -2416.5963852611926 1572.9922705564779 145.53104556074763 -1189.5991798020527 -207.55349516176082 -701.32536294291333 870.61247263941266 -194.55617628440962 1085.9431842672413 2134.2577029789718 400.07464529454018 402.20452379408709 -233.40558859394108 -1932.3500628591951 205.86648335866798 -617.25678865596717 -411.3078694020669 -26.396939587948914 895.10006766732283 1285.4964522288028 278.00660656694834 481.48253687207927 53.167023312667908 775.73539257117432 202.85410804590245 555.31669776119395
leaf_weight=17 12.999999999999998 11.000000000000002 10.000000000000002 15.000000000000002 16.000000000000004 17 12.000000000000002 19 12.999999999999998 18 12.999999999999998 15.999999999999998 12.999999999999998 11.999999999999998 14.000000000000002 12.999999999999998 10.999999999999998 10.999999999999998 19 10.000000000000002 19 20 13.999999999999998 16.000000000000004 10.999999999999998 13.999999999999998 11.999999999999998 9.9999999999999982
leaf_count=17 13 11 10 15 16 17 12 19 13 18 13 16 13 12 14 13 11 11 19 10 19 20 14 16 11 14 12 10
internal_value=-1.70452 374.816 -2325.18 1233.81 -5.56739 -1742.49 -175.25 -67.1998 332.609 -316.485 978.383 1865.65 335.791 131.822 -530.125 -2147.68 -9.81323 -403.195 -557.048 -81.6782 804.509 1208.65 206.567 474.512 15.3067 734.011 170.416 510.892
internal_weight=409 352 57 108 244 40 163 125 48 77 77 31 81 35 38 23 23 25 38 39 44 33 42 39 21 25 28 26
internal_count=409 352 57 108 244 40 163 125 48 77 77 31 81 35 38 23 23 25 38 39 44 33 42 39 21 25 28 26
is_linear=0
shrinkage=0.03


Tree=6
num_leaves=31
num_cat=0
split_feature=29 29 29 29 30 29 29 30 29 29 29 29 29 30 29 7 16 29 29 30 29 29 29 25 29 4 29 29 29 29
split_gain=3.74344e+11 1.25993e+11 3.93476e+10 1.86673e+10 1.76987e+10 2.20804e+10 1.1724e+10 7.47546e+09 6.76328e+09 3.37986e+09 2.4248e+09 2.37665e+09 2.06427e+09 1.52277e+09 1.25511e+09 8.51058e+08 6.39153e+08 6.20144e+08 5.0175e+08 3.61504e+08 3.27028e+08 3.17961e+08 2.67175e+08 4.04935e+08 2.54825e+08 5.53701e+07 4.56548e+07 2.95569e+07 2.90812e+07 1.21471e+07
threshold=1.1245256649108579 68227.74500000001 0.43082329105051809 99813.215000000011 7.5000000000000009 37145.670000000006 2.3954351829683938 10.500000000000002 0.73598419398967929 82821.965000000011 51187.725000000006 120940.16500000001 1.8763760727123036 2.5000000000000004 6.711850151100716 10226276.325000001 46683.369112989858 57790.515000000007 3.0201460719841715 4.5000000000000009 42831.405000000006 75872.645000000004 62023.465000000004 1.0000000180025095e-35 89726.765000000014 61962.870000000003 46772.705000000009 78174.335000000021 54029.004999999997 65293.415000000008
decision_type=2 2 2 2 2 2 2 2 2 2 2 2 2 2 2 2 2 2 2 2 2 2 2 2 2 2 2 2 2 2
left_child=2 4 -1 9 5 12 16 14 15 21 20 -5 -2 -14 -8 -4 -6 28 -15 -20 -7 -3 23 -16 -11 -21 -22 -23 -12 -24
right_child=1 3 8 11 6 10 7 -9 -10 24 17 -13 13 18 22 -17 -18 -19 19 25 26 27 29 -25 -26 -27 -28 -29 -30 -31
leaf_value=-3696.3002803156141 -907.70953981519926 672.52487081692902 -2386.0747843608588 1525.9592815614612 -162.56607921087911 -166.21918945312498 69.691760781120209 1038.3514219480139 -1306.5565553160918 1027.0326784048507 170.04051912967284 2070.4294538551403 -818.03012512966802 -631.6777183418842 184.6680802151088 -1969.2241668827799 -494.79174031391398 439.15042306893685 -503.1297951956775 -264.62432465013865 -25.608970892607264 776.85764342350717 435.30597889458937 437.84272075985473 1233.3738865916484 -360.36909123563214 62.771169035898609 875.77667705278589 237.4676305970149 501.36280317164176
leaf_weight=14.999999999999998 14.999999999999998 19 11.000000000000002 15.000000000000002 10.000000000000002 13.999999999999998 14.999999999999998 15.999999999999998 12.999999999999998 9.9999999999999982 16.000000000000004 15.999999999999998 11.999999999999998 9.9999999999999982 11.000000000000002 11.999999999999998 10.999999999999998 14.999999999999998 15.999999999999998 11.000000000000002 10.000000000000002 10.000000000000002 10.000000000000002 11.999999999999998 23 12.999999999999998 10.999999999999998 17 9.9999999999999982 9.9999999999999982
leaf_count=15 15 19 11 15 10 14 15 16 13 10 16 16 12 10 11 12 11 15 16 11 10 10 10 12 23 13 11 17 10 10
internal_value=-1.65473 341.009 -2405 1185.81 -33.8631 -233.538 287.673 465.152 -1862.58 939.936 129.202 1809.86 -591.419 -514.227 306.27 -2173.33 -337.351 285.625 -440.57 -392.064 -54.1834 772.009 388.62 317.422 1172.49 -317.127 20.7245 840.644 196.38 469.502
internal_weight=409 358 51 110 248 153 95 74 36 79 76 31 77 62 58 23 21 41 50 40 35 46 43 23 33 24 21 27 26 20
internal_count=409 358 51 110 248 153 95 74 36 79 76 31 77 62 58 23 21 41 50 40 35 46 43 23 33 24 21 27 26 20
is_linear=0
shrinkage=0.03


Tree=7
num_leaves=30
num_cat=0
split_feature=29 29 29 29 30 29 29 29 30 29 29 29 29 30 29 30 29 29 30 29 29 25 29 29 29 29 29 29 29
split_gain=3.52474e+11 1.13171e+11 4.42905e+10 1.70798e+10 1.65411e+10 1.93817e+10 8.79853e+09 8.66529e+09 6.96716e+09 3.46272e+09 2.10555e+09 1.70113e+09 1.68393e+09 1.62216e+09 1.22309e+09 9.77472e+08 4.82674e+08 4.08404e+08 5.55274e+08 3.29704e+08 2.78952e+08 3.81095e+08 1.96653e+08 1.77309e+08 1.53519e+08 9.47257e+07 3.34128e+07 1.86231e+07 1.61151e+07
threshold=1.2352053363942463 70262.375000000015 0.45208455116525753 103406.12500000001 7.5000000000000009 39106.810000000005 2.3954351829683938 0.84499823192235823 10.500000000000002 84824.135000000024 27301.705000000002 120940.16500000001 55570.970000000008 8.5000000000000018 6.711850151100716 6.5000000000000009 49822.600000000006 3.1652816579422032 2.5000000000000004 76971.480000000025 62023.465000000004 1.0000000180025095e-35 93624.940000000017 34766.000000000007 62023.465000000004 45518.325000000004 74174.595000000016 65293.415000000008 53025.730000000003
decision_type=2 2 2 2 2 2 2 2 2 2 2 2 2 2 2 2 2 2 2 2 2 2 2 2 2 2 2 2 2
left_child=2 4 -1 9 5 10 -6 13 14 19 15 -5 16 -4 -8 17 25 -2 -19 26 21 -16 -11 -12 -14 -7 -3 -22 -18
right_child=1 3 7 11 6 12 8 -9 -10 22 23 -13 24 -15 20 -17 28 18 -20 -21 27 -23 -24 -25 -26 -27 -28 -29 -30
leaf_value=-3471.5686446114369 -871.44108809389138 637.31566035067851 -1780.9968031609187 1512.6101043827796 -269.24798708938232 -83.960240511656849 67.607951076165378 -1121.1824436400293 1007.2979254891939 1092.8813506319252 -369.6029844480139 2008.5100978387848 314.19793610074612 -2322.3183069029847 179.15310858126671 -436.57881813832387 143.87152955621104 -793.59104155860962 -505.3528034078663 857.75732621173461 422.31176830690276 424.76193959089721 1265.9133980481727 -215.15126345306012 484.74927122201484 33.452511672702116 730.66000889679708 494.42426205458139 195.31495234699167
leaf_weight=17 10.999999999999998 11.000000000000002 13.000000000000002 12.000000000000002 19 11.000000000000002 14.999999999999998 17 15.999999999999998 18 16.000000000000004 15.999999999999998 10.000000000000002 9.9999999999999982 11.000000000000002 17 12.000000000000002 12.000000000000002 12.999999999999998 22 10.000000000000002 11.999999999999998 14.999999999999998 11.999999999999998 9.9999999999999982 13.999999999999998 13.999999999999998 10.999999999999998 11.999999999999998
leaf_count=17 11 11 13 12 19 11 15 17 16 18 16 16 10 10 11 17 12 12 13 22 10 12 15 12 10 14 14 11 12
internal_value=-1.61218 352.871 -2189.09 1161.16 -5.0623 -200.577 306.87 -1640.39 452.902 936.916 -515.181 1799.06 168.847 -2020.88 301.831 -626.404 73.9948 -715.313 -645.015 769.855 381.513 307.94 1173.33 -303.911 400.47 -18.2736 690.943 461.17 169.946
internal_weight=409 352 57 108 244 150 94 40 75 80 81 28 69 23 59 53 49 36 25 47 44 23 33 28 20 25 25 21 24
internal_count=409 352 57 108 244 150 94 40 75 80 81 28 69 23 59 53 49 36 25 47 44 23 33 28 20 25 25 21 24
is_linear=0
shrinkage=0.03


Tree=8
num_leaves=31
num_cat=0
split_feature=29 29 29 29 29 29 10 17 29 29 29 29 29 29 29 7 3 6 10 29 29 29 29 29 29 29 29 29 29 29
split_gain=3.31933e+11 1.03257e+11 4.60727e+10 1.60756e+10 1.19339e+10 1.00606e+10 5.00749e+09 4.2537e+09 2.81315e+09 2.10167e+09 1.65515e+09 2.43659e+09 4.55038e+09 3.82499e+09 1.22857e+09 1.06313e+09 9.04577e+08 8.68109e+08 7.65205e+08 6.39211e+08 5.42697e+08 3.62821e+08 2.29736e+08 2.27988e+08 9.08656e+07 7.4971e+07 5.86715e+07 3.14214e+07 2.10649e+07 1.12668e+07
threshold=1.3526207841824018 70262.375000000015 0.45208455116525753 99813.215000000011 51187.725000000006 0.84499823192235823 62616.558571428577 51023.765830974102 82821.965000000011 108379.96000000002 1.7539170611738182 32.285839286721725 3.482951500646299 32461.295000000006 59357.150000000009 10226276.325000001 57166.380000000012 15080519.200000001 49562.686428571433 21859.955000000005 40927.200000000004 1.1245256649108579 90908.395000000019 76971.480000000025 62917.445000000007 54928.44000000001 45809.820000000007 74174.595000000016 66167.185000000012 53025.730000000003
decision_type=2 2 2 2 2 2 2 2 2 2 2 2 2 2 2 2 2 2 2 2 2 2 2 2 2 2 2 2 2 2
left_child=2 4 -1 8 6 15 10 -8 23 -5 -2 12 17 18 25 -4 -14 -12 19 -13 -15 -7 -10 27 -16 29 -22 -3 -26 -6
right_child=1 3 5 9 14 21 7 -9 22 -11 11 13 16 20 24 -17 -18 -19 -20 -21 26 -23 -24 -25 28 -27 -28 -29 -30 -31
leaf_value=-3367.7269794721406 -566.83246959841631 618.28271351809929 -2210.3737290111931 1399.8002065373557 142.25913422683183 -1173.248925339366 -44.158441690760327 718.89956273320888 990.33446479885038 1918.3181288954293 -123.36224196161916 -804.14409290158335 125.12914647344329 -220.89594685985108 364.64679867097698 -1760.595177801724 528.96175664645511 -452.86931405601655 -333.86645043834841 -467.6136398087686 -52.476733717277838 -904.09778451492525 1174.3072923160848 816.7595841535433 439.38955169392506 250.91186401801599 45.687793948541533 708.81821480204621 508.88047166511188 185.0430315579616
leaf_weight=17 10.999999999999998 11.000000000000002 10.000000000000002 13.000000000000002 13.000000000000002 11.000000000000002 19.000000000000004 9.9999999999999982 12.999999999999998 18 18.000000000000004 11.000000000000002 10.000000000000002 18 12.999999999999998 12.999999999999998 9.9999999999999982 11.999999999999998 10.999999999999998 9.9999999999999982 10.000000000000002 9.9999999999999982 20 19 16.000000000000004 13.999999999999998 11.999999999999998 13.999999999999998 9.9999999999999982 11.999999999999998
leaf_count=17 11 11 10 13 13 11 19 10 13 18 18 11 10 18 13 13 10 12 11 10 10 10 20 19 16 14 12 14 10 12
internal_value=-1.56517 356.328 -2041.94 1126.44 9.61537 -1526.46 -137.171 219.749 893.172 1703.48 -215.049 -183.111 -22.1808 -294.775 314.371 -1960.52 327.861 -255.699 -538.987 -645.383 -98.9769 -1047.53 1103.44 734.397 433.421 194.918 1.04974 670.296 467.042 163.124
internal_weight=409 348 61 108 240 44 162 29 77 31 133 122 50 72 78 23 20 30 32 21 40 21 33 44 39 39 22 25 26 25
internal_count=409 348 61 108 240 44 162 29 77 31 133 122 50 72 78 23 20 30 32 21 40 21 33 44 39 39 22 25 26 25
is_linear=0
shrinkage=0.03


Tree=9
num_leaves=31
num_cat=0
split_feature=29 29 29 30 29 29 29 17 29 29 29 29 29 30 30 29 29 29 29 16 29 30 29 29 29 29 11 29 29 29
split_gain=3.12387e+11 9.71736e+10 4.33932e+10 1.56357e+10 1.65922e+10 1.51421e+10 1.08129e+10 6.56477e+09 4.23715e+09 3.06732e+09 1.7547e+09 1.51632e+09 1.50073e+09 9.44294e+08 6.93582e+08 6.90123e+08 6.6294e+08 5.19942e+08 4.39073e+08 3.25453e+08 3.14412e+08 4.78922e+08 2.91219e+08 1.76882e+08 1.57598e+08 1.36345e+08 1.30583e+08 7.71123e+07 3.93334e+07 3.90242e+07
threshold=1.3526207841824018 70262.375000000015 0.43082329105051809 7.5000000000000009 39106.810000000005 103406.12500000001 0.73598419398967929 50996.317007891274 3.482951500646299 84824.135000000024 27301.705000000002 120940.16500000001 55570.970000000008 6.5000000000000009 9.5000000000000018 59357.150000000009 1.1007565827145689 0.58773320620013603 49822.600000000006 46463.024366402715 3.1652816579422032 2.5000000000000004 78174.335000000021 90908.395000000019 34766.000000000007 62023.465000000004 47970.371785714298 45518.325000000004 74174.595000000016 64929.599999999999
decision_type=2 2 2 2 2 2 2 2 2 2 2 2 2 2 2 2 2 2 2 2 2 2 2 2 2 2 2 2 2 2
left_child=2 3 -1 4 10 9 17 8 19 22 13 -7 18 20 15 26 -8 -4 27 -5 -2 -22 28 -11 -12 -14 -10 -6 -3 -17
right_child=1 5 6 7 12 11 16 -9 14 23 24 -13 25 -15 -16 29 -18 -19 -20 -21 21 -23 -24 -25 -26 -27 -28 -29 -30 -31
leaf_value=-3381.2824647009966 -816.99364505597009 599.81816317873279 -2170.5061450559692 -20.809735745102603 -78.53649521219242 1423.0185101141074 -1230.4776742788456 889.50883918838247 99.994713253761361 978.96567747201482 -348.62046674211433 1891.0722546728971 295.63144822761177 -390.06796527042565 570.96052063899253 370.7511485541043 -894.04841156638997 -1828.5604885057469 160.24011753264682 -252.43587793373962 -748.70437305497899 -480.80686343839795 814.48238096165824 1156.2870339614967 -203.00415059323129 456.3489797108208 242.63257326825232 27.403174653511453 693.05711521612147 462.08348151159498
leaf_weight=14.999999999999998 9.9999999999999982 11.000000000000002 10.000000000000002 10.000000000000002 11.000000000000002 12.000000000000002 11.000000000000002 14.999999999999998 10.000000000000002 9.9999999999999982 16.000000000000004 15.999999999999998 10.000000000000002 15.999999999999998 9.9999999999999982 10.000000000000002 11.999999999999998 12.999999999999998 24 11.999999999999998 12.000000000000002 12.999999999999998 20 23 11.999999999999998 9.9999999999999982 13.999999999999998 13.999999999999998 15.999999999999998 10.999999999999998
leaf_count=15 10 11 10 10 11 12 11 15 10 10 16 16 10 16 10 10 12 13 24 12 12 13 20 23 12 10 14 14 16 11
internal_value=-1.52388 345.673 -1980.91 9.32843 -181.567 1092.75 -1521.09 316.353 204.194 881.611 -478.297 1693.37 158.267 -583.111 344.853 294.029 -1057.27 -1981.62 68.725 -147.437 -670.676 -610.635 724.377 1104.12 -286.687 376.928 183.532 -19.274 656.25 419.576
internal_weight=409 348 61 240 148 108 46 92 77 80 79 28 69 51 55 45 23 23 49 22 35 25 47 33 28 20 24 25 27 21
internal_count=409 348 61 240 148 108 46 92 77 80 79 28 69 51 55 45 23 23 49 22 35 25 47 33 28 20 24 25 27 21
is_linear=0
shrinkage=0.03


Tree=10
num_leaves=30
num_cat=0
split_feature=29 29 29 30 29 29 14 29 30 29 29 29 29 30 29 30 20 29 29 30 15 10 29 29 29 29 29 29 29
split_gain=3.05527e+11 7.71542e+10 3.17564e+10 1.97128e+10 1.78814e+10 1.19556e+10 9.4251e+09 5.16162e+09 7.59303e+09 4.92488e+09 1.98068e+09 1.92788e+09 1.84126e+09 1.77508e+09 1.95631e+09 1.37164e+09 5.43163e+08 4.61915e+08 3.77394e+08 3.62183e+08 3.1762e+08 2.01828e+08 1.71726e+08 1.59537e+08 5.28406e+07 4.99136e+07 4.2349e+07 2.61686e+07 1.23368e+07
threshold=1.3526207841824018 72765.705000000016 0.58773320620013603 8.5000000000000018 40927.200000000004 99813.215000000011 63560.433812055642 3.2772196089076209 11.500000000000002 0.91656783527364716 87417.72500000002 58592.835000000006 120940.16500000001 2.5000000000000004 2.9128661964864033 7.5000000000000009 -1.0000000180025095e-35 51187.725000000006 32461.295000000006 4.5000000000000009 44001.749700247332 58316.157142857148 78174.335000000021 62917.445000000007 53025.730000000003 37145.670000000006 93624.940000000017 46772.705000000009 54928.44000000001
decision_type=2 2 2 2 2 2 2 2 2 2 2 2 2 2 2 2 2 2 2 2 2 2 2 2 2 2 2 2 2
left_child=2 3 6 4 13 10 -1 -5 16 -4 22 17 -7 -2 20 18 -9 27 19 -16 -15 -18 -3 -13 -19 -20 -12 -6 -26
right_child=1 5 9 7 11 12 -8 8 -10 -11 26 23 -14 14 15 -17 21 24 25 -21 -22 -23 -24 -25 28 -27 -28 -29 -30
leaf_value=-2102.3450814991688 -726.33643023858906 659.50708320961996 -1640.2740477839334 80.220528236452566 -30.702598633917198 1361.6874050817753 -3204.7121663701064 590.27125170290253 1294.1346758261493 -922.60120394977992 1014.7006644518269 328.54195626795968 1859.3925466954022 -455.49263642723855 -507.10991555368241 74.973434767082551 436.09579194358014 133.02760978508672 -258.36113572761184 -287.0662958162967 -695.34381363122156 247.2737720090951 792.2008786627182 471.93476963434745 182.59603690531708 -161.51389925373132 1140.2158815298505 36.191745518926361 232.84740791148189
leaf_weight=15.000000000000002 11.999999999999998 21 18 18 11.000000000000002 16.000000000000004 13.999999999999998 13.999999999999998 12.999999999999998 17 15.000000000000002 13.000000000000002 12.999999999999998 10.000000000000002 12.000000000000002 9.9999999999999982 11.000000000000002 13.999999999999998 10.000000000000002 15.999999999999998 10.999999999999998 9.9999999999999982 20 17 10.000000000000002 9.9999999999999982 9.9999999999999982 9.9999999999999982 10.999999999999998
leaf_count=15 12 21 18 18 11 16 14 14 13 17 15 13 13 10 12 10 11 14 10 16 11 10 20 17 10 10 10 10 11
internal_value=-5.01356 354.942 -1904.82 71.472 -93.5467 1079.61 -2639.12 513.758 676.082 -1293.5 855.362 216.566 1587.61 -386.578 -334.543 -244.347 445.001 112.427 -310.881 -382.107 -582.482 346.981 725.122 410.448 179.09 -210.461 1067.08 1.16215 209.409
internal_weight=402 338 64 243 177 95 29 66 48 35 66 86 29 91 79 58 35 56 48 28 21 21 41 30 35 20 25 21 21
internal_count=402 338 64 243 177 95 29 66 48 35 66 86 29 91 79 58 35 56 48 28 21 21 41 30 35 20 25 21 21
is_linear=0
shrinkage=0.03


Tree=11
num_leaves=31
num_cat=0
split_feature=10 23 14 10 1 23 14 1 4 10 22 8 4 3 5 25 1 14 14 11 12 17 10 2 10 24 4 5 14 20
split_gain=4.37489e+10 3.37735e+10 3.52099e+10 2.13744e+10 9.55549e+09 8.58075e+09 1.31806e+10 8.57585e+09 7.81937e+09 5.98456e+09 5.32465e+09 4.84842e+09 4.8286e+09 4.60332e+09 4.21343e+09 4.11775e+09 3.93209e+09 3.73338e+09 3.50104e+09 3.36565e+09 3.4869e+09 3.23807e+09 4.04089e+09 2.80142e+09 2.73542e+09 3.09798e+09 2.42003e+09 1.74038e+09 1.46024e+09 1.1881e+09
threshold=30641.922142857144 0.43813463158589139 61698.127635810342 60481.597857142864 36831.805 0.43813463158589139 47808.779227744955 65704.345000000016 72132.530000000013 72297.501428571428 0.87322439853274636 14655297.245000003 58592.835000000006 -18839.479999999992 6040231.9500000011 0.6830127018922193 -23535.219999999998 70055.947914056902 39182.790397234516 56989.127499999995 46876.580166666674 49628.457792943947 52052.389285714293 51904.395000000011 45853.047142857147 0.25000000000000011 27360.400000000001 14086931.495000003 27264.233662270217 -1.0000000180025095e-35
decision_type=2 2 2 2 2 2 2 2 2 2 2 2 2 2 2 2 2 2 2 2 2 2 2 2 2 2 2 2 2 2
left_child=1 8 14 4 10 13 23 15 11 12 16 17 -9 -6 -3 28 -2 -1 26 20 21 22 -15 -7 -22 -26 -18 -28 -5 -11
right_child=3 2 -4 7 5 6 -8 9 -10 29 -12 -13 -14 19 -16 -17 18 -19 -20 -21 24 -23 -24 -25 25 -27 27 -29 -30 -31
leaf_value=-553.65474402716518 690.10685604319838 -243.73528014225735 -2846.0363018889921 751.2630585407237 -501.01157070173485 106.97373144206807 -1394.5849905436933 336.00876593338808 -759.72899591303371 914.78289995335786 913.66059351679087 566.14223004732878 -421.46756830325069 -559.93238805219562 -1078.2907716869811 357.73031342795531 585.41492975638619 136.32311388837977 -273.38690702908582 -406.82209063914019 71.446115568866873 393.52604215251858 195.86027423289025 -462.97548428829577 223.0230663252074 920.44792060679424 356.71844708887147 -139.13016600751399 1189.4331508874297 448.49003660287428
leaf_weight=12.000000000000002 10.999999999999998 10.000000000000002 9.9999999999999982 11.000000000000002 13.999999999999998 15.000000000000002 10.999999999999998 18.000000000000004 13.999999999999998 10.000000000000002 9.9999999999999982 11.999999999999998 12.999999999999998 15.000000000000002 11.999999999999998 10.999999999999998 11.999999999999998 17 18 10.999999999999998 19 9.9999999999999982 10.999999999999998 15.999999999999998 12.000000000000002 10.999999999999998 11.000000000000002 14.999999999999998 20 9.9999999999999982
leaf_count=12 11 10 10 11 14 15 11 18 14 10 10 12 13 15 12 11 12 17 18 11 19 10 11 16 12 11 11 15 20 10
internal_value=-4.86337 -600.173 -1374.28 159.625 -0.353572 -143.771 -504.898 541.303 -148.945 279.446 269.636 60.287 18.1902 3.6588 -700.36 858.562 172.903 -149.646 70.7841 83.2819 152.615 -64.0164 -240.412 -187.465 338.155 557.847 233.957 70.934 1035.41 683.336
internal_weight=402 87 32 315 222 145 42 93 55 51 77 41 31 103 22 42 67 29 56 89 78 36 26 31 42 23 38 26 31 20
internal_count=402 87 32 315 222 145 42 93 55 51 77 41 31 103 22 42 67 29 56 89 78 36 26 31 42 23 38 26 31 20
is_linear=0
shrinkage=0.03


Tree=12
num_leaves=31
num_cat=0
split_feature=29 29 29 30 29 29 14 29 30 29 29 29 30 29 29 30 21 29 29 30 29 24 29 29 29 29 29 29 29 29
split_gain=2.79155e+11 7.01054e+10 2.86953e+10 1.79672e+10 1.63536e+10 1.10195e+10 8.21804e+09 4.75009e+09 7.03947e+09 4.57388e+09 2.16824e+09 1.78109e+09 1.62724e+09 1.78411e+09 1.31786e+09 1.2193e+09 4.79744e+08 4.5315e+08 3.59665e+08 3.68878e+08 3.42092e+08 2.96145e+08 2.50822e+08 1.54334e+08 1.46422e+08 9.03648e+07 5.52768e+07 5.04229e+07 1.0059e+07 7.54903e+06
threshold=1.3526207841824018 72765.705000000016 0.58773320620013603 8.5000000000000018 40927.200000000004 103406.12500000001 63560.433812055642 3.2772196089076209 11.500000000000002 0.84499823192235823 87417.72500000002 58592.835000000006 2.5000000000000004 2.9128661964864033 120940.16500000001 7.5000000000000009 1.0000000180025095e-35 49822.600000000006 32461.295000000006 4.5000000000000009 52058.605000000003 0.25000000000000011 1.1245256649108579 80689.725000000006 62917.445000000007 93624.940000000017 37145.670000000006 53025.730000000003 75872.645000000004 54928.44000000001
decision_type=2 2 2 2 2 2 2 2 2 2 2 2 2 2 2 2 2 2 2 2 2 2 2 2 2 2 2 2 2 2
left_child=2 3 6 4 12 10 -1 -5 16 -4 23 17 -2 21 -7 18 20 -6 19 -15 -9 -14 -11 28 -13 -12 -20 -19 -3 -29
right_child=1 5 9 7 11 14 -8 8 -10 22 25 24 13 15 -16 -17 -18 27 26 -21 -22 -23 -24 -25 -26 -27 -28 29 -30 -31
leaf_value=-2016.9557516611292 -693.93464811332979 599.44773204291027 -1636.7233492524915 75.49763400006492 -11.018824828140378 1329.9855064655167 -3047.219756450178 641.00770172574596 1242.196807650862 -1051.8196420242532 968.84076515780703 316.03634159482749 -675.48303696361904 -490.97539953967822 1777.5441002155171 68.391021637418362 278.34795595366376 128.24855386609229 -247.64826988106333 -269.16106230833822 399.02516188245585 -444.03870634191173 -820.16827775186562 776.41725700622771 453.43397177419348 1107.7226382902297 -146.22246749650185 178.0701674731809 668.0270035282258 218.93301355698526
leaf_weight=15.000000000000002 11.999999999999998 10.000000000000002 14.999999999999998 18 19 13.000000000000002 13.999999999999998 10.000000000000002 12.999999999999998 10.000000000000002 15.000000000000002 13.000000000000002 10.000000000000002 12.000000000000002 12.999999999999998 9.9999999999999982 12.999999999999998 15.999999999999998 10.000000000000002 15.999999999999998 11.999999999999998 10.999999999999998 9.9999999999999982 13.999999999999998 17 12.999999999999998 9.9999999999999982 10.000000000000002 17 10.999999999999998
leaf_count=15 12 10 15 18 19 13 14 10 13 10 15 13 10 12 13 10 13 16 10 16 12 11 10 14 17 13 10 10 17 11
internal_value=-4.71927 339.35 -1820.68 69.1394 -88.4038 1030.12 -2518.71 491.389 647.107 -1239.55 830.7 208.165 -368.638 -318.818 1556.75 -232.685 424.617 108.07 -295.415 -364.93 510.221 -555.593 -938.328 689.963 394.52 1035.18 -197.426 169.155 643.782 199.944
internal_weight=402 338 64 243 177 95 29 66 48 35 69 86 91 79 26 58 35 56 48 28 22 21 20 41 30 28 20 37 27 21
internal_count=402 338 64 243 177 95 29 66 48 35 69 86 91 79 26 58 35 56 48 28 22 21 20 41 30 28 20 37 27 21
is_linear=0
shrinkage=0.03


Tree=13
num_leaves=30
num_cat=0
split_feature=29 29 29 30 29 29 14 30 29 29 29 29 29 29 30 29 30 29 29 0 1 29 29 16 29 29 29 29 29
split_gain=2.62716e+11 6.59776e+10 2.70042e+10 1.68268e+10 1.26787e+10 1.00508e+10 7.73429e+09 6.7052e+09 4.32982e+09 4.04841e+09 1.9167e+09 1.37875e+09 1.24027e+09 1.19327e+09 1.15619e+09 1.33799e+09 1.03151e+09 3.9329e+08 3.84965e+08 3.04818e+08 1.95461e+08 1.66388e+08 1.51917e+08 1.37437e+08 1.3616e+08 5.54701e+07 4.73678e+07 2.98257e+07 1.2318e+07
threshold=1.3526207841824018 73493.155000000013 0.58773320620013603 7.5000000000000009 39106.810000000005 103406.12500000001 63560.433812055642 11.500000000000002 0.91656783527364716 2.3954351829683938 89382.47500000002 25171.050000000007 120940.16500000001 55570.970000000008 9.5000000000000018 59357.150000000009 6.5000000000000009 5.1666356343256572 49822.600000000006 55502.855000000003 37174.580000000009 80689.725000000006 32461.295000000006 47940.038820452726 62023.465000000004 65704.345000000016 93624.940000000017 45518.325000000004 53025.730000000003
decision_type=2 2 2 2 2 2 2 2 2 2 2 2 2 2 2 2 2 2 2 2 2 2 2 2 2 2 2 2 2
left_child=2 3 6 4 11 10 -1 9 -4 -5 21 16 -7 18 15 17 20 -11 27 -16 -2 -3 -13 -19 -15 -17 -12 -6 -20
right_child=1 5 8 7 13 12 -8 -9 -10 14 26 22 -14 24 19 25 -18 23 28 -21 -22 -23 -24 -25 -26 -27 -28 -29 -30
leaf_value=-1956.648089700996 -746.61454057835795 631.56205323727545 -1527.6218793282546 -298.0613568474264 -62.198708787604922 1290.2388290229881 -2956.1285031138787 859.97080577940449 -854.80753070014657 -25.475005440690396 954.46851203304561 -346.1581066843878 1724.4220815373562 266.52404821595138 391.47556771805017 364.27422222531123 -319.22651497511674 124.75594072144055 132.14022427262927 630.63987435867534 -574.00301042691922 764.59989778037379 -205.23777750412387 276.13477582789176 426.47564423973876 459.04770649636924 1074.6182830459768 9.2578793107114752 178.5887782765858
leaf_weight=15.000000000000002 10.000000000000002 25 18 10.999999999999998 10.000000000000002 13.000000000000002 13.999999999999998 19 17 10.999999999999998 13.000000000000002 12.000000000000002 12.999999999999998 10.000000000000002 10.000000000000002 14.000000000000002 13.999999999999998 12.000000000000002 13.000000000000002 9.9999999999999982 19 15.999999999999998 17 9.9999999999999982 9.9999999999999982 11.999999999999998 12.999999999999998 10.999999999999998 9.9999999999999982
leaf_count=15 10 25 18 11 10 13 14 19 17 11 13 12 13 10 10 14 14 12 13 10 19 16 17 10 10 12 13 11 10
internal_value=-4.5789 329.206 -1766.26 70.9034 -151.656 1009.28 -2443.41 348.534 -1202.51 240.147 813.901 -424.62 1510.22 155.521 315.228 248.036 -532.482 120.937 68.0238 512.332 -634.707 684.347 -264.045 194.035 347.364 408.813 1016.49 -24.836 152.679
internal_weight=402 338 64 245 136 93 29 109 35 90 67 72 26 64 79 59 43 33 44 20 29 41 29 22 20 26 26 21 23
internal_count=402 338 64 245 136 93 29 109 35 90 67 72 26 64 79 59 43 33 44 20 29 41 29 22 20 26 26 21 23
is_linear=0
shrinkage=0.03


Tree=14
num_leaves=30
num_cat=0
split_feature=29 29 29 30 29 29 14 29 30 29 29 29 29 30 29 30 21 29 29 29 30 29 29 29 29 29 29 29 29
split_gain=2.4724e+11 6.21001e+10 2.54147e+10 1.59317e+10 1.44857e+10 9.77204e+09 7.27901e+09 4.35939e+09 6.4029e+09 4.09035e+09 1.61182e+09 1.58344e+09 1.4852e+09 1.45341e+09 1.6399e+09 1.09625e+09 4.31662e+08 4.16215e+08 3.99378e+08 3.14832e+08 2.79996e+08 2.23993e+08 1.35458e+08 1.29762e+08 5.07427e+07 4.4154e+07 2.90786e+07 9.70499e+06 6.59774e+06
threshold=1.3526207841824018 72765.705000000016 0.58773320620013603 8.5000000000000018 40927.200000000004 99813.215000000011 63560.433812055642 3.2772196089076209 11.500000000000002 0.84499823192235823 87417.72500000002 58592.835000000006 120940.16500000001 2.5000000000000004 2.1515105257861697 7.5000000000000009 1.0000000180025095e-35 32461.295000000006 49822.600000000006 52058.605000000003 5.5000000000000009 1.1245256649108579 80689.725000000006 62917.445000000007 37145.670000000006 53025.730000000003 93624.940000000017 75872.645000000004 54928.44000000001
decision_type=2 2 2 2 2 2 2 2 2 2 2 2 2 2 2 2 2 2 2 2 2 2 2 2 2 2 2 2 2
left_child=2 3 6 4 13 10 -1 -5 16 -4 22 18 -7 -2 -15 17 19 20 -6 -9 -16 -11 27 -13 -19 -20 -12 -3 -27
right_child=1 5 9 7 11 12 -8 8 -10 21 26 23 -14 14 15 -17 -18 24 25 -21 -22 -23 -24 -25 -26 28 -28 -29 -30
leaf_value=-1898.1436513704314 -654.47291477567421 563.7311100746266 -1542.1084003841361 64.266961822087083 -10.360311204805148 1225.823817172897 -2867.760286921708 606.24807894123103 1179.3734060704023 -988.88019472947713 912.09013314991671 297.64165431932457 1672.8876346982756 -594.14016521630333 -435.6349809301181 22.65740581844852 260.93833569055312 -234.12928229944018 120.5026339807243 374.27103904629149 -256.84669880171259 -770.16901236007448 730.35126362322058 426.9891209219208 -137.01206273320895 167.13245102611933 1021.3550897854477 629.15366568914953 205.36544515342192
leaf_weight=15.000000000000002 11.999999999999998 10.000000000000002 14.999999999999998 18 19 16.000000000000004 13.999999999999998 10.000000000000002 12.999999999999998 10.000000000000002 15.000000000000002 13.000000000000002 12.999999999999998 13.999999999999998 19 11.999999999999998 12.999999999999998 10.000000000000002 15.999999999999998 11.999999999999998 13.999999999999998 9.9999999999999982 13.999999999999998 17 9.9999999999999982 10.000000000000002 9.9999999999999982 17 10.999999999999998
leaf_count=15 12 10 15 18 19 16 14 10 13 10 15 13 13 14 19 12 13 10 16 12 14 10 14 17 10 10 10 17 11
internal_value=-4.43897 319.366 -1713.45 65.0498 -83.3013 969.503 -2370.36 462.662 611.838 -1166.54 766.776 195.817 1428.77 -347.046 -299.964 -236.195 399.658 -294.769 101.439 480.851 -360.289 -881.718 649.306 371.527 -186.033 158.786 957.748 606.01 187.599
internal_weight=402 338 64 243 177 95 29 66 48 35 66 86 29 91 79 65 35 53 56 22 33 20 41 30 20 37 25 27 21
internal_count=402 338 64 243 177 95 29 66 48 35 66 86 29 91 79 65 35 53 56 22 33 20 41 30 20 37 25 27 21
is_linear=0
shrinkage=0.03


Tree=15
num_leaves=31
num_cat=0
split_feature=29 29 29 30 29 29 29 30 29 29 30 30 29 30 29 29 29 17 29 10 29 30 29 29 29 29 10 11 29 29
split_gain=2.67426e+11 6.40469e+10 2.1241e+10 1.69901e+10 1.161e+10 9.34567e+09 9.25456e+09 1.007e+10 1.85433e+09 1.80849e+09 1.71529e+09 1.51305e+09 1.26439e+09 1.06299e+09 1.06205e+09 9.32042e+08 6.63924e+08 3.23913e+08 3.03975e+08 1.93613e+08 1.6952e+08 2.88835e+08 1.64385e+08 1.53412e+08 1.02835e+08 7.82114e+07 7.15935e+07 4.15182e+07 2.7419e+07 2.06809e+07
threshold=1.0053703463594095 68227.74500000001 0.43082329105051809 7.5000000000000009 37145.670000000006 99813.215000000011 2.3954351829683938 11.500000000000002 82821.965000000011 1.8763760727123036 9.5000000000000018 9.5000000000000018 51604.580000000009 2.5000000000000004 120940.16500000001 58592.835000000006 0.63475808591798766 47239.060753240752 60272.075000000019 45853.047142857147 3.2772196089076209 4.5000000000000009 40927.200000000004 75872.645000000004 90908.395000000019 27301.705000000002 58106.400000000016 45936.153928571432 54029.004999999997 46772.705000000009
decision_type=2 2 2 2 2 2 2 2 2 2 2 2 2 2 2 2 2 2 2 2 2 2 2 2 2 2 2 2 2 2
left_child=2 3 -1 4 9 8 17 11 23 -2 16 15 22 -11 -7 19 -4 -5 28 -8 -15 -22 -6 -3 -10 -23 -21 -17 -14 -24
right_child=1 5 10 6 12 14 7 -9 24 13 -12 -13 18 20 -16 27 -18 -19 -20 26 21 25 29 -25 -26 -27 -28 -29 -30 -31
leaf_value=-2901.7513634002767 -730.65705863025698 508.35634019414448 -1612.8808350622401 -159.83488007282233 -137.85879602216485 1197.2853536476866 -7.9467576667443991 1163.5124040814055 816.96887549490907 -642.80491639564468 -1930.1717901583709 554.33394236010167 128.09214456492452 -424.95933125353503 1591.649389367816 379.21665021685931 -1254.7304687499998 -396.68318599871731 355.91014167444024 210.37091410622659 -378.69348394438975 -155.59040636660441 -25.075255443175983 638.9751542163774 955.14258120078739 -267.08076762677933 96.103908276913756 300.83659572397687 193.92496509120474 32.967670192114369
leaf_weight=18 15.999999999999998 14.999999999999998 12.000000000000002 11.000000000000002 10.999999999999998 14.000000000000002 10.000000000000002 13.999999999999998 11.000000000000002 10.999999999999998 10.999999999999998 14.999999999999998 13.000000000000002 10.999999999999998 12.999999999999998 14.000000000000002 9.9999999999999982 9.9999999999999982 9.9999999999999982 10.000000000000002 19 10.000000000000002 11.000000000000002 23 19 13.999999999999998 9.9999999999999982 13.999999999999998 10.999999999999998 10.999999999999998
leaf_count=18 16 15 12 11 11 14 10 14 11 11 11 15 13 11 13 14 10 10 10 10 19 10 11 23 19 14 10 14 11 11
internal_value=-42.6911 252.347 -2071.5 5.43375 -203.316 917.359 291.459 427.858 728.907 -444.863 -1614.94 286.074 88.8179 -374.006 1389.76 216.278 -1453.3 -273.294 217.074 99.8405 -318.706 -291.063 -43.4532 588.151 905.923 -221.047 153.62 340.633 158.606 3.95516
internal_weight=402 351 51 256 148 95 108 87 68 81 33 73 67 65 27 58 22 21 34 30 54 43 33 38 30 24 20 28 24 22
internal_count=402 351 51 256 148 95 108 87 68 81 33 73 67 65 27 58 22 21 34 30 54 43 33 38 30 24 20 28 24 22
is_linear=0
shrinkage=0.03


Tree=16
num_leaves=31
num_cat=0
split_feature=29 29 29 30 29 29 30 29 29 30 29 30 29 29 30 29 29 29 17 29 30 20 29 29 29 29 14 29 29 29
split_gain=2.51678e+11 6.02753e+10 1.99864e+10 1.67981e+10 1.15867e+10 8.92416e+09 9.2558e+09 7.47533e+09 1.70188e+09 1.61439e+09 1.36761e+09 1.36378e+09 1.36311e+09 1.08054e+09 9.7682e+08 8.19626e+08 6.24713e+08 3.99568e+08 3.0487e+08 2.05786e+08 2.43988e+08 1.88852e+08 1.54713e+08 1.15898e+08 6.39097e+07 5.81536e+07 5.46512e+07 3.79932e+07 2.5808e+07 1.94641e+07
threshold=1.0053703463594095 74174.595000000016 0.43082329105051809 7.5000000000000009 37145.670000000006 2.3954351829683938 11.500000000000002 103406.12500000001 1.7539170611738182 9.5000000000000018 51604.580000000009 9.5000000000000018 84824.135000000024 59357.150000000009 2.5000000000000004 120940.16500000001 0.63475808591798766 60272.075000000019 47239.060753240752 3.0201460719841715 4.5000000000000009 -1.0000000180025095e-35 40927.200000000004 94809.22500000002 65704.345000000016 80689.725000000006 33196.299557968596 27301.705000000002 54029.004999999997 46772.705000000009
decision_type=2 2 2 2 2 2 2 2 2 2 2 2 2 2 2 2 2 2 2 2 2 2 2 2 2 2 2 2 2 2
left_child=2 3 -1 4 8 18 11 12 -2 16 22 13 25 21 -10 -9 -4 28 -5 -16 -21 -7 -6 -14 -15 -3 -23 -22 -12 -24
right_child=1 7 9 5 10 6 -8 15 14 -11 17 -13 23 24 19 -17 -18 -19 -20 20 27 26 29 -25 -26 -27 -28 -29 -30 -31
leaf_value=-2814.9399865824098 -720.07342127803156 572.80736245324169 -1564.6951828319495 -155.06153757777142 -133.74174495369061 10.695082845727436 1128.7312645963077 1179.7563115923233 -623.60803432550892 -1872.5286800056558 124.2641023482399 523.18427413137329 839.24539862204699 319.94860436146644 -437.43763701026114 1544.0828304597699 -1217.2758278917911 366.2612576179979 -384.84189453124998 -367.36249615526572 -183.86288626896388 110.69503440856928 -24.326401229789344 979.05792595954347 415.48548147624427 675.64684001865669 210.92595324160445 -259.09685831850533 188.13354094492362 31.983114354750683
leaf_weight=18 14.999999999999998 20.000000000000004 12.000000000000002 11.000000000000002 10.999999999999998 11.999999999999998 13.999999999999998 12.000000000000002 10.999999999999998 10.999999999999998 13.000000000000002 18 19.000000000000004 19.000000000000004 9.9999999999999982 12.999999999999998 9.9999999999999982 11.999999999999998 9.9999999999999982 19 12.000000000000002 10.000000000000002 11.000000000000002 11.999999999999998 10.999999999999998 9.9999999999999982 9.9999999999999982 13.999999999999998 10.999999999999998 10.999999999999998
leaf_count=18 15 20 12 11 11 12 14 12 11 11 13 18 19 19 10 13 10 12 10 19 12 10 11 12 11 10 10 14 11 11
internal_value=-41.4175 244.801 -2009.58 20.7914 -188.321 293.51 418.389 934.65 -431.565 -1566.71 97.3314 293.451 754.469 226.387 -365.499 1371.91 -1409.9 225.075 -265.135 -313.358 -285.33 104.873 -42.1555 894.856 355.612 608.154 161.212 -224.793 153.868 3.83704
internal_weight=402 351 51 265 150 115 94 86 81 33 69 80 61 62 66 25 22 36 21 55 45 32 33 31 30 30 20 26 24 22
internal_count=402 351 51 265 150 115 94 86 81 33 69 80 61 62 66 25 22 36 21 55 45 32 33 31 30 30 20 26 24 22
is_linear=0
shrinkage=0.03


Tree=17
num_leaves=31
num_cat=0
split_feature=29 29 29 30 29 29 29 30 29 14 29 30 29 29 30 29 23 17 29 17 29 30 29 29 29 11 29 29 29 29
split_gain=2.36856e+11 5.6735e+10 1.88058e+10 1.50507e+10 1.02792e+10 8.28196e+09 8.19731e+09 8.91865e+09 1.60378e+09 1.56608e+09 1.35892e+09 1.34454e+09 1.23402e+09 1.1183e+09 9.42036e+08 8.2579e+08 7.32386e+08 2.86946e+08 2.67469e+08 1.71207e+08 1.52329e+08 2.57173e+08 1.4561e+08 1.36281e+08 7.06108e+07 3.69655e+07 3.53698e+07 2.42917e+07 1.83189e+07 1.60363e+07
threshold=1.0053703463594095 68227.74500000001 0.43082329105051809 7.5000000000000009 37145.670000000006 95766.660000000018 2.3954351829683938 11.500000000000002 1.8763760727123036 44326.244267545713 120940.16500000001 9.5000000000000018 82821.965000000011 51604.580000000009 2.5000000000000004 58592.835000000006 0.43813463158589139 47239.060753240752 60272.075000000019 47054.792672202755 3.2772196089076209 4.5000000000000009 40927.200000000004 75872.645000000004 27301.705000000002 45936.153928571432 90908.395000000019 54029.004999999997 46772.705000000009 78174.335000000021
decision_type=2 2 2 2 2 2 2 2 2 2 2 2 2 2 2 2 2 2 2 2 2 2 2 2 2 2 2 2 2 2
left_child=2 3 -1 4 8 12 17 11 -2 -4 -7 15 23 22 -10 19 -11 -5 27 -8 -16 -22 -6 -3 -23 -17 -14 -15 -24 -25
right_child=1 5 9 6 13 10 7 -9 14 16 -12 -13 26 18 20 25 -18 -19 -20 -21 21 24 28 29 -26 -27 -28 -29 -30 -31
leaf_value=-2730.7257444598335 -687.79901978679902 478.40376414555647 -1251.5815687859192 -150.43073829892526 -129.74764862750988 1087.9403912401574 -0.39054076596083132 1094.9898326290036 -604.98444305005648 -1486.8546000466411 1497.937832255747 522.1157917010031 767.95142286481871 120.550462183459 -400.58136709912327 356.88838411921694 -1886.2890858208955 -373.35407678404846 334.35278101679103 148.2559712807963 -356.37055010457675 -145.45747179629191 -23.599911842518793 557.46258162313416 -251.35161323954628 282.95890965580514 871.24556133229532 182.51507308752826 31.027963919661158 633.10203394396547
leaf_weight=18 15.999999999999998 14.999999999999998 12.999999999999998 11.000000000000002 10.999999999999998 19 11.000000000000002 13.999999999999998 10.999999999999998 10.000000000000002 12.999999999999998 14.999999999999998 11.000000000000002 13.000000000000002 10.999999999999998 14.000000000000002 9.9999999999999982 9.9999999999999982 9.9999999999999982 19 19 10.000000000000002 11.000000000000002 10.000000000000002 13.999999999999998 13.999999999999998 13.999999999999998 10.999999999999998 10.999999999999998 12.999999999999998
leaf_count=18 16 15 13 11 11 19 11 14 11 10 13 15 11 13 11 14 10 10 10 19 19 10 11 10 14 14 14 11 11 13
internal_value=-40.1807 237.482 -1949.52 5.09085 -191.383 863.384 274.297 402.668 -418.666 -1519.92 1256.58 269.236 662.828 83.4987 -351.94 203.442 -1690.78 -257.219 204.118 93.8423 -299.882 -273.686 -40.8966 553.599 -207.623 320.494 827.42 149.271 3.72245 601.496
internal_weight=402 351 51 256 148 95 108 87 81 33 32 73 63 67 65 58 20 21 34 30 54 43 33 38 24 28 25 24 22 23
internal_count=402 351 51 256 148 95 108 87 81 33 32 73 63 67 65 58 20 21 34 30 54 43 33 38 24 28 25 24 22 23
is_linear=0
shrinkage=0.03


Tree=18
num_leaves=31
num_cat=0
split_feature=29 29 29 30 29 29 30 29 29 30 29 30 29 29 29 30 29 29 17 21 29 30 29 29 29 29 29 14 29 29
split_gain=2.22943e+11 5.25114e+10 1.92468e+10 1.4224e+10 9.71903e+09 7.90252e+09 8.19964e+09 6.64492e+09 2.11178e+09 1.77098e+09 1.21108e+09 1.2062e+09 1.20127e+09 1.17555e+09 9.58154e+08 8.86663e+08 7.17683e+08 3.5359e+08 2.70075e+08 1.90883e+08 1.43393e+08 2.41985e+08 1.37043e+08 9.62232e+07 6.6444e+07 6.22048e+07 5.67359e+07 5.56111e+07 2.28645e+07 1.72411e+07
threshold=1.1007565827145689 74174.595000000016 0.43082329105051809 7.5000000000000009 37145.670000000006 2.3954351829683938 11.500000000000002 103406.12500000001 0.71562937656960035 8.5000000000000018 51604.580000000009 9.5000000000000018 87417.72500000002 1.8763760727123036 59357.150000000009 2.5000000000000004 120940.16500000001 60272.075000000019 47239.060753240752 -0.22252093395631442 3.2772196089076209 4.5000000000000009 40927.200000000004 80689.725000000006 27301.705000000002 94809.22500000002 65704.345000000016 31238.857657151533 54029.004999999997 46772.705000000009
decision_type=2 2 2 2 2 2 2 2 2 2 2 2 2 2 2 2 2 2 2 2 2 2 2 2 2 2 2 2 2 2
left_child=2 3 -1 4 13 18 11 12 9 -4 22 14 23 -2 19 -15 -9 28 -5 -7 -17 -22 -6 -3 -23 -14 -16 -21 -12 -24
right_child=1 7 8 5 10 6 -8 16 -10 -11 17 -13 25 15 26 20 -18 -19 -20 27 21 24 29 -25 -26 -27 -28 -29 -30 -31
leaf_value=-2649.0309037396123 -645.13886301712625 539.24086609647748 -1369.5640521179398 -145.9382348522341 -125.87283200915581 3.9266565093360994 1062.2570305549377 1112.0076893153523 -1058.0554395988806 -1903.7420009328357 116.94780525996764 492.13009704420773 804.07536141939227 -586.91703107324656 301.09387918307078 -388.61830369768097 1453.1718660201147 344.61278526970949 -362.20918624650182 104.33793785892311 -345.70748723548229 -141.11545483034044 -22.895118434396796 653.7781115301724 -243.83789896574731 920.00271492479249 391.09948918269225 205.32966417910444 177.06439645344315 30.101336221133959
leaf_weight=18 13.999999999999998 20 15.000000000000002 11.000000000000002 10.999999999999998 11.999999999999998 13.999999999999998 12.000000000000002 9.9999999999999982 9.9999999999999982 13.000000000000002 18 16.000000000000004 10.999999999999998 19.000000000000004 10.999999999999998 12.999999999999998 11.999999999999998 9.9999999999999982 10.000000000000002 19 10.000000000000002 11.000000000000002 12.999999999999998 13.999999999999998 11.999999999999998 10.999999999999998 9.9999999999999982 10.999999999999998 10.999999999999998
leaf_count=18 14 20 15 11 11 12 14 12 10 10 13 18 16 11 19 11 13 12 10 10 19 10 11 13 14 12 11 10 11 11
internal_value=-38.9809 236.415 -1850.95 25.9347 -168.522 276.156 393.67 879.705 -1437.32 -1586.61 91.5865 276.076 709.828 -395.62 213.005 -341.422 1291.96 211.798 -249.54 98.5796 -290.918 -265.502 -39.6752 585.282 -201.419 855.31 334.692 155.22 144.812 3.61128
internal_weight=402 349 53 263 148 115 94 86 35 25 69 80 61 79 62 65 25 36 21 32 54 43 33 33 24 28 30 20 24 22
internal_count=402 349 53 263 148 115 94 86 35 25 69 80 61 79 62 65 25 36 21 32 54 43 33 33 24 28 30 20 24 22
is_linear=0
shrinkage=0.03


Tree=19
num_leaves=31
num_cat=0
split_feature=29 29 29 30 29 29 29 30 29 29 30 30 29 29 30 29 29 0 29 10 29 30 29 29 29 10 1 11 29 11
split_gain=2.09846e+11 5.02519e+10 1.66371e+10 1.33269e+10 9.09415e+09 7.35979e+09 7.26085e+09 7.8989e+09 1.44796e+09 1.41645e+09 1.40631e+09 1.19498e+09 9.8905e+08 8.24183e+08 8.15446e+08 7.31577e+08 5.68272e+08 2.56574e+08 2.35323e+08 1.78668e+08 1.71508e+08 2.04101e+08 1.2898e+08 1.20999e+08 8.1818e+07 6.88475e+07 5.76558e+07 3.29318e+07 2.43813e+07 2.2462e+07
threshold=1.0053703463594095 68227.74500000001 0.43082329105051809 7.5000000000000009 37145.670000000006 99813.215000000011 2.3954351829683938 11.500000000000002 82821.965000000011 1.7539170611738182 9.5000000000000018 9.5000000000000018 51604.580000000009 120940.16500000001 2.5000000000000004 58592.835000000006 0.63475808591798766 60183.490000000013 59991.75 45853.047142857147 3.0201460719841715 4.5000000000000009 40927.200000000004 75179.670000000027 90908.395000000019 58106.400000000016 59157.110000000008 45936.153928571432 78174.335000000021 47252.461785714295
decision_type=2 2 2 2 2 2 2 2 2 2 2 2 2 2 2 2 2 2 2 2 2 2 2 2 2 2 2 2 2 2
left_child=2 3 -1 4 9 8 17 11 23 -2 16 15 22 -7 -11 19 -4 -5 29 -8 -16 -22 -6 -3 -10 -21 -23 -17 -25 -14
right_child=1 5 10 6 12 13 7 -9 24 14 -12 -13 18 -15 20 27 -18 -19 -20 25 21 26 -24 28 -26 -27 -28 -29 -30 -31
leaf_value=-2569.7801203254844 -657.0415217504152 436.93558496498957 -1431.6362940871363 -341.91322292137994 -122.11373506433823 1062.1413047709073 -15.303104958605402 1030.502729509564 722.63620439762417 -569.3891906462103 -1715.9237591911763 491.78951132131175 163.1047593390804 1409.7437410201148 -399.19850309001862 335.87388581516893 -1102.4516382929103 -131.12998192630596 305.96564311722284 195.47791948460812 -335.36348886564957 -155.47037388971725 3.5034310840425036 519.85788658405158 845.59085568405499 83.562486244315522 -246.69934559886562 266.12427991548043 595.69677622126426 102.07044295125931
leaf_weight=18 14.999999999999998 11.999999999999998 12.000000000000002 11.000000000000002 10.999999999999998 14.000000000000002 10.000000000000002 13.999999999999998 11.000000000000002 10.999999999999998 10.999999999999998 14.999999999999998 13.000000000000002 12.999999999999998 9.9999999999999982 14.000000000000002 9.9999999999999982 9.9999999999999982 10.999999999999998 10.000000000000002 19 12.000000000000002 22 13.000000000000002 19 9.9999999999999982 13.999999999999998 13.999999999999998 12.999999999999998 9.9999999999999982
leaf_count=18 15 12 12 11 11 14 10 14 11 11 11 15 13 13 10 14 10 10 11 10 19 12 22 13 19 10 14 14 13 10
internal_value=-37.8162 223.536 -1834.99 4.82477 -180.056 812.593 258.146 378.962 645.359 -393.836 -1430.92 253.389 78.4957 1231.8 -333.564 191.363 -1284.85 -242.09 191.931 88.205 -285.925 -260.338 -38.4904 520.974 801.785 139.868 -204.973 301.536 558.848 136.847
internal_weight=402 351 51 256 148 95 108 87 68 81 33 73 67 27 66 58 22 21 34 30 55 45 33 38 30 20 26 28 26 23
internal_count=402 351 51 256 148 95 108 87 68 81 33 73 67 27 66 58 22 21 34 30 55 45 33 38 30 20 26 28 26 23
is_linear=0
shrinkage=0.03


Tree=20
num_leaves=29
num_cat=0
split_feature=29 29 29 30 29 29 29 22 30 29 30 29 29 29 29 29 15 29 29 29 29 29 29 29 4 29 12 21
split_gain=1.76092e+11 4.50406e+10 1.73518e+10 1.07091e+10 1.07207e+10 7.01208e+09 5.24139e+09 3.93505e+09 2.92923e+09 2.29604e+09 1.81885e+09 1.46179e+09 1.31335e+09 1.28985e+09 1.13891e+09 9.41875e+08 3.73875e+08 3.68806e+08 6.47881e+08 2.02715e+08 1.55804e+08 1.36768e+08 1.33371e+08 9.30368e+07 2.35359e+07 1.69071e+07 1.22551e+07 5.32089e+06
threshold=1.2352053363942463 73493.155000000013 0.58773320620013603 9.5000000000000018 44641.500000000007 104819.83000000002 2.3954351829683938 0.25033082153100911 11.500000000000002 0.84499823192235823 7.5000000000000009 87417.72500000002 4.1122073779126174 57790.515000000007 25171.050000000007 121960.84500000003 43556.388738142829 2.2784295271125132 32.285839286721725 51187.725000000006 34766.000000000007 62917.445000000007 95041.345000000016 80689.725000000006 61962.870000000003 66167.185000000012 45935.646000000008 1.0000000180025095e-35
decision_type=2 2 2 2 2 2 2 2 2 2 2 2 2 2 2 2 2 2 2 2 2 2 2 2 2 2 2 2
left_child=2 3 7 4 10 11 -5 -1 16 -4 14 23 -12 19 17 -7 -8 -2 -19 26 -16 -15 -13 -3 27 -23 -6 -21
right_child=1 5 9 6 13 15 8 -9 -10 -11 12 22 -14 21 20 -17 -18 18 -20 24 -22 25 -24 -25 -26 -27 -28 -29
leaf_value=-1684.0972831156712 -564.91051432291658 516.5048477264221 -1299.3757433777698 -121.67954174440297 35.973245284806417 1081.0989999351655 302.84949404588372 -2486.632097975978 1012.586065463362 -769.74998653017224 -235.74283408168364 773.07021683673463 191.14484564436913 235.2478642767486 -260.87788069715526 1482.5358597285067 559.27173206191253 -210.62543524380379 -493.13419457936209 93.574039470615631 -125.63990995104066 318.69690785630831 913.62299824948127 615.40964419904685 163.03677094558188 374.05223515300827 -9.8197550639847275 126.33985978311564
leaf_weight=10 12.999999999999998 25 18.000000000000004 9.9999999999999982 10.000000000000002 12.000000000000002 10.000000000000002 14 12.999999999999998 12.999999999999998 14.000000000000002 22 11.999999999999998 18 15.000000000000002 10.999999999999998 10.999999999999998 13.000000000000002 17 10.000000000000002 15.999999999999998 16.000000000000004 11.999999999999998 17 12.999999999999998 11.999999999999998 10.999999999999998 9.9999999999999982
leaf_count=10 13 25 18 10 10 12 10 14 13 13 14 22 12 18 15 11 11 13 17 10 16 16 12 17 13 12 11 10
internal_value=24.4405 277.19 -1550.61 58.1605 -35.0956 816.717 481.611 -2156.44 658.967 -1078.87 -254.676 677.009 -38.729 184.502 -330.472 1275.89 438.175 -430.399 -371.268 84.9359 -191.392 301.165 823.946 557.222 131.249 343.045 12.0201 110.231
internal_weight=398 343 55 244 200 99 44 24 34 31 100 76 26 100 74 23 21 43 30 54 31 46 34 42 33 28 21 20
internal_count=398 343 55 244 200 99 44 24 34 31 100 76 26 100 74 23 21 43 30 54 31 46 34 42 33 28 21 20
is_linear=0
shrinkage=0.03


Tree=21
num_leaves=29
num_cat=0
split_feature=29 29 29 30 29 29 29 22 30 29 30 29 29 29 29 29 30 15 29 13 29 29 29 29 29 2 29 29
split_gain=1.65722e+11 4.23871e+10 1.63313e+10 1.00787e+10 1.00892e+10 6.6002e+09 4.93293e+09 3.70257e+09 2.75666e+09 2.1605e+09 1.71173e+09 1.37576e+09 1.23602e+09 1.21586e+09 1.07183e+09 8.8652e+08 3.53946e+08 3.51866e+08 2.39844e+08 1.55508e+08 1.46628e+08 1.25627e+08 8.75862e+07 6.57239e+07 4.33043e+07 1.75945e+07 1.59203e+07 1.16523e+07
threshold=1.2352053363942463 73493.155000000013 0.58773320620013603 9.5000000000000018 44641.500000000007 104819.83000000002 2.3954351829683938 0.25033082153100911 11.500000000000002 0.84499823192235823 7.5000000000000009 87417.72500000002 4.1122073779126174 59357.150000000009 25171.050000000007 121960.84500000003 6.5000000000000009 43556.388738142829 51187.725000000006 46299.354833333338 34766.000000000007 95041.345000000016 80689.725000000006 62917.445000000007 54928.44000000001 63584.500000000007 66167.185000000012 47983.345000000008
decision_type=2 2 2 2 2 2 2 2 2 2 2 2 2 2 2 2 2 2 2 2 2 2 2 2 2 2 2 2
left_child=2 3 7 4 10 11 -5 -1 17 -4 14 22 -12 18 16 -7 19 -8 27 -2 -16 -13 -3 -15 25 -20 -25 -6
right_child=1 5 9 6 13 15 8 -9 -10 -11 12 21 -14 23 20 -17 -18 -19 24 -21 -22 -23 -24 26 -26 -27 -28 -29
leaf_value=-1633.8256879664175 -549.43264186221063 501.04062383046403 -1260.5024454639886 -118.04731226679102 -9.6343193502987088 1048.8006029564312 293.80921120714771 -2412.2986070951952 982.32487652658028 -746.74596354166658 -228.69571737377663 749.93069727891157 185.43429907327862 245.75011832209543 -253.07754587572666 1438.2610117364252 -284.81892524806926 542.56951407177951 84.788783561738171 -407.37126898364482 -121.88245393271758 886.32804557831935 597.00149835043987 309.16577832943915 175.53080735251169 138.20207552672508 362.8772302904564 35.017969752069732
leaf_weight=10 14.000000000000002 25 18.000000000000004 9.9999999999999982 11.000000000000002 12.000000000000002 10.000000000000002 14 12.999999999999998 12.999999999999998 14.000000000000002 22 11.999999999999998 11.999999999999998 15.000000000000002 10.999999999999998 12.999999999999998 10.999999999999998 12.000000000000002 15.999999999999998 15.999999999999998 11.999999999999998 17 16.000000000000004 15.999999999999998 10.999999999999998 11.999999999999998 9.9999999999999982
leaf_count=10 14 25 18 10 11 12 10 14 13 13 14 22 12 12 15 11 13 11 12 16 16 12 17 16 16 11 12 10
internal_value=23.7093 268.903 -1504.27 56.4243 -34.0455 792.297 467.222 -2092.01 639.281 -1046.61 -247.061 656.754 -37.5697 178.987 -320.591 1237.78 -417.531 425.091 93.4484 -474.47 -185.669 799.302 540.546 307.018 137.416 110.579 332.791 11.6613
internal_weight=398 343 55 244 200 99 44 24 34 31 100 76 26 100 74 23 43 21 60 30 31 34 42 40 39 23 28 21
internal_count=398 343 55 244 200 99 44 24 34 31 100 76 26 100 74 23 43 21 60 30 31 34 42 40 39 23 28 21
is_linear=0
shrinkage=0.03


Tree=22
num_leaves=30
num_cat=0
split_feature=26 30 10 30 23 12 30 10 13 23 10 30 15 10 16 30 22 17 5 0 14 17 8 0 22 20 20 24 14
split_gain=6.88233e+10 2.71667e+10 1.25905e+10 7.21343e+09 5.34099e+09 6.37359e+09 4.47583e+09 4.18332e+09 5.37759e+09 3.39249e+09 2.60682e+09 2.27048e+09 1.99108e+09 4.83957e+09 1.52109e+09 1.51936e+09 1.42728e+09 1.17057e+09 8.22549e+08 7.98965e+08 7.63101e+08 7.2414e+08 6.61698e+08 5.56406e+08 5.6868e+08 4.95281e+08 2.86261e+08 2.89755e+08 1.201e+08
threshold=1.0000000180025095e-35 9.5000000000000018 59570.092857142859 6.5000000000000009 0.24936651517469852 44949.360166666673 12.500000000000002 45248.262857142872 33491.524583333339 -0.34552334190817774 32460.462857142858 8.5000000000000018 61379.150505729485 35857.943571428572 46149.277749821071 4.5000000000000009 0.87322439853274636 43430.498225070573 16506902.640000002 36304.475000000013 23329.328736777945 43430.498225070573 11037862.315000003 89481.960000000006 -0.43982890882219972 -1.0000000180025095e-35 -0.60785761079279388 -0.24999999999999994 28397.849279084552
decision_type=2 2 2 2 2 2 2 2 2 2 2 2 2 2 2 2 2 2 2 2 2 2 2 2 2 2 2 2 2
left_child=1 3 4 10 12 -6 20 8 -5 -10 16 17 13 -3 -11 28 -1 -9 22 -16 -4 -20 25 24 -19 -17 -13 -28 -12
right_child=-2 2 6 7 5 -7 -8 11 9 14 15 26 -14 -15 19 18 -18 23 21 -21 -22 -23 -24 -25 -26 -27 27 -29 -30
leaf_value=-731.3416329920974 -2119.6285066451151 -173.57858234940605 496.74976109746649 -714.8511815964365 -686.57652915840686 302.94131971474638 1404.6588514652487 -130.67177663072246 -327.71878835122419 -43.763860843688484 -274.68417385727599 515.8263562974098 778.72869432378104 632.88258203411374 148.44758047523334 -222.6530607067393 -276.21768064380183 -7.6797690943667787 -62.947688042939575 502.88647532743562 825.76379952017714 -423.90160622667906 149.00120705639404 364.39213065531709 230.60456786433076 34.166090270294532 446.67210019239729 221.77621230733874 -410.81258641893618
leaf_weight=13.000000000000002 12.999999999999998 11.000000000000002 10.000000000000002 10.999999999999998 10.000000000000002 13.999999999999998 11.999999999999998 15.999999999999998 19 19 10.000000000000002 11.999999999999998 11.999999999999998 17 12.000000000000002 14 11.999999999999998 17.999999999999993 10.000000000000002 10.999999999999998 19 9.9999999999999982 14.999999999999998 9.9999999999999982 18.000000000000007 13 10 11 15.999999999999998
leaf_count=13 13 11 10 11 10 14 12 16 19 19 10 12 12 17 12 14 12 18 10 11 19 10 15 10 18 13 10 11 16
internal_value=23.0001 95.6145 507.014 -58.7232 243.755 -109.928 917.157 66.5303 -105.901 4.40531 -243.78 197.202 455.837 316.314 154.863 -166.802 -513.87 90.0669 -85.9432 318.685 713.361 -244.032 -10.4623 166.904 111.617 -99.1648 398.045 329.676 -359.083
internal_weight=398 385 105 280 64 24 41 167 72 61 113 95 40 28 42 88 25 62 62 23 29 20 42 46 36 27 33 21 26
internal_count=398 385 105 280 64 24 41 167 72 61 113 95 40 28 42 88 25 62 62 23 29 20 42 46 36 27 33 21 26
is_linear=0
shrinkage=0.03


Tree=23
num_leaves=30
num_cat=0
split_feature=29 29 29 30 29 29 29 22 30 29 30 29 29 29 29 29 30 15 29 29 29 30 29 29 29 2 29 29 4
split_gain=1.50783e+11 3.83375e+10 1.46202e+10 8.78677e+09 9.20676e+09 5.85645e+09 4.50687e+09 3.13721e+09 2.47737e+09 2.04978e+09 1.63119e+09 1.25561e+09 1.22725e+09 1.15116e+09 8.07454e+08 7.7201e+08 4.98884e+08 3.38374e+08 2.57553e+08 1.1335e+08 1.03334e+08 8.0534e+07 6.93729e+07 6.20439e+07 4.05507e+07 1.58143e+07 1.41994e+07 1.26099e+07 5.0058e+06
threshold=1.2352053363942463 73493.155000000013 0.58773320620013603 9.5000000000000018 42831.405000000006 104819.83000000002 2.3954351829683938 0.25033082153100911 11.500000000000002 0.84499823192235823 7.5000000000000009 87417.72500000002 59357.150000000009 4.1122073779126174 2.2784295271125132 121960.84500000003 3.5000000000000004 43556.388738142829 51187.725000000006 95041.345000000016 34766.000000000007 5.5000000000000009 80689.725000000006 62917.445000000007 54928.44000000001 63584.500000000007 47983.345000000008 66167.185000000012 49026.955000000009
decision_type=2 2 2 2 2 2 2 2 2 2 2 2 2 2 2 2 2 2 2 2 2 2 2 2 2 2 2 2 2
left_child=2 3 7 4 10 11 -5 -1 17 -4 14 22 18 -12 -2 -7 -16 -8 26 28 21 -18 -3 -14 25 -20 -6 -25 -13
right_child=1 5 9 6 12 15 8 -9 -10 -11 13 19 23 -15 16 -17 20 -19 24 -21 -22 -23 -24 27 -26 -27 -28 -29 -30
leaf_value=-1568.511065764925 -528.16894419001437 479.66025916916163 -1210.3806797524235 -121.70216884328357 -12.341597587612595 996.97064801607848 270.56216193811201 -2286.6146380115651 927.33820828843386 -710.19328753591958 -221.09346815224637 747.55570215248929 237.49598758428422 178.56724096274473 -397.3544708167417 1360.9223310237555 -293.48382049209766 514.22533649427317 81.614413724400649 845.18352891597499 -132.07354305789679 -189.67819771497349 566.03889067082105 300.45238390771021 168.92096095575351 132.27590961715214 34.365923571230752 349.45212574559122 673.50967234141785
leaf_weight=10 12.999999999999998 25 18.000000000000004 9.9999999999999982 14.000000000000002 12.000000000000002 10.000000000000002 14 12.999999999999998 12.999999999999998 14.000000000000002 12.000000000000002 11.999999999999998 11.999999999999998 18 10.999999999999998 13 10.999999999999998 12.000000000000002 11.999999999999998 11.999999999999998 15 17 16.000000000000004 15.999999999999998 10.999999999999998 9.9999999999999982 11.999999999999998 9.9999999999999982
leaf_count=10 13 25 18 10 14 12 10 14 13 13 14 12 12 12 18 11 13 11 12 12 12 15 17 16 16 11 10 12 10
internal_value=22.3118 256.193 -1435.17 54.1186 -30.3541 753.957 437.684 -1991.29 602.147 -1002.11 -240.037 626.269 167.135 -36.646 -314.44 1173.61 -266.122 399.114 84.5085 762.446 -206.644 -238.311 515.255 297.003 132.043 106.078 7.15086 322.038 715.502
internal_weight=398 343 55 244 200 99 44 24 34 31 97 76 103 26 71 23 58 21 63 34 40 28 42 40 39 23 24 28 22
internal_count=398 343 55 244 200 99 44 24 34 31 97 76 103 26 71 23 58 21 63 34 40 28 42 40 39 23 24 28 22
is_linear=0
shrinkage=0.03


Tree=24
num_leaves=30
num_cat=0
split_feature=29 29 29 30 29 29 29 22 30 29 30 29 29 29 29 29 17 15 30 29 29 29 29 29 29 2 29 29 11
split_gain=1.41904e+11 3.608e+10 1.37603e+10 8.26952e+09 8.66454e+09 5.51217e+09 4.24164e+09 2.95184e+09 2.33142e+09 1.92878e+09 1.53513e+09 1.18267e+09 1.15499e+09 1.08338e+09 7.73914e+08 7.26639e+08 3.5745e+08 3.18455e+08 2.63154e+08 2.42385e+08 9.74444e+07 7.67854e+07 7.61941e+07 5.83841e+07 3.81563e+07 1.48844e+07 1.3364e+07 1.18746e+07 1.03284e+06
threshold=1.2352053363942463 73493.155000000013 0.58773320620013603 9.5000000000000018 42831.405000000006 104819.83000000002 2.3954351829683938 0.25033082153100911 11.500000000000002 0.84499823192235823 7.5000000000000009 89382.47500000002 59357.150000000009 4.1122073779126174 25171.050000000007 121960.84500000003 48751.755021735684 43556.388738142829 5.5000000000000009 51187.725000000006 80689.725000000006 95041.345000000016 34766.000000000007 62917.445000000007 54928.44000000001 63584.500000000007 47983.345000000008 66167.185000000012 56071.40214285715
decision_type=2 2 2 2 2 2 2 2 2 2 2 2 2 2 2 2 2 2 2 2 2 2 2 2 2 2 2 2 2
left_child=2 3 7 4 10 11 -5 -1 17 -4 14 20 19 -12 16 -7 18 -8 -2 26 -3 -13 -16 -14 25 -21 -6 -25 -22
right_child=1 5 9 6 12 15 8 -9 -10 -11 13 21 23 -15 22 -17 -18 -19 -20 24 28 -23 -24 27 -26 -27 -28 -29 -30
leaf_value=-1521.6898320895518 -429.81440648320881 465.2991743076347 -1174.1698266533931 -118.06926305970148 -11.972667468739571 967.18564088433573 262.48567732625918 -2218.2602952624552 899.62463182471265 -688.96912715517237 -214.48427195701726 705.14918491633841 230.40066860088172 173.23244679557831 -228.02595060735044 1320.2794046945701 -487.48065026618764 498.86838588800896 -229.56348947924235 79.17614124820436 587.67606110074598 819.93323554201243 -127.79007442079741 291.46688814252326 163.86911735178154 128.32558925162613 33.340075273656126 339.01206642245847 530.21813782649247
leaf_weight=10 10 25 18.000000000000004 9.9999999999999982 14.000000000000002 12.000000000000002 10.000000000000002 14 12.999999999999998 12.999999999999998 14.000000000000002 19.000000000000004 11.999999999999998 11.999999999999998 15.000000000000002 10.999999999999998 18 10.999999999999998 15 12.000000000000002 10.000000000000002 11.999999999999998 12.999999999999998 16.000000000000004 15.999999999999998 10.999999999999998 9.9999999999999982 11.999999999999998 9.9999999999999982
leaf_count=10 10 25 18 10 14 12 10 14 13 13 14 19 12 12 15 11 18 11 15 12 10 12 13 16 16 11 10 12 10
internal_value=21.6469 248.538 -1392.27 52.5031 -29.4457 731.424 424.608 -1931.79 584.158 -972.136 -232.86 607.546 162.14 -35.5491 -305.039 1138.55 -384.985 387.196 -310.362 81.9829 508.115 750.831 -181.799 288.127 128.097 102.91 6.9377 312.411 560.341
internal_weight=398 343 55 244 200 99 44 24 34 31 97 76 103 26 71 23 43 21 25 63 45 31 28 40 39 23 24 28 20
internal_count=398 343 55 244 200 99 44 24 34 31 97 76 103 26 71 23 43 21 25 63 45 31 28 40 39 23 24 28 20
is_linear=0
shrinkage=0.03


Tree=25
num_leaves=30
num_cat=0
split_feature=29 29 29 30 29 29 29 30 29 29 30 29 29 30 29 29 29 29 29 29 29 29 29 12 13 2 29 29 1
split_gain=1.34167e+11 3.20761e+10 1.75062e+10 8.63086e+09 6.29892e+09 6.07544e+09 5.39365e+09 3.56869e+09 1.32833e+09 1.15128e+09 1.13326e+09 8.69516e+08 8.32613e+08 8.2869e+08 7.73732e+08 6.75103e+08 3.72303e+08 2.85784e+08 1.7151e+08 9.11849e+07 8.09809e+07 5.1333e+07 2.56412e+07 2.49748e+07 1.96912e+07 1.64903e+07 1.39274e+07 9.76549e+06 1.56958e+06
threshold=1.3526207841824018 72765.705000000016 0.43082329105051809 11.500000000000002 48407.975000000006 0.71562937656960035 99813.215000000011 8.5000000000000018 31256.185000000001 3.2772196089076209 8.5000000000000018 82821.965000000011 59357.150000000009 6.5000000000000009 3.482951500646299 108379.96000000002 17114.705000000005 1.1007565827145689 39106.810000000005 89726.765000000014 65704.345000000016 53025.730000000003 78174.335000000021 46488.679833333335 44280.001916666675 89071.48000000001 35669.69000000001 51604.580000000009 54138.695000000007
decision_type=2 2 2 2 2 2 2 2 2 2 2 2 2 2 2 2 2 2 2 2 2 2 2 2 2 2 2 2 2
left_child=2 3 -1 4 7 10 11 8 13 -9 -4 22 21 16 -15 -8 -2 -7 26 -13 23 27 28 -14 -20 -23 -10 -6 -3
right_child=1 6 5 -5 12 17 15 9 18 -11 -12 19 20 14 -16 -17 -18 -19 24 -21 -22 25 -24 -25 -26 -27 -28 -29 -30
leaf_value=-2259.0067887931032 -504.54947583920489 415.85756045772808 -1169.9892029025796 669.72351977731296 49.243397570303642 -802.98643306902943 867.3546910350675 -33.4986119946998 -163.02888702806837 366.4897444429771 -1605.5365088619401 596.36287927904561 283.65168001167001 -308.50247334988308 18.05690537879909 1185.7513288551402 -303.61436926506229 -584.3510231316726 12.483994942280777 712.24333545918364 332.93315605522855 112.50537531487292 497.41684798481305 222.68941935601634 -46.927652296379428 162.92861401002799 -113.60969801682691 89.672563654696759 459.48201710972847
leaf_weight=12.999999999999998 15.999999999999998 12.000000000000002 14.000000000000002 19 11.000000000000002 10.000000000000002 11.000000000000002 12.000000000000002 11.000000000000002 13.999999999999998 9.9999999999999982 11.999999999999998 12.000000000000002 16.000000000000004 10.999999999999998 15.999999999999998 18 13.999999999999998 10.000000000000002 22 18 16.000000000000004 15.999999999999998 15.999999999999998 9.9999999999999982 9.9999999999999982 10.999999999999998 10.999999999999998 10.999999999999998
leaf_count=13 16 12 14 19 11 10 11 12 11 14 10 12 12 16 11 16 18 14 10 22 18 16 16 16 10 10 11 11 11
internal_value=12.3924 243.616 -1283.12 56.8078 4.44784 -1016.74 695.438 -131.636 -210.9 182.17 -1354.43 560.753 191.173 -300.249 -175.672 1057.88 -398.774 -676.929 -80.9278 672.28 282.337 103.604 462.789 249.275 -17.2648 132.174 -138.633 69.6155 437.673
internal_weight=403 342 61 242 223 48 100 129 103 26 24 73 94 61 27 27 34 24 42 34 46 48 39 28 20 26 22 22 23
internal_count=403 342 61 242 223 48 100 129 103 26 24 73 94 61 27 27 34 24 42 34 46 48 39 28 20 26 22 22 23
is_linear=0
shrinkage=0.03


Tree=26
num_leaves=31
num_cat=0
split_feature=26 30 10 1 30 10 3 0 17 30 17 10 1 15 30 6 6 30 16 12 1 24 16 2 0 16 5 17 8 25
split_gain=5.15577e+10 1.80923e+10 9.43332e+09 8.08618e+09 7.25908e+09 5.40068e+09 5.63022e+09 4.16998e+09 6.44362e+09 3.06493e+09 2.04099e+09 1.40138e+09 1.77047e+09 2.31476e+09 1.34048e+09 1.19271e+09 1.12148e+09 9.44353e+08 9.38726e+08 7.5079e+08 6.77979e+08 6.56416e+08 5.46059e+08 5.45651e+08 8.74857e+08 7.42149e+08 4.93733e+08 4.4779e+08 4.02784e+08 3.07069e+08
threshold=1.0000000180025095e-35 9.5000000000000018 59570.092857142859 32605.680000000004 5.5000000000000009 30323.69071428572 81321.625000000015 48800.580000000009 45636.790183737343 12.500000000000002 48120.34300178488 50136.820714285721 34884.790000000001 46644.406391420991 11.500000000000002 7365540.1350000007 14391542.345000001 7.5000000000000009 47770.071803986706 53025.764499999997 75999.655000000013 0.25000000000000011 49389.337865501664 62410.760000000009 27755.075000000001 47970.125810441219 7365540.1350000007 45697.845211782005 9436409.6200000029 1.0000000180025095e-35
decision_type=2 2 2 2 2 2 2 2 2 2 2 2 2 2 2 2 2 2 2 2 2 2 2 2 2 2 2 2 2 2
left_child=1 4 3 14 19 6 15 10 -9 -4 -5 12 18 16 -3 -6 -14 21 -7 23 27 28 -15 24 -1 -26 -25 -19 -13 -22
right_child=-2 2 9 7 5 11 -8 8 -10 -11 -12 17 13 22 -16 -17 -18 20 -20 -21 29 -23 -24 26 25 -27 -28 -29 -30 -31
leaf_value=-194.53944747697059 -1920.7722558998962 416.37310652927016 590.18146436109191 -60.086276314161459 121.77245217763704 330.08713758362342 -887.11075275478072 169.48081564832083 -905.42924877565292 1156.5384877873562 516.9245961184954 47.496088015736191 -567.83818723763966 268.02290512768178 887.7710548642533 -244.71926520115468 -128.68035767153916 211.4544929985984 -16.194599832241959 -91.468135545659351 234.16173432639272 -75.607018329941212 -44.908022388059692 -416.90869359258375 -696.91107446187732 -360.48133876689735 -150.88161395567951 425.2222865928598 271.26264430454796 4.6897579705537256
leaf_weight=9.9999999999999982 11.999999999999998 11.000000000000002 26 11.000000000000002 14.999999999999998 17.000000000000004 9.9999999999999982 10.000000000000002 9.9999999999999982 12.999999999999998 10.999999999999998 14.000000000000002 10.000000000000002 10.000000000000002 10.999999999999998 17 10.999999999999998 14.999999999999998 11.999999999999998 11.999999999999998 11.000000000000002 15.999999999999998 9.9999999999999982 10.000000000000002 12.000000000000002 11.999999999999998 17 22 14.999999999999998 9.9999999999999982
leaf_count=10 12 11 26 11 15 17 10 10 10 13 11 14 10 10 11 17 11 15 12 12 11 16 10 10 12 12 17 22 15 10
internal_value=12.0175 71.5739 412.709 188.331 -50.4796 37.2969 -267.664 -55.8435 -368.892 780.206 228.937 111.389 7.80091 -119.035 653.551 -73.0043 -338.655 181.751 187.017 -308.848 261.725 78.4979 111.836 -351.501 -431.621 -529.795 -249.999 338.962 163.505 125.16
internal_weight=403 391 103 64 288 215 42 42 20 39 22 173 70 41 22 32 21 103 29 73 58 45 20 61 34 24 27 37 29 21
internal_count=403 391 103 64 288 215 42 42 20 39 22 173 70 41 22 32 21 103 29 73 58 45 20 61 34 24 27 37 29 21
is_linear=0
shrinkage=0.03


Tree=27
num_leaves=30
num_cat=0
split_feature=29 29 29 30 29 29 30 29 29 29 30 2 30 29 30 29 29 29 29 15 15 29 29 29 29 29 29 29 1
split_gain=1.22164e+11 3.41238e+10 9.37846e+09 9.44239e+09 8.67496e+09 5.42184e+09 4.80049e+09 1.6643e+09 1.25902e+09 1.0792e+09 9.06921e+08 9.22727e+08 9.04713e+08 7.53897e+08 1.06247e+09 5.98703e+08 3.77012e+08 2.78832e+08 2.3686e+08 1.76802e+08 1.22249e+08 1.2217e+08 8.6085e+07 7.76939e+07 6.52158e+07 5.63205e+07 2.9002e+07 2.20549e+07 1.2467e+07
threshold=0.91656783527364716 68227.74500000001 2.5891564907106952 11.500000000000002 0.43082329105051809 99813.215000000011 5.5000000000000009 25171.050000000007 1.3526207841824018 82821.965000000011 7.5000000000000009 61222.825000000004 8.5000000000000018 59357.150000000009 9.5000000000000018 108379.96000000002 39106.810000000005 6.049204822479922 1.9072875616446696 38183.154981273656 47475.094956445413 49822.600000000006 73493.155000000013 89726.765000000014 32461.295000000006 53025.730000000003 62917.445000000007 76971.480000000025 37529.295000000006
decision_type=2 2 2 2 2 2 2 2 2 2 2 2 2 2 2 2 2 2 2 2 2 2 2 2 2 2 2 2 2
left_child=4 2 8 6 -1 9 7 -4 -2 22 -6 -12 18 14 17 -7 24 -8 -10 21 -21 -19 -3 -11 -9 -22 -15 -24 -28
right_child=1 5 3 -5 10 15 13 16 12 23 11 -13 -14 26 -16 -17 -18 19 -20 20 25 -23 27 -25 -26 -27 28 -29 -30
leaf_value=-2147.4510506465513 -564.9344518265234 337.99900886194024 -448.53643947137846 842.26856806744877 -969.61486124067119 824.57976880656076 -59.449716250695907 -208.32263720500509 -477.20094741138041 572.46827995331944 -1544.7375932835814 -1117.0309409981344 -44.398983118840761 214.99768431214076 354.80115526128111 1124.620535192757 30.921064398375851 -64.74963695326845 -272.73205290229072 209.12141914937033 54.067083275285114 76.907335552041459 413.74158772145665 680.28430590986386 -115.03393942574473 138.13887752042271 243.83053725513048 469.50038447342519 294.36515374777576
leaf_weight=12.999999999999998 18 9.9999999999999982 15.999999999999998 13.999999999999998 10.000000000000002 11.000000000000002 15.999999999999998 12.000000000000002 10.000000000000002 11.999999999999998 10.000000000000002 9.9999999999999982 11.999999999999998 12.999999999999998 11.999999999999998 15.999999999999998 14.999999999999998 10.000000000000002 10.999999999999998 9.9999999999999982 18.000000000000004 11.999999999999998 19 22 15.999999999999998 11.999999999999998 10.000000000000002 19 13.999999999999998
leaf_count=13 18 10 16 14 10 11 16 12 10 12 10 10 12 13 12 16 15 10 11 10 18 12 19 22 16 12 10 19 14
internal_value=11.6529 192.241 -0.265298 92.3521 -1498.71 635.332 35.6955 -187.811 -363.205 513.36 -1214.49 -1334.2 -252.483 139.562 92.6079 1004.13 -90.3884 52.069 -371 80.8727 118.406 12.517 420.867 643.128 -155.315 87.8697 253.497 442.201 273.86
internal_weight=403 360 251 200 43 109 186 59 51 82 30 20 33 127 90 27 43 78 21 62 40 22 48 34 28 30 37 38 24
internal_count=403 360 251 200 43 109 186 59 51 82 30 20 33 127 90 27 43 78 21 62 40 22 48 34 28 30 37 38 24
is_linear=0
shrinkage=0.03


Tree=28
num_leaves=30
num_cat=0
split_feature=29 29 29 29 29 29 29 29 29 29 29 2 29 11 29 16 5 4 29 29 29 29 29 24 29 4 29 6 12
split_gain=1.14975e+11 3.21133e+10 8.82625e+09 8.16344e+09 5.10276e+09 4.27962e+09 5.13267e+09 3.219e+09 1.18469e+09 1.02642e+09 1.01558e+09 8.53037e+08 8.30174e+08 7.682e+08 5.63279e+08 4.44129e+08 3.38065e+08 1.35571e+08 1.30675e+08 8.09677e+07 7.30532e+07 7.00506e+07 5.29369e+07 2.86419e+07 2.07548e+07 1.84191e+07 1.55055e+07 1.41726e+07 1.30276e+07
threshold=0.91656783527364716 68227.74500000001 2.5891564907106952 0.43082329105051809 99813.215000000011 32.285839286721725 40927.200000000004 6.2595914749359158 1.3526207841824018 25171.050000000007 82821.965000000011 52058.60500000001 57790.515000000007 42734.238928571438 108379.96000000002 43831.614191282235 7092847.9350000015 54454.580000000009 51187.725000000006 73493.155000000013 89726.765000000014 32461.295000000006 62023.465000000004 -0.6830127018922193 76971.480000000025 61962.870000000003 37145.670000000006 6242155.1150000012 45821.921166666674
decision_type=2 2 2 2 2 2 2 2 2 2 2 2 2 2 2 2 2 2 2 2 2 2 2 2 2 2 2 2 2
left_child=3 2 8 -1 10 7 9 13 -2 -7 19 -5 18 -4 -6 -10 -17 -15 28 -3 -12 -11 -14 -20 -21 -25 -23 -24 -8
right_child=1 4 5 11 14 6 12 -9 15 21 20 -13 22 17 -16 16 -18 -19 23 24 -22 26 27 25 -26 -27 -28 -29 -30
leaf_value=-2083.2743444683906 -548.03336381146119 327.90948577425371 354.76234246853778 -1380.3736044476136 799.95431101527117 -435.12226745035042 34.99005900249221 667.54838878821761 -77.528927748950551 -202.09889295902488 555.36549371109948 -1040.0269184989611 186.27076822916666 120.80043526763342 1090.9870363609814 -195.88798165299767 -427.52638663770745 -35.083175795825554 56.339577472743699 401.36191713828737 659.92205038265297 -139.28296845848874 293.23124271222002 90.597604335039478 455.45234221210626 142.02156294899422 -87.71118331212719 243.18379609591412 -8.5586166436137674
leaf_weight=12.999999999999998 18 9.9999999999999982 11.000000000000002 12.000000000000002 11.000000000000002 15.999999999999998 11.000000000000002 17 9.9999999999999982 11.999999999999998 11.999999999999998 18 12.999999999999998 10.000000000000002 15.999999999999998 11.000000000000002 11.999999999999998 9.9999999999999982 9.9999999999999982 19 22 10.000000000000002 10.000000000000002 13.000000000000002 19 12.999999999999998 11.999999999999998 18 13.999999999999998
leaf_count=13 18 10 11 12 11 16 11 17 10 12 12 18 13 10 16 11 12 10 10 19 22 10 10 13 19 13 12 18 14
internal_value=11.299 186.493 -0.25612 -1453.95 616.333 89.5932 11.5741 336.385 -352.349 -237.277 498.004 -1178.24 133.616 153.996 974.116 -244.945 -317.408 42.9655 63.3626 408.279 623.889 -143.671 237.936 99.9138 428.97 116.533 -111.416 261.549 10.6344
internal_weight=403 360 251 43 109 200 152 48 51 50 82 30 102 31 27 33 23 20 61 48 34 34 41 36 38 26 22 28 25
internal_count=403 360 251 43 109 200 152 48 51 50 82 30 102 31 27 33 23 20 61 48 34 34 41 36 38 26 22 28 25
is_linear=0
shrinkage=0.03


Tree=29
num_leaves=30
num_cat=0
split_feature=29 29 29 30 29 29 30 29 29 29 30 30 29 30 7 29 29 29 15 3 29 15 29 29 29 29 11 29 17
split_gain=1.08204e+11 3.02214e+10 8.30642e+09 8.58902e+09 7.68306e+09 4.80245e+09 4.22447e+09 1.47344e+09 1.13124e+09 9.55714e+08 8.72973e+08 7.43158e+08 6.81578e+08 9.60145e+08 6.27281e+08 5.29951e+08 3.32947e+08 2.64304e+08 1.53785e+08 1.12886e+08 1.09499e+08 1.05415e+08 7.61547e+07 6.86896e+07 5.78511e+07 5.22832e+07 3.11628e+07 1.95313e+07 2.63047e+06
threshold=0.91656783527364716 68227.74500000001 2.5891564907106952 11.500000000000002 0.43082329105051809 99813.215000000011 5.5000000000000009 25171.050000000007 1.6916567824023063 82821.965000000011 9.5000000000000018 8.5000000000000018 59357.150000000009 9.5000000000000018 11491347.530000001 108379.96000000002 39106.810000000005 6.049204822479922 38183.154981273656 59357.150000000009 49822.600000000006 47475.094956445413 73493.155000000013 89726.765000000014 32461.295000000006 53025.730000000003 46786.571428571428 76971.480000000025 48751.755021735684
decision_type=2 2 2 2 2 2 2 2 2 2 2 2 2 2 2 2 2 2 2 2 2 2 2 2 2 2 2 2 2
left_child=4 2 8 6 -1 9 7 -4 19 22 14 -10 13 17 -6 -7 24 -8 20 -2 -19 -20 -3 -11 -9 -23 28 -24 -14
right_child=1 5 3 -5 10 15 12 16 11 23 -12 -13 26 -15 -16 -17 -18 18 21 -21 -22 25 27 -25 -26 -27 -28 -29 -30
leaf_value=-2021.0155711206894 -531.46628395151856 318.1211447644589 -422.10926730432237 802.14159228776259 -1194.6874008861932 776.06425516119884 -61.431466988536791 -196.06108540261923 -330.32201864553042 538.77366441908714 -1378.5912954757462 3.3163756413246266 247.18783961054095 334.91923843320473 -844.37688899253726 1058.3593786507008 28.878027201807772 -61.718196333700128 194.42565826871498 -396.18141616138058 72.391310480521412 49.27377618594182 389.35266516978339 640.16928677721091 -108.19936717380986 130.25617067962264 207.03338640945745 441.82463705708659 281.36086753731337
leaf_weight=12.999999999999998 16.000000000000004 9.9999999999999982 15.999999999999998 13.999999999999998 10.000000000000005 11.000000000000002 15.999999999999998 12.000000000000002 15.000000000000002 11.999999999999998 9.9999999999999982 9.9999999999999982 10.000000000000002 11.999999999999998 9.9999999999999982 15.999999999999998 14.999999999999998 10.000000000000002 9.9999999999999982 9.9999999999999982 11.999999999999998 18.000000000000004 19 22 15.999999999999998 11.999999999999998 17 19 9.9999999999999982
leaf_count=13 16 10 16 14 10 11 16 12 15 12 10 10 10 12 10 16 15 10 10 10 12 18 19 22 16 12 17 19 10
internal_value=10.9594 180.916 -0.24824 86.915 -1410.49 597.902 32.8797 -176.789 -341.815 483.108 -1143.01 -197.126 130.316 85.6725 -1022.07 944.997 -85.1225 47.1368 75.1814 -480.294 11.4307 110.186 396.068 605.226 -146.137 81.8296 238.646 416.135 264.933
internal_weight=403 360 251 200 43 109 186 59 51 82 30 25 127 90 20 27 43 78 62 26 22 40 48 34 28 30 37 38 20
internal_count=403 360 251 200 43 109 186 59 51 82 30 25 127 90 20 27 43 78 62 26 22 40 48 34 28 30 37 38 20
is_linear=0
shrinkage=0.03


Tree=30
num_leaves=31
num_cat=0
split_feature=29 29 29 30 29 29 29 29 29 30 13 29 29 29 29 29 30 4 29 12 14 29 29 29 29 29 29 29 10 11
split_gain=9.51943e+10 2.85524e+10 1.16184e+10 5.164e+09 5.29595e+09 4.38146e+09 2.53639e+09 2.407e+09 2.27863e+09 1.98822e+09 1.75437e+09 1.04009e+09 6.80371e+08 6.12012e+08 4.6527e+08 4.2985e+08 3.59502e+08 2.00749e+08 1.88687e+08 1.83174e+08 7.99934e+07 7.63035e+07 5.99583e+07 5.04123e+07 4.02559e+07 3.19093e+07 2.24368e+07 2.17761e+07 1.5094e+07 7.53132e+06
threshold=1.3526207841824018 72765.705000000016 0.56841701361305397 7.5000000000000009 37145.670000000006 95766.660000000018 0.41152408773038568 0.84499823192235823 2.3954351829683938 10.500000000000002 46463.90600000001 123155.85000000002 49822.600000000006 82821.965000000011 25171.050000000007 59357.150000000009 6.5000000000000009 67239.700000000026 57790.515000000007 51856.566666666673 39981.58670614352 105837.505 44641.500000000007 1.1245256649108579 89726.765000000014 78174.335000000021 66167.185000000012 32461.295000000006 43575.276428571429 45936.153928571432
decision_type=2 2 2 2 2 2 2 2 2 2 2 2 2 2 2 2 2 2 2 2 2 2 2 2 2 2 2 2 2 2
left_child=2 3 6 4 14 13 -1 -4 -5 15 -11 21 22 25 16 19 17 -2 28 20 -10 -7 -6 -9 -15 -3 29 -16 -14 -17
right_child=1 5 7 8 12 11 -8 23 9 10 -12 -13 18 24 27 26 -18 -19 -20 -21 -22 -23 -24 -25 -26 -27 -28 -29 -30 -31
leaf_value=-2007.6930620335811 -464.12425716326169 374.7923887438991 -1054.5346232476634 -142.68819112332068 -68.927705307260297 720.61545805238563 -1343.358396006224 -613.44828372454731 -21.7890681305622 785.43115963152945 246.59022543499574 1157.6402110541044 133.59524763875928 522.51521396921612 -200.78831881009609 245.79134503264902 -222.69345041078938 -302.54096598644963 231.04898096649927 177.24582000381645 95.214627849521918 849.14961099585048 13.258090827472047 -505.61012418376862 611.65074618142148 437.1093038113317 282.66596898320893 -139.06998882034785 85.782155145662969 203.78215055854071
leaf_weight=10.000000000000002 18.000000000000004 23 15.999999999999998 15.999999999999998 14.999999999999998 12.000000000000002 11.999999999999998 11.000000000000002 11.000000000000002 10.000000000000002 11.999999999999998 9.9999999999999982 10.000000000000002 10.000000000000002 11.000000000000002 10.000000000000005 15.999999999999998 11.999999999999998 18 12.999999999999998 9.9999999999999982 11.999999999999998 17 9.9999999999999982 20 15.999999999999998 9.9999999999999982 10.999999999999998 15.999999999999998 10.999999999999998
leaf_count=10 18 23 16 16 15 12 12 11 11 10 12 10 10 10 11 10 16 12 18 13 10 12 17 10 20 16 10 11 16 11
internal_value=10.9082 198.863 -1103.3 23.8521 -92.1497 618.335 -1649.2 -776.93 185.995 246.49 492.744 897.209 79.9284 480.368 -284.39 162.828 -338.703 -400.102 156.41 88.9632 34.0208 786.514 -25.3139 -563.42 582.858 400.885 243.568 -170.314 104.393 224.323
internal_weight=409 350 59 247 144 103 22 37 103 87 22 34 76 69 68 65 46 30 44 34 21 24 32 21 30 39 31 22 26 21
internal_count=409 350 59 247 144 103 22 37 103 87 22 34 76 69 68 65 46 30 44 34 21 24 32 21 30 39 31 22 26 21
is_linear=0
shrinkage=0.03


Tree=31
num_leaves=31
num_cat=0
split_feature=29 29 29 30 29 29 29 29 29 30 16 29 29 29 29 29 30 29 12 29 14 29 29 29 29 29 29 29 29 10
split_gain=8.95916e+10 2.68708e+10 1.09354e+10 4.86014e+09 4.98401e+09 4.12411e+09 2.38749e+09 2.26492e+09 2.14451e+09 1.87127e+09 2.99501e+09 9.79031e+08 6.40291e+08 5.76009e+08 4.37821e+08 4.04578e+08 3.38324e+08 1.79237e+08 1.72386e+08 1.51949e+08 7.52886e+07 7.18124e+07 5.64262e+07 4.74377e+07 3.78318e+07 3.0043e+07 2.40333e+07 2.11185e+07 2.04949e+07 7.31155e+06
threshold=1.3526207841824018 72765.705000000016 0.56841701361305397 7.5000000000000009 37145.670000000006 95766.660000000018 0.41152408773038568 0.84499823192235823 2.3954351829683938 10.500000000000002 47593.132175307561 123155.85000000002 49822.600000000006 82821.965000000011 25171.050000000007 59357.150000000009 6.5000000000000009 60272.075000000019 51856.566666666673 12806.415000000003 39981.58670614352 105837.505 44641.500000000007 1.1245256649108579 89726.765000000014 78174.335000000021 54478.335000000006 66167.185000000012 32461.295000000006 61188.674285714296
decision_type=2 2 2 2 2 2 2 2 2 2 2 2 2 2 2 2 2 2 2 2 2 2 2 2 2 2 2 2 2 2
left_child=2 3 6 4 14 13 -1 -4 -5 15 -11 21 22 25 16 18 19 26 20 -2 -10 -7 -6 -9 -15 29 -14 -17 -16 -3
right_child=1 5 7 8 12 11 -8 23 9 10 -12 -13 17 24 28 27 -18 -19 -20 -21 -22 -23 -24 -25 -26 -27 -28 -29 -30 -31
leaf_value=-1947.7619053171632 -452.26789893034447 385.65587153137955 -1022.9971433265185 -138.42088132483937 -66.866744305683525 699.08669443724034 -1303.2248670902488 -595.12811262726223 -21.138354036495148 126.97191293293528 826.92794979319842 1123.0837861473879 90.633571908242075 506.91775303171619 -194.79192590497729 217.62518672988415 -216.0334587881498 240.32636510231316 171.94881675983297 -313.49607880616099 92.372402407518067 823.78082695798753 12.861514452265853 -490.51729244402975 593.34698799875309 424.03687390478967 148.26477305853544 274.2281789295709 -134.91676804210266 337.84655684389139
leaf_weight=10.000000000000002 16.000000000000004 12.000000000000002 15.999999999999998 15.999999999999998 14.999999999999998 12.000000000000002 11.999999999999998 11.000000000000002 11.000000000000002 11.000000000000002 10.999999999999998 9.9999999999999982 20.000000000000004 10.000000000000002 11.000000000000002 21.000000000000004 15.999999999999998 13.999999999999998 12.999999999999998 13.999999999999998 9.9999999999999982 11.999999999999998 17 9.9999999999999982 20 15.999999999999998 9.9999999999999982 9.9999999999999982 10.999999999999998 10.999999999999998
leaf_count=10 16 12 16 16 15 12 12 11 11 11 11 10 20 10 11 21 16 14 13 14 10 12 17 10 20 16 10 10 11 11
internal_value=10.5813 192.921 -1070.34 23.1423 -89.395 599.853 -1599.95 -753.71 180.443 239.13 478.031 870.413 77.5384 466 -275.887 157.966 -328.575 151.733 86.3053 -388.137 33.0054 763.017 -24.5571 -546.597 565.429 388.89 110.059 236.296 -165.228 363.573
internal_weight=409 350 59 247 144 103 22 37 103 87 22 34 76 69 68 65 46 44 34 30 21 24 32 21 30 39 30 31 22 23
internal_count=409 350 59 247 144 103 22 37 103 87 22 34 76 69 68 65 46 44 34 30 21 24 32 21 30 39 30 31 22 23
is_linear=0
shrinkage=0.03


Tree=32
num_leaves=30
num_cat=0
split_feature=29 29 29 30 29 29 29 29 29 30 16 29 29 29 29 30 4 29 12 29 29 14 29 29 29 29 29 10 10
split_gain=8.43188e+10 2.52888e+10 1.02925e+10 4.57402e+09 4.69047e+09 3.892e+09 2.24733e+09 2.13123e+09 2.01823e+09 1.76122e+09 2.8188e+09 1.27711e+09 6.02583e+08 4.11995e+08 3.80735e+08 3.18398e+08 1.87312e+08 1.68681e+08 1.62233e+08 1.40343e+08 8.98165e+07 7.08605e+07 5.31021e+07 4.46385e+07 2.26255e+07 1.98915e+07 1.9289e+07 1.32609e+07 5.71317e+06
threshold=1.3526207841824018 72765.705000000016 0.56841701361305397 7.5000000000000009 37145.670000000006 108379.96000000002 0.41152408773038568 0.84499823192235823 2.3954351829683938 10.500000000000002 47593.132175307561 89382.47500000002 49822.600000000006 25171.050000000007 59357.150000000009 6.5000000000000009 67239.700000000026 60272.075000000019 51856.566666666673 95766.660000000018 80689.725000000006 39981.58670614352 44641.500000000007 1.1245256649108579 54478.335000000006 65704.345000000016 32461.295000000006 60632.633571428574 52636.64928571428
decision_type=2 2 2 2 2 2 2 2 2 2 2 2 2 2 2 2 2 2 2 2 2 2 2 2 2 2 2 2 2
left_child=2 3 6 4 13 11 -1 -4 -5 14 -11 20 22 15 18 16 -2 24 21 -13 27 -10 -6 -9 28 -16 -15 -3 -14
right_child=1 5 7 8 12 -7 -8 23 9 10 -12 19 17 26 25 -17 -18 -19 -20 -21 -22 -23 -24 -25 -26 -27 -28 -29 -30
leaf_value=-1889.6197994402978 -438.32316644304001 382.45772879464278 -992.40283659462602 -134.28119090427862 -64.86740483382215 1011.9469151577102 -1264.2903462136928 -577.35505072822366 -20.507073524958397 123.17999193010283 802.23237768665149 571.84467208758508 104.28560809235066 -188.97460849123297 207.01869197433339 -209.5726485493027 -282.40909043941258 233.14222607595639 166.81011429709949 693.11026012811624 447.6778235728346 89.615017415516405 12.476800384968955 -475.87497959421637 143.8389597423041 259.07614381285919 -130.88757744008061 331.18061018318963 71.119660061508853
leaf_weight=10.000000000000002 18.000000000000004 15.000000000000002 15.999999999999998 15.999999999999998 14.999999999999998 15.999999999999998 11.999999999999998 11.000000000000002 11.000000000000002 11.000000000000002 10.999999999999998 22 10.000000000000005 11.000000000000002 18.000000000000004 15.999999999999998 11.999999999999998 13.999999999999998 12.999999999999998 18 19 9.9999999999999982 17 9.9999999999999982 9.9999999999999982 12.999999999999998 10.999999999999998 12.999999999999998 9.9999999999999982
leaf_count=10 18 15 16 16 15 16 12 11 11 11 11 22 10 11 18 16 12 14 13 18 19 10 17 10 10 13 11 13 10
internal_value=10.2646 187.158 -1038.37 22.452 -86.7223 581.928 -1552.17 -731.184 175.052 231.985 463.755 502.309 75.2206 -267.64 153.244 -318.749 -376.531 147.198 83.7269 627.211 395.455 32.0203 -23.8229 -530.276 106.769 229.231 -160.294 359.283 87.9213
internal_weight=409 350 59 247 144 103 22 37 103 87 22 87 76 68 65 46 30 44 34 40 47 21 32 21 30 31 22 28 20
internal_count=409 350 59 247 144 103 22 37 103 87 22 87 76 68 65 46 30 44 34 40 47 21 32 21 30 31 22 28 20
is_linear=0
shrinkage=0.03


Tree=33
num_leaves=31
num_cat=0
split_feature=29 29 29 30 29 29 29 29 29 30 16 29 29 29 29 30 4 29 12 29 29 14 29 29 29 29 29 10 10 11
split_gain=7.93556e+10 2.37982e+10 9.68743e+09 4.3047e+09 4.41426e+09 3.66277e+09 2.1154e+09 2.00543e+09 1.89939e+09 1.65765e+09 2.65295e+09 1.20174e+09 5.67116e+08 3.87689e+08 3.58295e+08 2.99641e+08 1.76244e+08 1.59927e+08 1.52679e+08 1.32774e+08 8.49905e+07 6.66928e+07 4.99738e+07 4.20046e+07 3.25228e+07 1.89836e+07 1.81541e+07 1.30657e+07 9.44698e+06 7.17417e+06
threshold=1.3526207841824018 72765.705000000016 0.56841701361305397 7.5000000000000009 37145.670000000006 108379.96000000002 0.41152408773038568 0.84499823192235823 2.3954351829683938 10.500000000000002 47593.132175307561 89382.47500000002 49822.600000000006 25171.050000000007 59357.150000000009 6.5000000000000009 67239.700000000026 62917.445000000007 51856.566666666673 95041.345000000016 80893.050000000017 39981.58670614352 44641.500000000007 1.1245256649108579 55570.970000000008 66167.185000000012 32461.295000000006 60632.633571428574 54216.428571428572 45936.153928571432
decision_type=2 2 2 2 2 2 2 2 2 2 2 2 2 2 2 2 2 2 2 2 2 2 2 2 2 2 2 2 2 2
left_child=2 3 6 4 13 11 -1 -4 -5 14 -11 20 22 15 18 16 -2 24 21 -13 27 -10 -6 -9 28 29 -15 -3 -14 -16
right_child=1 5 7 8 12 -7 -8 23 9 10 -12 19 17 26 25 -17 -18 -19 -20 -21 -22 -23 -24 -25 -26 -27 -28 -29 -30 -31
leaf_value=-1833.2131996268649 -425.20989493161346 373.68862989193917 -962.72349408586444 -130.26530864394712 -62.927849738542413 981.68307169976617 -1226.5190158195019 -560.11278192166264 -19.894646314474244 119.50131010167733 778.27429475395911 546.02134750246057 106.17377504214208 -183.33102287188908 225.31216184701475 -203.30505188558701 -273.97197245364367 241.78986009968887 161.82498481136628 663.48749164934679 439.23310460960408 86.939939362255487 12.103593932568502 -461.66975571361934 151.7572418074802 258.30864330690292 -126.97871646104353 324.7749930493772 65.89754802646921 185.01467848557689
leaf_weight=10.000000000000002 18.000000000000004 16.000000000000004 15.999999999999998 15.999999999999998 14.999999999999998 15.999999999999998 11.999999999999998 11.000000000000002 11.000000000000002 11.000000000000002 10.999999999999998 19 12.000000000000002 11.000000000000002 10.000000000000005 15.999999999999998 11.999999999999998 10.999999999999998 12.999999999999998 21 17 9.9999999999999982 17 9.9999999999999982 10.999999999999998 9.9999999999999982 10.999999999999998 13.999999999999998 9.9999999999999982 10.999999999999998
leaf_count=10 18 16 16 16 15 16 12 11 11 11 11 19 12 11 10 16 12 11 13 21 17 10 17 10 11 10 11 14 10 11
internal_value=9.95292 181.561 -1007.35 21.783 -84.1285 564.521 -1505.82 -709.332 169.822 225.054 449.906 487.281 72.9739 -259.638 148.663 -309.217 -365.271 142.8 81.2255 608.442 383.628 31.0646 -23.1107 -514.443 109.488 222.377 -155.507 351.441 88.0573 204.694
internal_weight=409 350 59 247 144 103 22 37 103 87 22 87 76 68 65 46 30 44 34 40 47 21 32 21 33 31 22 30 22 21
internal_count=409 350 59 247 144 103 22 37 103 87 22 87 76 68 65 46 30 44 34 40 47 21 32 21 33 31 22 30 22 21
is_linear=0
shrinkage=0.03


Tree=34
num_leaves=31
num_cat=0
split_feature=29 29 29 30 29 29 29 29 29 30 16 29 29 29 29 29 30 29 14 29 16 29 29 29 29 29 4 10 29 10
split_gain=7.46846e+10 2.23954e+10 9.11792e+09 4.05132e+09 4.15433e+09 3.45367e+09 1.99121e+09 1.88705e+09 1.78758e+09 1.56011e+09 2.49686e+09 7.62262e+08 5.43985e+08 5.33743e+08 3.65097e+08 3.37803e+08 2.70109e+08 1.54545e+08 1.54111e+08 1.50518e+08 1.02362e+08 6.03922e+07 5.51391e+07 4.70298e+07 3.9526e+07 3.06095e+07 1.49881e+07 1.1759e+07 1.10791e+07 8.89016e+06
threshold=1.3526207841824018 72765.705000000016 0.56841701361305397 7.5000000000000009 37145.670000000006 104819.83000000002 0.41152408773038568 0.84499823192235823 2.3954351829683938 10.500000000000002 47593.132175307561 87417.72500000002 123155.85000000002 49822.600000000006 27301.705000000002 62023.465000000004 6.5000000000000009 12806.415000000003 48695.638101333665 62917.445000000007 43007.503278684853 95041.345000000016 80689.725000000006 44641.500000000007 1.1245256649108579 55570.970000000008 54182.630000000005 60632.633571428574 66167.185000000012 54216.428571428572
decision_type=2 2 2 2 2 2 2 2 2 2 2 2 2 2 2 2 2 2 2 2 2 2 2 2 2 2 2 2 2 2
left_child=2 3 6 4 14 11 -1 -4 -5 15 -11 22 -7 23 16 18 17 -2 20 25 -10 -13 27 -6 -9 29 -16 -3 -17 -15
right_child=1 5 7 8 13 12 -8 24 9 10 -12 21 -14 19 26 28 -18 -19 -20 -21 -22 -23 -24 -25 -26 -27 -28 -29 -30 -31
leaf_value=-1778.4904151119395 -415.7874223085206 359.84870159364607 -933.93177935163544 -126.3695234922605 -61.046285542459572 734.59277927740845 -1189.8761256807572 -543.38542491515807 112.39059092962914 115.93249710566312 755.031729664522 521.60118781887752 1030.0475687966416 103.00177807313274 -119.43591126399248 206.6852180628895 -197.22490416910045 -279.05358018843435 167.54777130477729 234.56898508201354 -13.056440066951872 616.23409621369296 412.29231709988312 11.74155143670672 -447.88856693097006 147.22512527396773 -172.05454764387724 311.57734599497127 250.59793901585817 63.930458011911867
leaf_weight=10.000000000000002 16.000000000000004 15.000000000000002 15.999999999999998 15.999999999999998 14.999999999999998 15.000000000000002 11.999999999999998 11.000000000000002 10.000000000000002 11.000000000000002 10.999999999999998 22 9.9999999999999982 12.000000000000002 10.000000000000002 18.000000000000004 15.999999999999998 14.999999999999998 12.999999999999998 10.999999999999998 13.999999999999998 11.999999999999998 15.999999999999998 17 9.9999999999999982 10.999999999999998 10.999999999999998 12.999999999999998 9.9999999999999982 9.9999999999999982
leaf_count=10 16 15 16 16 15 15 12 11 10 11 11 22 10 12 10 18 16 15 13 11 14 12 16 17 10 11 11 13 10 10
internal_value=9.65159 176.132 -977.259 21.1354 -81.6119 547.633 -1460.85 -688.132 164.752 218.333 436.47 448.764 854.595 70.7948 -251.876 144.224 -298.376 -350.182 84.5501 138.536 39.3381 555.857 365.473 -22.4198 -499.083 106.218 -147.341 338.032 222.787 85.4273
internal_weight=409 350 59 247 144 103 22 37 103 87 22 78 25 76 68 65 47 31 37 44 24 34 44 32 21 33 21 28 28 22
internal_count=409 350 59 247 144 103 22 37 103 87 22 78 25 76 68 65 47 31 37 44 24 34 44 32 21 33 21 28 28 22
is_linear=0
shrinkage=0.03


Tree=35
num_leaves=31
num_cat=0
split_feature=29 29 29 30 29 29 29 29 30 30 29 29 29 17 30 29 29 2 11 29 29 29 29 30 29 2 10 29 10 29
split_gain=8.19722e+10 1.93042e+10 1.09886e+10 3.28278e+09 3.41658e+09 3.06933e+09 2.78627e+09 1.98949e+09 1.64842e+09 7.74678e+08 6.66204e+08 3.89768e+08 3.68345e+08 3.53714e+08 3.37537e+08 2.89375e+08 2.36596e+08 1.3446e+08 2.09261e+08 9.24553e+07 9.16329e+07 8.83157e+07 7.95851e+07 5.63189e+07 5.38407e+07 3.60998e+07 1.58081e+07 1.54534e+07 1.15208e+07 8.8728e+06
threshold=1.2950818666090702 72765.705000000016 0.43082329105051809 7.5000000000000009 39106.810000000005 104819.83000000002 0.73598419398967929 3.2772196089076209 10.500000000000002 8.5000000000000018 82821.965000000011 3.0201460719841715 55570.970000000008 48608.780062001977 3.5000000000000004 123155.85000000002 6.2595914749359158 80893.050000000017 48473.502142857149 1.1007565827145689 59357.150000000009 90908.395000000019 48407.975000000006 4.5000000000000009 62917.445000000007 76586.755000000019 54216.428571428572 78174.335000000021 60481.597857142864 95041.345000000016
decision_type=2 2 2 2 2 2 2 2 2 2 2 2 2 2 2 2 2 2 2 2 2 2 2 2 2 2 2 2 2 2
left_child=2 3 -1 4 11 10 9 13 16 -4 27 -2 22 -5 -13 -7 -9 18 20 -8 -18 -12 -6 -16 -14 -25 -24 28 -3 -23
right_child=1 5 6 7 12 15 19 8 -10 -11 21 14 24 -15 23 -17 17 -19 -20 -21 -22 29 26 25 -26 -27 -28 -29 -30 -31
leaf_value=-1608.4920284366342 -337.41424389420268 349.51503987292517 -803.18348045484856 -146.2023833423066 -13.0065769516419 720.06060198392083 -564.24067714225089 27.229153863707584 493.30389887566434 -1149.7644442873302 458.0610925820182 -290.89653044539034 143.6258624951374 66.197542385243779 -179.20701929622663 946.21409431561074 103.33027421770051 101.11224407327585 332.02811625466416 -435.46376345306015 210.98793829331203 527.02511898347689 93.512045776801571 -76.841655076394858 236.97830042774319 -147.66856051772388 47.247611938125779 371.95559333471761 297.41208374575791 588.26626847769705
leaf_weight=18 15.999999999999998 12.000000000000002 14.000000000000002 17.000000000000004 15.999999999999998 12.000000000000002 11.000000000000002 9.9999999999999982 17 10.999999999999998 14.999999999999998 14.999999999999998 12.000000000000002 11.999999999999998 11.999999999999998 10.999999999999998 10.999999999999998 12.999999999999998 9.9999999999999982 11.999999999999998 21 13.000000000000002 14.000000000000002 19.000000000000004 10.999999999999998 9.9999999999999982 12.999999999999998 14.999999999999998 10.999999999999998 11.999999999999998
leaf_count=18 16 12 14 17 16 12 11 10 17 11 15 15 12 12 12 11 11 13 10 12 21 13 14 19 11 10 13 15 11 12
internal_value=-7.2529 175.654 -976.61 33.7243 -63.9614 525.369 -738.227 155.145 230.64 -957.67 435.056 -206.812 91.9148 -58.3501 -169.23 830.039 161.616 186.004 212.128 -498.143 174.2 520.852 39.9923 -124.418 188.69 -101.477 71.3651 344.178 325.295 557.536
internal_weight=416 350 66 249 138 101 48 111 82 25 78 72 66 29 56 23 65 55 42 23 32 40 43 41 23 29 27 38 23 25
internal_count=416 350 66 249 138 101 48 111 82 25 78 72 66 29 56 23 65 55 42 23 32 40 43 41 23 29 27 38 23 25
is_linear=0
shrinkage=0.03


Tree=36
num_leaves=31
num_cat=0
split_feature=29 29 29 30 29 29 29 29 30 30 29 29 29 29 17 30 29 2 11 29 29 29 29 29 29 29 24 10 29 10
split_gain=7.71448e+10 1.81678e+10 1.03402e+10 3.0894e+09 3.21539e+09 2.88923e+09 2.62221e+09 1.87227e+09 1.55124e+09 7.29207e+08 5.72544e+08 3.6679e+08 3.46674e+08 3.35992e+08 3.32878e+08 3.17645e+08 2.2266e+08 1.2654e+08 1.96984e+08 8.70235e+07 8.62188e+07 7.48981e+07 6.92341e+07 5.40349e+07 1.03495e+08 5.06748e+07 2.25398e+07 1.48768e+07 1.4534e+07 1.08405e+07
threshold=1.2950818666090702 72765.705000000016 0.43082329105051809 7.5000000000000009 39106.810000000005 103406.12500000001 0.73598419398967929 3.2772196089076209 10.500000000000002 8.5000000000000018 82821.965000000011 3.0201460719841715 55570.970000000008 123155.85000000002 48608.780062001977 3.5000000000000004 6.2595914749359158 80893.050000000017 48473.502142857149 1.1007565827145689 59357.150000000009 48407.975000000006 90908.395000000019 21859.955000000005 31256.185000000001 62917.445000000007 1.0000000180025095e-35 54216.428571428572 78174.335000000021 60481.597857142864
decision_type=2 2 2 2 2 2 2 2 2 2 2 2 2 2 2 2 2 2 2 2 2 2 2 2 2 2 2 2 2 2
left_child=2 3 -1 4 11 10 9 14 16 -4 28 -2 21 -7 -5 -13 -9 18 20 -8 -18 -6 -12 -17 -25 -14 -24 -23 29 -3
right_child=1 5 6 7 12 13 19 8 -10 -11 22 15 25 -15 -16 23 17 -19 -20 -21 -22 27 26 24 -26 -27 -28 -29 -30 -31
leaf_value=-1560.3709325225068 -327.32334794374265 339.07309387966791 -779.17373429159227 -141.82917781169809 -12.617594852625766 685.75436777135212 -547.39005320277124 26.416345046883194 478.54818476791598 -1115.4275841346152 444.36491837105478 -282.19862794590944 139.33496559744549 917.95612627262437 64.219857446187746 -59.640099277781012 100.24439225347871 98.090498159123555 322.11683039878727 -422.45405698910781 204.67333369674137 90.716666724588492 489.75700792910425 -219.66319525419766 -102.03012715609225 229.90112061651581 567.78332435344817 45.835614487220496 360.83399735257473 288.53009314903846
leaf_weight=18 15.999999999999998 12.000000000000002 14.000000000000002 17.000000000000004 15.999999999999998 14.000000000000002 11.000000000000002 9.9999999999999982 17 10.999999999999998 14.999999999999998 14.999999999999998 12.000000000000002 10.999999999999998 11.999999999999998 9.9999999999999982 10.999999999999998 12.999999999999998 9.9999999999999982 11.999999999999998 21 14.000000000000002 10.000000000000002 10.000000000000002 21 10.999999999999998 12.999999999999998 12.999999999999998 14.999999999999998 10.999999999999998
leaf_count=18 16 12 14 17 16 14 11 10 17 11 15 15 12 11 12 10 11 13 10 12 21 14 10 10 21 11 13 13 15 11
internal_value=-7.03401 170.405 -947.415 32.7166 -62.0482 509.671 -716.173 150.507 223.744 -929.057 417.146 -200.63 89.1689 789.551 -56.6037 -164.172 156.786 180.444 205.787 -483.264 168.988 38.797 499.851 -120.7 -140.269 183.054 534.995 69.2319 333.893 315.579
internal_weight=416 350 66 249 138 101 48 111 82 25 76 72 66 25 29 56 65 55 42 23 32 43 38 41 31 23 23 27 38 23
internal_count=416 350 66 249 138 101 48 111 82 25 76 72 66 25 29 56 65 55 42 23 32 43 38 41 31 23 23 27 38 23
is_linear=0
shrinkage=0.03


Tree=37
num_leaves=31
num_cat=0
split_feature=29 29 29 30 29 29 29 29 30 29 1 29 14 29 30 30 29 29 29 16 29 29 29 29 29 24 3 17 29 10
split_gain=7.26018e+10 1.70983e+10 9.73002e+09 2.90741e+09 3.02605e+09 2.72274e+09 2.46963e+09 1.76197e+09 1.47405e+09 5.89208e+08 4.41871e+08 3.45169e+08 3.27855e+08 3.26988e+08 2.98926e+08 2.92237e+08 2.5531e+08 1.74386e+08 1.72227e+08 9.62761e+07 7.79019e+07 6.31509e+07 5.64635e+07 5.08501e+07 9.74221e+07 2.82768e+07 1.90407e+07 1.40084e+07 1.36693e+07 1.02003e+07
threshold=1.2950818666090702 72765.705000000016 0.43082329105051809 7.5000000000000009 39106.810000000005 104819.83000000002 0.71562937656960035 3.2772196089076209 11.500000000000002 82821.965000000011 51266.125000000007 3.0201460719841715 34030.311490102446 54478.335000000006 3.5000000000000004 9.5000000000000018 123155.85000000002 1.0053703463594095 59357.150000000009 49518.327732764912 90908.395000000019 48407.975000000006 62917.445000000007 21859.955000000005 31256.185000000001 -1.0000000180025095e-35 54572.725000000006 50889.071236325559 78174.335000000021 60481.597857142864
decision_type=2 2 2 2 2 2 2 2 2 2 2 2 2 2 2 2 2 2 2 2 2 2 2 2 2 2 2 2 2 2
left_child=2 3 -1 4 11 9 10 12 15 28 -4 -2 -5 21 -13 18 -7 -8 19 -9 -11 -6 -15 -16 -25 -22 -20 -23 29 -3
right_child=1 5 6 7 13 16 17 8 -10 20 -12 14 -14 22 23 -17 -18 -19 26 -21 25 27 -24 24 -26 -27 -28 -29 -30 -31
leaf_value=-1513.6894671918283 -317.53423524660479 328.94311462655588 -772.23244082322719 -193.48790902664402 -12.240247052629416 678.06116117738566 -588.22547458286169 45.221649572417483 557.5840572527984 431.07825996677735 -1055.8338636216286 -273.76078679791317 18.342731626015009 131.08891566809382 -57.859798260589137 278.10874610520523 890.5420407946832 -425.27611217815615 166.30078750556044 160.22228348006061 475.13740088619392 82.357741650552825 223.03529455953051 -213.10608529617528 -98.976494063787385 555.76957148048166 220.37793536047715 36.24771181932136 350.04494134136206 279.91335592830882
leaf_weight=18 15.999999999999998 12.000000000000002 10.000000000000002 10.000000000000002 15.999999999999998 12.000000000000002 11.000000000000002 19.000000000000004 9.9999999999999982 14.999999999999998 11.999999999999998 14.999999999999998 19 14.000000000000002 9.9999999999999982 17 10.999999999999998 14.999999999999998 14.000000000000002 9.9999999999999982 10 15.000000000000002 10.999999999999998 10.000000000000002 21 15 11.999999999999998 9.9999999999999982 14.999999999999998 10.999999999999998
leaf_count=18 16 12 10 10 16 12 11 19 10 15 12 15 19 14 10 17 11 15 14 10 10 15 11 10 21 15 12 10 15 11
internal_value=-6.82182 165.313 -919.094 31.739 -60.1922 494.441 -694.777 146.008 217.054 409.381 -928.968 -194.631 -54.9096 86.505 -159.264 169.404 781.394 -495.213 135.582 85.0846 490.067 34.283 171.91 -117.093 -136.076 524.529 191.635 64.0229 323.915 306.152
internal_weight=416 350 66 249 138 101 48 111 82 78 22 72 29 66 56 72 23 26 55 29 40 41 25 41 31 25 26 25 38 23
internal_count=416 350 66 249 138 101 48 111 82 78 22 72 29 66 56 72 23 26 55 29 40 41 25 41 31 25 26 25 38 23
is_linear=0
shrinkage=0.03


Tree=38
num_leaves=31
num_cat=0
split_feature=29 29 29 30 29 29 29 29 30 29 30 29 12 29 30 30 29 10 1 29 29 23 29 29 29 29 29 11 10 10
split_gain=6.83558e+10 1.58244e+10 9.54808e+09 2.96734e+09 2.84784e+09 2.56605e+09 2.51686e+09 1.31022e+09 1.35721e+09 7.29796e+08 6.87415e+08 3.24822e+08 3.21021e+08 3.07742e+08 2.8131e+08 1.70324e+08 1.13728e+08 1.07865e+08 9.59144e+07 9.10602e+07 8.7551e+07 8.50164e+07 5.94319e+07 5.31461e+07 4.78529e+07 9.17056e+07 4.69382e+07 1.68286e+07 1.40362e+07 1.37439e+07
threshold=1.3526207841824018 72765.705000000016 0.43082329105051809 7.5000000000000009 39106.810000000005 108379.96000000002 0.73598419398967929 3.7519468051421385 11.500000000000002 89726.765000000014 8.5000000000000018 3.0201460719841715 43424.24700000001 54478.335000000006 3.5000000000000004 9.5000000000000018 62023.465000000004 58875.548571428582 52017.505000000012 1.1007565827145689 80689.725000000006 1.0000000180025095e-35 48407.975000000006 62917.445000000007 21859.955000000005 31256.185000000001 95041.345000000016 54205.509642857149 60481.597857142864 54216.428571428572
decision_type=2 2 2 2 2 2 2 2 2 2 2 2 2 2 2 2 2 2 2 2 2 2 2 2 2 2 2 2 2 2
left_child=2 3 -1 4 11 9 10 12 15 20 -4 -2 -5 22 -13 16 17 18 -9 -8 28 -14 -6 -15 -16 -26 -11 -22 -3 -24
right_child=1 5 6 7 13 -7 19 8 -10 26 -12 14 21 23 24 -17 -18 -19 -20 -21 27 -23 29 -25 25 -27 -28 -29 -30 -31
leaf_value=-1468.4045684729915 -308.03788584771559 325.25727587728397 -729.5567521824953 120.62234141791039 -11.874183326792494 815.83592719024921 -514.80292703619887 79.122778684701416 540.93975921175377 475.16143399532706 -1055.4334010888008 -265.57524673613995 -148.76279369752791 127.17024490519346 -56.132638003221196 253.34888151650117 193.52339797247021 28.357747049461121 210.98856328708018 -392.88123088578732 418.86170125932819 -25.060884618047456 83.482702777029431 216.37451017215778 -206.74470907182828 -96.014251455275286 556.11845243247922 353.39358650311078 276.61374138122773 38.704478923116973
leaf_weight=18 15.999999999999998 15.000000000000002 14.000000000000002 10.000000000000002 15.999999999999998 17 11.000000000000002 10.000000000000005 9.9999999999999982 15.999999999999998 10.999999999999998 14.999999999999998 10.000000000000002 14.000000000000002 9.9999999999999982 15.999999999999998 22 10.999999999999998 9.9999999999999982 13.999999999999998 10.000000000000002 9.9999999999999982 13.000000000000002 10.999999999999998 10.000000000000002 21 18 10.999999999999998 13.999999999999998 11.999999999999998
leaf_count=18 16 15 14 10 16 17 11 10 10 16 11 15 10 14 10 16 22 11 10 14 10 10 13 11 10 21 18 11 14 12
internal_value=-6.61577 163.406 -876.21 34.0141 -58.3919 479.667 -661.766 150.978 215.039 411.188 -874.763 -188.812 -17.7928 83.9203 -154.504 167.45 141.304 103.993 145.417 -447.447 337.585 -87.1286 33.2584 166.774 -113.594 -132.009 518.775 385.49 302.291 62.1093
internal_weight=416 348 68 247 138 101 50 109 79 84 25 72 30 66 56 69 53 31 20 25 50 20 41 25 41 31 34 21 29 25
internal_count=416 348 68 247 138 101 50 109 79 84 25 72 30 66 56 69 53 31 20 25 50 20 41 25 41 31 34 21 29 25
is_linear=0
shrinkage=0.03


Tree=39
num_leaves=31
num_cat=0
split_feature=29 29 29 30 29 29 29 29 30 29 1 14 29 29 29 30 25 29 30 29 29 10 1 29 29 29 24 29 10 29
split_gain=6.43299e+10 1.48922e+10 8.98473e+09 2.79258e+09 2.68014e+09 2.41655e+09 2.37409e+09 1.23309e+09 1.27745e+09 5.22301e+08 4.11773e+08 3.94304e+08 3.0665e+08 2.89866e+08 2.32039e+08 1.99769e+08 2.23716e+08 1.71817e+08 1.60285e+08 1.07001e+08 1.04954e+08 1.01522e+08 9.02736e+07 6.83895e+07 6.2248e+07 4.19942e+07 2.62417e+07 2.60952e+07 1.30878e+07 1.21971e+07
threshold=1.3526207841824018 72765.705000000016 0.43082329105051809 7.5000000000000009 39106.810000000005 104819.83000000002 0.71562937656960035 3.7519468051421385 11.500000000000002 82821.965000000011 51266.125000000007 36206.660114122569 25171.050000000007 55570.970000000008 123155.85000000002 5.5000000000000009 -0.24999999999999994 1.0053703463594095 9.5000000000000018 62023.465000000004 17114.705000000005 58875.548571428582 52017.505000000012 90908.395000000019 48407.975000000006 62917.445000000007 1.0000000180025095e-35 34766.000000000007 54216.428571428572 78174.335000000021
decision_type=2 2 2 2 2 2 2 2 2 2 2 2 2 2 2 2 2 2 2 2 2 2 2 2 2 2 2 2 2 2
left_child=2 3 -1 4 12 9 10 11 18 29 -4 -5 15 24 -7 20 -17 -8 19 21 -2 22 -9 -11 -6 -15 -25 -14 -26 -3
right_child=1 5 6 7 13 14 17 8 -10 23 -12 -13 27 25 -16 16 -18 -19 -20 -21 -22 -23 -24 26 28 -27 -28 -29 -30 -31
leaf_value=-1424.4744724939403 -373.72934169484591 287.9670667536605 -724.48460820895491 -159.80331273143639 -11.519067126122589 637.30980371498936 -551.76576021634594 76.760903976212632 524.79229025769587 405.8500921407807 -997.62652116830895 65.465277820497036 -135.91553555782707 127.45663211553419 839.58234587104073 -76.236599396580445 -267.83728998106528 -394.85522589809381 245.77209495473127 187.73086103582057 -233.31349405317161 27.51086438209223 204.6903947061567 446.28694321361922 83.243830974755312 209.91264957755939 523.33063096968431 -79.215120846351269 41.168467019618234 329.37829792618351
leaf_weight=18 10.000000000000002 23 10.000000000000002 11.000000000000002 15.999999999999998 12.000000000000002 11.000000000000002 10.000000000000005 9.9999999999999982 14.999999999999998 11.999999999999998 19 16.000000000000004 12.000000000000002 10.999999999999998 11.000000000000002 10.999999999999998 17 15.999999999999998 22 9.9999999999999982 10.999999999999998 9.9999999999999982 10.000000000000002 14.000000000000002 10.999999999999998 14.999999999999998 13.999999999999998 12.999999999999998 14.999999999999998
leaf_count=18 10 23 10 11 16 12 11 10 10 15 12 19 16 12 11 11 11 17 16 22 10 11 10 10 14 11 15 14 13 15
internal_value=-6.4179 158.521 -850.015 32.9984 -56.6453 465.325 -641.993 146.466 208.613 385.191 -875.395 -17.2617 -183.167 81.413 735.66 -235.501 -172.427 -457.372 162.443 137.079 -304.278 100.888 141.077 461.157 35.3529 167.262 493.465 -109.631 63.0989 304.725
internal_weight=416 348 68 247 138 101 50 109 79 78 22 30 72 66 23 42 22 28 69 53 20 31 20 40 43 23 25 30 27 38
internal_count=416 348 68 247 138 101 50 109 79 78 22 30 72 66 23 42 22 28 69 53 20 31 20 40 43 23 25 30 27 38
is_linear=0
shrinkage=0.03


Tree=40
num_leaves=31
num_cat=0
split_feature=29 29 29 30 29 14 29 30 29 22 29 29 30 16 29 29 29 29 29 29 3 29 11 22 29 29 29 29 13 29
split_gain=5.75987e+10 1.59038e+10 6.74165e+09 4.26456e+09 3.53377e+09 2.46122e+09 2.12042e+09 1.61177e+09 9.57051e+08 5.93583e+08 5.77382e+08 5.14916e+08 4.67163e+08 4.51285e+08 4.17542e+08 3.39141e+08 2.69595e+08 2.28906e+08 3.86589e+08 1.80192e+08 1.18759e+08 1.02104e+08 8.72634e+07 4.49292e+07 4.47281e+07 3.84019e+07 3.27579e+07 2.03971e+07 1.24943e+07 1.15245e+07
threshold=1.3526207841824018 74174.595000000016 0.58773320620013603 8.5000000000000018 40927.200000000004 62817.100808374926 108379.96000000002 13.500000000000002 0.84499823192235823 0.15123342103804641 89726.765000000014 1.8763760727123036 2.5000000000000004 50254.873955467301 59357.150000000009 62023.465000000004 6.711850151100716 3.482951500646299 12806.415000000003 28604.970000000005 63340.210000000006 51187.725000000006 48730.380000000012 0.43982890882219988 95041.345000000016 66409.170000000013 79283.99000000002 37145.670000000006 44117.33091666668 54928.44000000001
decision_type=2 2 2 2 2 2 2 2 2 2 2 2 2 2 2 2 2 2 2 2 2 2 2 2 2 2 2 2 2 2
left_child=2 3 5 4 11 -1 10 9 -4 13 26 -2 -13 16 21 -11 -5 22 -19 -20 -8 28 -14 -10 -12 -16 -3 -21 -6 -23
right_child=1 6 8 7 14 -7 20 -9 23 15 24 12 17 -15 25 -17 -18 18 19 27 -22 29 -24 -25 -26 -27 -28 -29 -30 -31
leaf_value=-879.77695020504541 -373.07848137243468 294.26357498769681 -720.79051912967293 52.255503824501531 25.338498289193669 -1440.0990839079182 829.7094099813429 539.81363905277487 -455.73079697225086 -49.012772019138524 443.88788738060629 -320.59514028462132 -270.3134014983674 380.48786026527142 158.61989880659445 167.95394312435164 267.49723246560166 54.343484988157776 -220.41594090580512 -109.8321517906284 665.85534048507452 65.166379411708093 -143.59914241050603 -361.1943723763992 520.31141980229586 232.86076113572759 352.02510337581339 -59.890081763366439 -17.859401195944343 101.94005253232758
leaf_weight=15.000000000000002 9.9999999999999982 19 15.999999999999998 11.000000000000002 10.000000000000002 13.999999999999998 10.000000000000002 11.999999999999998 12.000000000000002 14.000000000000002 14.999999999999998 11.999999999999998 10.000000000000002 12.999999999999998 19.000000000000004 11.999999999999998 9.9999999999999982 12.999999999999998 13.999999999999998 20 9.9999999999999982 20 9.9999999999999982 9.9999999999999982 22 9.9999999999999982 23 11.999999999999998 14.999999999999998 12.999999999999998
leaf_count=15 10 19 16 11 10 14 10 12 12 14 15 12 10 13 19 12 10 13 14 20 10 20 10 10 22 10 23 12 15 13
internal_value=-0.677484 150.051 -807.819 26.81 -48.387 -1152.29 473.536 223.055 -543.765 159.306 403.204 -169.064 -146.452 241.737 91.7258 51.2559 155.143 -119.814 -89.9487 -130.742 749.647 45.1812 -207.472 -413.676 489.97 184.577 326.276 -91.2265 -0.564155 79.7853
internal_weight=426 359 67 260 188 29 99 72 38 60 79 101 91 34 87 26 21 79 59 46 20 58 20 22 37 29 42 32 25 33
internal_count=426 359 67 260 188 29 99 72 38 60 79 101 91 34 87 26 21 79 59 46 20 58 20 22 37 29 42 32 25 33
is_linear=0
shrinkage=0.03


Tree=41
num_leaves=31
num_cat=0
split_feature=29 29 29 30 29 14 29 30 29 29 29 29 30 29 17 29 29 29 29 29 11 17 29 4 29 29 12 29 13 29
split_gain=5.42064e+10 1.49669e+10 6.34449e+09 4.0136e+09 3.32575e+09 2.31632e+09 1.99607e+09 1.5169e+09 9.00558e+08 5.43369e+08 4.96337e+08 4.84653e+08 4.3967e+08 3.92957e+08 2.77092e+08 4.55852e+08 2.15462e+08 3.63818e+08 1.69584e+08 9.60876e+07 8.21314e+07 7.23213e+07 4.20696e+07 3.9129e+07 3.61554e+07 3.08207e+07 2.26898e+07 1.23255e+07 1.1759e+07 1.08476e+07
threshold=1.3526207841824018 74174.595000000016 0.58773320620013603 8.5000000000000018 40927.200000000004 62817.100808374926 108379.96000000002 13.500000000000002 0.84499823192235823 89726.765000000014 3.482951500646299 1.8763760727123036 2.5000000000000004 59357.150000000009 42611.489421974278 52058.605000000003 3.482951500646299 12806.415000000003 28604.970000000005 51187.725000000006 48730.380000000012 48332.556325047779 95041.345000000016 46950.740000000005 66409.170000000013 79283.99000000002 42623.228166666675 34766.000000000007 44117.33091666668 54928.44000000001
decision_type=2 2 2 2 2 2 2 2 2 2 2 2 2 2 2 2 2 2 2 2 2 2 2 2 2 2 2 2 2 2
left_child=2 3 5 4 11 -1 9 10 -4 25 -5 -2 -13 19 -12 -16 20 -18 -19 28 -14 -8 -11 -10 -15 -3 -20 -28 -6 -21
right_child=1 6 8 7 13 -7 21 -9 23 22 14 12 16 24 15 -17 17 18 26 29 -22 -23 -24 -25 -26 -27 27 -29 -30 -31
leaf_value=-853.47135135485848 -361.94180999300369 285.4588398129921 -699.23416964807234 11.402408778110395 24.582125672297678 -1397.049842915925 658.00149836753701 523.68643023858908 -351.97266062266772 430.61549003322256 67.287508745335813 -311.01719803552902 -262.2443395813898 153.87379006213087 363.71298833829212 143.14399400536703 52.719426429134671 -213.82699239601865 -50.644029543293051 63.216263985574386 -139.31259966038945 792.91950209888057 504.73747475552716 -440.81435263226138 225.90969711986938 341.4872576599783 -128.26971308505367 -82.352720773274001 -17.325399417813831 98.893567034841951
leaf_weight=15.000000000000002 9.9999999999999982 19 15.999999999999998 15.999999999999998 10.000000000000002 13.999999999999998 10.000000000000002 11.999999999999998 10.000000000000002 14.999999999999998 9.9999999999999982 11.999999999999998 10.000000000000002 19.000000000000004 15.999999999999998 18 12.999999999999998 13.999999999999998 9.9999999999999982 20 9.9999999999999982 9.9999999999999982 22 11.999999999999998 9.9999999999999982 23 11.000000000000002 10.999999999999998 14.999999999999998 12.999999999999998
leaf_count=15 10 19 16 16 10 14 10 12 10 15 10 12 10 19 16 18 13 14 10 20 10 10 22 12 10 23 11 11 15 13
internal_value=-0.658111 145.564 -783.671 26.0085 -46.9424 -1117.84 459.377 216.392 -527.512 391.138 154.548 -164.013 -142.076 88.9838 206.529 247.323 -116.234 -87.2588 -126.832 43.8303 -201.279 727.27 475.31 -401.321 179.06 316.511 -88.4977 -105.55 -0.546782 77.3993
internal_weight=426 359 67 260 188 29 99 72 38 79 60 101 91 87 44 34 79 59 46 58 20 20 37 22 29 42 32 22 25 33
internal_count=426 359 67 260 188 29 99 72 38 79 60 101 91 87 44 34 79 59 46 58 20 20 37 22 29 42 32 22 25 33
is_linear=0
shrinkage=0.03


Tree=42
num_leaves=30
num_cat=0
split_feature=29 29 29 14 29 29 29 29 16 29 6 29 29 29 12 22 29 22 10 29 29 29 10 29 29 11 12 29 10
split_gain=5.10138e+10 1.40854e+10 5.97072e+09 2.17996e+09 1.88053e+09 1.77387e+09 2.7006e+09 2.64154e+09 1.68974e+09 8.54529e+08 6.12351e+08 4.66325e+08 4.16773e+08 3.71436e+08 3.69333e+08 3.04975e+08 2.82453e+08 1.4889e+08 5.45831e+07 5.3663e+07 4.62619e+07 4.11006e+07 2.90061e+07 2.34047e+07 1.93023e+07 1.55759e+07 1.52567e+07 1.05575e+07 6.77191e+06
threshold=1.3526207841824018 74174.595000000016 0.58773320620013603 62817.100808374926 104819.83000000002 3.482951500646299 32.285839286721725 44641.500000000007 47593.132175307561 0.91656783527364716 5128757.5700000012 59357.150000000009 25171.050000000007 89382.47500000002 50612.624500000013 0.15123342103804641 123155.85000000002 1.0000000180025095e-35 49768.320714285728 37145.670000000006 51187.725000000006 66409.170000000013 58316.157142857148 95041.345000000016 79283.99000000002 45527.477142857148 44345.913000000008 53392.785000000011 59676.166428571429
decision_type=2 2 2 2 2 2 2 2 2 2 2 2 2 2 2 2 2 2 2 2 2 2 2 2 2 2 2 2 2
left_child=2 5 3 -1 13 10 8 12 14 -4 -2 20 17 24 -7 18 -6 -8 -12 26 -9 25 27 -15 -3 -13 -14 -22 -26
right_child=1 4 9 -5 16 6 7 11 -10 -11 15 21 19 23 -16 -17 -18 -19 -20 -21 22 -23 -24 -25 28 -27 -28 -29 -30
leaf_value=-827.95225290697647 27.671787190991775 276.91755044291335 -654.35354100024597 -1355.2874958296261 574.38644129672878 -32.36863091312236 -170.90158238475672 7.2673877746101434 490.06464055579477 -367.79497493233265 -226.32666380013981 175.01140840469301 -83.552963125883593 411.1247673563019 219.1270072557268 -102.2506975120473 779.71263610011306 -332.28560663479476 -329.01630258133156 -45.866730338648743 57.126739957439341 208.99453611928669 21.575436993499299 472.29816302429396 347.22657416044757 130.6540070564516 -131.77821284499123 97.02049891391647 299.72259503264922
leaf_weight=15.000000000000002 14.999999999999998 19 19 13.999999999999998 16.000000000000004 10.000000000000002 11.000000000000002 19 19 19 10.000000000000002 14.000000000000002 10.000000000000002 18 10.999999999999998 15.999999999999998 10.999999999999998 9.9999999999999982 9.9999999999999982 18 10.000000000000002 18 9.9999999999999982 14.999999999999998 10.000000000000002 17 15.999999999999998 15.999999999999998 9.9999999999999982
leaf_count=15 15 19 19 14 16 10 11 19 19 19 10 14 10 18 11 16 11 10 10 18 10 18 10 15 10 17 16 16 10
internal_value=-0.640366 141.21 -760.245 -1084.42 445.641 25.2291 63.9402 11.4458 285.438 -511.746 -133.318 105.195 -138.518 365.108 99.5748 -200.342 659.324 -248.358 -278.364 -85.8716 45.1695 172.455 65.1355 439.603 301.591 150.936 -113.426 81.8158 324.281
internal_weight=426 359 67 29 99 260 209 169 40 38 51 104 65 72 21 36 27 21 20 44 55 49 36 33 39 31 26 26 20
internal_count=426 359 67 29 99 260 209 169 40 38 51 104 65 72 21 36 27 21 20 44 55 49 36 33 39 31 26 26 20
is_linear=0
shrinkage=0.03


Tree=43
num_leaves=31
num_cat=0
split_feature=29 29 29 30 30 14 29 29 29 29 30 5 29 29 29 16 29 29 30 29 30 17 29 20 29 29 29 11 11 16
split_gain=4.80363e+10 1.29696e+10 6.11166e+09 3.84168e+09 2.22407e+09 2.05162e+09 1.84048e+09 1.77573e+09 1.00143e+09 9.14561e+08 5.68921e+08 5.22259e+08 5.19239e+08 4.80391e+08 2.47633e+08 2.23377e+08 1.60341e+08 1.22755e+08 8.53479e+07 1.12751e+08 8.04506e+07 6.87593e+07 5.68999e+07 5.54337e+07 3.65224e+07 2.95755e+07 2.71522e+07 2.39521e+07 1.55817e+07 7.45374e+06
threshold=1.4339599247367767 74174.595000000016 0.58773320620013603 13.500000000000002 5.5000000000000009 62817.100808374926 3.482951500646299 108379.96000000002 25171.050000000007 0.91656783527364716 9.5000000000000018 6470085.4850000013 56461.085000000006 89726.765000000014 12806.415000000003 47593.132175307561 39106.810000000005 2.2784295271125132 7.5000000000000009 45518.325000000004 8.5000000000000018 48332.556325047779 66409.170000000013 0.6078576107927941 99813.215000000011 32461.295000000006 79283.99000000002 43540.442857142873 49633.781785714302 47032.451230703758
decision_type=2 2 2 2 2 2 2 2 2 2 2 2 2 2 2 2 2 2 2 2 2 2 2 2 2 2 2 2 2 2
left_child=2 3 5 4 8 -1 11 13 14 -4 12 -6 18 26 -2 -12 25 -13 19 -8 -11 -9 27 -20 29 -10 -3 -14 -21 -15
right_child=1 7 9 -5 6 -7 10 21 16 20 15 17 22 24 -16 -17 -18 -19 23 28 -22 -23 -24 -25 -26 -27 -28 -29 -30 -31
leaf_value=-803.19620860153623 -407.16687266791024 268.63182671013777 -634.77445520115646 575.46939249858588 37.914946510051855 -1314.773558440836 -60.647111322278171 618.14923041044744 -124.4241094139327 -402.62401614367201 145.09527493990379 -250.58450542462614 168.57051285170152 443.98119163074699 -213.03382085755811 329.76247193785917 25.428013768306997 -121.01611090062563 24.433612197192733 63.902472555226275 -282.94907445195889 748.42691814365662 210.92484621946838 122.07350762138537 492.63727325790228 -64.452248709542403 321.23943744915942 117.80415489213325 16.448247328635567 392.96726969032801
leaf_weight=15.000000000000002 10.000000000000002 19 19 10.999999999999998 12.999999999999998 13.999999999999998 15.999999999999998 10.000000000000002 15.000000000000002 12.000000000000002 11.000000000000002 15.000000000000002 13.999999999999998 13.000000000000002 14.999999999999998 12.999999999999998 14.999999999999998 11.999999999999998 10.000000000000002 13.000000000000002 9.9999999999999982 9.9999999999999982 12.999999999999998 10.999999999999998 12.999999999999998 14.999999999999998 23 23 11.999999999999998 10.999999999999998
leaf_count=15 10 19 19 11 13 14 16 10 15 12 11 15 14 13 15 13 15 12 10 13 10 10 13 11 13 15 23 23 12 11
internal_value=-0.62138 140.665 -718.749 28.2528 3.67182 -1052 60.5597 432.32 -139.302 -482.039 113.166 -118.221 84.6906 367.959 -291.345 245.601 -54.6037 -193.329 26.6432 1.431 -348.991 684.992 156.571 75.7468 447.103 -94.5953 297.788 137.215 41.2027 421.465
internal_weight=426 356 70 257 246 29 176 99 70 41 136 40 112 79 25 24 45 27 62 41 22 20 50 21 37 30 42 37 25 24
internal_count=426 356 70 257 246 29 176 99 70 41 136 40 112 79 25 24 45 27 62 41 22 20 50 21 37 30 42 37 25 24
is_linear=0
shrinkage=0.03


Tree=44
num_leaves=31
num_cat=0
split_feature=30 10 23 23 25 10 30 16 0 30 30 10 20 20 19 10 23 17 1 4 23 17 16 1 12 2 21 2 12 22
split_gain=8.6031e+09 5.84217e+09 3.21606e+09 3.27246e+09 2.49398e+09 2.40396e+09 1.70302e+09 2.00703e+09 1.64853e+09 1.09275e+09 9.95995e+08 7.90148e+08 7.51433e+08 6.28872e+08 5.12569e+08 6.41521e+08 8.66017e+08 4.34767e+08 3.39263e+08 3.79629e+08 2.83172e+08 4.0838e+08 2.28358e+08 2.70211e+08 1.91587e+08 1.75051e+08 2.1075e+08 1.22003e+08 1.19003e+08 7.15292e+07
threshold=7.5000000000000009 59570.092857142859 0.43813463158589139 0.60896546470132462 -0.5 9279.0650000000005 10.500000000000002 51538.335670122047 78381.74500000001 11.500000000000002 5.5000000000000009 32460.462857142858 -0.8783796973249266 -1.0000000180025095e-35 17790871.841333337 48431.235000000008 -0.25065253225872081 49023.429518820798 91783.200000000026 8190.9000000000024 1.0000000180025095e-35 47413.458914871553 45167.022847405788 64929.600000000006 46281.670166666678 55502.855000000003 -0.56174490092936669 62410.760000000009 47485.722000000016 0.25033082153100911
decision_type=2 2 2 2 2 2 2 2 2 2 2 2 2 2 2 2 2 2 2 2 2 2 2 2 2 2 2 2 2 2
left_child=5 2 8 -4 -5 -1 22 13 9 14 11 -7 -12 -8 15 16 -2 -18 19 -14 24 -22 -3 -24 -21 29 -27 -17 -28 -13
right_child=1 6 3 4 -6 10 7 -9 -10 -11 12 25 18 -15 -16 27 17 -19 -20 20 21 -23 23 -25 -26 26 28 -29 -30 -31
leaf_value=-601.81688323519109 -154.08765703336459 289.75449753926296 -647.36036702842193 -274.36063570037595 252.51528902427157 -371.74173932413419 490.3247390974812 785.99911548132184 -162.41199724614785 367.98354792888557 -256.12978434515156 -161.68740963757773 101.79346721221796 167.53984030569239 254.94325966523073 124.88235673706555 0.15782703700401965 267.63162386310631 114.6987148241065 74.334835422879905 -67.766141636165088 -304.48346256996268 264.22258191464539 60.048272954866128 -80.146721871077517 -6.8100241380113777 -214.18324773541315 264.05067083436438 -86.941144204040782 -266.88591647959345
leaf_weight=9.9999999999999982 19 17 10.999999999999998 19 13.999999999999998 19 10 12.999999999999998 18 17 14.999999999999998 12.000000000000002 11.999999999999998 12 15.999999999999998 12.000000000000002 12.000000000000002 9.9999999999999982 12.999999999999998 12.000000000000002 19.000000000000004 9.9999999999999982 10.000000000000002 13.999999999999998 18 11.999999999999998 15.000000000000002 10.999999999999998 11.999999999999998 11.999999999999998
leaf_count=10 19 17 11 19 14 19 10 13 18 17 15 12 12 12 16 12 12 10 13 12 19 10 10 14 18 12 15 11 12 12
internal_value=-0.601175 120.93 17.4862 -200.501 -50.7937 -150.121 337.19 490.839 100.941 149.869 -125.006 -202.305 -60.9111 315.039 103.319 65.2431 -5.93837 122.068 -25.919 -51.7284 -83.013 -149.776 205.589 145.493 -18.3332 -150.951 -111.477 191.87 -157.896 -214.732
internal_weight=426 235 159 44 33 191 76 35 115 97 181 82 99 22 80 64 41 22 84 71 59 29 41 24 30 63 39 23 27 24
internal_count=426 235 159 44 33 191 76 35 115 97 181 82 99 22 80 64 41 22 84 71 59 29 41 24 30 63 39 23 27 24
is_linear=0
shrinkage=0.03


Tree=45
num_leaves=31
num_cat=0
split_feature=29 29 29 30 29 29 30 30 29 29 3 30 29 29 2 29 16 29 4 3 10 16 2 29 29 10 29 29 29 29
split_gain=4.35379e+10 1.05933e+10 7.75867e+09 3.41742e+09 2.22194e+09 1.95712e+09 1.77166e+09 1.13607e+09 1.06695e+09 9.66446e+08 5.641e+08 4.64165e+08 4.04891e+08 3.93918e+08 3.59782e+08 2.79577e+08 2.42537e+08 1.69294e+08 1.23488e+08 1.04412e+08 8.53778e+07 1.31913e+08 7.16101e+07 6.67304e+07 5.44536e+07 2.86262e+07 2.57883e+07 2.03152e+07 2.03071e+07 1.3532e+07
threshold=1.6916567824023063 72765.705000000016 0.37358695828773819 13.500000000000002 0.84499823192235823 104819.83000000002 5.5000000000000009 7.5000000000000009 3.482951500646299 25171.050000000007 51819.320000000007 9.5000000000000018 56461.085000000006 87417.72500000002 62045.810000000005 123155.85000000002 47593.132175307561 39106.810000000005 55263.075000000004 59357.150000000009 59780.742857142861 49518.327732764912 60183.490000000013 46772.705000000009 62917.445000000007 59676.166428571429 95766.660000000018 76971.480000000025 33560.245000000003 42831.405000000006
decision_type=2 2 2 2 2 2 2 2 2 2 2 2 2 2 2 2 2 2 2 2 2 2 2 2 2 2 2 2 2 2
left_child=2 3 -1 6 7 13 9 -4 14 22 -9 12 20 25 18 -7 -13 28 -8 -6 21 23 -2 -10 -14 27 -15 -3 -11 -22
right_child=1 5 4 -5 19 15 8 10 11 17 -12 16 24 26 -16 -17 -18 -19 -20 -21 29 -23 -24 -25 -26 -27 -28 -29 -30 -31
leaf_value=-1380.1397129524887 -347.51244752798493 256.24798589507913 -453.42468737843615 582.03652489505589 -373.3909522992131 533.05824659987525 -231.02576865632059 -652.98878556436546 -30.406659777411093 -117.82386922016397 -973.73687252545233 126.84267051348542 107.55804001957995 379.76057187161058 49.730406913929933 734.30741944372392 318.26223803001812 39.711312495436623 -84.859698030841869 -252.40617639342346 -46.113812847991468 142.16979140890129 -233.3473044002757 57.671721066452385 174.03102361931678 237.18137907185161 442.62739156509332 318.67439218101657 -58.252818366662773 2.033167291011206
leaf_weight=10.999999999999998 10.000000000000002 11.000000000000002 11.999999999999998 9.9999999999999982 21.000000000000004 15.000000000000002 11.000000000000002 10.000000000000002 12.999999999999998 11.000000000000002 10.999999999999998 12.000000000000002 20 23 10.999999999999998 11.999999999999998 11.999999999999998 15.999999999999998 9.9999999999999982 9.9999999999999982 10.000000000000002 10.999999999999998 10.999999999999998 19 26 20 11.999999999999998 11.999999999999998 9.9999999999999982 10.999999999999998
leaf_count=11 10 11 12 10 21 15 11 10 13 11 11 12 20 23 11 12 12 16 10 10 10 11 11 19 26 20 12 12 10 11
internal_value=8.47632 153.201 -645.346 40.8361 -518.074 403.476 16.5509 -689.443 66.4212 -126.116 -822.914 103.584 77.4365 326.896 -89.1156 623.694 223.015 -33.7389 -161.79 -334.833 28.6001 52.7948 -288.408 21.8983 145.278 265.437 401.916 289.439 -89.6625 -20.949
internal_weight=414 339 75 234 64 105 224 33 166 58 21 134 110 78 32 27 24 37 21 31 64 43 21 32 46 43 35 23 21 21
internal_count=414 339 75 234 64 105 224 33 166 58 21 134 110 78 32 27 24 37 21 31 64 43 21 32 46 43 35 23 21 21
is_linear=0
shrinkage=0.03


Tree=46
num_leaves=31
num_cat=0
split_feature=29 29 29 30 29 30 29 29 30 29 30 29 29 6 29 16 29 29 10 16 29 23 21 29 22 29 21 17 29 29
split_gain=4.0975e+10 9.97238e+09 7.3023e+09 3.12012e+09 2.09141e+09 1.85766e+09 1.61183e+09 1.11115e+09 1.06929e+09 9.09593e+08 3.89095e+08 5.39358e+08 3.01379e+08 2.95787e+08 2.23159e+08 2.19724e+08 1.5933e+08 1.3947e+08 9.76974e+07 9.42177e+07 9.14667e+07 8.24228e+07 5.22791e+07 5.07114e+07 3.56413e+07 3.16117e+07 3.00401e+07 2.84549e+07 2.22676e+07 1.91118e+07
threshold=1.6916567824023063 75872.645000000004 0.37358695828773819 13.500000000000002 0.84499823192235823 5.5000000000000009 105837.505 3.482951500646299 7.5000000000000009 25171.050000000007 9.5000000000000018 60272.075000000019 89726.765000000014 6470085.4850000013 123155.85000000002 47593.132175307561 39106.810000000005 0.63475808591798766 59780.742857142861 49740.997618909787 51604.580000000009 1.0000000180025095e-35 1.0000000180025095e-35 66409.170000000013 1.0000000180025095e-35 82821.965000000011 -0.22252093395631442 49730.524785162117 46772.705000000009 33560.245000000003
decision_type=2 2 2 2 2 2 2 2 2 2 2 2 2 2 2 2 2 2 2 2 2 2 2 2 2 2 2 2 2 2
left_child=2 3 -1 5 8 9 12 13 -4 24 11 18 25 -7 -8 -12 29 -10 19 20 26 -15 -6 -13 -2 -3 -9 -14 -20 -11
right_child=1 6 4 -5 22 7 14 10 17 16 15 23 27 21 -16 -17 -18 -19 28 -21 -22 -23 -24 -25 -26 -27 -28 -29 -30 -31
leaf_value=-1338.9228913320133 -239.75149091487546 260.33520429478608 -439.87838160091411 564.66228901877332 -372.5327922952585 48.664604984112636 525.06705953663766 -43.484266503177452 -878.79687853506744 -114.30514783211957 123.05318172977175 146.91142885128178 434.5322208348606 -205.86925330528837 712.36960580912853 301.76333905800999 38.523685177241525 -705.90987639925368 -40.232122748917057 131.99309783584769 81.756316266741067 -89.14862668136665 -289.42108144152525 216.34180691442756 -322.43537488339547 324.19769690328047 29.869497179629192 368.28190544372774 18.742829722408793 -56.51392822265624
leaf_weight=10.999999999999998 11.000000000000002 28 11.999999999999998 9.9999999999999982 13.000000000000002 9.9999999999999982 13.000000000000002 10.000000000000002 11.000000000000002 11.000000000000002 12.000000000000002 25 17.000000000000004 11.000000000000002 11.999999999999998 12.999999999999998 15.999999999999998 9.9999999999999982 12.000000000000002 12.999999999999998 22 10.999999999999998 18 15.999999999999998 9.9999999999999982 10.999999999999998 9.9999999999999982 13.999999999999998 10.999999999999998 9.9999999999999982
leaf_count=11 11 28 12 10 13 10 13 10 11 11 12 25 17 11 12 13 16 10 12 13 22 11 18 16 10 11 10 14 11 10
internal_value=8.21937 148.62 -626.067 47.0619 -502.595 24.8264 409.301 73.3489 -668.854 -122.351 108.878 86.2086 335.017 -86.4545 616.215 216.399 -32.7323 -798.342 39.8555 61.5515 39.6171 -147.843 -324.818 174.237 -279.797 278.74 -6.82436 405.254 -12.0472 -86.9851
internal_weight=414 339 75 244 64 234 95 176 33 58 144 119 70 32 25 25 37 21 78 55 42 22 31 41 21 39 20 31 23 21
internal_count=414 339 75 244 64 234 95 176 33 58 144 119 70 32 25 25 37 21 78 55 42 22 31 41 21 39 20 31 23 21
is_linear=0
shrinkage=0.03


Tree=47
num_leaves=31
num_cat=0
split_feature=29 29 29 30 29 30 29 29 30 29 3 30 29 29 2 7 29 20 4 29 3 4 12 2 29 29 29 10 29 4
split_gain=3.85631e+10 9.38503e+09 6.87274e+09 2.93666e+09 1.96851e+09 1.74832e+09 1.52066e+09 1.04572e+09 1.00643e+09 8.56084e+08 5.32063e+08 3.66208e+08 5.07558e+08 3.64578e+08 3.38199e+08 1.98498e+08 1.49952e+08 1.18789e+08 1.15606e+08 1.02431e+08 9.77465e+07 6.84589e+07 6.73633e+07 6.6303e+07 4.77308e+07 3.64454e+07 2.97756e+07 2.66753e+07 1.79868e+07 1.52905e+07
threshold=1.6916567824023063 75872.645000000004 0.37358695828773819 13.500000000000002 0.84499823192235823 5.5000000000000009 108379.96000000002 3.482951500646299 7.5000000000000009 25171.050000000007 51819.320000000007 9.5000000000000018 60272.075000000019 89726.765000000014 62045.810000000005 14086931.495000003 39106.810000000005 0.87837969732492682 55263.075000000004 46772.705000000009 59357.150000000009 51731.560000000005 50759.057000000008 60183.490000000013 66409.170000000013 99813.215000000011 82821.965000000011 60762.508571428574 33560.245000000003 41587.085000000006
decision_type=2 2 2 2 2 2 2 2 2 2 2 2 2 2 2 2 2 2 2 2 2 2 2 2 2 2 2 2 2 2
left_child=2 3 -1 5 8 9 13 14 -4 23 -10 12 17 26 18 -13 28 19 -7 21 -6 -9 -8 -2 29 -15 -3 -21 -11 -14
right_child=1 6 4 -5 20 7 22 11 10 16 -12 15 24 25 -16 -17 -18 -19 -20 27 -22 -23 -24 -25 -26 -27 -28 -29 -30 -31
leaf_value=-1298.9369520644793 -328.25445574860061 252.53907242229278 -426.73679452476659 547.80669892723881 -352.36933384983661 -221.31890465921936 691.29524836753694 36.25790741016614 -609.84423973880564 -110.89150909838089 -920.75919824660627 278.8785440134447 167.47756681956685 377.92815847003794 50.735810075302467 105.6411566435401 37.371575072101336 129.80892524546627 -79.917275682136179 65.556736695859442 -235.48793981751399 -64.882990576658528 564.80534048507457 -218.54511754653032 209.87176912967286 448.02605513649422 314.51577037966626 9.3811755507739605 -54.826945655025646 118.91517768947557
leaf_weight=10.999999999999998 10.000000000000002 28 11.999999999999998 9.9999999999999982 21.000000000000004 11.000000000000002 10.000000000000002 10.000000000000002 10.000000000000002 11.000000000000002 10.999999999999998 15.000000000000002 12.000000000000002 23 10.999999999999998 9.9999999999999982 15.999999999999998 10.999999999999998 9.9999999999999982 32 9.9999999999999982 14.999999999999998 9.9999999999999982 10.999999999999998 15.999999999999998 12.999999999999998 10.999999999999998 9.9999999999999982 9.9999999999999982 12.999999999999998
leaf_count=11 10 28 12 10 21 11 10 10 10 11 11 15 12 23 11 10 16 11 10 32 10 15 10 11 16 13 11 10 10 13
internal_value=7.96986 144.175 -607.366 45.6537 -487.58 24.0817 397.064 71.1546 -648.881 -118.698 -774.505 105.622 83.6292 334.672 -83.8724 209.933 -31.7557 38.6632 -154.335 23.6134 -315.106 -24.435 629.617 -271.443 169.023 403.828 270.4 52.2087 -84.3877 142.513
internal_weight=414 339 75 244 64 234 95 176 33 58 21 144 119 75 32 25 37 78 21 67 31 25 20 21 41 36 39 42 21 25
internal_count=414 339 75 244 64 234 95 176 33 58 21 144 119 75 32 25 37 78 21 67 31 25 20 21 41 36 39 42 21 25
is_linear=0
shrinkage=0.03


Tree=48
num_leaves=31
num_cat=0
split_feature=29 29 29 30 29 30 29 29 30 29 3 30 29 29 2 0 29 20 29 9 3 2 3 29 23 29 29 10 16 29
split_gain=3.62931e+10 8.83233e+09 6.46848e+09 2.76398e+09 1.85287e+09 1.64543e+09 1.43145e+09 9.84163e+08 9.47267e+08 8.05723e+08 5.00729e+08 3.44647e+08 4.77673e+08 3.43098e+08 3.18302e+08 2.23814e+08 1.41127e+08 1.11805e+08 9.63884e+07 9.32574e+07 9.19515e+07 6.24074e+07 5.56829e+07 4.49131e+07 3.87332e+07 3.43239e+07 2.80461e+07 2.51003e+07 1.77493e+07 1.6928e+07
threshold=1.6916567824023063 75872.645000000004 0.37358695828773819 13.500000000000002 0.84499823192235823 5.5000000000000009 108379.96000000002 3.482951500646299 7.5000000000000009 25171.050000000007 51819.320000000007 9.5000000000000018 60272.075000000019 89726.765000000014 62045.810000000005 59815.805000000015 39106.810000000005 0.87837969732492682 46772.705000000009 6283773.4200000009 59357.150000000009 60183.490000000013 65228.990000000013 66409.170000000013 -0.52625006705264832 99813.215000000011 82821.965000000011 60762.508571428574 49616.344712407772 33560.245000000003
decision_type=2 2 2 2 2 2 2 2 2 2 2 2 2 2 2 2 2 2 2 2 2 2 2 2 2 2 2 2 2 2
left_child=2 3 -1 5 8 9 13 14 -4 21 -10 12 17 26 19 -13 29 18 24 -7 -6 -2 -8 -14 -9 28 -3 -20 -15 -11
right_child=1 6 4 -5 20 7 22 11 10 16 -12 15 23 25 -16 -17 -18 -19 27 -21 -22 -23 -24 -25 -26 -27 -28 -29 -30 -31
leaf_value=-1260.1451640271491 -318.45582002098865 244.97640217663769 -413.98780502382647 531.45425588123828 -341.82336489570957 -82.798856547341387 667.77538770988781 15.141834578771309 -591.63994577891754 -107.57981719280255 -893.26142710690033 276.83251839571216 138.25464656624251 393.31898796695384 49.220622504566585 93.064524727437018 36.253920282381721 125.93227715815893 63.593103101138212 -209.91887085513289 -228.45845528218283 -212.01842684508446 550.82967000932831 203.5952312719042 -59.481699625651039 434.63676589439655 305.12299208144793 9.101140537546641 330.11550839552234 -53.19031982421874
leaf_weight=10.999999999999998 10.000000000000002 28 11.999999999999998 9.9999999999999982 21.000000000000004 10.000000000000002 10.000000000000002 12.000000000000002 10.000000000000002 11.000000000000002 10.999999999999998 15.000000000000002 25 13.000000000000002 10.999999999999998 9.9999999999999982 15.999999999999998 10.999999999999998 32 10.999999999999998 9.9999999999999982 10.999999999999998 9.9999999999999982 15.999999999999998 12.999999999999998 12.999999999999998 10.999999999999998 9.9999999999999982 9.9999999999999982 9.9999999999999982
leaf_count=11 10 28 12 10 21 10 10 12 10 11 11 15 25 13 11 10 16 11 32 11 10 11 10 16 13 13 11 10 10 10
internal_value=7.72889 139.865 -589.221 44.2883 -473.013 23.3601 385.194 69.0268 -629.503 -115.155 -751.379 102.464 81.1288 324.659 -81.368 203.658 -30.8082 37.5067 22.906 -149.726 -305.681 -263.339 610.822 163.97 -23.7037 391.747 262.31 50.6451 366.615 -81.8679
internal_weight=414 339 75 244 64 234 95 176 33 58 21 144 119 75 32 25 37 78 67 21 31 21 20 41 25 36 39 42 23 21
internal_count=414 339 75 244 64 234 95 176 33 58 21 144 119 75 32 25 37 78 67 21 31 21 20 41 25 36 39 42 23 21
is_linear=0
shrinkage=0.03


Tree=49
num_leaves=31
num_cat=0
split_feature=29 29 29 30 29 29 30 29 30 29 3 30 5 29 29 29 0 29 29 10 16 2 2 29 29 10 29 29 29 11
split_gain=3.4161e+10 8.51083e+09 5.85943e+09 2.71673e+09 1.56772e+09 1.54115e+09 1.31639e+09 1.03259e+09 8.9158e+08 7.58325e+08 4.7124e+08 3.6598e+08 3.24983e+08 3.20469e+08 3.09652e+08 2.34422e+08 2.17591e+08 1.3282e+08 1.12457e+08 7.19557e+07 1.13304e+08 6.34515e+07 5.87407e+07 5.07524e+07 4.28266e+07 2.66639e+07 2.13674e+07 1.72916e+07 1.59316e+07 1.12545e+07
threshold=1.6026184225363709 72765.705000000016 0.37358695828773819 13.500000000000002 0.84499823192235823 104819.83000000002 5.5000000000000009 3.482951500646299 7.5000000000000009 25171.050000000007 51819.320000000007 9.5000000000000018 6526955.3000000007 56461.085000000006 87417.72500000002 123155.85000000002 59815.805000000015 39106.810000000005 2.1515105257861697 59780.742857142861 49518.327732764912 64206.205000000009 60183.490000000013 46772.705000000009 62917.445000000007 59676.166428571429 95766.660000000018 76971.480000000025 33560.245000000003 58288.555357142868
decision_type=2 2 2 2 2 2 2 2 2 2 2 2 2 2 2 2 2 2 2 2 2 2 2 2 2 2 2 2 2 2
left_child=2 3 -1 6 8 14 9 12 -4 22 -10 13 -8 19 25 -7 -13 28 -14 20 23 -6 -2 -9 -15 27 -16 -3 -11 -21
right_child=1 5 4 -5 21 15 7 11 10 17 -12 16 18 24 26 -17 -18 -19 -20 29 -22 -23 -24 -25 -26 -27 -28 -29 -30 -31
leaf_value=-1222.5118566176468 -308.94967496501852 227.43034148755646 -401.61971106311591 515.5899655242464 -260.37598240240857 469.96590012458455 43.756992989104255 -26.938231334467041 -573.97904326026094 -104.3670270962952 -866.58483809389134 274.01800437194163 -223.44248963783221 95.446712807824184 335.86343843207698 653.8294848936722 90.286476066930959 35.169691167813589 -92.636764350978794 -43.340175662823562 130.13721504038813 -354.35892825071835 -205.68665796340318 49.874285618338995 154.39792696024773 207.89291030236907 392.69054719917011 284.6605136475622 -51.602549447586284 0.57416360086984752
leaf_weight=10.999999999999998 10.000000000000002 11.000000000000002 11.999999999999998 9.9999999999999982 15.000000000000002 15.000000000000002 10.999999999999998 12.999999999999998 10.000000000000002 11.000000000000002 10.999999999999998 14.000000000000002 11.000000000000002 20 23 11.999999999999998 9.9999999999999982 15.999999999999998 12.999999999999998 10.000000000000002 10.999999999999998 12.999999999999998 10.999999999999998 19 26 20 11.999999999999998 11.999999999999998 9.9999999999999982 10.999999999999998
leaf_count=11 10 11 12 10 15 15 11 13 10 11 11 14 11 20 23 12 10 16 13 10 11 13 11 19 26 20 12 12 10 11
internal_value=7.49593 132.552 -586.198 32.9151 -470.546 357.322 11.5431 53.8659 -610.704 -111.717 -728.943 91.7602 -91.1394 68.5427 289.367 552.741 197.81 -29.889 -152.929 25.0953 47.3073 -304.565 -255.477 18.6759 128.898 234.878 355.879 257.842 -79.4233 -20.3907
internal_weight=414 342 72 237 61 105 227 169 33 58 21 134 35 110 78 27 24 37 24 64 43 28 21 32 46 43 35 23 21 21
internal_count=414 342 72 237 61 105 227 169 33 58 21 134 35 110 78 27 24 37 24 64 43 28 21 32 46 43 35 23 21 21
is_linear=0
shrinkage=0.03


Tree=50
num_leaves=31
num_cat=0
split_feature=29 29 29 29 14 29 29 16 29 7 29 29 29 29 29 22 29 22 29 20 29 2 24 0 10 2 12 29 29 29
split_gain=3.42851e+10 9.16678e+09 2.92134e+09 2.34985e+09 1.39061e+09 1.24001e+09 1.14758e+09 1.97664e+09 1.55667e+09 3.74272e+08 3.65743e+08 3.18975e+08 3.02144e+08 2.51786e+08 2.29963e+08 2.14103e+08 1.95317e+08 9.75328e+07 4.27999e+07 3.78254e+07 3.18322e+07 3.09395e+07 2.47205e+07 2.30739e+07 1.80076e+07 1.52814e+07 1.52526e+07 9.21472e+06 9.05744e+06 8.1659e+06
threshold=0.91656783527364716 72765.705000000016 0.45208455116525753 2.9128661964864033 70229.404694509562 105837.505 32.285839286721725 50254.873955467301 45518.325000000004 10226276.325000001 1.6026184225363709 5.1666356343256572 82821.965000000011 25171.050000000007 58592.835000000006 0.15123342103804641 123155.85000000002 1.0000000180025095e-35 90908.395000000019 1.0000000180025095e-35 37145.670000000006 57703.840000000004 1.0000000180025095e-35 75253.420000000027 60481.597857142864 27503.385000000002 48184.520166666676 52550.825000000004 78174.335000000021 66409.170000000013
decision_type=2 2 2 2 2 2 2 2 2 2 2 2 2 2 2 2 2 2 2 2 2 2 2 2 2 2 2 2 2 2
left_child=2 3 4 10 -1 12 7 11 13 -4 19 -5 24 17 21 -12 -7 -8 -14 -2 26 25 -20 29 -3 -10 -15 -23 -26 -16
right_child=1 5 9 6 -6 16 8 -9 14 -11 15 -13 18 20 23 -17 -18 -19 22 -21 -22 27 -24 -25 28 -27 -28 -29 -30 -31
leaf_value=-776.05512540653251 -231.38398774245681 245.44887579970472 -664.56097117456875 -14.195212548924243 -1273.6169776119402 450.71133055627575 -128.52757065716906 529.31846890686859 36.550538749125451 -440.24502409367858 -197.14467941810338 167.41802809528099 291.15975103268676 -62.105475233402466 134.96402402197626 -33.282446517231307 636.9929862406716 -259.00490321828352 321.27729160774874 -312.77311538013055 -33.575456823206345 37.61063199280612 386.79119833669353 103.09060495326246 180.77749664168545 -15.775783664077075 -110.4823454924144 73.150584076017225 224.7817266208022 169.37255262832295
leaf_weight=11.000000000000002 13.000000000000002 19 13.000000000000002 19 9.9999999999999982 12.000000000000002 11.000000000000002 10.999999999999998 10.000000000000002 14.999999999999998 13.000000000000002 15.999999999999998 12.999999999999998 12.000000000000002 20.000000000000004 15.999999999999998 9.9999999999999982 9.9999999999999982 11.000000000000002 9.9999999999999982 18 11.000000000000002 17 17 11.000000000000002 9.9999999999999982 11.999999999999998 17 9.9999999999999982 10.999999999999998
leaf_count=11 13 19 13 19 10 12 11 11 10 15 13 16 13 12 20 16 10 10 11 10 18 11 17 17 11 10 12 17 10 11
internal_value=-3.59352 97.774 -747.675 1.92064 -1015.45 336.825 47.6155 179.492 9.41806 -545.391 -178.095 68.9484 282.258 -106.407 85.444 -106.951 536.637 -191.127 339.696 -267.372 -63.8697 38.9511 361.672 131.848 223.032 10.4133 -86.4733 59.2804 202.216 147.427
internal_weight=409 360 49 257 21 103 205 46 159 28 52 35 81 63 96 29 22 21 41 23 42 48 28 48 40 20 24 28 21 31
internal_count=409 360 49 257 21 103 205 46 159 28 52 35 81 63 96 29 22 21 41 23 42 48 28 48 40 20 24 28 21 31
is_linear=0
shrinkage=0.03


Tree=51
num_leaves=31
num_cat=0
split_feature=29 29 29 30 29 30 14 29 30 29 30 29 29 30 29 29 29 2 2 29 30 29 13 29 24 29 10 30 29 10
split_gain=3.22672e+10 8.62719e+09 2.74974e+09 2.50863e+09 2.11901e+09 1.41591e+09 1.30889e+09 1.16713e+09 4.76755e+08 3.9948e+08 3.42742e+08 4.20004e+08 2.84348e+08 2.68388e+08 2.01901e+08 1.83856e+08 1.25936e+08 9.88665e+07 9.22515e+07 7.43681e+07 5.8168e+07 4.0275e+07 3.76169e+07 3.2019e+07 2.32489e+07 2.23278e+07 1.69338e+07 8.58264e+06 8.52602e+06 6.48418e+06
threshold=0.91656783527364716 72765.705000000016 0.45208455116525753 13.500000000000002 2.9128661964864033 5.5000000000000009 70229.404694509562 105837.505 7.5000000000000009 25171.050000000007 10.500000000000002 56461.085000000006 82821.965000000011 6.5000000000000009 1.8763760727123036 123155.85000000002 6.711850151100716 61222.825000000004 80893.050000000017 39106.810000000005 2.5000000000000004 90908.395000000019 45621.865666666672 62917.445000000007 1.0000000180025095e-35 31256.185000000001 60481.597857142864 8.5000000000000018 78174.335000000021 51197.872142857152
decision_type=2 2 2 2 2 2 2 2 2 2 2 2 2 2 2 2 2 2 2 2 2 2 2 2 2 2 2 2 2 2
left_child=2 3 6 4 13 9 -1 12 -4 20 11 16 26 -2 -15 -9 -7 22 -19 25 -6 -14 -18 29 -23 -11 -3 -25 -28 -13
right_child=1 7 8 -5 5 10 -8 15 -10 19 -12 23 21 14 -16 -17 17 18 -20 -21 -22 24 -24 27 -26 -27 28 -29 -30 -31
leaf_value=-752.87882229213767 -315.83383620689654 238.10473901943894 -359.86778557620818 424.45497049038829 -250.81405984869897 -54.942227317029086 -1235.5985832555968 437.24609293957457 -621.84198569511761 -101.09058025929718 212.14737665423522 108.71359528980805 282.45842874461204 -220.03373638964072 -72.536419211352779 617.97827658582082 39.080561581686808 150.78647187645748 24.915064360329463 21.449751473264573 -149.14403604535914 311.68258360435505 -31.054475702303591 155.41958832886078 375.22149124816713 -45.358597971122947 175.37870828619901 122.83409160221136 218.071825443097 74.881289718400183
leaf_weight=11.000000000000002 12.999999999999998 19 10.000000000000002 11.999999999999998 11.000000000000002 19 9.9999999999999982 12.000000000000002 18 11.000000000000002 14.999999999999998 12.000000000000002 12.999999999999998 19 14.999999999999998 9.9999999999999982 12.000000000000002 10.000000000000002 10.999999999999998 11.999999999999998 9.9999999999999982 11.000000000000002 15.999999999999998 18 17 15.999999999999998 11.000000000000002 14.999999999999998 9.9999999999999982 9.9999999999999982
leaf_count=11 13 19 10 12 11 19 10 12 18 11 15 12 13 19 15 10 12 10 11 12 10 11 16 18 17 16 11 15 10 10
internal_value=-3.48778 94.8516 -725.341 1.86216 -18.9186 24.0794 -985.134 326.76 -529.088 -97.5351 76.9715 60.4071 273.821 -199.893 -155.163 520.612 10.5299 35.9472 85.0696 -40.6296 -202.869 329.542 -0.980519 122.008 350.86 -68.2091 216.366 140.816 196.178 93.5399
internal_weight=409 360 49 257 245 198 21 103 28 60 138 123 81 47 34 22 68 49 21 39 21 41 28 55 28 27 40 33 21 22
internal_count=409 360 49 257 245 198 21 103 28 60 138 123 81 47 34 22 68 49 21 39 21 41 28 55 28 27 40 33 21 22
is_linear=0
shrinkage=0.03


Tree=52
num_leaves=31
num_cat=0
split_feature=29 29 29 30 29 30 14 29 30 29 29 30 29 30 29 29 2 2 29 30 29 13 29 29 10 10 29 10 30 10
split_gain=3.03681e+10 8.11929e+09 2.58828e+09 2.36097e+09 1.99417e+09 1.33257e+09 1.23197e+09 1.09929e+09 4.48568e+08 3.75984e+08 3.36505e+08 3.22547e+08 3.95253e+08 2.52602e+08 1.89996e+08 1.1852e+08 9.31774e+07 8.54797e+07 6.99904e+07 5.47432e+07 4.82559e+07 3.72788e+07 3.01267e+07 2.10156e+07 2.01871e+07 1.8013e+07 1.56339e+07 1.08915e+07 8.0756e+06 6.10178e+06
threshold=0.91656783527364716 72765.705000000016 0.45208455116525753 13.500000000000002 2.9128661964864033 5.5000000000000009 70229.404694509562 108379.96000000002 7.5000000000000009 25171.050000000007 90908.395000000019 10.500000000000002 56461.085000000006 6.5000000000000009 1.8763760727123036 6.711850151100716 63584.500000000007 82310.590000000011 39106.810000000005 2.5000000000000004 80689.725000000006 45621.865666666672 62917.445000000007 31256.185000000001 59570.092857142859 60481.597857142864 95766.660000000018 59676.166428571429 8.5000000000000018 51197.872142857152
decision_type=2 2 2 2 2 2 2 2 2 2 2 2 2 2 2 2 2 2 2 2 2 2 2 2 2 2 2 2 2 2
left_child=2 3 6 4 13 9 -1 10 -4 19 20 12 15 -2 -15 -7 21 -18 23 -6 25 -17 29 -11 26 -3 -12 -22 -24 -14
right_child=1 7 8 -5 5 11 -8 -9 -10 18 24 -13 22 14 -16 16 17 -19 -20 -21 27 -23 28 -25 -26 -27 -28 -29 -30 -31
leaf_value=-730.39465652396746 -306.39512616738506 221.17242557360873 -349.12546158975613 411.77417083360348 -243.32368141968314 -53.29828777163047 -1198.7150303171641 537.47004215542518 -603.23841488486835 -98.071585013963471 338.35207468879656 205.8040954792618 105.46571880672974 -213.45004873200662 -70.367552575399699 38.148315745386569 146.40150037167669 22.381969941552004 20.808929519336747 -144.69197360366135 280.05122414743244 -30.125744742990651 150.76991578839161 -44.002078389675816 309.8203469669117 170.19206514906608 399.95763759328355 234.33644037356319 119.16131028083471 72.646028888759332
leaf_weight=11.000000000000002 12.999999999999998 15.000000000000002 10.000000000000002 11.999999999999998 11.000000000000002 19 9.9999999999999982 17 18 11.000000000000002 12.000000000000002 14.999999999999998 12.000000000000002 19 14.999999999999998 13.000000000000002 10.000000000000002 9.9999999999999982 11.999999999999998 9.9999999999999982 12.000000000000002 15.999999999999998 18 15.999999999999998 10.999999999999998 12.999999999999998 9.9999999999999982 12.999999999999998 14.999999999999998 9.9999999999999982
leaf_count=11 13 15 10 12 11 19 10 17 18 11 12 15 12 19 15 13 10 10 12 10 12 16 18 16 11 13 10 13 15 10
internal_value=-3.38396 92.0175 -703.672 1.80684 -18.3531 23.3592 -955.722 316.996 -513.268 -94.6221 273.127 74.6711 58.6021 -193.915 -150.521 10.2169 34.8744 84.6022 -39.4155 -196.811 225.869 0.492851 118.36 -66.171 348.57 197.849 367.198 256.795 136.604 90.7462
internal_weight=409 360 49 257 245 198 21 103 28 60 86 138 123 47 34 68 49 20 39 21 53 29 55 27 33 28 22 25 33 22
internal_count=409 360 49 257 245 198 21 103 28 60 86 138 123 47 34 68 49 20 39 21 53 29 55 27 33 28 22 25 33 22
is_linear=0
shrinkage=0.03


Tree=53
num_leaves=31
num_cat=0
split_feature=26 30 10 30 10 17 8 10 1 22 30 0 2 30 20 1 22 17 1 2 10 0 16 3 3 11 0 11 13 22
split_gain=1.51219e+10 4.59257e+09 1.94101e+09 1.77071e+09 1.49755e+09 1.05379e+09 1.03798e+09 6.46156e+08 9.14134e+08 5.27088e+08 5.65388e+08 4.65774e+08 2.91327e+08 2.88991e+08 2.79566e+08 2.64678e+08 2.36092e+08 2.683e+08 4.06512e+08 2.04552e+08 2.02461e+08 2.37686e+08 2.00148e+08 1.68507e+08 1.46865e+08 1.43768e+08 1.41995e+08 1.24173e+08 8.70848e+07 8.27986e+07
threshold=1.0000000180025095e-35 11.500000000000002 32460.462857142858 7.5000000000000009 63096.278571428578 50174.27314133793 17309468.73 45853.047142857147 37529.295000000006 -0.05058416099371614 7.5000000000000009 54138.695000000007 55107.090000000004 5.5000000000000009 -0.60785761079279388 64929.600000000006 0.34685948904333835 51274.71496843885 65293.415000000008 62045.810000000005 55776.372857142858 37529.295000000006 47032.451230703758 37421.790000000001 71508.345000000016 50548.048571428582 59815.805000000015 50109.914642857148 48134.409250000004 -0.61132034890850717
decision_type=2 2 2 2 2 2 2 2 2 2 2 2 2 2 2 2 2 2 2 2 2 2 2 2 2 2 2 2 2 2
left_child=1 2 5 13 6 9 11 8 -5 -1 19 -3 -12 24 25 -10 17 18 28 -11 21 -16 27 -24 -4 -9 -18 -22 -15 -29
right_child=-2 4 3 7 -6 -7 -8 14 15 10 12 -13 -14 16 20 -17 26 -19 -20 -21 22 -23 23 -25 -26 -27 -28 29 -30 -31
leaf_value=-261.00751610665293 -936.57422264327226 415.96332614942514 -129.34401305716895 179.34933416930542 539.86528343129373 -335.81905272476314 -68.791159923041036 140.59810686068292 -236.88019536715825 -208.21597518043947 -26.640822863222937 149.91384200014139 201.95188425548039 -78.482423723782702 142.22014038592448 -31.733181026064116 154.79499730352137 84.369045385300282 -228.00040936608531 -27.734629707905782 11.091511649516086 -39.420253604332324 128.38510086287306 299.46147165427914 -19.929169471715372 282.5763060382593 1.928996815028527 78.930480660965145 29.751163135414501 201.50998207206155
leaf_weight=10.999999999999998 14.999999999999998 13.000000000000002 42 14.999999999999998 15.999999999999998 19 9.9999999999999982 11.000000000000002 10.000000000000002 13.000000000000002 10.000000000000002 10.999999999999998 9.9999999999999982 12.000000000000002 12.000000000000002 12.999999999999998 10.000000000000002 10.999999999999998 11.999999999999998 9.9999999999999982 10.000000000000002 13.999999999999998 10.000000000000002 10.999999999999998 14.999999999999998 15.999999999999998 11.999999999999998 10.000000000000002 14.999999999999998 9.9999999999999982
leaf_count=11 15 13 42 15 16 19 10 11 10 13 10 11 10 12 12 13 10 11 12 10 10 14 10 11 15 16 12 10 15 10
internal_value=-3.28354 32.3622 -6.70265 30.2878 300.866 -143.95 187.769 103.362 -2.51134 -76.1926 -28.6661 294.589 87.8741 -50.1589 142.029 -121.248 -10.1895 -46.2155 -83.1079 -129.976 112.772 44.5258 147.487 218.495 -100.593 225.1 71.607 97.5007 -18.4088 140.57
internal_weight=409 394 344 271 50 73 34 142 38 54 43 24 20 129 104 23 72 50 39 23 77 26 51 21 57 27 22 30 27 20
internal_count=409 394 344 271 50 73 34 142 38 54 43 24 20 129 104 23 72 50 39 23 77 26 51 21 57 27 22 30 27 20
is_linear=0
shrinkage=0.03


Tree=54
num_leaves=31
num_cat=0
split_feature=29 29 29 30 29 30 14 29 30 29 30 29 16 29 30 29 29 14 29 29 30 29 2 13 29 17 10 10 29 29
split_gain=2.75972e+10 7.31836e+09 2.28481e+09 2.14329e+09 1.84275e+09 1.18232e+09 1.13096e+09 9.88333e+08 4.14214e+08 3.51471e+08 2.8732e+08 4.30414e+08 2.90529e+08 2.46633e+08 2.24753e+08 1.80606e+08 1.67748e+08 8.63782e+07 6.41786e+07 5.84271e+07 5.20723e+07 3.65924e+07 2.915e+07 2.2381e+07 2.01219e+07 1.96824e+07 1.60076e+07 1.15142e+07 8.76691e+06 6.87929e+06
threshold=0.91656783527364716 72765.705000000016 0.45208455116525753 13.500000000000002 2.9128661964864033 5.5000000000000009 70229.404694509562 105837.505 7.5000000000000009 25171.050000000007 9.5000000000000018 53025.730000000003 47593.132175307561 82821.965000000011 6.5000000000000009 1.8763760727123036 123155.85000000002 33390.092766115158 39106.810000000005 62917.445000000007 2.5000000000000004 90908.395000000019 52550.825000000004 47326.691500000008 31256.185000000001 49730.524785162117 60481.597857142864 41440.55000000001 66409.170000000013 78174.335000000021
decision_type=2 2 2 2 2 2 2 2 2 2 2 2 2 2 2 2 2 2 2 2 2 2 2 2 2 2 2 2 2 2
left_child=2 3 6 4 14 9 -1 13 -4 20 11 17 -12 26 -2 -16 -9 23 24 27 -6 -15 -19 -7 -11 -23 -3 -13 -21 -28
right_child=1 7 8 -5 5 10 -8 16 -10 18 12 19 -14 21 15 -17 -18 22 -20 28 -22 25 -24 -25 -26 -27 29 -29 -30 -31
leaf_value=-691.80076821443686 -291.9675882273707 220.13992718073325 -334.11256486124051 392.72635715848673 -232.2573005779835 -30.188901348968038 -1140.3549469449624 400.3583927645227 -578.27918325831024 -91.577041170284176 64.631278237529159 100.61729156356051 269.44346574332207 259.83429754849135 -206.26920060285431 -66.778642561903027 572.53955806902979 -8.6667510136131636 22.905255329559452 121.80420896002178 -136.15565021571825 348.97815603095785 49.711359848076761 -93.803909711695425 -38.709068626332503 291.19699413252073 160.89544815822956 62.283496666407643 158.03624795942162 199.39569437966415
leaf_weight=11.000000000000002 12.999999999999998 19 10.000000000000002 11.999999999999998 11.000000000000002 10.000000000000002 9.9999999999999982 12.000000000000002 18 11.000000000000002 13.000000000000002 10.999999999999998 11.999999999999998 12.999999999999998 19 14.999999999999998 9.9999999999999982 17.000000000000004 11.999999999999998 20.000000000000004 9.9999999999999982 16.000000000000004 13.999999999999998 9.9999999999999982 15.999999999999998 11.999999999999998 11.000000000000002 21 9.9999999999999982 9.9999999999999982
leaf_count=11 13 19 10 12 11 10 10 12 18 11 13 11 12 13 19 15 10 17 12 20 10 16 14 10 16 12 11 21 10 10
internal_value=-3.18351 87.7615 -670.759 2.11566 -17.0925 23.0048 -907.599 301.356 -491.828 -88.1267 71.3373 50.9321 163.283 252.638 -185.858 -144.918 479.743 -13.6229 -34.7554 104.002 -186.927 304.528 17.7352 -62.151 -60.3773 324.778 199.138 75.5972 134.124 179.659
internal_weight=409 360 49 257 245 198 21 103 28 60 138 113 25 81 47 34 22 51 39 62 21 41 31 20 27 28 40 32 30 21
internal_count=409 360 49 257 245 198 21 103 28 60 138 113 25 81 47 34 22 51 39 62 21 41 31 20 27 28 40 32 30 21
is_linear=0
shrinkage=0.03


Tree=55
num_leaves=31
num_cat=0
split_feature=29 29 29 29 16 29 29 16 29 29 29 15 12 29 11 29 29 22 2 1 29 29 10 29 13 11 10 16 22 29
split_gain=2.2647e+10 5.51446e+09 3.55964e+09 9.77535e+08 6.43116e+08 6.34918e+08 6.07531e+08 4.76994e+08 4.04124e+08 1.8055e+09 4.78669e+08 2.40725e+08 2.79323e+08 2.47297e+08 2.70896e+08 1.72689e+08 1.48276e+08 9.04089e+07 5.46276e+07 5.3971e+07 5.39641e+07 3.42646e+07 2.53673e+07 2.18862e+07 2.01193e+07 1.59563e+07 1.38137e+07 1.03647e+07 7.13065e+06 6.35026e+06
threshold=1.7539170611738182 75179.670000000027 0.45208455116525753 104819.83000000002 59942.545713965759 0.73598419398967929 57790.515000000007 49842.013845013651 32.285839286721725 7.4618367747213172 37145.670000000006 44138.577142328279 44345.913000000008 3.7519468051421385 52269.351785714294 82821.965000000011 123155.85000000002 0.52828508881293679 45809.820000000007 63467.000000000007 49822.600000000006 65704.345000000016 58875.548571428582 95041.345000000016 46299.354833333338 43540.442857142873 50029.77714285715 45979.798635902807 -0.15123342103804657 53392.785000000011
decision_type=2 2 2 2 2 2 2 2 2 2 2 2 2 2 2 2 2 2 2 2 2 2 2 2 2 2 2 2 2 2
left_child=2 4 -1 15 6 7 8 -4 9 11 17 13 -13 14 -2 28 -5 19 -7 -10 24 25 29 26 -12 -8 -17 -23 -3 -22
right_child=1 3 5 16 -6 18 21 -9 10 -11 20 12 -14 -15 -16 23 -18 -19 -20 -21 22 27 -24 -25 -26 -27 -28 -29 -30 -31
leaf_value=-852.34145690381001 -18.530552486920236 183.82230682879978 -631.9739476445892 399.87417834051712 277.37627281075089 -218.91981580010776 127.87814649895054 -342.55426350589249 -123.16502024501656 412.29098900152007 11.592202009833102 175.32017990733698 -20.741143627701515 59.478387587817743 -234.08359028830455 307.12708922511302 551.82216675311201 -183.10233969787342 -301.45669291338578 -39.495583439969465 41.582348450617978 163.85109326374476 3.3300075246326952 331.95110677083335 -36.009087810326257 81.860199385041014 255.76907320395907 123.20848907821478 216.7818797459112 73.304921779428923
leaf_weight=17 11.000000000000005 15.000000000000002 10.000000000000002 13.000000000000002 9.9999999999999982 12.999999999999998 9.9999999999999982 10.999999999999998 15.000000000000002 10.999999999999998 17 11.000000000000002 15.999999999999998 9.9999999999999982 9.9999999999999982 11.000000000000002 11.999999999999998 11.999999999999998 19 12.999999999999998 10.000000000000002 12.000000000000002 9.9999999999999982 12.999999999999998 14.999999999999998 23 13.999999999999998 12.999999999999998 15.999999999999998 13.999999999999998
leaf_count=17 11 15 10 13 10 13 10 11 15 11 17 11 16 10 10 11 12 12 19 13 10 12 10 13 15 23 14 13 16 14
internal_value=15.8912 117.897 -474.927 312.95 42.3954 -353.18 32.253 -481.547 4.35443 60.8351 -32.4226 -6.11804 59.3121 -63.1093 -121.487 254.383 473.765 -114.243 -268.32 -84.4581 17.2144 116.354 43.5038 297.484 -10.7423 95.9774 278.935 143.005 201.155 60.2011
internal_weight=407 337 70 94 243 53 233 21 175 69 106 58 27 31 21 69 25 40 32 28 66 58 34 38 32 33 25 25 31 24
internal_count=407 337 70 94 243 53 233 21 175 69 106 58 27 31 21 69 25 40 32 28 66 58 34 38 32 33 25 25 31 24
is_linear=0
shrinkage=0.03


Tree=56
num_leaves=31
num_cat=0
split_feature=29 29 29 30 29 15 15 29 29 16 22 30 14 29 29 29 30 29 2 15 2 29 13 29 29 13 10 11 16 1
split_gain=2.13133e+10 5.18975e+09 3.34971e+09 1.99188e+09 1.41105e+09 1.12744e+09 9.4955e+08 9.20012e+08 5.97656e+08 4.48957e+08 2.63214e+08 2.11949e+08 1.6578e+08 1.62539e+08 1.56607e+08 1.49553e+08 1.44346e+08 7.52699e+07 5.13964e+07 5.088e+07 3.02618e+07 2.89836e+07 2.48456e+07 2.0596e+07 1.66668e+07 1.37312e+07 1.30061e+07 1.28368e+07 9.02084e+06 6.81608e+06
threshold=1.7539170611738182 75179.670000000027 0.45208455116525753 9.5000000000000018 48407.975000000006 39727.16698597536 44819.580400488201 104819.83000000002 0.73598419398967929 49842.013845013651 0.15123342103804641 2.5000000000000004 43126.704343859012 82821.965000000011 3.482951500646299 59357.150000000009 7.5000000000000009 37145.670000000006 45809.820000000007 39727.16698597536 81658.680000000008 66409.170000000013 48386.518916666675 95041.345000000016 51604.580000000009 46299.354833333338 50029.77714285715 42933.903571428578 48897.247105700961 62045.810000000005
decision_type=2 2 2 2 2 2 2 2 2 2 2 2 2 2 2 2 2 2 2 2 2 2 2 2 2 2 2 2 2 2
left_child=2 3 -1 4 11 -5 -7 13 9 -4 -8 -2 -9 29 19 24 17 20 -10 -13 22 27 -16 26 -6 -19 -15 -17 -26 -3
right_child=1 7 8 5 15 6 10 12 18 -11 -12 14 -14 23 16 21 -18 25 -20 -21 -22 -23 -24 -25 28 -27 -28 -29 -30 -31
leaf_value=-826.84620166118532 -202.80827345207553 181.15882125389538 -613.1090543376863 -45.18655249752215 16.719042918098417 560.98152183418824 316.58106561916964 361.06883599580209 -212.37738752693963 -332.32413658728967 103.48522573445177 -75.01151432777516 523.88480909987538 297.95496809601235 -33.451477228061769 128.23253747254503 53.73597684509452 5.5645107313134181 -292.43672797736218 -165.59804154319323 -124.95524526742787 154.96461020550768 -92.443459333643787 322.03072916666667 72.343304899854999 -38.871171949711076 248.12330926100978 89.52503796675073 39.95370788031201 213.73048558728445
leaf_weight=17 9.9999999999999982 18.000000000000004 10.000000000000002 9.9999999999999982 11.999999999999998 10.000000000000002 10.000000000000002 10.000000000000002 12.999999999999998 10.999999999999998 10.999999999999998 10.000000000000002 14.999999999999998 11.000000000000002 12.000000000000002 13.999999999999998 12.999999999999998 13.000000000000002 19 12.999999999999998 10.999999999999998 17 13.999999999999998 12.999999999999998 18 11.999999999999998 13.999999999999998 19 13.999999999999998 12.999999999999998
leaf_count=17 10 18 10 10 12 10 10 10 13 11 11 10 15 11 12 14 13 13 19 13 11 17 14 13 18 12 14 19 14 13
internal_value=15.4174 114.374 -460.729 41.1291 2.41292 231.642 320.87 303.597 -342.627 -467.17 205.47 -71.5442 459.609 246.78 -58.0533 87.3777 -37.0047 -56.0589 -260.295 -126.461 -83.2031 122.862 -65.3329 288.595 46.9605 -15.7996 270.6 106.116 58.2573 195.14
internal_weight=407 337 70 243 202 41 31 94 53 21 21 108 25 69 98 94 75 62 32 23 37 50 26 38 44 25 25 33 32 31
internal_count=407 337 70 243 202 41 31 94 53 21 21 108 25 69 98 94 75 62 32 23 37 50 26 38 44 25 25 33 32 31
is_linear=0
shrinkage=0.03


Tree=57
num_leaves=31
num_cat=0
split_feature=29 29 29 30 29 15 22 29 29 16 30 14 29 29 29 30 4 29 29 20 29 13 10 29 13 12 29 17 29 22
split_gain=2.00581e+10 4.88417e+09 3.15217e+09 1.87475e+09 1.32796e+09 1.06113e+09 8.97228e+08 8.65854e+08 5.62581e+08 4.22568e+08 1.99488e+08 1.55977e+08 1.52985e+08 1.47389e+08 1.4074e+08 1.35849e+08 1.07614e+08 7.08392e+07 3.82383e+07 3.42005e+07 2.7275e+07 2.33838e+07 1.97072e+07 1.56843e+07 1.29229e+07 1.12269e+07 1.04607e+07 9.01227e+06 8.15813e+06 6.5383e+06
threshold=1.7539170611738182 75179.670000000027 0.45208455116525753 9.5000000000000018 48407.975000000006 39727.16698597536 0.25033082153100911 104819.83000000002 0.73598419398967929 49842.013845013651 2.5000000000000004 43126.704343859012 82821.965000000011 3.482951500646299 59357.150000000009 7.5000000000000009 60272.075000000012 37145.670000000006 1.1007565827145689 1.0000000180025095e-35 66409.170000000013 48423.449666666675 57115.711428571434 51604.580000000009 46299.354833333338 46281.670166666678 64363.615000000005 49564.610196294998 94809.22500000002 -0.15123342103804657
decision_type=2 2 2 2 2 2 2 2 2 2 2 2 2 2 2 2 2 2 2 2 2 2 2 2 2 2 2 2 2 2
left_child=2 3 -1 4 10 -5 -7 12 9 -4 -2 -9 29 16 23 17 -12 21 -10 -20 25 -15 28 -6 -19 -16 -27 -25 -14 -3
right_child=1 7 8 5 14 6 -8 11 18 -11 13 -13 22 15 20 -17 -18 24 19 -21 -22 -23 -24 27 -26 26 -28 -29 -30 -31
leaf_value=-802.1135555323267 -196.75429578183301 172.7793958290074 -594.8072965251863 -43.837703511252329 16.219553004854447 448.21283645418532 120.71687162552756 350.29066289645505 -302.80920155083953 -322.39952480954821 -179.46029768318957 508.22047471968432 278.51699983318491 -57.246220578171133 126.47579720524831 52.130074608462976 -48.345925766674434 5.3982150549176078 -192.99161929055361 -271.05940998134326 150.32930589603188 -105.26492277446546 248.4156138790035 71.50741868900063 -37.709875008674075 66.40258971256992 109.57944225466628 39.342115155090127 323.33371326958951 204.21115197867991
leaf_weight=17 9.9999999999999982 15.000000000000002 10.000000000000002 9.9999999999999982 11.999999999999998 18.000000000000004 12.999999999999998 10.000000000000002 9.9999999999999982 10.999999999999998 13.000000000000002 14.999999999999998 14.000000000000002 19 11.999999999999998 12.999999999999998 9.9999999999999982 13.000000000000002 12.000000000000002 9.9999999999999982 17 18 13.999999999999998 17 11.999999999999998 10.000000000000002 10.999999999999998 14.999999999999998 9.9999999999999982 15.999999999999998
leaf_count=17 10 15 10 10 12 18 13 10 10 11 13 15 14 19 12 13 10 13 12 10 17 18 14 17 12 10 11 15 10 16
internal_value=14.9572 110.956 -446.956 39.8999 2.33926 224.727 311.291 294.524 -332.389 -453.222 -69.4072 445.874 239.404 -56.3189 84.7644 -35.8992 -122.683 -54.384 -252.509 -229.011 119.188 -80.7172 279.971 45.5561 -15.3276 102.942 89.2256 56.5148 297.824 189.305
internal_weight=407 337 70 243 202 41 31 94 53 21 108 25 69 98 94 75 23 62 32 22 50 37 38 44 25 33 21 32 24 31
internal_count=407 337 70 243 202 41 31 94 53 21 108 25 69 98 94 75 23 62 32 22 50 37 38 44 25 33 21 32 24 31
is_linear=0
shrinkage=0.03


Tree=58
num_leaves=31
num_cat=0
split_feature=29 29 29 29 16 29 29 16 29 29 29 15 12 16 14 29 22 2 1 29 10 29 29 13 11 10 16 29 1 4
split_gain=1.88772e+10 4.59663e+09 2.96617e+09 8.14883e+08 5.57009e+08 5.29493e+08 5.06224e+08 3.9773e+08 3.42254e+08 1.56353e+09 4.01909e+08 2.08087e+08 2.28615e+08 2.05173e+08 1.46753e+08 1.43994e+08 8.06867e+07 4.73614e+07 4.53824e+07 4.51778e+07 2.90738e+07 2.70733e+07 1.87502e+07 1.63999e+07 1.30322e+07 1.19773e+07 9.56146e+06 6.67494e+06 6.25643e+06 3.96902e+06
threshold=1.7539170611738182 75179.670000000027 0.45208455116525753 104819.83000000002 59942.545713965759 0.73598419398967929 57790.515000000007 49842.013845013651 32.285839286721725 7.4618367747213172 37145.670000000006 33210.814462592702 44345.913000000008 43360.103214879498 43126.704343859012 82821.965000000011 0.52828508881293679 45809.820000000007 63467.000000000007 48407.975000000006 58875.548571428582 65704.345000000016 95041.345000000016 46299.354833333338 43540.442857142873 50029.77714285715 45979.798635902807 53392.785000000011 62045.810000000005 45809.820000000007
decision_type=2 2 2 2 2 2 2 2 2 2 2 2 2 2 2 2 2 2 2 2 2 2 2 2 2 2 2 2 2 2
left_child=2 4 -1 15 6 7 8 -4 9 11 16 -2 -13 -14 -5 28 18 -7 -10 23 27 24 25 -12 -8 -17 -23 -21 -3 -26
right_child=1 3 5 14 -6 17 21 -9 10 -11 19 12 13 -15 -16 22 -18 -19 -20 20 -22 26 -24 -25 29 -27 -28 -29 -30 -31
leaf_value=-778.12071178805445 -123.67430113365207 170.30888306678494 -577.05184672341386 339.8342277868469 257.39077804337683 -199.04013699937138 116.75252257389808 -312.77130916819851 -112.38197994802478 382.83707427978516 8.4902101933271013 117.42849873387534 61.689015605016948 -91.205516927196044 493.0245185319767 280.61739165016957 -170.05888530050569 -275.79092488927165 -35.662099412940016 37.426199095276566 -1.4320191131241018 149.66642164808084 303.43287984913792 -39.089678569223686 61.495915836662157 233.02305869105871 110.83848750673491 67.571794337309967 201.38478582974136 87.352983276873687
leaf_weight=17 10.999999999999998 18.000000000000004 10.000000000000002 10.000000000000002 9.9999999999999982 12.999999999999998 9.9999999999999982 10.999999999999998 15.000000000000002 10.999999999999998 13.000000000000002 14.999999999999998 13.999999999999998 18 14.999999999999998 11.000000000000002 11.999999999999998 19 12.999999999999998 13.000000000000002 12.999999999999998 12.000000000000002 12.999999999999998 12.999999999999998 11.000000000000002 13.999999999999998 12.999999999999998 13.999999999999998 12.999999999999998 11.999999999999998
leaf_count=17 11 18 10 10 10 13 10 11 15 11 13 15 14 18 15 11 12 19 13 13 13 12 13 13 11 14 13 14 13 12
internal_value=14.509 107.639 -433.601 285.721 38.7062 -322.465 29.2674 -439.691 3.80094 55.7787 -30.044 -6.52594 20.994 -24.3223 432.549 232.248 -105.017 -244.97 -76.8891 15.4396 35.4334 106.036 271.606 -15.3291 87.9121 254.483 129.737 53.1533 183.644 75.1468
internal_weight=407 337 70 94 243 53 233 21 175 69 106 58 47 32 25 69 40 32 28 66 40 58 38 26 33 25 25 27 31 23
internal_count=407 337 70 94 243 53 233 21 175 69 106 58 47 32 25 69 40 32 28 66 40 58 38 26 33 25 25 27 31 23
is_linear=0
shrinkage=0.03


Tree=59
num_leaves=31
num_cat=0
split_feature=29 29 29 29 16 29 29 16 29 29 29 12 29 22 29 29 29 2 29 10 29 29 13 17 11 13 16 24 29 4
split_gain=1.77655e+10 4.32594e+09 2.79125e+09 7.66913e+08 5.24253e+08 4.98418e+08 4.76428e+08 3.74352e+08 3.22112e+08 1.47153e+09 3.78244e+08 1.87795e+08 2.21589e+08 2.29105e+08 1.37828e+08 1.35529e+08 7.62932e+07 4.45603e+07 4.25175e+07 2.73618e+07 2.54776e+07 1.80493e+07 1.54343e+07 1.4542e+07 1.22667e+07 9.73674e+06 8.99925e+06 6.30325e+06 6.28169e+06 3.73518e+06
threshold=1.7539170611738182 75179.670000000027 0.45208455116525753 104819.83000000002 59942.545713965759 0.73598419398967929 57790.515000000007 49842.013845013651 32.285839286721725 7.4618367747213172 37145.670000000006 44345.913000000008 4.6893075628024734 -0.75778426208340921 123155.85000000002 82821.965000000011 25171.050000000007 45809.820000000007 48407.975000000006 58875.548571428582 65704.345000000016 90908.395000000019 46299.354833333338 49730.524785162117 43540.442857142873 48386.518916666675 45979.798635902807 0.68301270189221941 53392.785000000011 45809.820000000007
decision_type=2 2 2 2 2 2 2 2 2 2 2 2 2 2 2 2 2 2 2 2 2 2 2 2 2 2 2 2 2 2
left_child=2 4 -1 15 6 7 8 -4 9 11 16 -2 13 -13 -5 27 -10 -7 22 28 24 -17 -12 -23 -8 -18 -22 -3 -20 -26
right_child=1 3 5 14 -6 17 20 -9 10 -11 18 12 -14 -15 -16 21 25 -19 19 -21 26 23 -24 -25 29 -27 -28 -29 -30 -31
leaf_value=-754.84555320404138 77.364118308685391 189.20670625681885 -559.82643277751833 348.88237473060332 249.70747471140388 -193.09181258979882 113.2673726096082 -303.43062595004943 -152.59642276942171 371.40392433960511 8.2364796517909227 -201.75787298857276 67.143708744286485 -24.566559943251715 494.49184752658192 231.63073365660915 -44.839860147504645 -267.53891409325786 36.307714563128577 -1.3892225594356142 145.19506086294081 302.07545943616537 -37.921481077698452 249.66893780048073 59.659387041324919 -84.016671459700277 107.52607197377873 157.28918313419115 65.551854529329887 84.743265973482877
leaf_weight=17 17 20.000000000000004 10.000000000000002 13.000000000000002 9.9999999999999982 12.999999999999998 9.9999999999999982 10.999999999999998 15.999999999999998 10.999999999999998 13.000000000000002 9.9999999999999982 11.999999999999998 19.000000000000004 11.999999999999998 12.999999999999998 10.000000000000002 19 13.000000000000002 12.999999999999998 12.000000000000002 14.000000000000002 12.999999999999998 10.999999999999998 11.000000000000002 13.999999999999998 12.999999999999998 10.999999999999998 13.999999999999998 11.999999999999998
leaf_count=17 17 20 10 13 10 13 10 11 16 11 13 10 12 19 12 13 10 19 13 13 12 14 13 11 11 14 13 11 14 12
internal_value=14.0766 104.423 -420.639 277.182 37.5505 -312.83 28.3934 -426.564 3.68779 54.1129 -29.1461 -6.33109 -41.0859 -85.9091 419.622 225.307 -101.879 -237.643 14.9781 34.3743 102.869 263.49 -14.871 279.561 85.2868 -67.8202 125.861 178.153 51.5645 72.9021
internal_weight=407 337 70 94 243 53 233 21 175 69 106 58 41 29 25 69 40 32 66 40 58 38 26 25 33 24 25 31 27 23
internal_count=407 337 70 94 243 53 233 21 175 69 106 58 41 29 25 69 40 32 66 40 58 38 26 25 33 24 25 31 27 23
is_linear=0
shrinkage=0.03


Tree=60
num_leaves=31
num_cat=0
split_feature=29 29 14 30 16 29 4 29 29 29 30 29 30 30 29 2 13 12 29 29 11 10 14 29 10 12 14 3 4 13
split_gain=1.9192e+10 5.00207e+09 1.88177e+09 1.59819e+09 1.57056e+09 1.46523e+09 7.97381e+08 6.64155e+08 4.17309e+08 2.32148e+08 2.26967e+08 1.51738e+08 1.42768e+08 1.3669e+08 1.28064e+08 1.12279e+08 9.14523e+07 3.28454e+07 3.14462e+07 2.38091e+07 2.09713e+07 1.8953e+07 1.66699e+07 1.48865e+07 1.25741e+07 1.24852e+07 1.19297e+07 1.19163e+07 1.12534e+07 1.0827e+07
threshold=1.1007565827145689 72765.705000000016 53789.017852083554 10.500000000000002 46885.151751505262 44641.500000000007 43815.415000000008 108379.96000000002 1.9072875616446696 89726.765000000014 2.5000000000000004 58592.835000000006 7.5000000000000009 7.5000000000000009 3.7519468051421385 55107.090000000004 44762.219333333334 51283.191333333336 79283.99000000002 51604.580000000009 52832.781071428581 59570.092857142859 39497.634070844484 95041.345000000016 59676.166428571429 45821.921166666674 52479.719493989774 54572.725000000006 45809.820000000007 47326.691500000008
decision_type=2 2 2 2 2 2 2 2 2 2 2 2 2 2 2 2 2 2 2 2 2 2 2 2 2 2 2 2 2 2
left_child=2 3 12 5 -5 8 -4 9 16 18 -10 19 -1 14 -12 -15 -2 22 -3 25 27 23 29 -11 -20 -7 -24 -13 -21 -16
right_child=1 7 6 4 -6 11 -8 -9 10 21 13 20 -14 15 17 -17 -18 -19 24 28 -22 -23 26 -25 -26 -27 -28 -29 -30 -31
leaf_value=-251.42262454815753 -152.10606780550364 157.32241550384356 -923.05215718283534 -58.737704784345802 379.21349828524848 28.707426607986367 -583.89957244957577 432.53391683703268 -189.00934445709606 263.74646139705868 -171.60444846082089 95.842761808856764 -405.17945851293103 -59.572118809212363 -40.141931373285473 70.386321390086195 -281.91083109841412 -102.98531694554569 228.59795286566381 28.964782759590925 69.644518358462321 246.10901982317617 0.55769115846548478 317.26999694172594 179.06470819729475 -13.917099237951096 -45.721376219792148 132.17191523048172 67.026733904953318 -83.577605199102138
leaf_weight=10.000000000000002 10.000000000000002 28 10.000000000000002 12.000000000000002 19 11.000000000000002 18 15.999999999999998 11.999999999999998 11.000000000000002 9.9999999999999982 20 12.999999999999998 11.000000000000002 11.000000000000002 12.999999999999998 9.9999999999999982 9.9999999999999982 12.000000000000002 17.000000000000004 15.999999999999998 13.999999999999998 10.000000000000002 13.999999999999998 9.9999999999999982 13.999999999999998 9.9999999999999982 14.999999999999998 11.999999999999998 9.9999999999999982
leaf_count=10 10 28 10 12 19 11 18 16 12 11 10 20 13 11 11 13 10 10 12 17 16 14 10 14 10 14 10 15 12 10
internal_value=2.93496 80.5223 -541.243 8.26656 209.862 -19.9251 -706.455 254.537 -92.9193 222.313 -67.1235 61.4168 -339.019 -49.8151 -73.6617 10.822 -217.55 -54.3079 179.163 26.3312 98.504 277.334 -42.3244 294.293 206.54 4.85756 -22.6382 111.579 44.8028 -60.975
internal_weight=409 358 51 253 31 222 28 105 117 89 97 105 23 85 61 24 20 51 50 54 51 39 41 25 22 25 20 35 29 21
internal_count=409 358 51 253 31 222 28 105 117 89 97 105 23 85 61 24 20 51 50 54 51 39 41 25 22 25 20 35 29 21
is_linear=0
shrinkage=0.03


Tree=61
num_leaves=31
num_cat=0
split_feature=29 29 14 30 16 29 29 11 29 30 29 29 30 29 13 29 2 2 25 14 29 11 29 4 0 4 12 16 10 13
split_gain=1.80763e+10 4.92304e+09 1.73922e+09 1.50963e+09 1.60718e+09 1.36411e+09 6.88316e+08 6.01243e+08 4.78885e+08 2.1633e+08 1.97714e+08 1.31674e+08 1.29099e+08 1.13046e+08 1.12096e+08 1.05834e+08 1.0567e+08 5.64253e+07 3.54437e+07 3.19084e+07 2.62385e+07 2.18972e+07 2.01362e+07 1.49697e+07 1.32251e+07 1.54419e+07 1.1764e+07 9.9106e+06 8.19881e+06 3.76271e+06
threshold=0.91656783527364716 68227.74500000001 53789.017852083554 10.500000000000002 46885.151751505262 40927.200000000004 95041.345000000016 43328.287142857145 1.9072875616446696 7.5000000000000009 121960.84500000003 57790.515000000007 2.5000000000000004 3.7519468051421385 43140.748333333344 82821.965000000011 55107.090000000004 53489.755000000012 0.25000000000000017 47257.805651574141 51604.580000000009 46786.571428571428 75872.645000000004 49026.955000000009 34999.410000000011 61962.870000000003 43546.761333333336 48897.247105700961 60481.597857142864 43710.128333333334
decision_type=2 2 2 2 2 2 2 2 2 2 2 2 2 2 2 2 2 2 2 2 2 2 2 2 2 2 2 2 2 2
left_child=2 3 17 5 -5 8 15 -4 14 12 19 20 -10 -14 -2 22 -11 -1 24 -8 26 29 -3 -17 -15 -26 -7 -22 -24 -13
right_child=1 6 7 4 -6 11 10 -9 9 16 -12 21 13 18 -16 23 -18 -19 -20 -21 27 -23 28 -25 25 -27 -28 -29 -30 -31
leaf_value=-397.67162393598392 -139.48946150594676 130.87915735641013 -834.18052351051381 -64.577400154903003 367.8669498954232 25.720694220012117 273.30302382704286 -531.30958488805959 -183.36259289500128 -57.793042875954441 457.12584829757458 123.43435109245327 -166.48192849230409 -11.490792805253109 -272.23441948398573 258.87862543762958 68.28282035739943 -291.41638584421639 -95.438208051253895 342.919180836397 57.473948255877616 69.58115288938653 190.31007127863651 209.73866700840944 -24.118068683681194 -74.720820991231193 -13.582464134660123 20.3706002628102 154.7762439877113 96.398197003264912
leaf_weight=10.000000000000002 10.000000000000002 18 16.000000000000004 12.999999999999998 19 11.000000000000002 18.000000000000004 9.9999999999999982 11.999999999999998 11.000000000000002 9.9999999999999982 12.000000000000002 9.9999999999999982 10.999999999999998 13.999999999999998 12.000000000000002 12.999999999999998 9.9999999999999982 13.999999999999998 10.999999999999998 16.000000000000004 24 14.000000000000002 14.999999999999998 10.000000000000002 11.999999999999998 18 10.999999999999998 13.999999999999998 9.9999999999999982
leaf_count=10 10 18 16 13 19 11 18 10 12 11 10 12 10 11 14 12 13 10 14 11 16 24 14 15 10 12 18 11 14 10
internal_value=2.84447 73.8662 -557.081 0.0547495 192.36 -28.0821 239.209 -718.935 -97.9718 -67.0697 341.011 52.0942 -94.0379 -75.0884 -217.329 184.625 10.498 -345.403 -55.4868 300.254 21.1704 89.6767 156.587 232.017 -38.4189 -51.8264 1.34424 42.4234 172.851 111.392
internal_weight=409 363 46 251 32 219 112 26 117 93 39 102 69 57 24 73 24 20 47 29 56 46 46 27 33 22 29 27 28 22
internal_count=409 363 46 251 32 219 112 26 117 93 39 102 69 57 24 73 24 20 47 29 56 46 46 27 33 22 29 27 28 22
is_linear=0
shrinkage=0.03


Tree=62
num_leaves=31
num_cat=0
split_feature=26 30 30 12 4 14 22 25 30 12 12 11 30 7 11 1 6 19 30 12 21 15 30 1 5 21 15 1 11 4
split_gain=9.03009e+09 2.70985e+09 1.27967e+09 1.28972e+09 6.70733e+08 5.51243e+08 1.4919e+09 8.12976e+08 3.85128e+08 3.48521e+08 3.32349e+08 2.41663e+08 2.06879e+08 2.0063e+08 2.71134e+08 2.88049e+08 1.92698e+08 1.81092e+08 1.48008e+08 1.40498e+08 1.39038e+08 1.09168e+08 8.47892e+07 8.38562e+07 1.03466e+08 7.64415e+07 7.13146e+07 5.2421e+07 4.62127e+07 2.87864e+07
threshold=1.0000000180025095e-35 14.500000000000002 7.5000000000000009 28760.074166666669 34999.410000000011 49046.208971004999 -0.15123342103804657 -0.24999999999999994 10.500000000000002 50543.00716666667 46938.529833333341 50736.320714285721 2.5000000000000004 12624109.160000002 43328.287142857145 38975.890000000007 7296752.705000001 10904303.558666669 9.5000000000000018 50612.624500000013 -0.56174490092936669 36473.400643983776 6.5000000000000009 52017.505000000012 12004880.350000001 -0.22252093395631442 40395.96519044978 66409.170000000013 40240.003928571437 48042.525000000001
decision_type=2 2 2 2 2 2 2 2 2 2 2 2 2 2 2 2 2 2 2 2 2 2 2 2 2 2 2 2 2 2
left_child=1 2 12 -4 8 10 -7 16 23 -10 11 20 -1 17 -15 29 -8 22 26 -20 -6 -17 27 -5 -25 -23 -12 -14 -24 -16
right_child=-2 -3 3 4 5 6 7 -9 9 -11 18 -13 13 14 15 21 -18 -19 19 -21 -22 25 28 24 -26 -27 -28 -29 -30 -31
leaf_value=-158.95222729211565 -718.44933392597591 516.60013500612172 -265.74005764633864 60.84575233759842 -116.37891567856512 -342.92881334399738 87.155329702092288 -125.70441251598643 362.84007161458317 126.52787648670707 145.97245772283694 144.38309016441229 -19.006506350195149 -190.40149290688942 81.329798456448188 -160.70603939612988 262.60336986940297 103.68651753659069 111.47245000583017 264.51793258477045 24.321403257308464 -109.82423405433768 -26.400248513292897 201.95521899694677 73.156541511194021 7.2963708678288217 56.570492145207915 -81.705526489866642 56.705452528031557 11.035018479014953
leaf_weight=12.999999999999998 14.999999999999998 9.9999999999999982 9.9999999999999982 19 10.000000000000002 10.999999999999998 13.000000000000002 13.999999999999998 13.000000000000002 9.9999999999999982 13.999999999999998 9.9999999999999982 30 13.999999999999998 10.000000000000002 13.999999999999998 9.9999999999999982 11.999999999999998 10.000000000000002 11.999999999999998 17 9.9999999999999982 10.000000000000002 13.000000000000002 9.9999999999999982 10.000000000000002 19 20 14.999999999999998 10.999999999999998
leaf_count=13 15 10 10 19 10 11 13 14 13 10 14 10 30 14 10 14 10 12 10 12 17 10 10 13 10 10 19 20 15 11
internal_value=2.75799 30.3028 17.5732 66.1209 82.3701 45.3657 -37.0233 54.2616 161.976 260.593 88.3481 18.7887 -44.19 -34.5786 -72.7613 -42.6707 163.841 -4.27139 135.083 195.362 -27.9086 -96.5734 -21.6022 107.725 146.236 -51.3918 94.6621 -44.1427 23.4768 44.6224
internal_weight=409 394 384 215 205 140 48 37 65 23 92 37 169 156 69 55 23 87 55 22 27 34 75 42 23 20 33 50 25 21
internal_count=409 394 384 215 205 140 48 37 65 23 92 37 169 156 69 55 23 87 55 22 27 34 75 42 23 20 33 50 25 21
is_linear=0
shrinkage=0.03


Tree=63
num_leaves=31
num_cat=0
split_feature=29 29 15 29 30 7 29 29 30 30 29 2 22 3 29 2 29 29 29 29 12 11 3 17 2 2 2 11 17 29
split_gain=1.63974e+10 4.47003e+09 1.43295e+09 1.37962e+09 1.84922e+09 1.21672e+09 7.53049e+08 5.7067e+08 5.42917e+08 2.20877e+08 2.00098e+08 1.58654e+08 8.48276e+07 2.01598e+08 7.73882e+07 7.11768e+07 1.2458e+08 3.85471e+07 2.85722e+07 2.70413e+07 2.11871e+07 2.0109e+07 1.14885e+07 1.03341e+07 1.02528e+07 1.00666e+07 9.82573e+06 8.6047e+06 8.11346e+06 6.69293e+06
threshold=0.91656783527364716 72765.705000000016 54459.350536635553 2.2784295271125132 10.500000000000002 12431654.095000001 48407.975000000006 108379.96000000002 6.5000000000000009 2.5000000000000004 89726.765000000014 87392.215000000011 -0.25033082153100961 59357.150000000009 58592.835000000006 56646.380000000012 17114.705000000005 4.4361360705668966 42831.405000000006 79283.99000000002 39985.702500000007 52832.781071428581 54572.725000000006 49730.524785162117 33308.945000000007 58385.69000000001 31252.500000000004 55375.154642857146 46789.255782643515 38515.255000000012
decision_type=2 2 2 2 2 2 2 2 2 2 2 2 2 2 2 2 2 2 2 2 2 2 2 2 2 2 2 2 2 2
left_child=2 3 8 12 6 -6 9 10 -1 -5 19 15 -2 -14 25 17 -17 -11 -18 -3 -19 22 24 28 -16 26 -8 -21 -12 -22
right_child=1 7 -4 4 5 -7 14 -9 -10 11 23 -13 13 -15 21 16 18 20 -20 27 29 -23 -24 -25 -26 -27 -28 -29 -30 -31
leaf_value=-220.64850381879654 -205.24299174385385 145.11477873287097 -749.54613728005859 -173.13576190362826 478.15614336386477 38.159287728836283 39.796698522783501 400.28230505257011 -495.403407203494 -97.961476613514449 251.43194594109187 -137.81795821447093 -195.37573761337097 -16.270575588852612 65.790151385406915 84.442957946075779 -66.580100661057671 3.2478330033936649 1.7122468387379364 209.30570053163893 -61.541471564632701 62.271456766574175 123.43951882397215 234.67070038697429 109.52776133978544 50.497552802619033 -1.2411693516062265 167.53881763059698 295.38838036380594 -28.668321569642021
leaf_weight=10.000000000000002 18 28 17 11.999999999999998 13.000000000000002 9.9999999999999982 11.000000000000002 15.999999999999998 19 9.9999999999999982 13.000000000000002 11.999999999999998 13.000000000000002 9.9999999999999982 10.000000000000002 12.999999999999998 11.000000000000002 10.999999999999998 10.999999999999998 12.000000000000002 13.000000000000002 15.999999999999998 14.999999999999998 15.999999999999998 9.9999999999999982 19 9.9999999999999982 9.9999999999999982 9.9999999999999982 9.9999999999999982
leaf_count=10 18 28 17 12 13 10 11 16 19 10 13 12 13 10 10 13 11 11 11 12 13 16 15 16 10 19 10 10 10 10
internal_value=2.67666 70.3198 -530.613 3.14821 33.3112 287.351 3.12685 235.29 -401.203 -52.4178 205.42 -36.4127 -156.341 -117.708 65.9904 -20.9319 10.9898 -46.3078 -32.5075 165.362 -30.994 90.4832 103.273 256.499 87.8776 34.6881 20.2983 190.744 271.143 -47.342
internal_weight=409 363 46 258 217 23 194 105 29 103 89 91 41 23 91 79 35 44 22 50 34 51 35 39 20 40 21 22 23 23
internal_count=409 363 46 258 217 23 194 105 29 103 89 91 41 23 91 79 35 44 22 50 34 51 35 39 20 40 21 22 23 23
is_linear=0
shrinkage=0.03


Tree=64
num_leaves=31
num_cat=0
split_feature=29 29 14 30 16 29 29 3 29 30 29 29 29 30 29 2 17 11 12 4 29 29 14 4 17 14 10 14 29 5
split_gain=1.54312e+10 4.2079e+09 1.51715e+09 1.27837e+09 1.45796e+09 1.17591e+09 5.84919e+08 4.70208e+08 3.98566e+08 2.03894e+08 1.75013e+08 1.37147e+08 9.416e+07 9.30386e+07 9.34264e+07 8.98106e+07 8.12432e+07 2.52963e+07 2.46572e+07 2.03034e+07 1.78645e+07 1.3817e+07 1.36538e+07 1.2348e+07 1.16987e+07 9.89458e+06 8.42322e+06 7.33512e+06 7.13032e+06 3.4896e+06
threshold=0.91656783527364716 68227.74500000001 62817.100808374926 10.500000000000002 46885.151751505262 38515.255000000012 95041.345000000016 73277.485000000015 1.9072875616446696 7.5000000000000009 120940.16500000001 53025.730000000003 82821.965000000011 2.5000000000000004 3.7519468051421385 55107.090000000004 48057.959103026813 50548.048571428582 50612.624500000013 51731.560000000005 75872.645000000004 62023.465000000004 41201.286114227558 49026.955000000009 47130.454661160431 44037.167515222776 60481.597857142864 31200.863102129773 45809.820000000007 11142951.720000001
decision_type=2 2 2 2 2 2 2 2 2 2 2 2 2 2 2 2 2 2 2 2 2 2 2 2 2 2 2 2 2 2
left_child=2 3 7 5 -5 8 12 -1 16 13 25 22 20 -10 -15 -11 -2 21 19 -16 -3 -13 28 -14 -21 -8 -22 -19 -7 -23
right_child=1 6 -4 4 -6 11 10 -9 9 15 -12 17 23 14 18 -17 -18 27 -20 24 26 29 -24 -25 -26 -27 -28 -29 -30 -31
leaf_value=-282.46257330981638 -268.2060794659514 120.14800470832971 -729.76326393698048 -67.758369498417281 344.10484989196294 -31.166768725950313 251.05758159316582 -540.6163435750932 -167.96323956374803 -53.097674809106309 405.59632049209768 66.302136803232671 239.93166898988582 -157.09293158232276 -8.7428279548748549 63.132868133194137 -154.93985517508617 62.067609359361072 -95.783716184701476 -82.438603369869369 177.09342210437049 114.30183591723932 21.231653502548109 195.13366382890365 -36.28197804920709 296.05522971082087 141.59456443922375 28.209057207249877 2.4723237136314653 89.088237172122447
leaf_weight=18.000000000000004 10.000000000000002 18 18 12.999999999999998 19 10.000000000000002 16.000000000000004 9.9999999999999982 11.999999999999998 11.000000000000002 12.999999999999998 17 12.000000000000002 9.9999999999999982 11.000000000000002 12.999999999999998 13.999999999999998 14.000000000000002 9.9999999999999982 10.000000000000002 14.000000000000002 12.000000000000002 21 14.999999999999998 9.9999999999999982 9.9999999999999982 13.999999999999998 9.9999999999999982 12.999999999999998 10.999999999999998
leaf_count=18 10 18 18 13 19 10 16 10 12 11 13 17 12 10 11 13 14 14 10 10 14 12 21 15 10 10 14 10 13 11
internal_value=2.5975 68.2175 -514.742 -0.0225437 176.941 -25.9147 221.08 -375.46 -94.465 -64.5372 314.926 44.5509 170.762 -92.8647 -75.0472 9.8609 -202.594 72.5646 -54.8691 -41.5378 144.327 87.1963 3.76763 215.451 -59.5083 268.899 159.628 48.0479 -12.1892 102.463
internal_weight=409 363 46 251 32 219 112 28 111 87 39 108 73 63 51 24 24 64 41 31 46 40 44 27 20 26 28 24 23 23
internal_count=409 363 46 251 32 219 112 28 111 87 39 108 73 63 51 24 24 64 41 31 46 40 44 27 20 26 28 24 23 23
is_linear=0
shrinkage=0.03


Tree=65
num_leaves=31
num_cat=0
split_feature=29 29 29 30 14 29 30 29 30 29 4 29 2 29 20 29 14 14 29 4 29 24 22 1 29 6 10 2 30 17
split_gain=1.25615e+10 3.03077e+09 1.57897e+09 1.47963e+09 1.02485e+09 6.59796e+08 6.29018e+08 4.08304e+08 3.08205e+08 3.65178e+08 2.62887e+08 2.21318e+08 1.90938e+08 1.04422e+08 6.19332e+07 7.41408e+07 6.02724e+07 5.80497e+07 4.89589e+07 4.55848e+07 3.41983e+07 2.74113e+07 2.01505e+07 1.61847e+07 1.34328e+07 1.29324e+07 9.91306e+06 4.00927e+06 3.65723e+06 3.36803e+06
threshold=1.4339599247367767 75872.645000000004 0.58773320620013603 12.500000000000002 63560.433812055642 2.2784295271125132 4.5000000000000009 108379.96000000002 9.5000000000000018 52550.825000000004 56646.380000000012 20942.990000000002 75872.645000000019 89726.765000000014 0.6078576107927941 3.7519468051421385 38384.546724990651 45300.494796257321 62917.445000000007 54182.630000000005 28604.970000000005 1.0000000180025095e-35 -0.15123342103804657 44143.635000000002 79283.99000000002 5396602.4500000002 47510.502857142863 45518.325000000004 7.5000000000000009 46789.255782643515
decision_type=2 2 2 2 2 2 2 2 2 2 2 2 2 2 2 2 2 2 2 2 2 2 2 2 2 2 2 2 2 2
left_child=2 3 4 5 -1 -2 11 13 9 14 -10 -7 17 24 15 -8 -16 -4 26 23 -13 -15 -21 -17 -3 -20 -11 -27 -28 -23
right_child=1 7 12 -5 -6 6 8 -9 10 18 -12 20 -14 21 16 19 -18 -19 25 22 -22 29 -24 -25 -26 27 28 -29 -30 -31
leaf_value=-380.45992378919215 -163.18043318620815 138.7160594334112 -246.05558279043805 377.78656925941578 -746.70910560344817 -215.58910549790107 -98.037787903591806 361.51590021306816 240.94597299662851 71.902007035767909 52.545736035318463 -80.600744944605296 -357.53083683894226 195.16992054934954 -13.390143349479596 39.659178444702682 81.514503228486475 -153.66438717388999 129.94517949307127 -14.94996055489155 -8.747403856855712 237.96253643889915 -72.6495040545325 -8.165642823887822 177.89481037770668 75.65446617160984 51.069886469085809 101.54628681752872 25.773889160156244 272.61122118919684
leaf_weight=15.000000000000002 19 15.999999999999998 15.000000000000002 9.9999999999999982 12.999999999999998 9.9999999999999982 11.999999999999998 17 12.000000000000002 13.999999999999998 14.999999999999998 13.000000000000002 10.999999999999998 10.999999999999998 15.000000000000002 11.000000000000002 9.9999999999999982 10.999999999999998 10.999999999999998 10.000000000000002 10.999999999999998 10.000000000000002 11.999999999999998 14.999999999999998 19 11.000000000000002 11.000000000000002 12.999999999999998 9.9999999999999982 10.999999999999998
leaf_count=15 19 16 15 10 13 10 12 17 12 14 15 13 11 11 15 11 10 11 11 10 11 10 12 15 19 11 11 13 10 11
internal_value=-0.656843 74.6497 -381.588 21.3175 -551.532 6.07145 20.9937 230.097 43.1247 26.8084 136.57 -97.3618 -252.411 196.507 -14.9793 -31.5019 24.6586 -207.337 77.525 -14.7832 -47.7546 235.897 -46.5158 12.1052 160.208 102.626 52.3131 89.8612 39.114 256.716
internal_weight=394 329 65 245 28 235 216 84 182 155 27 34 37 67 85 60 25 26 70 48 24 32 22 26 35 35 35 24 21 21
internal_count=394 329 65 245 28 235 216 84 182 155 27 34 37 67 85 60 25 26 70 48 24 32 22 26 35 35 35 24 21 21
is_linear=0
shrinkage=0.03


Tree=66
num_leaves=30
num_cat=0
split_feature=29 29 29 30 11 29 30 29 30 29 4 29 2 29 20 29 14 14 4 29 29 24 22 1 29 5 10 2 17
split_gain=1.1822e+10 2.85225e+09 1.48595e+09 1.39261e+09 9.91483e+08 6.20909e+08 5.92007e+08 3.84216e+08 2.9006e+08 3.4371e+08 2.47418e+08 2.08306e+08 1.79716e+08 9.83038e+07 5.94813e+07 7.27391e+07 5.46231e+07 5.3012e+07 4.52465e+07 4.07223e+07 3.21846e+07 2.58e+07 1.89642e+07 1.45942e+07 1.26394e+07 1.21723e+07 8.10973e+06 3.77269e+06 3.16856e+06
threshold=1.4339599247367767 75872.645000000004 0.58773320620013603 12.500000000000002 37802.778928571439 2.2784295271125132 4.5000000000000009 108379.96000000002 9.5000000000000018 53025.730000000003 56646.380000000012 20942.990000000002 75872.645000000019 89726.765000000014 0.6078576107927941 3.7519468051421385 45300.494796257321 38384.546724990651 54182.630000000005 62917.445000000007 28604.970000000005 1.0000000180025095e-35 -0.15123342103804657 47983.345000000008 79283.99000000002 5626913.0450000009 47510.502857142863 45518.325000000004 46789.255782643515
decision_type=2 2 2 2 2 2 2 2 2 2 2 2 2 2 2 2 2 2 2 2 2 2 2 2 2 2 2 2 2
left_child=2 3 4 5 -1 -2 11 13 9 14 -10 -7 16 24 15 -8 -4 -16 23 26 -13 -15 -20 -17 -3 -21 -11 -27 -23
right_child=1 7 12 -5 -6 6 8 -9 10 19 -12 20 -14 21 17 18 -18 -19 22 25 -22 28 -24 -25 -26 27 -28 -29 -30
leaf_value=-757.21579777644195 -158.29787290077508 134.56754116165303 -238.69844252881012 366.5093670745394 -389.49076446801683 -209.15360963736003 -95.108859873411561 350.70222518786653 233.74758402084404 69.752624794087794 50.974601446512921 -78.191988258800251 -346.8534442608173 189.3413165476527 -8.8111000987970929 33.917108827638451 -149.07531589145572 79.081236107669653 -14.503692945793487 126.0644610789027 -8.4861691953909322 230.85917822994395 -70.479063456681757 -9.3355875578639331 172.57197342519686 73.395101362547692 39.071707373114506 98.511570862517956 264.46989138503955
leaf_weight=11.000000000000002 19 15.999999999999998 15.000000000000002 9.9999999999999982 17 9.9999999999999982 11.999999999999998 17 12.000000000000002 13.999999999999998 14.999999999999998 13.000000000000002 10.999999999999998 10.999999999999998 16.000000000000004 14.000000000000002 10.999999999999998 9.9999999999999982 10.000000000000002 10.999999999999998 10.999999999999998 10.000000000000002 11.999999999999998 13.999999999999998 19 11.000000000000002 18 12.999999999999998 10.999999999999998
leaf_count=11 19 16 15 10 17 10 12 17 12 14 15 13 11 11 16 14 11 10 10 11 11 10 12 14 19 11 18 13 11
internal_value=-0.636862 72.4191 -370.184 20.6815 -535.046 5.89056 20.3663 223.219 41.8364 26.0077 132.489 -94.4544 -244.87 190.635 -12.9742 -28.94 -201.14 25.0805 -12.9803 77.1793 -46.3276 228.853 -45.1263 12.3127 155.415 99.5607 52.5825 87.1764 249.051
internal_weight=394 329 65 245 28 235 216 84 182 155 27 34 37 67 88 62 26 26 50 67 24 32 22 28 35 35 32 24 21
internal_count=394 329 65 245 28 235 216 84 182 155 27 34 37 67 88 62 26 26 50 67 24 32 22 28 35 35 32 24 21
is_linear=0
shrinkage=0.03


Tree=67
num_leaves=29
num_cat=0
split_feature=29 29 29 4 7 29 29 15 11 12 29 1 1 29 2 22 22 29 29 14 10 4 24 10 0 29 1 17
split_gain=1.1126e+10 2.68425e+09 1.40072e+09 6.32536e+08 5.54879e+08 3.74071e+08 3.61549e+08 2.48226e+08 7.74971e+08 3.44599e+08 1.90994e+08 1.55681e+08 1.59411e+08 9.25437e+07 7.39757e+07 8.19543e+07 6.51979e+07 6.06851e+07 4.0557e+07 4.03031e+07 3.42236e+07 3.04418e+07 2.42833e+07 1.75405e+07 1.1899e+07 1.18929e+07 7.2104e+06 2.9809e+06
threshold=1.4339599247367767 75872.645000000004 0.6678216696711986 51530.05000000001 1654838.6650000003 52550.825000000004 108379.96000000002 34149.015289214913 56788.316785714291 54519.098500000015 5.4700838722087957 -18615.414999999997 21925.385000000006 89726.765000000014 82310.590000000011 0.68808263497567124 -0.25033082153100961 0.91656783527364716 60272.075000000019 40553.206216821556 47510.502857142863 66167.185000000012 1.0000000180025095e-35 55588.337142857148 75253.420000000027 79283.99000000002 54138.695000000007 46789.255782643515
decision_type=2 2 2 2 2 2 2 2 2 2 2 2 2 2 2 2 2 2 2 2 2 2 2 2 2 2 2 2
left_child=2 4 3 -1 -2 7 13 10 9 11 -6 -9 -13 25 15 19 -12 -4 23 21 -19 -14 -15 -7 26 -3 -20 -24
right_child=1 6 17 -5 5 18 -8 8 -10 -11 16 12 14 22 -16 -17 -18 20 24 -21 -22 -23 27 -25 -26 -27 -28 -29
leaf_value=-632.10234922605127 196.54204034646881 130.54309333016937 -274.98142056702483 -366.87537215336323 -190.15471246641681 57.067891480566104 340.21200828216644 -144.42092204374424 242.57092058690961 146.11997972175254 -3.5258503566278474 76.460848669788149 -4.3477427686763992 183.68678105557126 -103.17867948593194 -105.08527412983906 -101.03613084252196 -148.42338055226591 80.481871246623086 23.232591415765715 -227.04412021921638 -62.945340158456176 223.96785797574617 10.755353905688755 61.362475357768687 167.40840228223425 112.21968148259205 256.57169250212104
leaf_weight=15.999999999999998 14.999999999999998 15.999999999999998 10.999999999999998 17 10.999999999999998 17.000000000000004 17 10.999999999999998 10.999999999999998 9.9999999999999982 15.999999999999998 11.999999999999998 17 10.999999999999998 13.999999999999998 9.9999999999999982 10.000000000000002 11.000000000000002 16.000000000000004 19 9.9999999999999982 14.999999999999998 10.000000000000002 12.999999999999998 15.999999999999998 19 11.999999999999998 10.999999999999998
leaf_count=16 15 16 11 17 11 17 17 11 11 10 16 12 17 11 14 10 10 11 16 19 10 15 10 13 16 19 12 11
internal_value=-0.617833 70.2551 -359.122 -496.232 20.0642 8.51456 216.546 -17.8368 3.27403 -21.1998 -85.6468 -38.339 -24.8511 184.938 -41.1012 -26.781 -41.1517 -217.174 64.0407 -11.3394 -186.312 -31.8707 222.02 37.0504 82.3802 150.766 94.2596 241.615
internal_weight=394 329 65 33 245 230 84 156 119 108 37 98 87 67 75 61 26 32 74 51 21 32 32 30 44 35 28 21
internal_count=394 329 65 33 245 230 84 156 119 108 37 98 87 67 75 61 26 32 74 51 21 32 32 30 44 35 28 21
is_linear=0
shrinkage=0.03


Tree=68
num_leaves=31
num_cat=0
split_feature=29 29 30 29 15 29 30 29 30 29 4 29 23 29 4 20 29 29 29 29 4 24 29 3 13 1 15 13 4 17
split_gain=1.04707e+10 2.52789e+09 1.33056e+09 1.32077e+09 1.18944e+09 5.33804e+08 5.10793e+08 3.87081e+08 2.77031e+08 2.60871e+08 2.48677e+08 1.94176e+08 1.42035e+08 1.17901e+08 7.37048e+07 6.67867e+07 4.81754e+07 4.13331e+07 4.02371e+07 3.07449e+07 2.80853e+07 2.28559e+07 1.91833e+07 9.8184e+06 8.03334e+06 7.70106e+06 5.34434e+06 5.32066e+06 3.4307e+06 2.80436e+06
threshold=1.4339599247367767 73493.155000000013 12.500000000000002 0.58773320620013603 54459.350536635553 2.2784295271125132 4.5000000000000009 108379.96000000002 9.5000000000000018 51604.580000000009 56646.380000000012 20942.990000000002 -0.050649168838713086 89726.765000000014 51731.560000000005 0.6078576107927941 3.7519468051421385 35669.69000000001 62023.465000000004 28604.970000000005 59991.750000000007 1.0000000180025095e-35 79283.99000000002 75999.655000000013 44280.001916666675 32605.680000000004 45767.539609670508 48781.409500000002 45809.820000000007 46789.255782643515
decision_type=2 2 2 2 2 2 2 2 2 2 2 2 2 2 2 2 2 2 2 2 2 2 2 2 2 2 2 2 2 2
left_child=3 2 5 4 -1 -2 11 13 9 15 -10 -7 14 22 -5 16 -8 -17 23 -13 24 -15 26 28 -18 -20 -3 -27 -11 -23
right_child=1 7 -4 12 -6 6 8 -9 10 18 -12 19 -14 21 -16 17 20 -19 25 -21 -22 29 -24 -25 -26 27 -28 -29 -30 -31
leaf_value=-344.86143523185478 -151.04924499031128 105.64149580199684 353.69903409587801 -235.98634403280531 -746.7977892569287 -202.05875808943563 -89.357810068724064 330.03558410465541 234.48019566600669 41.827597131461729 43.912637263939466 -75.995076286929759 -301.7159788011316 178.20111222072961 -125.07276086591486 69.914182566173011 19.371296553805934 -8.6831079730163765 64.496588681349095 -7.8685218776513004 -49.093208325668712 217.28225279850736 162.39933370755412 17.240107996323527 -16.04490161436722 110.90149016954093 135.39091375942886 79.924245714785442 63.999774749893938 248.90936925551469
leaf_weight=17.000000000000004 19 12.000000000000002 9.9999999999999982 11.000000000000002 10.999999999999998 9.9999999999999982 11.999999999999998 17 11.000000000000002 16.000000000000004 13.999999999999998 13.000000000000002 14.999999999999998 10.999999999999998 10.999999999999998 10.000000000000002 11.000000000000002 14.999999999999998 9.9999999999999982 10.999999999999998 18 10.000000000000002 19 10.999999999999998 11.999999999999998 12.000000000000002 12.999999999999998 9.9999999999999982 10.999999999999998 10.999999999999998
leaf_count=17 19 12 10 11 11 10 12 17 11 16 14 13 15 11 11 10 11 15 10 11 18 10 19 11 12 12 13 10 11 11
internal_value=-0.599507 68.1547 15.939 -348.386 -503.815 0.918901 14.9008 200.579 35.7965 20.1729 128.063 -91.3179 -230.244 171.424 -180.939 -17.5557 -36.6104 22.8326 62.1959 -44.8517 -21.0821 215.39 139.24 41.2361 0.898558 86.9826 121.351 97.0341 50.9623 234.401
internal_weight=394 329 236 65 28 226 207 93 173 148 25 34 37 76 22 78 53 25 70 24 41 32 44 38 23 32 25 22 27 21
internal_count=394 329 236 65 28 226 207 93 173 148 25 34 37 76 22 78 53 25 70 24 41 32 44 38 23 32 25 22 27 21
is_linear=0
shrinkage=0.03


Tree=69
num_leaves=31
num_cat=0
split_feature=26 30 30 13 1 13 0 13 20 3 30 4 11 30 13 20 10 12 1 23 3 3 1 23 13 0 3 1 11 5
split_gain=5.23035e+09 2.40684e+09 7.53133e+08 1.13374e+09 5.94386e+08 3.45536e+08 2.51657e+08 2.34481e+08 2.11781e+08 1.98791e+08 2.20492e+08 1.95035e+08 1.79063e+08 1.88991e+08 1.69308e+08 1.4944e+08 1.40837e+08 2.05061e+08 1.35791e+08 1.24801e+08 9.3373e+07 1.3359e+08 8.44376e+07 7.29362e+07 1.26812e+08 5.46519e+07 5.28493e+07 5.03955e+07 4.12023e+07 3.94183e+07
threshold=1.0000000180025095e-35 14.500000000000002 8.5000000000000018 25649.979916666667 106407.83500000001 42097.727416666676 48800.580000000009 54002.227916666678 1.0000000180025095e-35 93031.810000000012 5.5000000000000009 36428.630000000012 53003.005000000005 11.500000000000002 48980.749666666678 -1.0000000180025095e-35 49562.686428571433 49969.522166666669 22296.870000000003 0.43813463158589139 51965.040000000008 27755.075000000001 55107.090000000004 -0.050649168838713086 44762.219333333334 65293.415000000008 52127.365000000013 53489.755000000012 46597.697500000009 15612432.08
decision_type=2 2 2 2 2 2 2 2 2 2 2 2 2 2 2 2 2 2 2 2 2 2 2 2 2 2 2 2 2 2
left_child=1 2 8 -4 5 6 15 12 9 10 23 22 13 14 29 -5 17 18 -13 -14 21 27 26 24 -1 -18 -10 -12 -22 -7
right_child=-2 -3 3 4 -6 7 -8 -9 11 -11 20 16 19 -15 -16 -17 25 -19 -20 -21 28 -23 -24 -25 -26 -27 -28 -29 -30 -31
leaf_value=18.599041658289284 -568.99636100144573 478.51450359287537 -215.81727928066647 30.170496213058527 -133.17751246210355 -4.3162182708284726 -43.792118703286476 14.941998567192801 77.481030728923713 -144.01328813124891 58.130450621647597 49.993788662839187 306.39945029694559 232.5957600573781 173.8417314522631 190.3646812325093 -4.6188300733464445 -175.61651993936565 -72.954698517566584 162.08294429174913 80.534390631628241 -112.71322161795078 119.23042602539061 -131.9071733926597 -128.74474491859547 87.058262429308527 -14.07987762100395 -36.88107491108908 9.5057079704440355 79.791993235118341
leaf_weight=11.000000000000002 13.999999999999998 9.9999999999999982 11.999999999999998 11.000000000000002 9.9999999999999982 10.000000000000002 19 10.999999999999998 10.000000000000002 18 10.000000000000002 13.999999999999998 11.000000000000002 11.999999999999998 13.999999999999998 9.9999999999999982 14.000000000000002 9.9999999999999982 19 10.999999999999998 10.999999999999998 12.999999999999998 13.999999999999998 20 9.9999999999999982 9.9999999999999982 12.999999999999998 9.9999999999999982 22 9.9999999999999982
leaf_count=11 14 10 12 11 10 10 19 11 10 18 10 14 11 12 14 10 14 10 19 11 11 13 14 20 10 10 13 10 22 10
internal_value=-0.581053 20.4327 7.98909 62.5232 88.489 107.165 35.2636 143.525 -25.595 -51.9024 -36.347 6.03412 164.299 130.375 94.009 106.724 -24.4934 -56.9645 -20.798 234.772 -2.38979 -38.0439 61.272 -90.9404 -51.7038 33.6815 25.8109 10.6512 33.268 37.832
internal_weight=394 380 370 141 129 119 40 79 229 125 107 104 68 46 34 21 67 43 33 22 66 33 37 41 21 24 23 20 33 20
internal_count=394 380 370 141 129 119 40 79 229 125 107 104 68 46 34 21 67 43 33 22 66 33 37 41 21 24 23 20 33 20
is_linear=0
shrinkage=0.03


Tree=70
num_leaves=31
num_cat=0
split_feature=29 29 29 29 16 29 5 29 1 29 2 23 10 16 1 29 4 14 13 0 10 11 8 13 29 15 24 10 29 14
split_gain=1.18995e+10 2.65824e+09 2.42236e+09 6.80512e+08 5.74364e+08 4.35402e+08 3.294e+08 2.38542e+08 3.41472e+08 3.79929e+08 1.41336e+08 1.19244e+08 2.28848e+08 1.11361e+08 1.07783e+08 9.22341e+07 8.89537e+07 8.97615e+07 6.26074e+07 3.4412e+07 2.18004e+07 1.7268e+07 1.65725e+07 1.45337e+07 1.20502e+07 1.24193e+07 9.83801e+06 7.30178e+06 6.16197e+06 5.52328e+06
threshold=1.8180836731968724 0.37358695828773819 73493.155000000013 0.71562937656960035 51495.006342950626 105837.505 2004509.9550000003 53025.730000000003 82635.310000000012 20942.990000000002 80689.72500000002 -0.34552334190817774 41440.55000000001 51538.335670122047 52017.505000000012 89726.765000000014 51098.560000000005 41791.287824770588 48966.912416666666 69819.690000000017 59676.166428571429 61647.016071428581 6040231.9500000011 50018.56225000001 59357.150000000009 55627.969975701584 1.0000000180025095e-35 45112.712142857148 80893.050000000017 45090.867741803115
decision_type=2 2 2 2 2 2 2 2 2 2 2 2 2 2 2 2 2 2 2 2 2 2 2 2 2 2 2 2 2 2
left_child=1 -1 6 4 -3 15 -2 8 10 -10 11 12 -8 -7 -12 20 -13 23 -14 22 29 24 -5 -18 -9 27 -17 -26 -22 -4
right_child=2 3 5 19 -6 13 7 21 9 -11 14 16 18 -15 -16 26 17 -19 -20 -21 28 -23 -24 -25 25 -27 -28 -29 -30 -31
leaf_value=-785.85715076958945 158.66398090112989 -470.34465620386305 179.03038214083702 -225.86499935165966 -196.67356476244342 253.89411347575196 124.4700363050576 49.896465166429621 192.08991609997923 -12.124756121437304 -37.817391090831521 -95.793087624843096 33.021895792946871 389.05962201286764 -168.83223712978076 185.80890804597701 -78.288727444321339 48.322620400615115 -62.490834159494554 -133.82052724156443 102.10473765377542 29.54922104198408 -176.35543041764018 -26.998401789878727 110.64548339843745 52.778221959790741 223.53903328001968 77.779578752596947 135.75065951110008 144.4454735599347
leaf_weight=9.9999999999999982 15.999999999999998 19.000000000000004 11.000000000000002 12.000000000000002 10.999999999999998 12.000000000000002 13.999999999999998 20 14.999999999999998 18 13.000000000000002 18 10.000000000000002 10.999999999999998 9.9999999999999982 12.999999999999998 10.000000000000002 12.999999999999998 15.999999999999998 10.999999999999998 11.000000000000002 11.999999999999998 15.999999999999998 9.9999999999999982 10.000000000000002 11.999999999999998 19 18 10.999999999999998 9.9999999999999982
leaf_count=10 16 19 11 12 11 12 14 20 15 18 13 18 10 11 10 13 10 13 16 11 11 12 16 10 10 12 19 18 11 10
internal_value=1.20329 -329.691 79.7414 -263.059 -370.493 204.998 27.4744 17.8558 -4.06035 80.8503 -28.6644 -11.8495 26.9088 319.242 -95.023 169.773 -42.2447 -12.9357 -25.7623 -180.049 140.726 62.5729 -197.939 -52.7748 69.1475 78.6988 208.525 89.6937 119.197 162.944
internal_weight=412 79 333 69 30 98 235 219 147 33 114 91 40 23 23 75 51 33 26 39 43 72 28 20 60 40 32 28 22 21
internal_count=412 79 333 69 30 98 235 219 147 33 114 91 40 23 23 75 51 33 26 39 43 72 28 20 60 40 32 28 22 21
is_linear=0
shrinkage=0.03


Tree=71
num_leaves=31
num_cat=0
split_feature=29 29 30 29 30 16 29 30 29 30 29 29 16 13 23 29 29 23 23 29 0 5 8 29 14 12 4 29 0 23
split_gain=1.11989e+10 2.50204e+09 2.36585e+09 1.30051e+09 8.08758e+08 7.78071e+08 6.40382e+08 7.82791e+08 3.06062e+08 2.18801e+08 2.099e+08 1.48126e+08 9.61834e+07 7.30348e+07 1.04188e+08 7.22566e+07 6.91657e+07 1.02862e+08 4.46407e+07 5.19224e+07 3.23815e+07 1.7339e+07 1.56011e+07 1.26327e+07 1.12156e+07 9.47178e+06 7.40407e+06 6.64148e+06 6.36388e+06 4.70393e+06
threshold=1.8180836731968724 0.37358695828773819 9.5000000000000018 53025.730000000003 12.500000000000002 48730.257992438455 0.71562937656960035 7.5000000000000009 70262.375000000015 9.5000000000000018 9.7443340864407606 38515.255000000012 51794.161367961126 47412.686333333339 0.43813463158589139 84824.135000000024 99813.215000000011 -0.34552334190817774 0.24936651517469852 5.4700838722087957 69819.690000000017 4601555.8900000015 6040231.9500000011 59357.150000000009 56221.890482187489 49969.522166666669 45809.820000000007 47983.345000000008 80689.72500000002 0.60896546470132462
decision_type=2 2 2 2 2 2 2 2 2 2 2 2 2 2 2 2 2 2 2 2 2 2 2 2 2 2 2 2 2 2
left_child=1 -1 3 11 10 -6 7 -3 23 -9 -4 12 13 14 21 29 17 -12 19 -15 22 -2 -8 26 25 27 -5 -13 -25 -10
right_child=2 6 4 8 5 -7 20 9 15 -11 16 24 -14 18 -16 -17 -18 -19 -20 -21 -22 -23 -24 28 -26 -27 -28 -29 -30 -31
leaf_value=-762.39870860541032 1.712635922787793 -141.73738339552233 67.727010153139062 25.404599961403484 187.19087876442549 529.67407570993248 -219.1171625794216 -364.77605745685617 141.37157318836122 -568.14424994169769 234.42451569570125 -7.6736933238470701 -131.26089401380872 -151.17089716213846 -88.665291675169073 206.26544781206715 239.59775390624998 118.56526524701455 -37.286195973742373 -56.424115404500135 -129.82407570964071 57.518099383453816 -171.08124954366238 80.207166775188327 31.929550880020585 -21.880706576643316 57.675562739796476 25.368424474945702 54.593531753692119 116.28419028719972
leaf_weight=9.9999999999999982 10.000000000000005 10.000000000000002 18 12.000000000000002 12.000000000000002 11.999999999999998 12.000000000000002 10.000000000000002 19 9.9999999999999982 11.000000000000002 10.000000000000002 13.999999999999998 10.000000000000002 9.9999999999999982 18 15.999999999999998 19 18 10.999999999999998 10.999999999999998 9.9999999999999982 15.999999999999998 23 11.999999999999998 12.999999999999998 13.999999999999998 11.999999999999998 14.999999999999998 13.999999999999998
leaf_count=10 10 10 18 12 12 12 12 10 19 10 11 10 14 10 10 18 16 19 18 11 11 10 16 23 12 13 14 12 15 14
internal_value=1.16726 -319.838 77.3582 29.4179 210.736 359.178 -255.193 -359.411 102.885 -467.623 154.833 -35.5865 -59.6725 -45.0628 -9.84417 157.689 188.808 161.366 -72.1068 -101.794 -174.668 29.6892 -192.022 59.1237 6.96656 -1.62552 42.8586 10.3659 70.1815 130.92
internal_weight=412 79 333 245 88 24 69 30 115 20 64 130 83 69 30 51 46 30 39 21 39 20 28 64 47 35 26 22 38 33
internal_count=412 79 333 245 88 24 69 30 115 20 64 130 83 69 30 51 46 30 39 21 39 20 28 64 47 35 26 22 38 33
is_linear=0
shrinkage=0.03


Tree=72
num_leaves=31
num_cat=0
split_feature=29 29 30 29 30 29 30 5 29 30 29 29 30 5 29 29 11 29 22 0 10 8 10 22 14 14 29 29 13 22
split_gain=1.05399e+10 2.35493e+09 2.22658e+09 1.22389e+09 7.61186e+08 6.02762e+08 7.36755e+08 4.71181e+08 2.88025e+08 2.05933e+08 1.97541e+08 1.39407e+08 9.03064e+07 8.42224e+07 6.79963e+07 6.74946e+07 1.0239e+08 6.5086e+07 5.24784e+07 3.04709e+07 1.61781e+07 1.46867e+07 1.1953e+07 1.3705e+07 1.05555e+07 1.00729e+07 8.91428e+06 8.82424e+06 5.46217e+06 4.26915e+06
threshold=1.8180836731968724 0.37358695828773819 9.5000000000000018 53025.730000000003 12.500000000000002 0.71562937656960035 7.5000000000000009 12273934.195000002 70262.375000000015 9.5000000000000018 9.7443340864407606 38515.255000000012 7.5000000000000009 9436409.6200000029 84824.135000000024 25171.050000000007 49874.950357142865 99813.215000000011 0.25033082153100911 69819.690000000017 61188.674285714296 6040231.9500000011 55588.337142857148 0.91777833585891111 56221.890482187489 41791.287824770588 45809.820000000007 58592.835000000006 48647.291750000004 -0.25033082153100961
decision_type=2 2 2 2 2 2 2 2 2 2 2 2 2 2 2 2 2 2 2 2 2 2 2 2 2 2 2 2 2 2
left_child=1 -1 3 11 10 6 -3 -6 22 -8 -4 12 15 -14 20 16 -2 18 -12 21 -10 -7 23 25 26 -5 -13 -24 -17 -28
right_child=2 5 4 8 7 19 9 -9 14 -11 17 24 13 -15 -16 28 -18 -19 -20 -21 -22 -23 27 -25 -26 -27 29 -29 -30 -31
leaf_value=-739.64054629197756 -157.90620632675035 -137.50641761893652 65.700826967191816 57.711126784961728 505.6822746618468 -212.57092295286557 -353.88723217409034 234.73626070395906 151.90088603063833 -551.18472116954285 191.38429373911745 -20.080240785863474 42.630415291621752 -67.368430439169472 200.09462349593142 -26.152935446657196 -50.202757754912007 232.43221287237145 110.42257438199273 -125.94697771029234 108.3093307855561 -165.96480051201078 18.570002860453581 41.381686243517642 30.975638437864685 94.621073671144856 23.630404436102818 56.156983263739221 -54.181532738771146 -3.4089513522475499
leaf_weight=9.9999999999999982 17 10.000000000000002 18 12.000000000000002 10.000000000000002 12.000000000000002 10.000000000000002 13.999999999999998 13.999999999999998 9.9999999999999982 17.000000000000004 13.999999999999998 13.000000000000002 11.999999999999998 18 11.000000000000002 14.999999999999998 15.999999999999998 12.999999999999998 10.999999999999998 19 15.999999999999998 10.000000000000002 12.999999999999998 11.999999999999998 15.999999999999998 10.999999999999998 12.999999999999998 14.999999999999998 10.000000000000002
leaf_count=10 17 10 18 12 10 12 10 14 14 10 17 14 13 12 18 11 15 16 13 11 19 16 10 13 12 16 11 13 15 10
internal_value=1.12978 -310.288 75.0451 28.5372 204.437 -247.572 -348.683 348.447 99.8071 -453.664 150.204 -34.5233 -57.8897 -10.1981 152.972 -78.4199 -107.577 183.163 156.543 -169.448 127.005 -186.282 57.3551 67.0918 6.75845 78.9336 -1.57693 39.8905 -42.3962 10.777
internal_weight=412 79 333 245 88 69 30 24 115 20 64 130 83 25 51 58 32 46 30 39 33 28 64 41 47 28 35 23 26 21
internal_count=412 79 333 245 88 69 30 24 115 20 64 130 83 25 51 58 32 46 30 39 33 28 64 41 47 28 35 23 26 21
is_linear=0
shrinkage=0.03


Tree=73
num_leaves=31
num_cat=0
split_feature=29 29 30 29 30 29 30 6 29 30 29 29 30 6 29 6 11 11 22 17 0 29 6 29 11 22 22 29 2 13
split_gain=9.91975e+09 2.21646e+09 2.09548e+09 1.15179e+09 7.16439e+08 5.67352e+08 6.93426e+08 4.43505e+08 2.71045e+08 1.93822e+08 1.85905e+08 1.31327e+08 1.06448e+08 7.92646e+07 6.48652e+07 6.21946e+07 7.44732e+07 7.74516e+07 5.76817e+07 3.72e+07 2.86729e+07 1.81204e+07 1.41423e+07 1.32578e+07 1.13857e+07 8.92884e+06 8.41856e+06 6.08144e+06 6.12902e+06 5.80325e+06
threshold=1.8180836731968724 0.37358695828773819 9.5000000000000018 53025.730000000003 12.500000000000002 0.71562937656960035 7.5000000000000009 12273934.195000002 70262.375000000015 9.5000000000000018 9.7443340864407606 34766.000000000007 7.5000000000000009 9495667.4700000007 90908.395000000019 4299990.3450000007 55375.154642857146 46407.511071428584 1.0000000180025095e-35 48751.755021735684 69819.690000000017 45809.820000000007 5836980.3550000014 80893.050000000017 50548.048571428582 -0.15123342103804657 1.0000000180025095e-35 57790.515000000007 33308.945000000007 42505.966666666682
decision_type=2 2 2 2 2 2 2 2 2 2 2 2 2 2 2 2 2 2 2 2 2 2 2 2 2 2 2 2 2 2
left_child=1 -1 3 11 10 6 -3 -6 24 -8 -4 12 18 -14 23 -12 17 -17 19 -2 22 26 -7 25 27 -10 -13 -5 -29 -23
right_child=2 5 4 8 7 20 9 -9 14 -11 15 21 13 -15 -16 16 -18 -19 -20 -21 -22 29 -24 -25 -26 -27 -28 28 -30 -31
leaf_value=-717.5617216651118 -33.176129733690587 -133.401754897388 63.735261886469871 48.744570825108426 490.58729412021898 -210.68596883745326 -343.32343057660898 227.71923219945506 97.540891590337623 -534.73143984666513 110.57371461782881 -34.182577375981992 41.356402798356662 -65.355765517618636 213.20259783300335 180.02505560498213 134.13654188733872 291.08979273554098 -128.69383234938095 -101.43038874582631 -122.18566185446346 35.684460585864606 -163.52532208197005 150.92520691096956 38.597424460543472 136.67166875583018 -1.2282932319514379 54.372354900303144 84.622656536381953 7.4688750860259283
leaf_weight=9.9999999999999982 18.000000000000004 10.000000000000002 18 13.999999999999998 10.000000000000002 10.000000000000002 10.000000000000002 13.999999999999998 13 9.9999999999999982 9.9999999999999982 13.000000000000002 13.000000000000002 11.999999999999998 10.999999999999998 14.000000000000002 11.999999999999998 9.9999999999999982 18 11.999999999999998 10.999999999999998 10.000000000000002 18 17 23 10 14.999999999999998 10.000000000000002 17 19
leaf_count=10 18 10 18 14 10 10 10 14 13 10 10 13 13 12 11 14 12 10 18 12 11 10 18 17 23 10 15 10 17 19
internal_value=1.09407 -301.022 72.8018 27.6839 198.327 -240.178 -338.274 338.04 96.8224 -440.122 145.712 -33.4908 -60.1208 -9.89365 148.396 177.685 196.148 226.811 -86.2433 -60.6012 -164.384 0.637028 -180.714 130.33 55.6408 114.814 -16.5622 65.143 73.5401 17.2431
internal_weight=412 79 333 245 88 69 30 24 115 20 64 130 73 25 51 46 36 24 48 30 39 57 28 40 64 23 28 41 27 29
internal_count=412 79 333 245 88 69 30 24 115 20 64 130 73 25 51 46 36 24 48 30 39 57 28 40 64 23 28 41 27 29
is_linear=0
shrinkage=0.03


Tree=74
num_leaves=31
num_cat=0
split_feature=29 29 30 29 30 29 30 5 29 30 15 29 15 22 29 30 12 29 12 29 0 10 6 29 14 12 10 29 0 12
split_gain=9.33614e+09 2.08614e+09 1.97217e+09 1.08396e+09 6.74289e+08 5.34021e+08 6.52646e+08 4.17455e+08 2.55096e+08 1.82423e+08 1.78938e+08 2.24173e+08 1.53566e+08 1.62512e+08 1.23717e+08 8.00555e+07 8.12391e+07 6.12357e+07 1.49196e+08 6.10538e+07 2.69814e+07 1.67758e+07 1.33179e+07 1.08258e+07 9.90181e+06 8.42045e+06 7.58291e+06 5.6336e+06 5.58613e+06 5.38741e+06
threshold=1.8180836731968724 0.37358695828773819 9.5000000000000018 53025.730000000003 12.500000000000002 0.71562937656960035 7.5000000000000009 12273934.195000002 70262.375000000015 9.5000000000000018 50180.831437742665 89382.47500000002 36883.166241380473 -1.0000000180025095e-35 38515.255000000012 7.5000000000000009 43424.24700000001 25171.050000000007 46687.720500000003 90908.395000000019 69819.690000000017 61188.674285714296 5836980.3550000014 59357.150000000009 56221.890482187489 49969.522166666669 55588.337142857148 49026.955000000009 80689.72500000002 44345.913000000008
decision_type=2 2 2 2 2 2 2 2 2 2 2 2 2 2 2 2 2 2 2 2 2 2 2 2 2 2 2 2 2 2
left_child=1 -1 3 14 10 6 -3 -6 23 -8 12 -12 -4 -14 15 17 -17 18 -2 21 22 -10 -7 26 25 27 -5 -16 -25 -19
right_child=2 5 4 8 7 20 9 -9 19 -11 11 -13 13 -15 24 16 -18 29 -20 -21 -22 -23 -24 28 -26 -27 -28 -29 -30 -31
leaf_value=-696.14198927238806 -174.89289498651576 -129.41960558535442 85.998463792067298 52.781285951937534 475.94288566930948 -204.39683418843276 -333.07496756937951 220.91196984124775 146.18763126363777 -518.76931006588143 -1.2538219302574507 179.48906382565042 291.16688219389448 145.70147381439747 -4.2273422906012934 56.469769013817604 -53.684918314277922 -24.610301715011904 -44.273471255315641 206.83545761453618 -118.53668082051685 106.36695072621181 -158.63315227645916 73.597796541491192 29.855250264401256 -20.770951334635413 19.873203453650842 26.204764568271919 49.623230740873517 -52.169272316223356
leaf_weight=9.9999999999999982 13.999999999999998 10.000000000000002 10.999999999999998 15.000000000000002 10.000000000000002 10.000000000000002 10.000000000000002 13.999999999999998 20 9.9999999999999982 14.000000000000002 10.999999999999998 14 14 12.000000000000002 10.000000000000002 14.999999999999998 12.000000000000002 18 10.999999999999998 10.999999999999998 20 18 23 11.999999999999998 12.999999999999998 10.999999999999998 9.9999999999999982 14.999999999999998 13.999999999999998
leaf_count=10 14 10 11 15 10 10 10 14 20 10 14 11 14 14 12 10 15 12 18 11 11 20 18 23 12 13 11 10 15 14
internal_value=1.06059 -292.034 70.6269 26.8567 192.403 -233.006 -328.176 327.943 93.9284 -426.984 141.359 78.4726 181.518 218.824 -32.4893 -54.5015 -9.59828 -73.8314 -101.603 143.962 -159.471 126.435 -175.313 53.9768 6.39986 -1.67311 38.9235 9.63349 64.2118 -39.5214
internal_weight=412 79 333 245 88 69 30 24 115 20 64 25 39 28 130 83 25 58 32 51 39 40 28 64 47 35 26 22 38 26
internal_count=412 79 333 245 88 69 30 24 115 20 64 25 39 28 130 83 25 58 32 51 39 40 28 64 47 35 26 22 38 26
is_linear=0
shrinkage=0.03


Tree=75
num_leaves=31
num_cat=0
split_feature=26 30 10 3 2 6 23 11 0 3 10 30 22 11 6 23 22 3 1 11 8 1 11 3 30 30 2 13 2 11
split_gain=3.5097e+09 9.68023e+08 8.84394e+08 3.88757e+08 4.81618e+08 3.82554e+08 3.57634e+08 3.06093e+08 2.72055e+08 1.96555e+08 7.02156e+08 2.52831e+08 2.3314e+08 1.34464e+08 9.8231e+07 1.91689e+08 1.04181e+08 8.36328e+07 8.35861e+07 8.03877e+07 7.68045e+07 7.47842e+07 6.64011e+07 5.0116e+07 4.83814e+07 4.29798e+07 3.90407e+07 3.39398e+07 2.70955e+07 1.82944e+07
threshold=1.0000000180025095e-35 9.5000000000000018 59570.092857142859 79697.49500000001 51204.400000000009 6470085.4850000013 -0.52625006705264832 48730.380000000012 68227.74500000001 83846.830000000016 26743.804285714283 7.5000000000000009 -0.61132034890850717 52615.41714285715 14215467.250000002 -0.34552334190817774 0.15123342103804641 56699.250000000007 66409.170000000013 63426.796785714294 6869097.0250000013 37174.580000000009 54723.750000000007 53025.730000000003 10.500000000000002 5.5000000000000009 76099.455000000016 48528.566250000011 55502.855000000003 64441.747500000005
decision_type=2 2 2 2 2 2 2 2 2 2 2 2 2 2 2 2 2 2 2 2 2 2 2 2 2 2 2 2 2 2
left_child=1 7 3 5 -5 -3 23 9 -8 11 -11 14 -13 17 16 -16 25 -9 22 26 -14 -18 -15 -4 -7 -1 -20 -22 -12 -24
right_child=-2 2 6 4 -6 24 8 13 -10 10 28 12 20 18 15 -17 21 -19 19 -21 27 -23 29 -25 -26 -27 -28 -29 -30 -31
leaf_value=-37.299260524892205 -486.8917592717313 -45.481158504307828 57.418623921408553 57.87879174075907 -235.95623068738337 90.361585411658609 174.20768070825076 130.72832427652702 386.40895849719846 -316.70071046743817 22.407789543493458 -77.949590868966851 18.611295338739744 -41.217272562055442 -194.56228584511143 -25.050405415261928 -143.14018272286023 25.029565008755384 -90.979136936529898 37.021467818178202 144.43139247609602 -41.774062954159234 55.700042096166271 152.73991717438199 172.83503052898655 38.730375448334648 -16.532924186050622 65.761585474725962 -44.315390248911996 9.1699866906920473
leaf_weight=12 12.999999999999998 15.999999999999998 10.000000000000002 10.000000000000002 9.9999999999999982 11.000000000000002 11.000000000000002 14.000000000000002 10.999999999999998 9.9999999999999982 10.000000000000002 13.999999999999998 17 9.9999999999999982 12.000000000000002 11.999999999999998 10.000000000000002 12.999999999999998 15.000000000000002 10.999999999999998 10.000000000000002 19 32 9.9999999999999982 15.999999999999998 15 10.999999999999998 9.9999999999999982 11.999999999999998 9.9999999999999982
leaf_count=12 13 16 10 10 10 11 11 14 11 10 10 14 17 10 12 12 10 13 15 11 10 19 32 10 16 15 11 10 12 10
internal_value=-3.05973 13.3813 91.0019 19.8707 -89.2608 70.6742 197.548 -15.8419 280.944 -42.3448 -108.944 -26.0411 26.1424 21.4015 -59.3036 -110.035 -37.4829 79.9767 3.59656 -30.8458 65.5806 -76.9141 28.1097 105.341 139.464 4.93294 -59.5748 105.359 -14.0046 44.6455
internal_weight=397 384 105 63 20 43 42 279 22 163 32 131 51 116 80 24 56 27 89 37 37 29 52 20 27 27 26 20 22 42
internal_count=397 384 105 63 20 43 42 279 22 163 32 131 51 116 80 24 56 27 89 37 37 29 52 20 27 27 26 20 22 42
is_linear=0
shrinkage=0.03


Tree=76
num_leaves=31
num_cat=0
split_feature=29 29 29 14 30 30 29 2 30 23 29 29 29 29 2 14 30 29 0 2 29 23 10 10 12 23 8 2 0 30
split_gain=7.67881e+09 1.65004e+09 1.05353e+09 8.29576e+08 6.1451e+08 3.68164e+08 2.80998e+08 2.13347e+08 4.6773e+08 5.77874e+08 2.81943e+08 1.59068e+08 1.0079e+08 7.65201e+07 5.54815e+07 5.23338e+07 4.47237e+07 4.65975e+07 4.50646e+07 6.24085e+07 3.93866e+07 3.09291e+07 1.8883e+07 1.69002e+07 1.95361e+07 1.34573e+07 1.19361e+07 8.95136e+06 5.67911e+06 5.64014e+06
threshold=1.8180836731968724 75872.645000000004 0.71562937656960035 68912.486423768816 7.5000000000000009 5.5000000000000009 123155.85000000002 80893.050000000017 10.500000000000002 -0.52625006705264832 49026.955000000009 20942.990000000002 4.1122073779126174 90908.395000000019 44641.500000000007 45300.494796257321 7.5000000000000009 54478.335000000006 64295.365000000013 63190.055000000008 32461.295000000006 -0.34552334190817774 59676.166428571429 38101.182142857149 50612.624500000013 0.43813463158589139 13087021.495000003 22370.280000000002 53104.145000000011 7.5000000000000009
decision_type=2 2 2 2 2 2 2 2 2 2 2 2 2 2 2 2 2 2 2 2 2 2 2 2 2 2 2 2 2 2
left_child=2 5 3 4 -1 11 13 8 12 -10 -9 -2 14 22 -7 21 17 25 19 27 28 -4 -3 -15 -25 -14 -22 -18 -13 -12
right_child=1 6 15 -5 -6 7 -8 10 9 -11 29 20 16 23 -16 -17 18 -19 -20 -21 26 -23 -24 24 -26 -27 -28 -29 -30 -31
leaf_value=-117.10582006937236 -140.39440717261854 144.98966101649066 -222.37533179318748 -562.0104288555973 -415.21487125089794 -73.83890818126163 323.34790804279379 -133.12859868893679 32.541333736590467 354.83643306902985 60.675571179745774 -66.569530794513724 19.957630552677561 218.06158028218283 25.874276870044309 -118.09804436468308 41.112833962511644 66.298077646186812 30.347382486740511 152.94205340485072 19.105258440773238 -152.29003885989366 101.23190245140255 150.9612889087106 201.75159127009854 -23.358569335937496 -21.689585728431812 79.915429231635756 -34.281478153057947 29.320910575486955
leaf_weight=12.000000000000002 11.999999999999998 18 12.000000000000002 13.999999999999998 12.999999999999998 10.000000000000002 9.9999999999999982 12.999999999999998 10.000000000000002 9.9999999999999982 10.000000000000002 10.000000000000002 18.000000000000004 9.9999999999999982 9.9999999999999982 17 10.000000000000002 18 17 9.9999999999999982 18.000000000000004 11.999999999999998 19 19.000000000000004 11.999999999999998 9.9999999999999982 9.9999999999999982 11.999999999999998 9.9999999999999982 10.999999999999998
leaf_count=12 12 18 12 14 13 10 10 13 10 10 10 10 18 10 10 17 10 18 17 10 18 12 19 19 12 10 10 12 10 11
internal_value=-2.96854 63.3198 -265.512 -377.104 -272.642 20.8773 173.692 43.5396 60.4511 194.172 -23.5989 -42.9381 37.121 154.311 -24.0421 -159.033 50.0033 28.7114 69.942 90.8965 -18.4533 -187.722 122.686 182.666 170.915 4.4735 4.52298 62.4111 -50.5513 44.3604
internal_weight=397 317 80 39 25 229 88 169 135 20 34 60 115 78 20 41 95 46 49 32 48 24 37 41 31 28 28 22 20 21
internal_count=397 317 80 39 25 229 88 169 135 20 34 60 115 78 20 41 95 46 49 32 48 24 37 41 31 28 28 22 20 21
is_linear=0
shrinkage=0.03


Tree=77
num_leaves=31
num_cat=0
split_feature=29 29 29 14 30 30 29 15 30 23 29 29 29 29 5 14 29 29 23 3 3 2 29 10 10 29 8 17 5 29
split_gain=7.22667e+09 1.55287e+09 9.91493e+08 7.80704e+08 5.78325e+08 3.46504e+08 2.64496e+08 2.03061e+08 3.63232e+08 5.01029e+08 1.51397e+08 1.49704e+08 1.29512e+08 7.20249e+07 7.16742e+07 4.926e+07 3.70691e+07 2.96185e+07 2.91086e+07 2.61683e+07 4.29484e+07 4.17306e+07 2.06859e+07 1.77705e+07 1.59129e+07 1.42751e+07 1.12334e+07 7.144e+06 7.01959e+06 6.70963e+06
threshold=1.8180836731968724 75872.645000000004 0.71562937656960035 68912.486423768816 7.5000000000000009 5.5000000000000009 123155.85000000002 38183.154981273656 10.500000000000002 -0.52625006705264832 4.1122073779126174 20942.990000000002 6.711850151100716 90908.395000000019 10874752.400000002 45300.494796257321 32461.295000000006 59991.75 -0.34552334190817774 52127.365000000013 73277.485000000015 58385.69000000001 58592.835000000006 59676.166428571429 38101.182142857149 54029.004999999997 13087021.495000003 47811.587774584208 12624109.160000002 95766.660000000018
decision_type=2 2 2 2 2 2 2 2 2 2 2 2 2 2 2 2 2 2 2 2 2 2 2 2 2 2 2 2 2 2
left_child=2 5 3 4 -1 11 13 10 12 -10 -7 -2 14 23 -9 18 -13 28 -4 25 21 -21 -22 -3 -15 -14 -18 -27 -12 -26
right_child=1 6 15 -5 -6 7 -8 8 9 -11 17 16 19 24 -16 -17 26 -19 -20 20 22 -23 -24 -25 29 27 -28 -29 -30 -31
leaf_value=-113.60722190255441 -136.2000501830548 140.65202109212689 -215.73175580669727 -545.2101172830711 -402.80615178250719 -101.15145066130704 313.69572535272852 26.667169769425186 29.507526819029838 329.60448781483205 18.305765909223407 -49.042261396679194 9.7130686004776763 211.55228107509328 -84.070272781599812 -114.56549457986333 18.533688024800895 53.589785829968626 -147.74029495429201 63.257297236239722 14.73002898617567 148.3366604477612 71.712569392667262 98.202916038693402 144.74443757070131 67.329530935960179 -21.042136052829115 33.591992988413807 -15.051877988617996 176.99823963041612
leaf_weight=12.000000000000002 11.999999999999998 18 12.000000000000002 13.999999999999998 12.999999999999998 11.999999999999998 9.9999999999999982 11.000000000000002 10.000000000000002 9.9999999999999982 10.000000000000002 20 10.999999999999998 9.9999999999999982 9.9999999999999982 17 18.000000000000004 14.999999999999998 11.999999999999998 11.000000000000002 11.000000000000002 9.9999999999999982 11.999999999999998 19 11.000000000000002 12.000000000000002 9.9999999999999982 10.999999999999998 12.999999999999998 20
leaf_count=12 12 18 12 14 13 12 10 11 10 10 10 20 11 10 10 17 18 15 12 11 11 10 12 19 11 12 10 11 13 20
internal_value=-2.87959 61.4276 -257.576 -365.833 -264.495 20.2537 168.501 42.2393 63.5478 180.004 -8.48757 -41.6561 39.9423 149.697 -26.1394 -154.28 -17.903 20.8692 -182.114 57.7389 73.0234 104.027 44.5511 119.016 177.207 37.8808 4.38715 51.3021 -0.540306 165.805
internal_weight=397 317 80 39 25 229 88 169 119 20 50 60 99 78 21 41 48 38 24 78 44 21 23 37 41 34 28 23 23 31
internal_count=397 317 80 39 25 229 88 169 119 20 50 60 99 78 21 41 48 38 24 78 44 21 23 37 41 34 28 23 23 31
is_linear=0
shrinkage=0.03


Tree=78
num_leaves=31
num_cat=0
split_feature=26 10 30 14 3 10 22 30 3 13 30 11 30 1 23 30 7 4 1 30 1 7 21 1 4 13 2 10 21 11
split_gain=2.91545e+09 8.15109e+08 8.77118e+08 7.4281e+08 4.53117e+08 4.55345e+08 3.1603e+08 2.7493e+08 3.29824e+08 2.41284e+08 1.73604e+08 1.64511e+08 1.48513e+08 1.66516e+08 1.41482e+08 1.34351e+08 1.20978e+08 8.60516e+07 8.23138e+07 8.69505e+07 8.12538e+07 5.96101e+07 5.29882e+07 6.03897e+07 4.60992e+07 4.93018e+07 4.31057e+07 4.24324e+07 3.74285e+07 3.39407e+07
threshold=1.0000000180025095e-35 55776.372857142858 10.500000000000002 37789.715325643709 83846.830000000016 25717.802142857145 0.15123342103804641 7.5000000000000009 -24763.654999999995 27755.138583333337 6.5000000000000009 48164.11607142858 10.500000000000002 66167.185000000012 -0.15065085054871696 7.5000000000000009 14086931.495000003 62644.860000000008 37529.295000000006 5.5000000000000009 51131.535000000011 5910789.5900000008 -0.56174490092936669 85487.47500000002 53360.985000000008 49415.911833333339 71508.345000000016 61718.633571428574 1.0000000180025095e-35 56450.237857142864
decision_type=2 2 2 2 2 2 2 2 2 2 2 2 2 2 2 2 2 2 2 2 2 2 2 2 2 2 2 2 2 2
left_child=1 4 15 -4 7 -6 10 11 -9 -10 -7 16 13 20 -14 24 18 26 -1 -20 21 -11 -17 27 29 -26 -13 -24 -23 -3
right_child=-2 2 3 -5 5 6 -8 8 9 12 -12 17 14 -15 -16 22 -18 -19 19 -21 -22 28 23 -25 25 -27 -28 -29 -30 -31
leaf_value=-93.408343085173129 -443.76652986373017 62.902393716840571 66.403430243410227 342.94932528409089 -258.21992250814475 -50.132355405484304 46.567021065075309 -97.164846095835173 -78.138942798215936 -0.63825586931737832 -207.06608848053943 8.700054886091996 227.90422836986929 -51.354079578796657 68.034332002098864 5.5430214782968097 -133.17704986857476 -47.795792661640974 -53.68548034498896 45.843004952970347 154.02281876749066 45.417788599627031 151.01133213327887 18.507901594757492 -74.862791448301238 7.9067178370052336 93.003430986206553 72.76924002191538 123.91600656638857 -11.789960400593229
leaf_weight=15.999999999999998 12.999999999999998 10.000000000000002 18 17 11.999999999999998 15.000000000000002 18 13.999999999999998 9.9999999999999982 10.999999999999998 10.999999999999998 10.000000000000002 10.000000000000002 10.999999999999998 9.9999999999999982 11.999999999999998 15.999999999999998 10.999999999999998 18 13.999999999999998 9.9999999999999982 11.000000000000002 10.000000000000002 10.999999999999998 14.000000000000002 11.999999999999998 11.999999999999998 17 10.999999999999998 11.999999999999998
leaf_count=16 13 10 18 17 12 15 18 14 10 11 11 10 10 11 10 12 16 11 18 14 10 11 10 11 14 12 12 17 11 12
internal_value=-2.7931 12.1915 72.2218 201.023 -19.6254 -94.8008 -49.9895 1.98222 37.4123 59.8862 -116.797 -33.8139 78.5785 52.6282 148.338 26.1422 -61.8521 20.5744 -37.9632 -10.1382 79.257 56.402 60.5332 77.8684 -9.70752 -36.7196 54.7903 101.973 84.8589 22.2268
internal_weight=397 384 133 35 251 56 44 195 98 84 26 97 74 54 20 98 64 33 48 32 43 33 50 38 48 26 22 27 22 22
internal_count=397 384 133 35 251 56 44 195 98 84 26 97 74 54 20 98 64 33 48 32 43 33 50 38 48 26 22 27 22 22
is_linear=0
shrinkage=0.03


Tree=79
num_leaves=29
num_cat=0
split_feature=29 29 29 14 29 29 2 29 2 29 15 29 10 29 14 29 29 29 15 14 23 4 10 10 12 2 5 24
split_gain=6.58015e+09 1.3994e+09 8.98594e+08 7.07381e+08 3.42535e+08 2.34136e+08 2.0812e+08 3.28761e+08 2.50287e+08 5.00191e+08 6.3128e+08 1.88297e+08 9.19553e+07 1.43548e+08 8.5795e+07 7.19292e+07 6.56657e+07 6.34709e+07 5.39513e+07 4.45023e+07 2.76862e+07 1.82159e+07 1.79027e+07 1.76772e+07 1.71762e+07 7.27238e+06 6.41557e+06 4.07226e+06
threshold=1.8180836731968724 75872.645000000004 0.71562937656960035 68912.486423768816 0.48628610801958011 123155.85000000002 80689.72500000002 17114.705000000005 60183.490000000013 12806.415000000003 42002.749554653747 4.1122073779126174 67065.815000000017 52058.605000000003 35730.267855880804 46772.705000000009 90908.395000000019 49026.955000000009 58786.605416811544 45300.494796257321 -0.34552334190817774 61962.870000000003 59676.166428571429 38101.182142857149 50612.624500000013 21656.760000000002 9632963.5950000007 0.25000000000000011
decision_type=2 2 2 2 2 2 2 2 2 2 2 2 2 2 2 2 2 2 2 2 2 2 2 2 2 2 2 2
left_child=2 6 3 4 -1 16 8 -8 11 10 -10 14 13 18 -2 -11 22 -9 21 20 -4 -13 -3 -18 -25 -15 -27 -19
right_child=1 5 19 -5 -6 -7 7 17 9 15 -12 12 -14 25 -16 -17 23 27 -20 -21 -22 -23 -24 24 -26 26 -28 -29
leaf_value=-115.52349142957084 -133.02770157999061 134.98854256838641 -206.61845576496037 -519.55525866742653 -342.86871560942689 296.91432959713154 -157.38647786747941 -37.223431407344719 38.563238069904372 -27.253153763530406 375.44966403334888 17.418694293405125 94.265716609776561 37.46639543588725 -14.14290358673982 58.966547471894991 204.76243513875932 56.906411087243242 -78.381003240438602 -109.65319527097461 -140.3912291720695 -26.739436340332031 92.472379621370564 138.3056340735728 185.85577063342842 81.240165903376408 51.967107241811149 31.365428972046402
leaf_weight=10.000000000000002 10.000000000000002 18 12.000000000000002 13.999999999999998 14.999999999999998 9.9999999999999982 13.999999999999998 13.999999999999998 10.000000000000002 15.999999999999998 9.9999999999999982 19 15.999999999999998 11.999999999999998 11.999999999999998 19 9.9999999999999982 11.000000000000002 10.999999999999998 17 11.999999999999998 14.999999999999998 19 19.000000000000004 11.999999999999998 13.000000000000002 14.999999999999998 11.999999999999998
leaf_count=10 10 18 12 14 15 10 14 14 10 16 10 19 16 12 12 19 10 11 11 17 12 15 19 19 12 13 15 12
internal_value=-2.70954 58.6537 -245.746 -348.808 -252.343 160.298 19.5673 -33.8394 34.8744 88.0423 207.523 11.074 28.4019 15.9559 -68.3606 19.5692 142.605 13.0575 -20.7927 -147.407 -173.866 -2.07349 113.31 168.871 156.982 57.2724 65.6788 43.6776
internal_weight=397 317 80 39 25 88 229 51 178 55 20 123 101 85 22 35 78 37 45 41 24 34 37 41 31 40 28 23
internal_count=397 317 80 39 25 88 229 51 178 55 20 123 101 85 22 35 78 37 45 41 24 34 37 41 31 40 28 23
is_linear=0
shrinkage=0.03


Tree=80
num_leaves=29
num_cat=0
split_feature=29 29 29 15 5 29 29 2 2 3 3 29 1 15 15 29 29 29 16 29 10 29 10 22 3 10 5 22
split_gain=7.05803e+09 1.44999e+09 1.14595e+09 1.27872e+09 3.50051e+08 2.5443e+08 2.52111e+08 2.1568e+08 3.05222e+08 4.67711e+08 1.69847e+08 2.30029e+08 1.6601e+08 1.31094e+08 1.17978e+08 1.21322e+08 8.76702e+07 4.59408e+07 4.211e+07 2.5738e+07 1.63046e+07 1.44861e+07 1.02015e+07 9.25259e+06 8.84095e+06 7.58215e+06 6.40198e+06 4.33261e+06
threshold=1.4339599247367767 75872.645000000004 0.56841701361305397 54459.350536635553 2004509.9550000003 52550.825000000004 123155.85000000002 82310.590000000011 60183.490000000013 45914.200000000004 45914.200000000004 1.0053703463594095 29283.360000000004 33496.262012941959 48429.512238570787 17114.705000000005 21859.955000000005 89726.765000000014 46885.151751505262 37145.670000000006 59676.166428571429 65704.345000000016 65073.841428571432 -0.34685948904333841 53360.985000000008 45853.047142857147 12886406.665000001 0.87322439853274636
decision_type=2 2 2 2 2 2 2 2 2 2 2 2 2 2 2 2 2 2 2 2 2 2 2 2 2 2 2 2
left_child=2 4 3 -1 -2 7 17 8 12 18 -4 -12 -6 -14 15 -15 -9 20 -10 -16 -3 25 23 -19 -23 27 -27 -7
right_child=1 6 10 -5 5 21 -8 16 9 -11 11 -13 13 14 19 -17 -18 22 -20 -21 -22 24 -24 -25 -26 26 -28 -29
leaf_value=-236.50132290152607 153.9437310619889 130.97825745109498 -110.48973215658833 -643.8771978268677 -108.32448830191544 68.496238714827527 285.69743854950076 -146.78049919742273 -38.882793296746833 189.95590086458714 -338.74632477262111 -139.10350722921379 -86.578255728788136 114.56082285123803 -58.930106470508491 -13.272739055839317 -36.522020081267961 186.94559834436168 36.305230353860289 -0.35769645427835395 89.068324080137444 49.157226866409474 131.74053640236141 152.26841012549207 83.229068521180793 21.409390957269636 49.121205297009695 41.286001222525066
leaf_weight=15.000000000000002 15.999999999999998 19 19 12.999999999999998 19 12.000000000000002 11.999999999999998 13.000000000000002 17.000000000000004 17 10.000000000000002 10.999999999999998 14.999999999999998 15.000000000000002 14.000000000000002 11.999999999999998 12.999999999999998 13.999999999999995 10.999999999999998 12.999999999999998 15.999999999999998 12.000000000000002 10.999999999999998 19.000000000000004 17 18.000000000000004 12.999999999999998 9.9999999999999982
leaf_count=15 16 19 19 13 19 12 12 13 17 17 10 11 15 15 14 12 13 14 11 13 16 12 11 19 17 18 13 10
internal_value=0.10078 54.7341 -279.328 -426.451 18.2837 9.24717 157.61 -12.8899 2.57011 66.0814 -175.938 -234.75 -29.9264 -8.27567 13.535 57.8264 -91.8272 137.985 -9.33258 -30.7814 111.974 52.1533 158.525 167.241 69.2392 42.7479 33.0909 56.2496
internal_weight=416 348 68 28 257 241 91 159 133 45 40 21 88 69 54 27 26 79 28 27 35 82 44 33 29 53 31 22
internal_count=416 348 68 28 257 241 91 159 133 45 40 21 88 69 54 27 26 79 28 27 35 82 44 33 29 53 31 22
is_linear=0
shrinkage=0.03


Tree=81
num_leaves=31
num_cat=0
split_feature=29 30 14 29 4 30 30 29 29 14 29 30 29 29 23 11 4 25 29 20 30 2 29 14 29 13 2 29 29 29
split_gain=6.64246e+09 1.37991e+09 1.15772e+09 9.14821e+08 8.69831e+08 5.35478e+08 3.90308e+08 5.60602e+08 3.22029e+08 2.53207e+08 1.43524e+08 1.23946e+08 1.23429e+08 1.11087e+08 5.08308e+07 9.63328e+07 6.26737e+07 4.57124e+07 5.67501e+07 4.84015e+07 3.07343e+07 2.91224e+07 2.82969e+07 2.41584e+07 3.02893e+07 1.61123e+07 1.21118e+07 1.10004e+07 9.24464e+06 7.36752e+06
threshold=1.4339599247367767 9.5000000000000018 62817.100808374926 53025.730000000003 43815.415000000008 14.500000000000002 5.5000000000000009 0.6678216696711986 9.7443340864407606 33696.901254264718 76971.480000000025 2.5000000000000004 108379.96000000002 1.9829638711452475 -0.34552334190817774 45673.326785714293 49605.795000000006 0.25000000000000017 40927.200000000004 0.6078576107927941 6.5000000000000009 59815.805000000015 66167.185000000012 40732.805900721556 28604.970000000005 49255.657166666679 65873.755000000019 22664.140000000003 84824.135000000024 45518.325000000004
decision_type=2 2 2 2 2 2 2 2 2 2 2 2 2 2 2 2 2 2 2 2 2 2 2 2 2 2 2 2 2 2
left_child=2 3 6 11 -4 8 -1 -8 9 -3 22 -2 14 -13 15 -10 -16 19 27 23 -21 -9 -5 24 -15 28 -25 -19 -12 -26
right_child=1 5 4 10 -6 -7 7 21 12 -11 25 13 -14 17 16 -17 -18 18 -20 20 -22 -23 -24 26 29 -27 -28 -29 -30 -31
leaf_value=-16.741786672108208 -137.58506834115553 -84.982161336870291 -654.14036992770502 45.113484899078003 -280.48809379489944 346.47036508413458 -385.23861967941809 -97.832282131821316 102.62638270534681 115.3797333816002 127.98820035564356 -107.67223495537699 228.77819834958072 -74.272030702962908 143.26656295421506 235.05749256646453 46.050267370423271 -101.59856704028675 5.5197459225201495 -3.1603516535972465 71.110594701055263 -168.2080739887918 81.547378717762058 18.64698520553446 -29.940906587105193 103.55084267180429 -23.351360799305475 -56.514593414762125 171.33781191697761 3.7322438368156772
leaf_weight=9.9999999999999982 9.9999999999999982 10.000000000000002 10.000000000000002 54 12.999999999999998 10.999999999999998 12.999999999999998 10.000000000000002 10.000000000000002 12.999999999999998 10.000000000000005 13.999999999999998 17 11.999999999999998 15.000000000000002 9.9999999999999982 9.9999999999999982 10.000000000000005 10.999999999999998 10.000000000000002 9.9999999999999982 11.999999999999998 30 16.000000000000004 14.000000000000002 10.999999999999998 9.9999999999999982 9.9999999999999982 9.9999999999999982 9.9999999999999982
leaf_count=10 10 10 10 54 13 11 13 10 10 13 10 14 17 12 15 10 10 10 11 10 10 12 30 16 14 11 10 10 10 10
internal_value=0.0971293 53.0976 -270.98 16.2156 -444.012 149.854 -182.147 -229.315 124.221 28.2705 78.5862 -36.1489 159.764 -28.1108 133.467 169.263 104.55 -18.2103 -49.2124 -6.46722 34.0598 -136.513 58.1664 -19.5574 -35.4546 133.735 2.47996 -79.2537 150.036 -15.9318
internal_weight=416 348 68 252 23 96 45 35 85 23 115 137 62 127 45 20 25 113 31 82 20 22 84 62 36 31 26 20 20 24
internal_count=416 348 68 252 23 96 45 35 85 23 115 137 62 127 45 20 25 113 31 82 20 22 84 62 36 31 26 20 20 24
is_linear=0
shrinkage=0.03


Tree=82
num_leaves=31
num_cat=0
split_feature=29 29 14 29 30 7 30 29 29 29 30 16 30 17 25 29 29 5 29 12 17 0 17 16 1 14 23 22 14 23
split_gain=6.25842e+09 1.5132e+09 9.80992e+08 5.83188e+08 7.96579e+08 1.40412e+09 5.59575e+08 2.86429e+08 2.82087e+08 2.25802e+08 1.48416e+08 9.47159e+07 7.05875e+07 6.19155e+07 5.54366e+07 4.03246e+07 2.95126e+07 3.03713e+07 2.37946e+07 1.45216e+07 1.15067e+07 1.05447e+07 8.45631e+06 8.1027e+06 8.04831e+06 7.4156e+06 7.21095e+06 9.21288e+06 5.46611e+06 5.10404e+06
threshold=0.91656783527364716 75872.645000000004 68912.486423768816 2.2784295271125132 10.500000000000002 11789539.090000002 6.5000000000000009 51187.725000000006 0.63475808591798766 123155.85000000002 2.5000000000000004 43831.614191282235 7.5000000000000009 48057.959103026813 -0.24999999999999994 89726.765000000014 31256.185000000001 17730034.115000006 56461.085000000006 36030.684000000001 43828.673810028959 76513.24500000001 48227.382427957309 48897.247105700961 64929.600000000006 36206.660114122569 -0.34552334190817774 -1.0000000180025095e-35 44326.244267545713 -0.15065085054871696
decision_type=2 2 2 2 2 2 2 2 2 2 2 2 2 2 2 2 2 2 2 2 2 2 2 2 2 2 2 2 2 2
left_child=2 3 6 11 7 -6 -1 10 -8 15 -5 -2 16 25 -14 21 17 29 23 -20 -21 28 -18 -9 -17 -13 -22 -28 -3 -12
right_child=1 9 -4 4 5 -7 8 18 -10 -11 12 13 14 -15 -16 24 22 -19 19 20 26 -23 -24 -25 -26 -27 27 -29 -30 -31
leaf_value=-57.952570657169112 -4.1880942273495805 127.81698586093228 -533.10614921596971 -133.47805321536845 459.60419703241587 -30.799478908901296 -419.01824044508544 36.732095707688359 -207.07204429660985 269.44818317840702 -55.463496968283543 -124.58450882185745 -9.6773635338092632 -68.618098221425925 81.685130455051606 139.32681427763623 -21.754261781900514 -9.0880913367638207 89.889894035680953 70.037857368048719 59.152932940174246 78.432671208168131 4.7707026368032857 3.2897845790396985 168.86095904693059 -163.77022440896101 49.335911435164583 14.217490080033221 97.361694335937486 -86.518753302275215
leaf_weight=10.999999999999998 9.9999999999999982 15.000000000000002 13.999999999999998 9.9999999999999982 10.000000000000002 10.999999999999998 12.000000000000002 16.000000000000004 10.999999999999998 11.999999999999998 10.000000000000004 10.000000000000002 13.000000000000002 19 10.999999999999998 30 27 10.999999999999998 9.9999999999999982 19 13.999999999999998 9.9999999999999982 18 10.999999999999998 13.999999999999998 9.9999999999999982 13.999999999999998 13.000000000000002 9.9999999999999982 10
leaf_count=11 10 15 14 10 10 11 12 16 11 12 10 10 13 19 11 30 27 11 10 19 14 10 18 11 14 10 14 13 10 10
internal_value=0.0928611 42.1314 -321.911 7.2549 27.4378 203.263 -234.293 9.55573 -318.322 148.232 -23.5785 -86.5898 -12.5273 -107.686 32.2799 129.66 -26.6888 -49.1899 47.1234 56.3515 50.6916 105.289 -11.1508 23.1387 148.905 -144.537 41.6518 32.4846 115.854 -71.1682
internal_weight=416 368 48 277 228 21 34 207 23 91 110 49 100 39 24 79 76 31 97 70 60 35 45 27 44 20 41 27 25 20
internal_count=416 368 48 277 228 21 34 207 23 91 110 49 100 39 24 79 76 31 97 70 60 35 45 27 44 20 41 27 25 20
is_linear=0
shrinkage=0.03


Tree=83
num_leaves=31
num_cat=0
split_feature=29 30 14 29 4 30 30 29 29 0 29 30 29 29 1 19 29 3 30 5 29 29 0 29 10 3 10 10 11 10
split_gain=5.89623e+09 1.22394e+09 1.03762e+09 8.12225e+08 8.09923e+08 4.82944e+08 3.53082e+08 4.97831e+08 2.9129e+08 2.86907e+08 1.27799e+08 1.09729e+08 1.09284e+08 9.97541e+07 7.53189e+07 3.96932e+07 3.5574e+07 3.37596e+07 6.20642e+07 2.97048e+07 4.11842e+07 2.54898e+07 2.1123e+07 1.51768e+07 1.50659e+07 1.35666e+07 1.3655e+07 8.54149e+06 6.00575e+06 5.55521e+06
threshold=1.4339599247367767 9.5000000000000018 62817.100808374926 53025.730000000003 43815.415000000008 14.500000000000002 5.5000000000000009 0.6678216696711986 9.7443340864407606 72765.705000000016 76971.480000000025 2.5000000000000004 108379.96000000002 1.9072875616446696 64022.775000000009 10295099.364333335 87417.72500000002 35132.160000000011 7.5000000000000009 16506902.640000002 27301.705000000002 65704.345000000016 54138.695000000007 37145.670000000006 50029.77714285715 66072.970000000016 59780.742857142861 60762.508571428574 56071.40214285715 55588.337142857148
decision_type=2 2 2 2 2 2 2 2 2 2 2 2 2 2 2 2 2 2 2 2 2 2 2 2 2 2 2 2 2 2
left_child=2 3 6 11 -4 8 -1 -8 9 -3 21 -2 14 -13 16 17 -10 -15 23 20 -17 29 -9 -19 -12 26 -21 -23 -26 -5
right_child=1 5 4 10 -6 -7 7 22 12 -11 24 13 -14 15 -16 19 -18 18 -20 25 -22 27 -24 -25 28 -27 -28 -29 -30 -31
leaf_value=-13.901816843516791 -129.49363567295359 -75.753001714049503 -621.8456404500929 48.307536726487328 -261.38654364224135 327.8683249080882 -363.00785234823991 -95.524960463794258 51.99040691669169 135.91276667668268 156.98620423274247 -112.62535085548642 215.55095943775342 -35.771242579127332 173.46196593392918 -104.00583987689122 122.41369971159462 -33.033062475054088 79.158785350287133 15.135165891976186 -21.879869099647411 87.974322920725513 -155.69027455436736 10.448120711054498 128.49999781366597 -43.676521003109279 -30.187668150474579 55.423653680951759 94.67892237874716 26.905753162419682
leaf_weight=9.9999999999999982 9.9999999999999982 12.000000000000002 10.000000000000002 36 12.999999999999998 10.999999999999998 12.999999999999998 10.000000000000002 11.000000000000002 10.999999999999998 10.000000000000002 10.999999999999998 17 17 18 11.000000000000002 15.999999999999998 12.000000000000002 9.9999999999999982 13.000000000000002 10.999999999999998 20 11.999999999999998 18 10.000000000000002 12.999999999999998 10.999999999999998 11.999999999999998 10.999999999999998 15.999999999999998
leaf_count=10 10 12 10 36 13 11 13 10 11 11 10 11 17 17 18 11 16 12 10 13 11 20 12 18 10 13 11 12 11 16
internal_value=0.0894446 50.0242 -255.308 15.289 -419.117 141.149 -171.211 -216.073 116.806 25.5537 74.0583 -34.0519 150.61 -26.4888 125.865 -18.2757 93.8719 -0.417418 14.6339 -35.5136 -63.0856 54.7896 -128.621 -6.97038 126.098 -19.0564 -5.65737 75.8733 111.051 41.7545
internal_weight=416 348 68 252 23 96 45 35 85 23 115 137 62 127 45 116 27 57 40 59 22 84 22 30 31 37 24 32 21 52
internal_count=416 348 68 252 23 96 45 35 85 23 115 137 62 127 45 116 27 57 40 59 22 84 22 30 31 37 24 32 21 52
is_linear=0
shrinkage=0.03


Tree=84
num_leaves=30
num_cat=0
split_feature=29 29 30 29 30 7 3 29 29 30 30 3 2 30 29 29 2 1 29 29 10 10 3 3 22 29 13 30 4
split_gain=5.55402e+09 1.33534e+09 6.8832e+08 5.20046e+08 7.14984e+08 1.30948e+09 3.00522e+08 2.52268e+08 2.02409e+08 1.33753e+08 8.64439e+07 9.31488e+07 7.84013e+07 1.08282e+08 3.57761e+07 2.87221e+07 2.77081e+07 4.55132e+07 1.92295e+07 1.77101e+07 1.45576e+07 9.90784e+06 9.62551e+06 9.41924e+06 8.25067e+06 7.25374e+06 7.51266e+06 5.70347e+06 4.67578e+06
threshold=0.91656783527364716 75872.645000000004 8.5000000000000018 2.2784295271125132 10.500000000000002 11789539.090000002 48153.225000000006 51604.580000000009 123155.85000000002 2.5000000000000004 6.5000000000000009 59357.150000000009 80689.72500000002 8.5000000000000018 89726.765000000014 28604.970000000005 61222.825000000004 73485.585000000006 29854.990000000005 65704.345000000016 59676.166428571429 65073.841428571432 53360.985000000008 53025.730000000003 -0.34685948904333841 56461.085000000006 38938.108416666677 6.5000000000000009 45809.820000000007
decision_type=2 2 2 2 2 2 2 2 2 2 2 2 2 2 2 2 2 2 2 2 2 2 2 2 2 2 2 2 2
left_child=2 3 6 10 7 -6 -1 9 14 -5 -2 -12 13 16 20 -14 18 -18 -11 25 -3 24 -21 -20 -16 27 -27 -9 -28
right_child=1 8 -4 4 5 -7 -8 19 -10 12 11 -13 15 -15 21 -17 17 -19 23 22 -22 -23 -24 -25 -26 26 28 -29 -30
leaf_value=-102.98513843054056 -141.6130244562396 116.7416749969242 -443.60267439714568 -125.62815214697993 440.11415286846994 -33.460813662153562 -297.62655474226051 37.684555610878327 254.11969743784039 -52.261989991451017 -101.80702611733011 -2.3803181585864484 -92.322362179578064 94.857630487698216 166.86716855955294 -23.392345029916331 48.211145333831873 -31.977813720703125 6.1231989559541091 43.962056197243164 77.244231293580228 113.83793989500847 78.177572843176506 -27.452247125365805 134.39742518147142 66.609600830078108 20.75031277410584 8.4204135815632277 45.721731254598765
leaf_weight=13.000000000000002 14.999999999999998 19 19 9.9999999999999982 10.000000000000002 10.999999999999998 15.999999999999998 12.000000000000002 11.999999999999998 14.999999999999998 18 15.999999999999998 12.000000000000002 9.9999999999999982 13.999999999999995 9.9999999999999982 15.000000000000002 10.999999999999998 15.000000000000002 13.000000000000002 15.999999999999998 10.999999999999998 18 14.999999999999998 19.000000000000004 9.9999999999999982 11.000000000000002 11.999999999999998 18
leaf_count=13 15 19 19 10 10 11 16 12 12 15 18 16 12 10 14 10 15 11 15 13 16 11 18 15 19 10 11 12 18
internal_value=0.0854375 39.6876 -303.257 6.92487 25.9839 192.561 -210.701 9.04239 139.358 -21.16 -81.6941 -55.0902 -10.9615 2.68966 121.776 -61.1146 -10.3494 14.2888 -24.5848 45.3415 98.8216 139.902 63.923 -10.6823 148.404 36.1548 44.1484 23.1004 36.3018
internal_weight=416 368 48 277 228 21 29 207 91 113 49 34 103 81 79 22 71 26 45 94 35 44 31 30 33 63 39 24 29
internal_count=416 368 48 277 228 21 29 207 91 113 49 34 103 81 79 22 71 26 45 94 35 44 31 30 33 63 39 24 29
is_linear=0
shrinkage=0.03


Tree=85
num_leaves=31
num_cat=0
split_feature=29 29 29 30 17 29 29 30 17 29 29 16 29 5 30 29 23 29 22 22 5 22 11 24 8 15 4 29 11 12
split_gain=4.01696e+09 1.18633e+09 9.72744e+08 4.19538e+08 3.68934e+08 2.57289e+08 2.42475e+08 2.13697e+08 3.77109e+08 1.61332e+08 8.16771e+07 1.04342e+08 6.58355e+07 6.52422e+07 3.85241e+07 4.94836e+07 3.39763e+07 2.7043e+07 2.53031e+07 2.17584e+07 1.69341e+07 1.56261e+07 1.41511e+07 1.21195e+07 1.17734e+07 9.12559e+06 6.55938e+06 5.59803e+06 5.39482e+06 4.66079e+06
threshold=1.4339599247367767 75872.645000000004 0.37358695828773819 12.500000000000002 50225.698470799165 0.6678216696711986 51187.725000000006 8.5000000000000018 46789.255782643515 123155.85000000002 32461.295000000006 51740.900776468632 90908.395000000019 3703027.8250000007 5.5000000000000009 2.1515105257861697 -0.34552334190817774 57790.515000000007 -0.43982890882219972 -0.25033082153100961 7989246.1150000012 0.91777833585891111 46786.571428571428 -0.6830127018922193 11491347.530000001 44138.577142328279 61962.870000000003 95766.660000000018 55531.441785714291 43424.24700000001
decision_type=2 2 2 2 2 2 2 2 2 2 2 2 2 2 2 2 2 2 2 2 2 2 2 2 2 2 2 2 2 2
left_child=2 3 -1 6 5 -4 7 10 -9 12 11 13 25 -2 19 -16 -7 23 -17 -15 -14 22 -19 -8 29 28 -25 -22 -3 -12
right_child=1 9 4 -5 -6 16 17 8 -10 -11 24 -13 20 14 15 18 -18 21 -20 -21 27 -23 -24 26 -26 -27 -28 -29 -30 -31
leaf_value=-453.56439517959024 30.779885192415602 121.36048854638004 -284.25877359787393 200.93626982276115 9.1870767621851677 -174.29874515770874 -11.257957299075905 -93.464829402183383 135.87471409847862 242.61664740791147 17.515234417781645 -127.37311581836585 179.26966469881219 -51.751265705165551 -83.227995569565707 -36.106960811010858 -106.64672007337906 70.167261838992303 29.673397052821805 -113.29686161921573 118.06645788433906 16.653927700336162 40.625222678521006 11.140084064540572 -23.539760256189059 76.384002786990337 44.748438936121318 145.77083807517224 90.719661019352955 -8.5460567872915689
leaf_weight=11.999999999999998 9.9999999999999982 11.000000000000002 17 9.9999999999999982 9.9999999999999982 11.999999999999998 10.000000000000002 10.000000000000002 18 10.999999999999998 16.000000000000004 14.999999999999998 10.999999999999998 10.000000000000002 10.999999999999998 10.999999999999995 16.000000000000004 30 10.000000000000005 10.999999999999998 12.999999999999998 10.999999999999998 29 10.000000000000002 19 18 10.999999999999998 19 11.999999999999998 9.9999999999999982
leaf_count=12 10 11 17 10 10 12 10 10 18 11 16 15 11 10 11 11 16 30 10 11 13 11 29 10 19 18 11 19 12 10
internal_value=3.78753 43.7973 -209.272 10.858 -155.609 -192.2 3.27683 -20.7883 53.9471 134.587 -37.8163 -56.3753 120.304 -39.3834 -52.6383 -31.8388 -135.899 39.2479 -4.7869 -84.182 146.31 49.5748 55.6933 15.8868 -5.62044 92.8852 28.8089 134.718 105.605 7.4945
internal_weight=424 357 67 262 55 45 252 151 28 95 123 78 84 63 53 32 28 101 21 21 43 70 59 31 45 41 21 32 23 26
internal_count=424 357 67 262 55 45 252 151 28 95 123 78 84 63 53 32 28 101 21 21 43 70 59 31 45 41 21 32 23 26
is_linear=0
shrinkage=0.03


Tree=86
num_leaves=31
num_cat=0
split_feature=29 29 29 17 29 16 29 6 29 20 1 2 11 15 29 10 14 29 29 23 10 10 29 15 10 12 16 29 13 14
split_gain=3.78038e+09 1.1165e+09 9.15516e+08 3.47202e+08 2.42117e+08 2.15245e+08 1.78553e+08 1.60566e+08 1.51848e+08 1.09827e+08 1.01537e+08 1.02333e+08 7.21698e+07 6.95087e+07 7.8078e+07 7.28959e+07 1.26263e+08 6.19563e+07 5.13637e+07 3.19799e+07 3.04546e+07 2.92503e+07 9.75337e+06 8.59092e+06 8.49034e+06 9.95367e+06 6.08585e+06 5.28841e+06 5.00773e+06 3.97458e+06
threshold=1.4339599247367767 75872.645000000004 0.37358695828773819 50225.698470799165 0.6678216696711986 59942.545713965759 51604.580000000009 4601555.8900000015 123155.85000000002 1.0000000180025095e-35 -18615.414999999997 80689.72500000002 49955.602500000001 32471.835407003757 32.285839286721725 37204.711428571427 33696.901254264718 90908.395000000019 29854.990000000005 -0.34552334190817774 65303.012857142865 39968.255714285719 66167.185000000012 44138.577142328279 65073.841428571432 49132.875500000002 46149.277749821071 81953.060000000012 45100.219583333346 67962.506070629286
decision_type=2 2 2 2 2 2 2 2 2 2 2 2 2 2 2 2 2 2 2 2 2 2 2 2 2 2 2 2 2 2
left_child=2 5 -1 4 -4 6 7 9 17 -2 -9 13 -13 -12 15 -15 -17 23 -16 -6 22 -19 29 27 25 -23 -24 -3 -20 -8
right_child=1 8 3 -5 19 -7 20 10 -10 -11 11 12 -14 14 18 16 -18 21 28 -21 -22 24 26 -25 -26 -27 -28 -29 -30 -31
leaf_value=-440.01393161631222 -11.088393141451252 87.747202513128855 -275.75601652710321 8.9128376064015846 -169.09148121434129 146.68163989622198 42.698386344438788 -120.2949459246735 235.37107833931347 105.6147015023469 -57.784722996508975 -137.08865310896681 -33.044598135203614 -32.844712715718281 -82.517246713211279 -2.3868215377644706 124.90316947312542 187.4373666336287 10.323408771383349 -103.45728659941769 1.4819419077764158 119.7693336925287 78.482710590621437 74.098829748095554 103.48313134036846 161.55188316231343 47.117562777570662 118.02203208957862 -15.48762943990714 21.571787159478482
leaf_weight=11.999999999999998 14.000000000000002 12.000000000000002 17 9.9999999999999982 11.999999999999998 9.9999999999999982 44 9.9999999999999982 10.999999999999998 14.999999999999998 19 10.000000000000002 14.999999999999998 9.9999999999999982 9.9999999999999982 14.000000000000002 13.999999999999998 9.9999999999999982 13.000000000000002 16.000000000000004 17 13.000000000000002 11.000000000000002 18 9.9999999999999982 9.9999999999999982 11.999999999999998 10.999999999999998 13.999999999999998 9.9999999999999982
leaf_count=12 14 12 17 10 12 10 44 10 11 15 19 10 15 10 10 14 14 10 13 16 17 13 11 18 10 10 12 11 14 10
internal_value=3.67396 42.4877 -203.017 -150.956 -186.452 10.5325 5.10176 -14.3754 130.565 49.3532 -28.7155 -20.9725 -74.8528 -6.61045 6.38356 36.5641 61.3674 116.708 -24.6202 -131.837 37.8302 141.936 45.8489 90.1092 127.885 138.247 62.256 102.451 -3.06398 38.8096
internal_weight=424 357 67 55 45 262 252 158 95 29 129 119 25 94 75 38 28 84 37 28 94 43 77 41 33 23 23 23 27 54
internal_count=424 357 67 55 45 262 252 158 95 29 129 119 25 94 75 38 28 84 37 28 94 43 77 41 33 23 23 23 27 54
is_linear=0
shrinkage=0.03


Tree=87
num_leaves=31
num_cat=0
split_feature=29 29 29 17 3 29 16 29 6 29 23 1 2 1 29 13 13 29 29 10 10 29 29 10 10 11 10 16 14 29
split_gain=3.55776e+09 1.05082e+09 8.61656e+08 3.2675e+08 2.5965e+08 4.40997e+08 2.0259e+08 1.68204e+08 1.54203e+08 1.42915e+08 1.0906e+08 9.37453e+07 1.06761e+08 6.87719e+07 5.83173e+07 5.57057e+07 1.06443e+08 1.10099e+08 9.94873e+07 2.75317e+07 2.7224e+07 1.0722e+07 1.05098e+07 7.98983e+06 7.98405e+06 6.83748e+06 6.23082e+06 5.72799e+06 5.2843e+06 4.34299e+06
threshold=1.4339599247367767 75872.645000000004 0.37358695828773819 50225.698470799165 46780.430000000008 0.6678216696711986 59942.545713965759 51187.725000000006 4601555.8900000015 123155.85000000002 0.24936651517469852 -18615.414999999997 80689.72500000002 56646.380000000012 90908.395000000019 52212.062750000012 49921.917666666668 3.482951500646299 5.8369807468758159 39968.255714285719 65303.012857142865 39106.810000000005 66167.185000000012 65073.841428571432 59676.166428571429 46236.969285714295 64656.45285714286 46149.277749821071 44326.244267545713 53392.785000000011
decision_type=2 2 2 2 2 2 2 2 2 2 2 2 2 2 2 2 2 2 2 2 2 2 2 2 2 2 2 2 2 2
left_child=2 6 -1 4 -4 -6 7 8 10 14 -2 -10 15 -14 24 16 17 -13 -19 -16 22 -20 29 25 28 -21 -26 -24 -3 -9
right_child=1 9 3 -5 5 -7 -8 20 11 -11 -12 12 13 -15 19 -17 -18 18 21 23 -22 -23 27 -25 26 -27 -28 -29 -30 -31
leaf_value=-426.86827245688534 90.003225371593544 117.14860293260256 -92.249548170771277 8.6467818986124048 -397.43658028218266 -145.99249002674807 142.30308236648787 20.915109954483206 -116.70405182340251 228.34189767966978 -32.211102237986097 -83.026664822600608 -22.082446454768796 -124.03463035013482 181.84222175256528 -59.243777845389019 81.949733707822588 93.904401819029843 -27.242377428164207 113.91843443913241 1.4376147586229608 4.1990293067271312 76.138882542951052 100.39408450909514 57.969361097240856 149.15941653196836 91.397863587336744 45.709900966026964 84.773940174615191 40.784161865372937
leaf_weight=11.999999999999998 19.000000000000004 10.000000000000002 18 9.9999999999999982 10.000000000000002 17 9.9999999999999982 12.999999999999998 9.9999999999999982 10.999999999999998 9.9999999999999982 14.999999999999998 11.000000000000002 12.999999999999998 9.9999999999999982 14.999999999999998 12.999999999999998 9.9999999999999982 20 10.000000000000002 17 19 11.000000000000002 9.9999999999999982 11.000000000000002 12.999999999999998 9.9999999999999982 11.999999999999998 9.9999999999999982 44
leaf_count=12 19 10 18 10 10 17 10 13 10 11 10 15 11 13 10 15 13 10 20 10 17 19 11 10 11 13 10 12 10 44
internal_value=3.56443 41.218 -196.948 -146.442 -180.877 -239.682 10.217 4.94835 -14.4399 126.665 47.8774 -28.7961 -21.1708 -77.4496 113.222 -6.45524 3.86001 -12.0536 9.73539 137.698 35.921 -11.939 43.2433 124.066 87.4161 134.118 74.067 60.3965 101.213 36.2749
internal_weight=424 357 67 55 45 27 262 252 155 95 29 126 116 24 84 92 77 64 49 43 97 39 80 33 41 23 21 23 20 57
internal_count=424 357 67 55 45 27 262 252 155 95 29 126 116 24 84 92 77 64 49 43 97 39 80 33 41 23 21 23 20 57
is_linear=0
shrinkage=0.03


Tree=88
num_leaves=31
num_cat=0
split_feature=30 3 30 22 14 23 21 3 14 0 23 14 4 16 0 4 30 23 25 4 0 12 1 30 13 1 30 3 4 14
split_gain=5.64e+08 3.38547e+08 4.78449e+08 2.88752e+08 2.62482e+08 5.92197e+08 2.22411e+08 2.93046e+08 1.83523e+08 3.66462e+08 1.94942e+08 1.30122e+08 1.07015e+08 1.02803e+08 6.87747e+07 1.14337e+08 8.15886e+07 7.08028e+07 5.23655e+07 5.22675e+07 5.20412e+07 6.64137e+07 7.65011e+07 5.18693e+07 3.36661e+07 3.23629e+07 2.65488e+07 2.37229e+07 2.04618e+07 1.50033e+07
threshold=7.5000000000000009 79697.49500000001 12.500000000000002 0.43982890882219988 63099.12885675126 0.24936651517469852 1.0000000180025095e-35 94809.22500000002 50190.406732534226 65293.415000000008 0.24936651517469852 42318.739505835205 76501.760000000024 43360.103214879498 21859.955000000005 37529.295000000006 3.5000000000000004 -0.91424293627231534 0.25000000000000017 29283.360000000004 38975.890000000007 46938.529833333341 45619.195000000007 5.5000000000000009 49044.296333333339 55502.855000000003 6.5000000000000009 36304.475000000013 -18615.414999999997 28932.815408758757
decision_type=2 2 2 2 2 2 2 2 2 2 2 2 2 2 2 2 2 2 2 2 2 2 2 2 2 2 2 2 2 2
left_child=4 2 8 -4 12 -6 7 -3 11 10 27 20 14 -14 15 -1 -16 -18 -8 28 25 22 -22 -15 -23 -2 29 -10 -19 -21
right_child=1 6 3 -5 5 -7 18 -9 9 -11 -12 -13 13 23 16 -17 17 19 -20 26 21 24 -24 -25 -26 -27 -28 -29 -30 -31
leaf_value=-45.000970652566011 109.2456068805952 -181.55331581090371 291.99017505214209 78.989649121296353 -14.123391285092808 -290.35990669630229 -10.776976102941171 27.842603119807453 51.339697994402961 -141.78513148840634 -49.110428393798017 128.97497087613806 -120.25241466771776 -77.05170001129602 -98.119250807121603 81.293539025578795 -78.437841382609221 5.5337720647392414 83.910582220732266 -11.953457097097052 56.055601387593256 92.478161200161637 -49.496571350097653 9.8855354095173773 32.489391450872041 40.257595866621884 9.9683804970087948 111.39392276396386 57.347281311605578 -57.691556481195086
leaf_weight=10.000000000000002 14.000000000000002 15.000000000000002 11.000000000000002 11.999999999999998 19.000000000000004 10.999999999999998 11.000000000000002 9.9999999999999982 10.000000000000002 13.999999999999998 14.999999999999998 19 15.999999999999998 10.000000000000002 9.9999999999999982 18 10.999999999999998 12.000000000000002 9.9999999999999982 12.000000000000002 10.000000000000002 12.999999999999998 15.999999999999998 15.999999999999998 24 10.999999999999998 19 14.999999999999998 15.999999999999998 13.999999999999998
leaf_count=10 14 15 11 12 19 11 11 10 10 14 15 19 16 10 10 18 11 12 10 12 10 13 16 16 24 11 19 15 16 14
internal_value=3.45822 35.2319 53.4281 181.272 -34.211 -115.725 -37.5319 -97.9066 35.1141 -9.96763 36.2879 57.8596 -19.2692 -60.5412 -5.04179 36.1885 -17.3359 -7.66615 34.4045 3.04446 42.4406 27.8691 -8.86991 -23.6356 53.6629 79.0318 -16.9746 87.5227 35.1909 -36.6451
internal_weight=424 230 184 23 194 30 46 25 161 54 40 107 164 42 122 28 94 84 21 73 88 63 26 26 37 25 45 25 28 26
internal_count=424 230 184 23 194 30 46 25 161 54 40 107 164 42 122 28 94 84 21 73 88 63 26 26 37 25 45 25 28 26
is_linear=0
shrinkage=0.03


Tree=89
num_leaves=31
num_cat=0
split_feature=29 29 29 30 30 29 30 29 29 7 29 2 29 14 10 20 12 0 29 0 15 29 11 29 1 10 21 29 13 30
split_gain=3.27718e+09 9.47536e+08 7.77023e+08 3.71075e+08 2.76149e+08 2.51117e+08 1.99217e+08 2.44891e+08 2.08639e+08 1.43386e+08 1.27857e+08 1.14778e+08 8.80452e+07 8.16262e+07 6.92503e+07 6.79973e+07 4.71202e+07 4.6147e+07 6.02174e+07 4.40677e+07 4.34861e+07 4.11054e+07 5.44715e+07 2.79403e+07 2.48739e+07 2.38e+07 1.723e+07 1.51284e+07 1.09926e+07 6.75763e+06
threshold=1.4339599247367767 75872.645000000004 0.37358695828773819 12.500000000000002 5.5000000000000009 0.6678216696711986 5.5000000000000009 17114.705000000005 2.2784295271125132 4299990.3450000007 99813.215000000011 37258.665000000008 3.482951500646299 37789.715325643709 59780.742857142861 -1.0000000180025095e-35 51856.566666666673 48800.580000000009 48407.975000000006 35534.285000000011 49007.865528764152 58592.835000000006 51860.863928571438 39106.810000000005 21925.385000000006 58106.400000000016 1.0000000180025095e-35 84824.135000000024 43140.748333333344 8.5000000000000018
decision_type=2 2 2 2 2 2 2 2 2 2 2 2 2 2 2 2 2 2 2 2 2 2 2 2 2 2 2 2 2 2
left_child=2 3 -1 6 -4 -6 7 -2 19 11 25 -10 -11 -12 16 -15 17 24 -19 -8 -18 22 -16 28 -14 27 -7 -3 -9 -27
right_child=1 10 4 -5 5 26 8 23 9 12 13 -13 14 15 21 -17 20 18 -20 -21 -22 -23 -24 -25 -26 29 -28 -29 -30 -31
leaf_value=-407.43028298532317 -165.15366058982752 90.468933348798274 1.4824258832789177 188.81770274603542 -259.53432968858209 -84.929065383289696 -25.138921686428684 -8.1198282614521595 28.397911787230928 -59.923473462623178 97.698349682252783 157.08767162136647 91.791640005538667 147.91227104911971 -84.28747510340672 254.89077170531669 119.7672374880691 -51.513131816753209 32.583283172933619 -112.22075207136334 38.594450887044268 30.559320515831192 3.8032336998545175 18.178001061555381 34.245421507919197 96.508895828474778 -134.62442410192756 132.14862483228012 -43.242761868365868 65.659871774421362
leaf_weight=11.999999999999998 11.999999999999998 14.999999999999998 9.9999999999999982 9.9999999999999982 18 11.000000000000002 10.000000000000002 12.999999999999998 12.000000000000002 11.999999999999998 9.9999999999999982 12.999999999999998 10.000000000000002 11 10.000000000000002 11 11.000000000000002 11.999999999999998 21 10.999999999999998 12.999999999999998 17 17 15.999999999999998 21 10.000000000000002 15.999999999999998 18 21 20
leaf_count=12 12 15 10 10 18 11 10 13 12 12 10 13 10 11 10 11 11 12 21 11 13 17 17 16 21 10 16 18 21 20
internal_value=3.35462 39.4929 -189.089 10.0548 -141.124 -172.781 2.92502 -43.7481 18.1627 29.2488 120.632 95.4966 17.7183 169.511 24.7966 201.858 40.1545 26.6747 1.9711 -70.9114 75.9703 -5.9298 -28.9184 -14.4749 52.9266 95.6897 -114.573 113.369 -29.845 76.0864
internal_weight=424 357 67 262 55 45 252 62 190 169 95 25 144 32 132 22 88 64 33 21 24 44 27 50 31 63 27 33 34 30
internal_count=424 357 67 262 55 45 252 62 190 169 95 25 144 32 132 22 88 64 33 21 24 44 27 50 31 63 27 33 34 30
is_linear=0
shrinkage=0.03


Tree=90
num_leaves=31
num_cat=0
split_feature=29 29 3 4 29 30 0 14 30 14 29 2 4 29 29 29 4 29 29 14 29 3 3 25 4 4 6 3 25 29
split_gain=4.24515e+09 8.77206e+08 5.31762e+08 3.88031e+08 3.45031e+08 4.9425e+08 2.87336e+08 1.8105e+08 1.52251e+08 1.43213e+08 1.30713e+08 1.03418e+08 7.92364e+07 7.83502e+07 7.37788e+07 1.58076e+08 7.60977e+07 7.40725e+07 3.65434e+07 2.57817e+07 1.42008e+07 1.16311e+07 9.37169e+06 1.8442e+07 8.2924e+06 7.00196e+06 6.67878e+06 3.9128e+06 3.86272e+06 2.97897e+06
threshold=1.1007565827145689 75179.670000000027 58592.835000000006 55570.970000000008 3.2772196089076209 11.500000000000002 52321.74500000001 38384.546724990651 4.5000000000000009 45300.494796257321 123155.85000000002 47454.455000000009 51530.05000000001 25171.050000000007 27301.705000000002 6.049204822479922 56646.380000000012 58592.835000000006 87417.72500000002 27264.233662270217 51187.725000000006 60272.075000000012 63340.210000000006 -0.24999999999999994 76032.390000000014 61962.870000000003 11037862.315000003 47454.455000000009 0.25000000000000017 65293.415000000008
decision_type=2 2 2 2 2 2 2 2 2 2 2 2 2 2 2 2 2 2 2 2 2 2 2 2 2 2 2 2 2 2
left_child=2 4 3 -1 7 8 -4 11 13 -9 18 -2 -11 -6 15 16 -10 19 28 21 27 -16 23 -20 26 -22 -19 -21 -3 -28
right_child=1 10 6 -5 5 -7 -8 9 14 12 -12 -13 -14 -15 17 -17 -18 24 22 20 25 -23 -24 -25 -26 -27 29 -29 -30 -31
leaf_value=-270.90345473303472 -60.180369989041267 70.012741317230024 -461.33948675765021 -64.945881667092578 -91.669755311769848 220.42087523861707 -241.37085250171259 79.897202221315283 75.860146092656777 -104.95258438285737 217.27990576900649 -190.52211317519794 4.3333478418410625 -0.50379359860829698 -8.3730818107946554 158.95650043746463 -40.898117566464549 65.198834962369403 160.9568184831023 -16.612603460673082 10.329828332032868 -54.121450464049374 101.5719301719365 111.02510015532727 23.963865276078735 41.086990394433997 29.629784827014706 4.3806253024909498 92.666908119167132 52.074865904850739
leaf_weight=17 11.000000000000002 22 12.000000000000002 15.999999999999998 15.999999999999998 10.999999999999998 9.9999999999999982 9.9999999999999982 10.000000000000005 13.000000000000002 9.9999999999999982 10.999999999999998 10.999999999999998 18 10.000000000000002 10.999999999999998 9.9999999999999982 17 11.000000000000002 14.999999999999998 15.000000000000002 9.9999999999999982 19 19 13.999999999999998 11.999999999999998 12.000000000000002 17 10.999999999999998 9.9999999999999982
leaf_count=17 11 22 12 16 16 11 10 10 10 13 10 11 11 18 10 11 10 17 11 15 15 10 19 19 14 12 12 17 11 10
internal_value=-2.71574 35.1914 -247.887 -171.295 7.38473 25.1814 -362.128 -58.6805 14.2265 -15.2359 114.937 -125.635 -54.9583 -43.477 26.2725 67.8853 17.5246 16.4777 102.331 -1.93343 8.04796 -31.3252 118.829 129.571 43.8968 24.0504 51.0123 -5.47052 77.6929 39.927
internal_weight=411 356 55 33 264 208 22 56 197 34 92 22 24 34 163 31 20 132 82 79 59 20 49 30 53 27 39 32 33 22
internal_count=411 356 55 33 264 208 22 56 197 34 92 22 24 34 163 31 20 132 82 79 59 20 49 30 53 27 39 32 33 22
is_linear=0
shrinkage=0.03


Tree=91
num_leaves=31
num_cat=0
split_feature=29 29 3 4 29 30 14 30 29 30 2 29 29 29 4 29 10 3 14 29 29 30 3 13 4 3 4 4 15 3
split_gain=3.99808e+09 8.71165e+08 4.3581e+08 4.08115e+08 3.94545e+08 4.6517e+08 1.57494e+08 1.43283e+08 1.23038e+08 1.18807e+08 9.94804e+07 7.37339e+07 6.94399e+07 1.48775e+08 7.16224e+07 6.97114e+07 3.96535e+07 3.85011e+07 2.42652e+07 1.69047e+07 1.33648e+07 1.19794e+07 1.0947e+07 1.00712e+07 7.16585e+06 6.99258e+06 6.58995e+06 5.02525e+06 4.59174e+06 3.68229e+06
threshold=0.91656783527364716 75179.670000000027 77239.040000000023 55570.970000000008 3.2772196089076209 11.500000000000002 38384.546724990651 4.5000000000000009 123155.85000000002 8.5000000000000018 47454.455000000009 25171.050000000007 27301.705000000002 6.049204822479922 56646.380000000012 58592.835000000006 52912.768571428584 76616.280000000013 27264.233662270217 90908.395000000019 51187.725000000006 10.500000000000002 60272.075000000012 49353.294916666673 49605.795000000006 46780.430000000008 61962.870000000003 22169.155000000002 52403.666030994456 47454.455000000009
decision_type=2 2 2 2 2 2 2 2 2 2 2 2 2 2 2 2 2 2 2 2 2 2 2 2 2 2 2 2 2 2
left_child=2 4 3 -1 6 7 10 11 16 17 -2 -6 13 14 -9 18 19 -8 22 -3 29 -21 -14 25 27 -17 -22 -18 -27 -20
right_child=1 8 -4 -5 5 -7 9 12 -10 -11 -12 -13 15 -15 -16 23 24 -19 20 21 26 -23 -24 -25 -26 28 -28 -29 -30 -31
leaf_value=-306.94360317337174 -58.383125519213067 94.151124709626757 -391.55131381722384 -98.46817752066741 -88.928227989695898 213.83816702311933 -34.052793770405771 73.595662427304333 210.7939421240963 28.70414226862389 -183.54503553714989 -0.48872208793407662 -8.1231391109637325 154.20938146254593 -39.67727852437033 35.884801572752167 74.387968968633359 -117.43713961928637 -16.115880997870054 155.93006465517237 10.02096290968581 113.60077114762929 -52.505883333576257 24.990201262226254 64.98738849287912 48.938966392403195 39.859495360821604 105.00126003075509 78.312131602728527 4.2495920287548969
leaf_weight=15.999999999999998 11.000000000000002 14.999999999999998 14.999999999999998 18 15.999999999999998 10.999999999999998 10.000000000000002 10.000000000000005 9.9999999999999982 19 11.999999999999998 18 10.000000000000002 10.999999999999998 9.9999999999999982 13.999999999999998 10.000000000000002 9.9999999999999982 14.999999999999998 13.000000000000002 15.000000000000002 12.999999999999998 9.9999999999999982 19 20 10.000000000000002 11.999999999999998 10.999999999999998 9.9999999999999982 17
leaf_count=16 11 15 15 18 16 11 10 10 10 19 12 18 10 11 10 14 10 10 15 13 15 13 10 19 20 10 12 11 10 17
internal_value=-2.63459 31.8014 -256.812 -196.881 4.62879 24.4293 -61.7649 13.8016 111.501 -24.9849 -123.941 -42.1768 25.4874 65.8581 17.0015 15.9851 99.2713 -75.9339 -1.87587 120.203 7.80752 135.024 -30.3901 42.5847 78.2183 52.3658 23.3317 90.6348 63.7842 -5.30697
internal_weight=411 362 49 34 270 208 62 197 92 39 23 34 163 31 20 132 82 20 79 41 59 26 20 53 41 34 27 21 20 32
internal_count=411 362 49 34 270 208 62 197 92 39 23 34 163 31 20 132 82 20 79 41 59 26 20 53 41 34 27 21 20 32
is_linear=0
shrinkage=0.03


Tree=92
num_leaves=31
num_cat=0
split_feature=29 29 17 3 29 30 14 14 30 0 29 12 29 3 29 29 29 21 10 14 29 29 0 30 3 30 5 29 16 30
split_gain=3.76679e+09 7.7626e+08 4.94663e+08 6.3148e+08 3.04009e+08 4.37801e+08 1.61536e+08 1.35427e+08 1.34845e+08 1.23038e+08 1.1581e+08 8.93008e+07 6.93896e+07 6.85364e+07 6.53554e+07 1.40021e+08 6.56089e+07 5.40281e+07 3.73179e+07 2.28379e+07 1.59107e+07 1.25779e+07 1.20485e+07 1.12741e+07 1.03032e+07 7.75085e+06 9.0636e+06 5.45186e+06 4.97081e+06 4.88905e+06
threshold=1.1007565827145689 75179.670000000027 51296.790453953661 49707.610000000008 3.2772196089076209 11.500000000000002 38384.546724990651 45300.494796257321 4.5000000000000009 33378.885000000002 123155.85000000002 41752.798666666677 25171.050000000007 51567.355000000003 27301.705000000002 6.049204822479922 58592.835000000006 -1.0000000180025095e-35 52912.768571428584 27264.233662270217 90908.395000000019 51187.725000000006 64743.465000000004 10.500000000000002 60272.075000000012 8.5000000000000018 11142951.720000001 92354.535000000003 47394.921645916504 8.5000000000000018
decision_type=2 2 2 2 2 2 2 2 2 2 2 2 2 2 2 2 2 2 2 2 2 2 2 2 2 2 2 2 2 2
left_child=2 4 3 11 6 8 13 -8 12 -5 18 -1 -6 -2 15 22 19 -9 20 24 -3 -21 -10 -22 -16 26 -18 29 -23 -20
right_child=1 10 -4 9 5 -7 7 17 14 -11 -12 -13 -14 -15 16 -17 25 -19 27 21 23 28 -24 -25 -26 -27 -28 -29 -30 -31
leaf_value=-127.97101868586748 -166.51489414832398 91.335975398573751 -424.18111881996259 -366.81599353082566 -86.268693257269447 207.45204680429862 78.526099361590482 -101.38607337917135 -6.7884444962686512 -230.48460476152411 204.50158591199275 -1.3382052748950559 -0.47410108138319523 -59.819885800489736 -7.8806576401440038 149.60403351244344 65.409729343984822 -11.11075902478448 82.167197832922682 -5.1483182517303137 151.27008688038788 38.121768651073317 39.694340093811945 110.20580521506824 -50.938543792269115 25.856658971591255 34.241744502898179 91.386903115269121 11.90143383418288 55.867121963247499
leaf_weight=10.000000000000002 12.000000000000002 14.999999999999998 9.9999999999999982 11.000000000000002 15.999999999999998 10.999999999999998 9.9999999999999982 11 10.000000000000005 13.999999999999998 9.9999999999999982 9.9999999999999982 18 9.9999999999999982 10.000000000000002 10.999999999999998 17 13 12.000000000000002 32 13.000000000000002 11.000000000000002 9.9999999999999982 12.999999999999998 9.9999999999999982 19 17 13.999999999999998 15.999999999999998 14.999999999999998
leaf_count=10 12 15 10 11 16 11 10 11 10 14 10 10 18 10 10 11 17 13 12 32 13 11 10 13 10 19 17 14 16 15
internal_value=-2.55506 33.1525 -233.501 -190.703 6.99466 23.6999 -55.0191 -13.9831 13.3896 -291.083 108.17 -64.8158 -40.9154 -118.263 24.7261 63.8914 15.5074 -52.6117 96.3043 -1.82003 116.611 7.57426 16.494 130.989 -29.4829 41.3125 49.8989 75.8807 22.6345 67.6863
internal_weight=411 356 55 45 264 208 56 34 197 25 92 20 34 22 163 31 132 24 82 79 41 59 20 26 20 53 34 41 27 27
internal_count=411 356 55 45 264 208 56 34 197 25 92 20 34 22 163 31 132 24 82 79 41 59 20 26 20 53 34 41 27 27
is_linear=0
shrinkage=0.03


Tree=93
num_leaves=31
num_cat=0
split_feature=29 29 29 30 1 11 14 14 30 30 29 2 29 29 29 4 29 23 29 14 11 29 16 16 2 4 4 5 29 12
split_gain=3.55059e+09 7.70727e+08 3.47317e+08 4.12043e+08 3.28737e+08 6.27589e+08 1.65342e+08 1.41713e+08 1.26901e+08 1.12733e+08 1.09007e+08 9.23952e+07 6.53013e+07 6.15127e+07 1.31782e+08 6.74111e+07 6.17427e+07 3.14006e+07 3.11261e+07 2.14948e+07 1.34799e+07 1.18372e+07 1.13499e+07 9.14587e+06 8.99887e+06 7.63453e+06 6.19847e+06 5.48999e+06 3.25151e+06 4.43954e+06
threshold=0.91656783527364716 75179.670000000027 3.2772196089076209 11.500000000000002 3524.7749999999983 35974.647142857146 53789.017852083554 38384.546724990651 4.5000000000000009 8.5000000000000018 123155.85000000002 47454.455000000009 25171.050000000007 27301.705000000002 6.049204822479922 56646.380000000012 58592.835000000006 0.24936651517469852 87417.72500000002 27264.233662270217 37282.857857142866 51187.725000000006 51049.915611264958 43007.503278684853 35994.895000000011 76032.390000000014 61962.870000000003 11142951.720000001 38515.255000000012 50062.438166666674
decision_type=2 2 2 2 2 2 2 2 2 2 2 2 2 2 2 2 2 2 2 2 2 2 2 2 2 2 2 2 2 2
left_child=4 2 7 8 -1 -6 -7 11 12 17 18 -2 -4 14 15 -10 19 -9 -3 23 -20 28 24 -15 -22 27 -23 -18 -21 -30
right_child=1 10 3 -5 5 6 -8 9 13 -11 -12 -13 -14 16 -16 -17 25 -19 20 21 22 26 -24 -25 -26 -27 -28 -29 29 -31
leaf_value=-87.994800442368231 -53.694403932321102 70.691129865083681 -83.688696891570757 201.2566512302036 -473.141531303026 -131.62890086326729 -278.19609811585991 -110.11191879955685 70.907644015639519 29.304499636672613 198.39705616965219 -174.29493565223027 -0.45991704100717135 -48.81831469179977 145.13621922833883 -38.984014710383626 59.767085709110383 -34.770522752448692 140.26765246035447 -19.132046281045941 89.222861186300534 9.05187773340168 72.095707133278907 -8.2450885374154606 124.33190638746333 20.964189115368171 37.986716554570492 36.847652783037042 13.737477659486631 -13.265747138635435
leaf_weight=9.9999999999999982 11.000000000000002 33 15.999999999999998 10.999999999999998 10.999999999999998 14.000000000000002 13.999999999999998 10.000000000000002 10.000000000000005 19 9.9999999999999982 11.999999999999998 18 10.000000000000002 10.999999999999998 9.9999999999999982 17 9.9999999999999982 9.9999999999999982 9.9999999999999982 12.000000000000002 15.000000000000002 9.9999999999999982 9.9999999999999982 17 13.999999999999998 11.999999999999998 22 12.000000000000002 9.9999999999999982
leaf_count=10 11 33 16 11 11 14 14 10 10 19 10 12 18 10 11 10 17 10 10 10 12 15 10 10 17 14 12 22 12 10
internal_value=-2.47917 29.9725 4.41423 22.9919 -242.01 -281.338 -205.278 -57.879 12.9895 -22.9915 104.937 -116.858 -39.6918 23.987 61.9835 16.0016 15.0435 -72.6219 93.4258 -1.76569 108.649 7.34817 100.373 -28.6029 109.983 40.0767 21.9583 46.9019 -4.99411 1.46104
internal_weight=411 362 270 208 49 39 28 62 197 39 92 23 34 163 31 20 132 20 82 79 49 59 39 20 29 53 27 39 32 22
internal_count=411 362 270 208 49 39 28 62 197 39 92 23 34 163 31 20 132 20 82 79 49 59 39 20 29 53 27 39 32 22
is_linear=0
shrinkage=0.03


Tree=94
num_leaves=31
num_cat=0
split_feature=29 29 29 4 7 21 29 14 14 29 29 29 29 2 2 4 29 10 14 5 29 10 29 23 24 30 4 4 4 14
split_gain=3.34257e+09 6.8694e+08 4.04932e+08 4.2467e+08 2.69532e+08 2.18259e+08 2.07367e+08 1.5312e+08 1.2679e+08 1.1737e+08 2.62248e+08 1.43107e+08 1.02606e+08 9.80102e+07 7.5848e+07 7.31669e+07 4.54173e+07 3.38005e+07 1.89843e+07 1.48741e+07 1.47432e+07 1.07691e+07 1.17382e+07 9.27005e+06 8.05473e+06 7.37131e+06 6.63399e+06 5.41491e+06 4.61441e+06 2.59943e+06
threshold=1.1007565827145689 75179.670000000027 0.56841701361305397 55791.415000000008 1654838.6650000003 -0.22252093395631442 3.2772196089076209 38384.546724990651 45300.494796257321 32.285839286721725 6.2595914749359158 28604.970000000005 123155.85000000002 60183.490000000013 47454.455000000009 51530.05000000001 58592.835000000006 52912.768571428584 27264.233662270217 9993833.1850000024 95766.660000000018 32460.462857142858 51187.725000000006 -0.34552334190817774 0.25000000000000011 8.5000000000000018 49605.795000000006 61962.870000000003 22169.155000000002 41291.383567792764
decision_type=2 2 2 2 2 2 2 2 2 2 2 2 2 2 2 2 2 2 2 2 2 2 2 2 2 2 2 2 2 2
left_child=2 4 3 -1 -2 -4 7 14 -9 10 13 -11 17 -8 -6 -10 18 20 19 -13 24 -20 -23 29 -3 -25 28 -24 -19 -18
right_child=1 12 5 -5 6 -7 9 8 15 11 -12 16 -14 -15 -16 -17 23 26 21 -21 -22 22 27 25 -26 -27 -28 -29 -30 -31
leaf_value=-417.42796674300752 129.91055511778768 112.66363607929267 -27.054698659412885 -178.33141865346622 -55.599180853544752 -201.92333636085743 -38.655581636517951 76.679791350862871 -98.248546731883053 -74.817174974576687 176.68365855869908 6.2799619304600016 192.47476114301537 80.815616527955925 -170.04185498267816 6.7576740247631504 40.562241830398769 67.615555037313399 33.090418103097498 -40.89545992220755 135.3137330404804 -10.392996897161963 5.2315474514150004 36.110381172961127 78.895801272337465 4.2800254935648896 58.502949961521978 35.107762920322699 96.848198551505931 62.747491546175368
leaf_weight=14.000000000000002 14.999999999999998 14.000000000000002 10.000000000000002 12.999999999999998 10.000000000000002 18 16.000000000000004 9.9999999999999982 13.000000000000002 19 11.999999999999998 10.000000000000002 9.9999999999999982 9.9999999999999982 10.999999999999998 10.999999999999998 10.000000000000002 10.000000000000002 12.999999999999998 14.999999999999998 13.999999999999998 28 12.000000000000002 19.000000000000004 12.999999999999998 9.9999999999999982 20 9.9999999999999982 10.999999999999998 9.9999999999999982
leaf_count=14 15 14 10 13 10 18 16 10 13 19 12 10 10 10 11 11 10 10 13 15 14 28 12 19 13 10 20 10 11 10
internal_value=-2.40566 31.2312 -219.958 -302.85 6.62421 -139.63 -0.82727 -52.2175 -12.8293 13.7518 60.9938 2.22832 101.801 7.3618 -115.807 -50.2067 12.9369 90.6321 0.0433447 -22.0504 109.955 8.82125 2.48451 36.0689 96.5809 25.1607 71.1984 18.8605 83.1216 51.7837
internal_weight=411 356 55 27 264 28 249 55 34 194 38 156 92 26 21 24 137 82 88 25 41 63 50 49 27 29 41 22 21 20
internal_count=411 356 55 27 264 28 249 55 34 194 38 156 92 26 21 24 137 82 88 25 41 63 50 49 27 29 41 22 21 20
is_linear=0
shrinkage=0.03


Tree=95
num_leaves=31
num_cat=0
split_feature=29 30 29 16 29 30 30 29 30 11 29 29 11 16 29 14 11 0 2 10 29 29 10 5 1 16 2 12 15 10
split_gain=3.1976e+09 9.8406e+08 7.522e+08 4.44763e+08 4.15536e+08 3.64845e+08 2.17416e+08 2.26968e+08 1.65564e+08 1.5455e+08 1.09814e+08 6.57554e+07 6.17229e+07 5.89712e+07 8.27899e+07 4.31084e+07 3.97634e+07 3.3008e+07 4.94367e+07 1.64366e+07 1.57393e+07 1.34786e+07 1.17766e+07 1.07447e+07 1.05935e+07 8.83071e+06 7.08073e+06 7.06317e+06 5.56607e+06 5.52534e+06
threshold=1.7539170611738182 12.500000000000002 0.37358695828773819 48730.257992438455 66167.185000000012 11.500000000000002 5.5000000000000009 0.56841701361305397 9.5000000000000018 44808.971071428583 38515.255000000012 90908.395000000019 42210.61642857144 50570.005035081937 12806.415000000003 47662.412958626737 48341.463214285723 52838.025000000001 62045.810000000005 59676.166428571429 99813.215000000011 54478.335000000006 57329.899285714295 14706349.430000002 36428.630000000012 47593.132175307561 21656.760000000002 53838.394333333345 41647.468170879867 52636.64928571428
decision_type=2 2 2 2 2 2 2 2 2 2 2 2 2 2 2 2 2 2 2 2 2 2 2 2 2 2 2 2 2 2
left_child=2 4 -1 -3 8 6 -4 -8 10 -10 13 19 -9 15 -15 17 -14 18 -2 24 29 22 -12 -19 25 -6 -23 -28 -21 -13
right_child=1 3 5 -5 11 -7 7 12 9 -11 21 20 16 14 -16 -17 -18 23 -20 28 -22 26 -24 -25 -26 -27 27 -29 -30 -31
leaf_value=-396.91527812146489 -45.413793945312477 97.161353996618431 25.888183274909629 373.95157785545103 78.716488601912275 -297.2684003687616 -247.2755975369414 -49.808104269525522 0.83350277975881704 150.00106400237684 17.159996942582723 106.32800745899317 -166.30876249425543 -123.43315095387054 -17.765054088098264 42.041678035960473 -82.929137284008419 -65.370099578506611 44.695377133001422 55.697320049704089 129.73057851716288 9.0941270232740035 -14.572017976374324 -27.360647496125026 91.386610139639842 38.518304090357532 45.250159422366195 15.322214656089667 28.677618758979882 74.330463284165106
leaf_weight=10.999999999999998 10.000000000000002 10.000000000000002 9.9999999999999982 10.999999999999998 10.000000000000002 9.9999999999999982 10.999999999999998 17 12.000000000000002 12.999999999999998 35 11.000000000000002 11.000000000000002 12.000000000000002 14.999999999999998 10.999999999999998 9.9999999999999982 13.000000000000002 11.999999999999998 15.000000000000002 19 10.999999999999998 14.999999999999998 13.999999999999998 17 9.9999999999999982 25 9.9999999999999982 12.999999999999998 9.9999999999999982
leaf_count=11 10 10 10 11 10 10 11 17 12 13 35 11 11 12 15 11 10 13 12 15 19 11 15 14 17 10 25 10 13 10
internal_value=3.32552 44.1341 -166.971 242.691 30.7758 -130.053 -101.483 -127.478 6.21102 78.5452 -3.68946 79.4113 -92.5198 -28.093 -64.87 -11.5032 -126.895 -23.5541 3.72656 60.7047 109.696 18.4294 7.63535 -45.7485 73.8556 58.7636 30.141 36.7334 43.2259 91.3038
internal_weight=414 334 80 21 313 69 59 49 208 25 183 105 38 87 27 60 21 49 22 65 40 96 50 27 37 20 46 35 28 21
internal_count=414 334 80 21 313 69 59 49 208 25 183 105 38 87 27 60 21 49 22 65 40 96 50 27 37 20 46 35 28 21
is_linear=0
shrinkage=0.03


Tree=96
num_leaves=31
num_cat=0
split_feature=26 30 8 30 3 12 12 12 15 11 22 14 22 0 30 0 0 30 11 13 13 1 8 8 11 11 0 0 28 5
split_gain=1.21136e+09 7.14996e+08 3.30095e+08 3.69435e+08 1.70083e+08 1.1171e+08 2.27435e+08 1.13763e+08 9.04916e+07 8.55428e+07 8.68897e+07 1.67927e+08 1.18186e+08 1.09441e+08 7.59131e+07 8.36657e+07 5.19498e+07 6.21986e+07 4.2803e+07 3.51161e+07 4.54161e+07 3.22045e+07 3.12185e+07 2.79827e+07 3.20871e+07 2.68429e+07 2.50028e+07 1.8309e+07 2.81069e+07 8.7518e+06
threshold=1.0000000180025095e-35 14.500000000000002 22551424.590000004 9.5000000000000018 81953.060000000012 39799.013166666678 45484.312333333342 53477.035000000011 56162.022465149981 49169.17857142858 -0.34685948904333841 38715.784525783041 0.97827272159715795 51870.350000000013 6.5000000000000009 84591.330000000016 15580.789999999997 4.5000000000000009 52897.105714285717 39119.016250000008 48980.749666666678 73777.530000000013 7989246.1150000012 16714832.250000002 59432.043214285724 63986.70678571429 53489.755000000012 57703.840000000004 1.0000000180025095e-35 7209450.5350000011
decision_type=2 2 2 2 2 2 2 2 2 2 2 2 2 2 2 2 2 2 2 2 2 2 2 2 2 2 2 2 2 2
left_child=1 2 3 9 5 -5 -7 8 21 10 11 26 14 -13 19 27 -11 -18 -19 -12 -21 -8 -20 24 -24 -26 -1 28 29 -16
right_child=-2 -3 -4 4 -6 6 7 -9 -10 16 12 13 -14 -15 15 -17 17 18 22 20 -22 -23 23 -25 25 -27 -28 -29 -30 -31
leaf_value=33.474394093113801 -260.98576132942276 251.14455643735857 -155.20664625901441 11.220231585636316 -35.612414989252194 230.7783589377332 0.14245168130228833 159.22138263132774 127.6335008308069 60.995896030330918 7.3923719622752007 -168.01556620981495 -81.345395952741669 -39.3266439998851 54.628288246268632 -40.252291953426663 -52.838467995042897 54.932187129944325 -39.761671947938275 -83.263073534982453 -1.8598531179298641 66.546554702075554 58.622883959459763 -17.315560608755515 -32.271816424469435 35.479530990393449 -27.639690047774568 16.168909742144926 19.499428954065092 92.554070816916976
leaf_weight=12.000000000000002 14.999999999999998 10.999999999999998 10.999999999999998 15.999999999999998 12.999999999999998 9.9999999999999982 19.000000000000004 10.999999999999998 9.9999999999999982 18 18 13.000000000000002 15.999999999999998 10.999999999999998 10.000000000000002 12.999999999999998 13.999999999999998 19 11.999999999999998 14.000000000000002 10.999999999999998 9.9999999999999982 17 18 10.000000000000002 10.999999999999998 11.999999999999998 13.999999999999998 11.999999999999998 12.999999999999998
leaf_count=12 15 11 11 16 13 10 19 11 10 18 18 13 16 11 10 13 14 19 12 14 11 10 17 18 10 11 12 14 12 13
internal_value=3.22536 13.1896 6.41193 11.1475 64.5512 81.6966 100.465 74.1982 50.0441 -5.36401 -19.0815 -53.2124 -5.52553 -109.238 6.0612 27.2956 14.1169 5.73618 15.1869 -24.552 -47.5209 23.1155 4.04942 13.4646 28.0483 3.21696 2.92342 45.2393 56.8278 76.2189
internal_weight=414 399 388 377 89 76 60 50 39 288 169 48 121 24 105 62 119 101 87 43 25 29 68 56 38 21 24 49 35 23
internal_count=414 399 388 377 89 76 60 50 39 288 169 48 121 24 105 62 119 101 87 43 25 29 68 56 38 21 24 49 35 23
is_linear=0
shrinkage=0.03


Tree=97
num_leaves=31
num_cat=0
split_feature=29 30 29 16 29 30 30 29 30 3 29 29 11 16 29 24 29 11 15 14 10 5 29 29 10 12 0 2 12 11
split_gain=2.91501e+09 8.81057e+08 6.88852e+08 4.1437e+08 3.78841e+08 3.3869e+08 2.01156e+08 2.04144e+08 1.45698e+08 1.7046e+08 9.87999e+07 6.03175e+07 5.67719e+07 5.4784e+07 7.77034e+07 4.14883e+07 5.84725e+07 3.51425e+07 2.77478e+07 2.71312e+07 1.87721e+07 1.71094e+07 1.37939e+07 1.24031e+07 1.05112e+07 8.44168e+06 6.98832e+06 6.7482e+06 7.07778e+06 4.24415e+06
threshold=1.7539170611738182 12.500000000000002 0.37358695828773819 48730.257992438455 66167.185000000012 11.500000000000002 5.5000000000000009 0.56841701361305397 9.5000000000000018 60272.075000000012 38515.255000000012 95041.345000000016 42210.61642857144 50570.005035081937 12806.415000000003 0.68301270189221941 20942.990000000002 48341.463214285723 45405.718054422578 47257.805651574141 59676.166428571429 13403944.360000001 80893.050000000017 54478.335000000006 57329.899285714295 49132.875500000002 71189.940000000017 21656.760000000002 53838.394333333345 45936.153928571432
decision_type=2 2 2 2 2 2 2 2 2 2 2 2 2 2 2 2 2 2 2 2 2 2 2 2 2 2 2 2 2 2
left_child=2 4 -1 -3 8 6 -4 -8 10 -10 13 20 -9 15 -15 18 -17 -14 21 -13 22 -2 25 24 29 -6 -22 -25 -29 -12
right_child=1 3 5 -5 11 -7 7 12 9 -11 23 19 17 14 -16 16 -18 -19 -20 -21 26 -23 -24 27 -26 -27 -28 28 -30 -31
leaf_value=-379.51587797829467 -81.064310284514889 89.530740219799398 25.897977231153799 356.66087110700647 43.257171696629996 -285.24636084713148 -235.23442548518804 -47.500739259244405 137.65008271176154 -22.049103010946244 27.696224569160243 90.998523844162364 -158.49228963032022 -118.61899044305947 -16.252750860575425 75.519761361648762 -20.775980228117142 -80.075944644301686 -0.32069141708801835 153.96996997434698 56.99547378660187 -26.731350721816668 94.607591812253929 8.3816766523128177 -13.644243614222123 77.78966373136673 28.881744927783028 43.885118166986338 13.938048906468632 6.7193249529740937
leaf_weight=10.999999999999998 10.000000000000002 10.000000000000002 9.9999999999999982 10.999999999999998 13.000000000000002 9.9999999999999982 10.999999999999998 17 15.000000000000002 9.9999999999999982 15.999999999999998 17.000000000000004 11.000000000000002 12.000000000000002 14.999999999999998 10.000000000000002 12.999999999999998 9.9999999999999982 15.999999999999998 9.9999999999999982 19 10.999999999999998 19 10.999999999999998 14.999999999999998 12.999999999999998 13.999999999999998 25 9.9999999999999982 19
leaf_count=11 10 10 10 11 13 10 11 17 15 10 16 17 11 12 15 10 13 10 16 10 19 11 19 11 15 13 14 25 10 19
internal_value=3.12949 42.0931 -159.468 229.971 29.4532 -124.139 -96.614 -121.617 5.99807 73.8539 -3.28949 75.8916 -88.4623 -26.437 -61.884 -10.4476 21.1647 -121.43 -30.1005 114.563 62.4406 -52.7353 75.0707 17.6908 7.3363 60.6396 45.1302 28.9255 35.3609 16.3346
internal_weight=414 334 80 21 313 69 59 49 208 25 183 105 38 87 27 60 23 21 37 27 78 21 45 96 50 26 33 46 35 35
internal_count=414 334 80 21 313 69 59 49 208 25 183 105 38 87 27 60 23 21 37 27 78 21 45 96 50 26 33 46 35 35
is_linear=0
shrinkage=0.03


Tree=98
num_leaves=31
num_cat=0
split_feature=29 30 29 16 29 30 30 29 30 29 22 20 16 29 3 29 1 0 2 29 14 10 29 1 10 10 13 14 16 4
split_gain=2.74347e+09 8.29234e+08 6.48321e+08 3.89986e+08 3.57101e+08 3.18778e+08 1.8932e+08 1.92135e+08 1.00739e+08 1.2834e+08 1.26374e+08 6.35561e+07 5.8538e+07 8.81733e+07 4.47904e+07 4.11538e+07 3.90447e+07 3.52619e+07 3.07526e+07 2.37346e+07 1.74011e+07 1.64671e+07 1.55824e+07 8.43517e+06 8.42527e+06 7.81187e+06 7.08976e+06 6.72987e+06 5.57267e+06 4.0072e+06
threshold=1.7539170611738182 12.500000000000002 0.37358695828773819 48730.257992438455 75179.670000000027 11.500000000000002 5.5000000000000009 0.56841701361305397 9.5000000000000018 48407.975000000006 0.15123342103804641 0.87837969732492682 45792.805819693414 17114.705000000005 56058.430000000008 99813.215000000011 33162.170000000006 52838.025000000001 59157.110000000008 22664.140000000003 35131.063825722929 51966.82 65704.345000000016 36428.630000000012 64313.157142857155 35694.357142857152 38938.108416666677 45518.348658745854 45979.798635902807 45809.820000000007
decision_type=2 2 2 2 2 2 2 2 2 2 2 2 2 2 2 2 2 2 2 2 2 2 2 2 2 2 2 2 2 2
left_child=2 4 -1 -3 8 6 -4 -8 9 11 -10 12 17 14 -14 21 -9 19 -18 -2 -19 23 24 -6 26 -15 -11 -23 -24 -28
right_child=1 3 5 -5 15 -7 7 16 10 22 -12 -13 13 25 -16 -17 18 20 -20 -21 -22 27 28 -25 -26 -27 29 -29 -30 -31
leaf_value=-368.18191790688627 59.880507375233179 86.858178710937466 25.124901159485773 346.00946740888355 74.155221241918071 -276.73153568097013 -228.20932617187498 -136.70869523233441 107.2855593223271 43.306440406870614 -20.344476497874538 51.317584893240848 -56.932558228612983 9.4923458042429427 -137.15041522125699 120.7310320035679 -37.969809030932041 -56.917783549294519 -101.15494417212474 -3.8792235361504877 -1.0162803080544542 65.668545871310755 66.932308914412275 111.69706557544309 1.1066972092536596 -22.93177864283992 9.0884662976885764 37.025312144720722 34.932836225139553 28.014331511458192
leaf_weight=10.999999999999998 10.000000000000002 10.000000000000002 9.9999999999999982 10.999999999999998 13.000000000000002 9.9999999999999982 10.999999999999998 9.9999999999999982 19.000000000000004 15.999999999999998 10.999999999999998 9.9999999999999982 17.000000000000004 10.000000000000002 9.9999999999999982 19 15.000000000000002 10.000000000000002 12.999999999999998 10.999999999999998 9.9999999999999982 31 10.000000000000002 9.9999999999999982 14.999999999999998 20 18 9.9999999999999982 9.9999999999999982 23
leaf_count=11 10 10 10 11 13 10 11 10 19 16 11 10 17 10 10 19 15 10 13 11 10 31 10 10 15 20 18 10 10 23
internal_value=3.03505 40.8348 -154.706 223.104 28.5722 -120.432 -93.7282 -117.985 9.31633 1.62079 60.5319 -20.5554 -27.9118 -47.5626 -86.8415 81.8943 -85.8197 -0.56769 -67.4338 26.5527 -29.0393 70.2794 27.6507 90.6846 21.1173 -12.1259 26.3777 58.736 51.0596 19.7266
internal_weight=414 334 80 21 313 69 59 49 230 200 30 108 98 57 27 83 38 41 28 21 20 64 92 23 72 30 57 41 20 41
internal_count=414 334 80 21 313 69 59 49 230 200 30 108 98 57 27 83 38 41 28 21 20 64 92 23 72 30 57 41 20 41
is_linear=0
shrinkage=0.03


Tree=99
num_leaves=31
num_cat=0
split_feature=29 30 29 16 29 30 30 29 30 11 29 11 16 29 29 15 30 11 0 29 0 22 29 13 15 30 17 16 16 14
split_gain=2.58202e+09 7.80461e+08 6.10176e+08 3.67037e+08 3.3606e+08 3.00037e+08 1.7818e+08 1.80833e+08 9.47991e+07 1.2454e+08 1.20782e+08 5.25572e+07 5.07114e+07 7.86485e+07 3.87259e+07 3.6e+07 3.92772e+07 3.24845e+07 2.1379e+07 1.46675e+07 9.96558e+06 9.05673e+06 8.33007e+06 7.79956e+06 7.72124e+06 6.3758e+06 5.32266e+06 5.24494e+06 5.02933e+06 4.30476e+06
threshold=1.7539170611738182 12.500000000000002 0.37358695828773819 48730.257992438455 75179.670000000027 11.500000000000002 5.5000000000000009 0.56841701361305397 9.5000000000000018 44808.971071428583 48407.975000000006 42210.61642857144 50570.005035081937 12806.415000000003 99813.215000000011 32471.835407003757 7.5000000000000009 48341.463214285723 21859.955000000005 65704.345000000016 76513.24500000001 0.34685948904333835 80893.050000000017 38938.108416666677 30054.31796971623 8.5000000000000018 45459.639636480315 45979.798635902807 52076.685749068616 45300.494796257321
decision_type=2 2 2 2 2 2 2 2 2 2 2 2 2 2 2 2 2 2 2 2 2 2 2 2 2 2 2 2 2 2
left_child=2 4 -1 -3 8 6 -4 -8 10 -10 12 -9 15 -14 20 -2 18 -13 -17 23 22 26 -6 -12 -25 -24 -20 -21 29 -26
right_child=1 3 5 -5 14 -7 7 11 9 -11 19 17 13 -15 -16 16 -18 -19 21 27 -22 -23 25 24 28 -27 -28 -29 -30 -31
leaf_value=-357.18644080528844 -48.865315565952031 84.265399443213582 24.374905441056434 335.67614989129663 57.045574443954507 -268.4709028101679 -221.39402827612412 -43.853118654849588 1.484658727913259 123.89434686301017 38.227581393334169 -150.59857277158153 -112.37573573955358 -13.30433336294919 117.11860716812252 24.137997626466866 45.066578022902988 -75.231905376377384 0.6121286195368103 64.9343296335704 43.223889641346268 -43.255376108256606 103.24414062499999 38.754175533465485 5.8693027524876769 73.956789748733101 -28.000887082228015 33.890065230184526 -9.0795399224580216 27.128816643901835
leaf_weight=10.999999999999998 14.999999999999998 10.000000000000002 9.9999999999999982 10.999999999999998 18 9.9999999999999982 10.999999999999998 17 16.000000000000004 13.999999999999998 17 11.000000000000002 12.000000000000002 18 19 11.999999999999998 14.999999999999998 9.9999999999999982 14.000000000000002 10.000000000000002 11.999999999999998 11.999999999999998 9.9999999999999982 9.9999999999999982 20 24 9.9999999999999982 9.9999999999999982 9.9999999999999982 14.999999999999998
leaf_count=11 15 10 10 11 18 10 11 17 16 14 17 11 12 18 19 12 15 10 14 10 12 12 10 10 20 24 10 10 10 15
internal_value=2.94338 39.6141 -150.086 216.441 27.7176 -116.835 -90.9285 -114.461 9.03757 58.7203 1.57235 -83.256 -19.9409 -53.0539 79.4448 -7.17929 2.77683 -114.974 -10.4719 26.8242 68.1778 -22.026 73.8893 20.4855 14.9718 82.7097 -11.3434 49.5354 9.6497 15.0062
internal_weight=414 334 80 21 313 69 59 49 230 30 200 38 108 30 83 78 63 21 48 92 64 36 52 72 55 34 24 20 45 35
internal_count=414 334 80 21 313 69 59 49 230 30 200 38 108 30 83 78 63 21 48 92 64 36 52 72 55 34 24 20 45 35
is_linear=0
shrinkage=0.03


Tree=100
num_leaves=31
num_cat=0
split_feature=29 29 29 30 29 27 30 16 29 11 29 3 30 15 1 29 29 2 0 1 30 17 4 3 3 12 12 4 16 4
split_gain=2.40663e+09 5.4179e+08 4.66478e+08 3.2318e+08 3.06374e+08 1.70054e+08 2.96245e+08 7.33205e+08 1.58235e+08 9.72036e+07 6.93481e+07 4.64817e+07 6.16009e+07 2.797e+07 2.44308e+07 2.89209e+07 2.07621e+07 1.76156e+07 1.06803e+07 8.02909e+06 1.08687e+07 6.16153e+06 5.83791e+06 5.32723e+06 7.80416e+06 5.31164e+06 4.804e+06 3.68069e+06 3.52312e+06 3.02212e+06
threshold=1.3526207841824018 0.37358695828773819 80689.725000000006 5.5000000000000009 0.56841701361305397 1.0000000180025095e-35 10.500000000000002 50254.873955467301 48407.975000000006 43064.327500000007 108379.96000000002 11100.835000000001 8.5000000000000018 32471.835407003757 37977.05000000001 4.4361360705668966 65704.345000000016 76586.755000000019 76971.480000000025 21312.625000000004 7.5000000000000009 50889.071236325559 43815.415000000008 66279.765000000014 55263.075000000004 43838.255666666671 48065.631333333346 36428.630000000012 46994.772841901744 63765.975000000006
decision_type=2 2 2 2 2 2 2 2 2 2 2 2 2 2 2 2 2 2 2 2 2 2 2 2 2 2 2 2 2 2
left_child=1 -1 5 -3 -5 6 8 -8 11 -6 18 -2 13 -13 -15 -16 21 25 23 -18 -21 22 26 24 -4 -17 -10 -22 -27 -24
right_child=2 3 10 4 9 -7 7 -9 16 -11 -12 12 -14 14 15 17 19 -19 -20 20 27 -23 29 -25 -26 28 -28 -29 -30 -31
leaf_value=-353.12397724325723 -67.125357310723004 14.758699553476738 81.452502204704786 -303.62977941176467 -64.036787480452503 -100.43703261252755 -16.713802644164677 297.14298150938561 24.483594509487229 -170.5959607275847 151.14925388799648 -58.716307630570618 56.935185036730402 -42.867535604642129 37.615221281566065 13.902647721589494 19.767720646644705 -49.761193255524127 51.520226322003261 76.943009197178171 54.672482254256039 2.1575301072464659 43.189791452241622 71.79219251971378 114.45718900240384 -0.87409753583675021 -4.1974117449860069 31.506985070908176 -25.449732993965714 23.612736555611988
leaf_weight=11.999999999999998 17 10.999999999999998 18.000000000000004 10.999999999999998 15.000000000000002 11.999999999999998 17.000000000000004 10.999999999999998 11.000000000000002 15.999999999999998 15.999999999999998 14.999999999999998 9.9999999999999982 19 11.999999999999998 10.000000000000002 9.9999999999999982 9.9999999999999982 9.9999999999999982 9.9999999999999982 10.000000000000002 17 12.000000000000002 15.999999999999998 10.999999999999998 11.000000000000002 9.9999999999999982 17 9.9999999999999982 18
leaf_count=12 17 11 18 11 15 12 17 11 11 16 16 15 10 19 12 10 10 10 10 10 10 17 12 16 11 11 10 17 10 18
internal_value=-4.20834 -171.391 27.7736 -129.95 -167.822 9.71359 14.8753 106.897 3.60292 -119.221 96.143 -21.4392 -13.4019 -21.5147 -13.7289 -3.25247 28.4258 -15.245 80.0184 43.7534 50.2005 17.8074 23.0168 86.2871 94.147 -4.04853 10.8484 40.172 -12.6094 31.5024
internal_weight=405 65 340 53 42 269 257 28 229 31 71 114 97 87 72 53 115 41 55 47 37 68 51 45 29 31 21 27 21 30
internal_count=405 65 340 53 42 269 257 28 229 31 71 114 97 87 72 53 115 41 55 47 37 68 51 45 29 31 21 27 21 30
is_linear=0
shrinkage=0.03


Tree=101
num_leaves=30
num_cat=0
split_feature=29 29 29 30 29 16 12 30 29 11 14 30 0 29 1 29 17 12 29 1 29 0 14 22 11 29 29 15 22
split_gain=2.26495e+09 5.09908e+08 4.38994e+08 3.04153e+08 2.88364e+08 1.17964e+08 9.8712e+07 1.08006e+08 1.18888e+08 9.14757e+07 7.98752e+07 1.24518e+08 2.1268e+08 6.52599e+07 6.3154e+07 5.85815e+07 5.26848e+07 4.33007e+07 2.50253e+07 2.34926e+07 1.58481e+07 1.00497e+07 7.04238e+06 6.5485e+06 5.97168e+06 5.04399e+06 4.75443e+06 4.51529e+06 3.62206e+06
threshold=1.3526207841824018 0.37358695828773819 80689.725000000006 5.5000000000000009 0.56841701361305397 60216.797140095288 59244.048666666677 6.5000000000000009 17114.705000000005 43064.327500000007 23329.328736777945 10.500000000000002 68227.74500000001 108379.96000000002 52017.505000000012 48407.975000000006 50225.698470799165 45821.921166666674 47983.345000000008 64743.465000000004 57790.515000000007 76971.480000000025 40732.805900721556 0.52828508881293679 43540.442857142873 95766.660000000018 34766.000000000007 48271.498539454638 -0.6880826349756709
decision_type=2 2 2 2 2 2 2 2 2 2 2 2 2 2 2 2 2 2 2 2 2 2 2 2 2 2 2 2 2
left_child=1 -1 5 -3 -5 6 7 8 -2 -6 -9 14 -13 21 15 17 19 -12 22 -16 -21 25 26 24 -17 28 -10 -20 -4
right_child=2 3 13 4 9 -7 -8 10 18 -11 11 12 -14 -15 16 23 -18 -19 27 20 -22 -23 -24 -25 -26 -27 -28 -29 -30
leaf_value=-342.57421267181013 -91.323832602812857 14.317943231228789 90.413553448577403 -294.56210677893449 -62.122066706914026 110.26772023670708 -86.671201927982139 -33.869028538981759 -32.501090618383103 -165.4940269969334 -2.2296739016331077 18.128998063382724 199.08359302122201 146.62890043169537 61.076838399166874 47.021434453708004 95.522780705594471 -86.650297159223413 13.139714595742888 -10.050564311588323 35.133044644059808 49.982308641120561 2.0872681865541955 4.9193988341390211 17.417891450685875 96.969812691875916 -9.3507102895005829 41.046136565706618 66.982121636134423
leaf_weight=11.999999999999998 15.999999999999998 10.999999999999998 9.9999999999999982 10.999999999999998 15.000000000000002 9.9999999999999982 9.9999999999999982 19 15.999999999999998 15.999999999999998 12.000000000000002 14.000000000000002 9.9999999999999982 15.999999999999998 11.999999999999998 10.000000000000002 12.999999999999998 9.9999999999999982 11.000000000000002 15.000000000000002 12.999999999999998 9.9999999999999982 19 17 15.999999999999998 17 15.999999999999998 9.9999999999999982 18.000000000000004
leaf_count=12 16 11 10 11 15 10 10 19 16 16 12 14 10 16 12 10 13 10 11 15 13 10 19 17 16 17 16 10 18
internal_value=-4.08243 -166.27 26.9438 -126.066 -162.807 9.42394 5.50983 9.22854 -17.4901 -115.656 23.8334 31.5633 93.7839 93.2686 18.8739 -0.948574 43.1626 -40.7122 -1.03055 26.0475 10.9528 77.6265 -12.3792 19.4192 28.8723 83.7074 -20.9585 26.4944 75.4967
internal_weight=405 65 340 53 42 269 259 249 88 31 161 142 24 71 118 65 53 22 72 40 28 55 51 43 26 45 32 21 28
internal_count=405 65 340 53 42 269 259 249 88 31 161 142 24 71 118 65 53 22 72 40 28 55 51 43 26 45 32 21 28
is_linear=0
shrinkage=0.03


Tree=102
num_leaves=31
num_cat=0
split_feature=29 29 29 30 29 27 30 14 29 11 29 0 30 17 13 29 29 3 0 30 11 17 30 0 13 3 3 5 12 12
split_gain=2.13477e+09 4.9192e+08 4.0645e+08 2.75782e+08 2.83989e+08 1.59313e+08 3.20247e+08 4.17678e+08 1.40479e+08 8.94962e+07 6.14129e+07 4.29962e+07 3.39307e+07 7.20474e+07 5.90711e+07 5.55388e+07 1.8632e+07 1.56993e+07 9.45633e+06 7.71978e+06 5.62159e+06 7.1127e+06 6.99703e+06 5.32046e+06 5.02957e+06 4.96185e+06 7.15761e+06 3.81494e+06 2.48424e+06 963348
threshold=1.4339599247367767 0.37358695828773819 80689.725000000006 5.5000000000000009 0.56841701361305397 1.0000000180025095e-35 10.500000000000002 41607.278813667355 48407.975000000006 43064.327500000007 108379.96000000002 87392.215000000011 6.5000000000000009 48227.382427957309 48423.449666666675 12806.415000000003 64929.599999999999 53025.730000000003 76971.480000000025 7.5000000000000009 37015.400357142869 50889.071236325559 7.5000000000000009 85175.165000000023 43458.72600000001 66279.765000000014 55263.075000000004 18529074.735000003 49640.338500000013 47485.722000000016
decision_type=2 2 2 2 2 2 2 2 2 2 2 2 2 2 2 2 2 2 2 2 2 2 2 2 2 2 2 2 2 2
left_child=1 -1 5 -3 -5 6 8 -8 11 -6 18 12 15 14 -14 -2 20 24 25 -18 -10 22 29 28 -17 26 -4 -26 -21 -22
right_child=2 3 10 4 9 -7 7 -9 16 -11 -12 -13 13 -15 -16 17 19 -19 -20 23 21 -23 -24 -25 27 -27 -28 -29 -30 -31
leaf_value=-332.33963020293049 -90.902688461986926 13.890347138141614 76.634864025168781 -285.76522907239814 -61.472685724968784 -96.856976103090133 -15.476000216788764 225.46335614296041 32.801912919991381 -160.5446727146612 142.24373699437791 -65.680707756826806 -64.755999808475863 63.495575016333952 32.034172490817397 15.5074513085827 59.353038888300013 -35.283730922909228 48.49029809752507 32.260714059956705 23.343326124504419 -6.8273851849430383 3.5413149610858095 14.295847423041044 -22.848561665549195 67.242537853205306 108.21427946479072 2.7093707744891824 51.071454547864818 36.817964832818326
leaf_weight=11.999999999999998 9.9999999999999982 10.999999999999998 18.000000000000004 10.999999999999998 17 11.999999999999998 12.000000000000002 13.999999999999998 13.999999999999998 15.999999999999998 15.999999999999998 15.999999999999998 13.000000000000002 13.999999999999998 9.9999999999999982 10.999999999999998 13.999999999999998 19 9.9999999999999982 16.000000000000004 10.000000000000002 13.999999999999998 15.999999999999998 9.9999999999999982 10.000000000000002 15.999999999999998 10.999999999999998 10.999999999999998 10.999999999999998 9.9999999999999982
leaf_count=12 10 11 18 11 17 12 12 14 14 16 16 16 13 14 10 11 14 19 10 16 10 14 16 10 10 16 11 11 11 10
internal_value=-3.96035 -158.595 26.7109 -120.419 -153.974 9.7398 14.7741 114.444 3.43534 -109.678 90.4801 -20.16 -12.6983 9.95926 -22.6951 -26.4383 26.8241 -13.7216 75.306 40.3469 16.025 11.2994 18.3484 33.0849 -0.883999 81.2047 88.7789 -9.48644 40.0046 30.1557
internal_weight=405 67 338 55 44 267 255 26 229 33 71 114 98 37 23 61 115 51 55 51 64 50 36 37 32 45 29 21 27 20
internal_count=405 67 338 55 44 267 255 26 229 33 71 114 98 37 23 61 115 51 55 51 64 50 36 37 32 45 29 21 27 20
is_linear=0
shrinkage=0.03


Tree=103
num_leaves=31
num_cat=0
split_feature=29 29 29 30 29 27 30 16 29 29 2 0 30 17 13 29 29 0 25 12 29 4 4 23 13 29 8 4 0 2
split_gain=2.00908e+09 4.62973e+08 3.82509e+08 2.59544e+08 2.67296e+08 1.49936e+08 3.01385e+08 6.12358e+08 1.32208e+08 5.77925e+07 5.55106e+07 4.04624e+07 3.19334e+07 6.78038e+07 5.55944e+07 5.22738e+07 1.75474e+07 8.89807e+06 8.53771e+06 7.45331e+06 6.31805e+06 6.08425e+06 5.61985e+06 5.00106e+06 4.74472e+06 4.6185e+06 4.086e+06 3.93301e+06 3.4767e+06 2.20559e+06
threshold=1.4339599247367767 0.37358695828773819 80689.725000000006 5.5000000000000009 0.56841701361305397 1.0000000180025095e-35 10.500000000000002 50254.873955467301 48407.975000000006 108379.96000000002 59815.805000000015 87392.215000000011 6.5000000000000009 48227.382427957309 48423.449666666675 12806.415000000003 65704.345000000016 76971.480000000025 0.25000000000000017 53195.25716666667 38515.255000000012 11006.275000000003 45518.325000000004 -0.34552334190817774 41849.785666666678 95766.660000000018 18705487.540000003 63765.975000000006 44692.845000000008 31252.500000000004
decision_type=2 2 2 2 2 2 2 2 2 2 2 2 2 2 2 2 2 2 2 2 2 2 2 2 2 2 2 2 2 2
left_child=1 -1 5 -3 -5 6 8 -8 11 17 -6 12 15 14 -14 -2 22 25 20 21 26 -18 24 -23 -10 28 -17 -24 -4 -26
right_child=2 3 9 4 10 -7 7 -9 16 -11 -12 -13 13 -15 -16 18 19 -19 -20 -21 -22 23 27 -25 29 -27 -28 -29 -30 -31
leaf_value=-322.41080681891856 -88.189174731809686 13.47552277577948 56.10614742449858 -277.23105684168195 -68.33036273497639 -93.963321071640578 -13.772608395193101 280.49130837280825 21.825771287940011 137.98971859940858 -146.50505167167876 -63.716423419702828 -62.82076290612931 61.597485286400406 31.077928229944025 -3.4699959942113563 53.307398690750347 47.042827367070892 -34.249037565034008 61.755139325862544 14.308384567943969 38.820156755118532 37.837940803615524 12.4601806202154 8.0474780294150747 91.454095512680979 -26.613143389056823 16.784789910395752 78.988405957842787 -11.37338589340893
leaf_weight=11.999999999999998 9.9999999999999982 10.999999999999998 10.000000000000002 10.999999999999998 17 11.999999999999998 15.000000000000002 10.999999999999998 12.999999999999998 15.999999999999998 15.999999999999998 15.999999999999998 13.000000000000002 13.999999999999998 9.9999999999999982 16.000000000000004 9.9999999999999982 9.9999999999999982 12.999999999999998 10.999999999999998 9.9999999999999982 12.999999999999998 12.999999999999998 13.000000000000002 11.000000000000002 17 11.999999999999998 21 18 9.9999999999999982
leaf_count=12 10 11 10 11 17 12 15 11 13 16 16 16 13 14 10 16 10 10 13 11 10 13 13 13 11 17 12 21 18 10
internal_value=-3.84224 -153.855 25.9124 -116.82 -149.372 9.44869 14.3326 111.023 3.33281 87.775 -106.398 -19.5573 -12.3189 9.66172 -22.0164 -25.6484 26.0226 73.055 -13.3111 40.1135 -6.11255 33.4243 16.2609 25.6894 7.61963 78.7769 -13.4182 24.8783 70.9307 -1.2056
internal_weight=405 67 338 55 44 267 255 26 229 71 33 114 98 37 23 61 115 55 51 47 38 36 68 26 34 45 28 34 28 21
internal_count=405 67 338 55 44 267 255 26 229 71 33 114 98 37 23 61 115 55 51 47 38 36 68 26 34 45 28 34 28 21
is_linear=0
shrinkage=0.03


Tree=104
num_leaves=31
num_cat=0
split_feature=29 29 29 30 29 7 27 30 16 29 10 29 3 30 22 17 3 4 5 29 10 10 5 29 16 22 23 4 3 22
split_gain=1.8908e+09 4.3573e+08 3.59973e+08 2.44263e+08 2.51583e+08 1.49907e+08 2.02259e+08 1.16601e+08 3.2523e+08 1.10461e+08 6.56306e+07 5.43863e+07 4.64535e+07 5.15612e+07 2.48767e+07 2.58787e+07 2.12974e+07 1.76831e+07 1.48771e+07 1.46383e+07 1.27829e+07 9.78554e+06 9.64401e+06 8.19829e+06 8.14439e+06 8.13918e+06 6.34893e+06 5.58858e+06 3.53354e+06 3.50664e+06
threshold=1.4339599247367767 0.37358695828773819 80689.725000000006 5.5000000000000009 0.56841701361305397 1654838.6650000003 1.0000000180025095e-35 10.500000000000002 46885.151751505262 48407.975000000006 38311.013571428572 108379.96000000002 11100.835000000001 8.5000000000000018 -0.43982890882219972 48227.382427957309 54182.630000000005 56646.380000000012 15937499.260000002 64929.599999999999 59570.092857142859 30323.69071428572 18235842.98 95766.660000000018 44607.572833767124 -0.15123342103804657 -0.34552334190817774 45809.820000000007 40078.865000000005 -0.6880826349756709
decision_type=2 2 2 2 2 2 2 2 2 2 2 2 2 2 2 2 2 2 2 2 2 2 2 2 2 2 2 2 2 2
left_child=1 -1 5 -3 -5 -2 7 9 -9 12 -6 20 -7 14 18 16 22 -18 -14 21 23 -11 -16 -4 -21 29 -26 -27 -22 -23
right_child=2 3 11 4 10 6 -8 8 -10 19 -12 -13 13 -15 15 -17 17 -19 -20 24 28 25 -24 -25 26 27 -28 -29 -30 -31
leaf_value=-312.77862037247144 108.32950958602729 13.073087942546309 71.825101048702862 -268.95176220371707 -64.312574916004806 -65.375427944860718 -121.45762989165016 -54.519940458838597 172.64267188762796 40.030371425162613 -149.529959380191 133.86292485032124 -60.073051438376176 54.086324845499064 -19.192910584407045 22.9589158161195 -70.270202864461837 -13.836425189117886 -13.373266556013874 50.06615811302548 67.135085922924404 8.4798441463486274 22.368023772737871 104.4738055889423 41.617264059866102 -17.064054388287417 12.314161268975646 11.931073912883774 42.940895747042241 30.60998999979147
leaf_weight=11.999999999999998 12.999999999999998 10.999999999999998 21 10.999999999999998 18 15.999999999999998 10.999999999999998 10.000000000000002 12.999999999999998 10.999999999999998 14.999999999999998 15.999999999999998 15.999999999999995 9.9999999999999982 10.000000000000009 18 10.000000000000002 9.9999999999999982 9.9999999999999982 22 10.000000000000002 11.999999999999998 9.9999999999999982 10.999999999999998 12.000000000000002 13.000000000000002 14.999999999999998 10.999999999999998 12.999999999999998 14.000000000000002
leaf_count=12 13 11 21 11 18 16 11 10 13 11 15 16 16 10 10 18 10 10 10 22 10 12 10 11 12 13 15 11 13 14
internal_value=-3.72753 -149.257 25.1379 -113.328 -144.908 9.16658 4.07099 9.77717 73.9723 3.05058 -103.215 85.1505 -18.203 -10.1431 -17.8171 -6.87258 -20.3087 -42.1582 -42.1717 24.3027 70.8708 14.4757 1.59152 83.1936 36.5092 8.81928 25.3906 -3.77744 53.5829 20.432
internal_weight=405 67 338 55 44 267 254 243 23 220 33 71 110 94 84 58 40 20 26 110 55 61 20 32 49 50 27 24 23 26
internal_count=405 67 338 55 44 267 254 243 23 220 33 71 110 94 84 58 40 20 26 110 55 61 20 32 49 50 27 24 23 26
is_linear=0
shrinkage=0.03


Tree=105
num_leaves=31
num_cat=0
split_feature=29 29 2 30 1 30 29 0 0 11 1 29 29 29 13 10 29 29 10 23 30 11 17 12 7 29 22 29 22 16
split_gain=1.43574e+09 4.3013e+08 6.27315e+08 4.21558e+08 1.93036e+08 1.74741e+08 1.09854e+08 1.03386e+08 1.21241e+08 6.9299e+07 7.0786e+07 5.25123e+07 8.11184e+07 1.77631e+08 3.0462e+07 2.56849e+07 1.99479e+07 1.21941e+07 9.25807e+06 1.30859e+07 8.73594e+06 8.48802e+06 7.1174e+06 6.84809e+06 5.60708e+06 4.50838e+06 4.04217e+06 5.12871e+06 3.85592e+06 3.63699e+06
threshold=3.2772196089076209 0.56841701361305397 54138.695000000007 12.500000000000002 95041.345000000016 7.5000000000000009 44641.500000000007 75253.420000000027 15580.789999999997 42210.61642857144 70821.805000000008 81953.060000000012 47983.345000000008 6.711850151100716 51045.420000000006 33466.682142857149 62917.445000000007 58592.835000000006 26392.812857142857 -0.52625006705264832 9.5000000000000018 57999.497142857152 49951.205936943858 47967.152166666674 10741569.175000003 52058.605000000003 0.52828508881293679 65704.345000000016 -0.43982890882219972 45167.022847405788
decision_type=2 2 2 2 2 2 2 2 2 2 2 2 2 2 2 2 2 2 2 2 2 2 2 2 2 2 2 2 2 2
left_child=1 2 -1 5 7 6 14 8 -3 -10 -11 12 13 -7 18 -13 25 -14 -2 -20 26 23 -18 -17 -21 29 28 -28 -19 -8
right_child=3 4 -4 -5 -6 11 16 -9 9 10 -12 15 17 -15 -16 21 22 20 19 24 -22 -23 -24 -25 -26 -27 27 -29 -30 -31
leaf_value=-319.66346463935309 9.838664131682382 10.393509567118137 -13.046962453358208 174.62141615011561 -179.83280794513757 24.866973783963271 -2.8260325867665825 20.716672113373523 -31.955768229528676 -149.33175116457102 -49.488309854535906 119.14601759270055 -9.769782587307601 182.39577454524252 -65.967035946900808 59.805122988691934 37.073212445524213 29.872117381248607 -1.7916570221573729 -53.423056075822018 5.2929194700675497 42.430758183682123 71.634093327308761 89.109930832615092 -22.247481692214894 28.557321226570973 7.0484959844332993 37.437814695443677 53.836454420823294 19.288337729893119
leaf_weight=15.000000000000002 10.999999999999998 15.999999999999998 9.9999999999999982 19 9.9999999999999982 18.000000000000004 11.000000000000002 19 13.999999999999998 18.000000000000004 9.9999999999999982 9.9999999999999982 9.9999999999999982 9.9999999999999982 12.999999999999998 16.000000000000004 12.000000000000002 13.999999999999998 16.999999999999996 10.000000000000005 13.999999999999998 10.999999999999998 9.9999999999999982 13.999999999999998 10.999999999999998 23 10.000000000000002 9.9999999999999982 11.000000000000002 17
leaf_count=15 11 16 10 19 10 18 11 19 14 18 10 10 10 10 13 16 12 14 17 10 14 11 10 14 11 23 10 10 11 17
internal_value=3.98959 -87.7259 -197.288 38.0122 -56.1473 28.8113 4.12516 -39.978 -59.8615 -86.6058 -113.825 51.32 38.3286 81.3521 -25.2286 75.9676 29.056 20.8235 -14.3643 -21.3741 26.0127 65.3039 52.9095 73.6062 -37.1846 18.7245 32.4458 22.2986 40.5028 10.611
internal_weight=414 112 25 302 87 283 135 77 58 42 28 148 97 28 62 51 73 69 49 38 59 41 22 30 21 51 45 20 25 28
internal_count=414 112 25 302 87 283 135 77 58 42 28 148 97 28 62 51 73 69 49 38 59 41 22 30 21 51 45 20 25 28
is_linear=0
shrinkage=0.03


Tree=106
num_leaves=31
num_cat=0
split_feature=29 29 11 30 1 30 29 0 0 11 1 29 29 29 13 10 29 29 15 10 23 30 29 5 11 22 22 29 22 25
split_gain=1.35119e+09 4.04788e+08 4.1984e+08 3.96702e+08 1.81689e+08 1.64459e+08 1.03386e+08 9.72942e+07 1.14098e+08 6.52153e+07 6.66094e+07 4.94197e+07 7.63462e+07 1.67188e+08 2.8668e+07 2.41769e+07 1.89146e+07 1.14766e+07 9.77478e+06 8.71344e+06 1.23162e+07 8.22196e+06 6.09707e+06 5.27743e+06 5.25384e+06 3.87681e+06 3.804e+06 4.82709e+06 3.62933e+06 3.54636e+06
threshold=3.2772196089076209 0.56841701361305397 39162.507142857154 12.500000000000002 95041.345000000016 7.5000000000000009 44641.500000000007 75253.420000000027 15580.789999999997 42210.61642857144 70821.805000000008 81953.060000000012 47983.345000000008 6.711850151100716 51045.420000000006 33466.682142857149 66409.170000000013 58592.835000000006 45579.301565123802 26392.812857142857 -0.52625006705264832 9.5000000000000018 52058.605000000003 11037862.315000003 56564.645714285725 -0.43982890882219972 0.52828508881293679 65704.345000000016 -0.43982890882219972 -0.24999999999999994
decision_type=2 2 2 2 2 2 2 2 2 2 2 2 2 2 2 2 2 2 2 2 2 2 2 2 2 2 2 2 2 2
left_child=1 2 -1 5 7 6 14 8 -3 -10 -11 12 13 -7 19 -13 22 -14 24 -2 -21 26 29 -22 25 -17 28 -28 -19 -8
right_child=3 4 -4 -5 -6 11 16 -9 9 10 -12 15 17 -15 -16 18 -18 21 -20 20 23 -23 -24 -25 -26 -27 27 -29 -30 -31
leaf_value=-309.19272902916202 9.5448398710915381 10.082675883925964 -63.014880624351655 169.39652190921811 -174.4646626486707 24.123031836005122 24.569925849117439 20.096801950049212 -31.000505752834982 -144.86420993118071 -48.011045450239038 115.58941996560166 -9.4781474554716638 176.95112486881993 -63.995608301272327 67.256982604069478 58.173626064382908 28.979143222795258 38.874916449499345 -1.7380649510716415 -51.8283378031716 5.1346971459236004 29.778598852681238 -21.583077202015868 53.942693454116132 94.822614709654772 6.838093134182599 36.320268044542907 52.228668516685495 2.3161376953124999
leaf_weight=13.000000000000002 10.999999999999998 15.999999999999998 11.999999999999998 19 9.9999999999999982 18.000000000000004 10.000000000000002 19 13.999999999999998 18.000000000000004 9.9999999999999982 9.9999999999999982 9.9999999999999982 9.9999999999999982 12.999999999999998 9.9999999999999982 14.999999999999998 13.999999999999998 10.999999999999998 16.999999999999996 10.000000000000005 13.999999999999998 30 10.999999999999998 9.9999999999999982 10.000000000000005 10.000000000000002 9.9999999999999982 11.000000000000002 18
leaf_count=13 11 16 12 19 10 18 10 19 14 18 10 10 10 10 13 10 15 14 11 17 10 14 30 11 10 10 10 10 11 18
internal_value=3.87036 -85.1036 -191.389 36.876 -54.4695 27.9505 4.00163 -38.7826 -58.0713 -84.0159 -110.421 49.7869 37.1838 78.9226 -24.475 73.6977 28.1875 20.2015 63.3518 -13.9354 -20.7359 25.2357 20.389 -36.0745 72.2471 81.2419 31.4767 21.633 39.2928 10.2935
internal_weight=414 112 25 302 87 283 135 77 58 42 28 148 97 28 62 51 73 69 41 49 38 59 58 21 30 20 45 20 25 28
internal_count=414 112 25 302 87 283 135 77 58 42 28 148 97 28 62 51 73 69 41 49 38 59 58 21 30 20 45 20 25 28
is_linear=0
shrinkage=0.03


Tree=107
num_leaves=31
num_cat=0
split_feature=29 29 2 30 1 30 29 0 0 11 1 29 29 29 13 29 11 29 29 5 30 15 15 1 29 4 23 22 13 8
split_gain=1.27164e+09 3.80957e+08 5.84598e+08 3.7331e+08 1.71009e+08 1.5479e+08 9.7297e+07 9.15613e+07 1.07375e+08 6.13722e+07 6.26792e+07 4.65146e+07 7.18547e+07 1.57359e+08 2.69797e+07 1.7801e+07 1.55509e+07 1.47517e+07 1.08014e+07 9.56964e+06 7.73822e+06 6.58283e+06 8.04931e+06 8.19701e+06 5.73676e+06 4.34022e+06 3.75054e+06 3.14216e+06 2.70416e+06 2.49104e+06
threshold=3.2772196089076209 0.56841701361305397 54138.695000000007 12.500000000000002 95041.345000000016 7.5000000000000009 44641.500000000007 75253.420000000027 15580.789999999997 42210.61642857144 70821.805000000008 81953.060000000012 47983.345000000008 6.711850151100716 51045.420000000006 66409.170000000013 57999.497142857152 104819.83000000002 58592.835000000006 6040231.9500000011 9.5000000000000018 43904.50835410368 58786.605416811544 55502.855000000003 52058.605000000003 54182.630000000005 -0.25065253225872081 0.52828508881293679 44117.33091666668 6327547.6550000003
decision_type=2 2 2 2 2 2 2 2 2 2 2 2 2 2 2 2 2 2 2 2 2 2 2 2 2 2 2 2 2 2
left_child=1 2 -1 5 7 6 14 8 -3 -10 -11 12 13 -7 21 24 17 19 -14 -13 26 -2 23 -23 28 -21 -20 -28 -8 -26
right_child=3 4 -4 -5 -6 11 15 -9 9 10 -12 16 18 -15 -16 -17 -18 -19 20 25 -22 22 -24 -25 29 -27 27 -29 -30 -31
leaf_value=-303.80477371976212 -28.577646679472711 9.781139395170122 -7.8370251100454755 164.32796318474718 -169.2567616021455 23.401346002721386 22.453273431578669 19.495483013964073 -30.073800695833359 -140.53032214727423 -46.577879675110765 93.558963604827383 -9.1952176222160666 171.66900361473878 -62.083097032568922 56.434215309928817 39.634452992434944 111.94150900769587 40.239173200421803 71.279046357567594 4.9812040104984812 -13.007396048930149 -24.859109091857654 25.313599452687729 16.536049822906943 42.821733719555297 32.910356333063916 11.568088465013938 3.0170053751514887 35.005429701198658
leaf_weight=15.000000000000002 17 15.999999999999998 9.9999999999999982 19 9.9999999999999982 18.000000000000004 10.000000000000002 19 13.999999999999998 18.000000000000004 9.9999999999999982 10.000000000000002 9.9999999999999982 9.9999999999999982 12.999999999999998 14.999999999999998 10.999999999999998 9.9999999999999982 19.999999999999996 10.000000000000002 13.999999999999998 10.000000000000002 11.999999999999998 9.9999999999999982 10.000000000000002 9.9999999999999982 13.000000000000005 11.999999999999998 18 20
leaf_count=15 17 16 10 19 10 18 10 19 14 18 10 10 10 10 13 15 11 10 20 10 14 10 12 10 10 10 13 12 18 20
internal_value=3.75463 -82.5604 -185.67 35.7739 -52.8417 27.1155 3.88142 -37.6229 -56.3347 -81.5034 -107.119 48.3003 36.0733 76.5657 -23.7439 27.3442 71.4976 80.1996 19.598 69.4503 24.4819 -13.5193 -5.48752 6.16845 19.7788 57.1927 30.5365 22.7096 9.98618 28.8867
internal_weight=414 112 25 302 87 283 135 77 58 42 28 148 97 28 62 73 51 40 69 30 59 49 32 20 58 20 45 25 28 30
internal_count=414 112 25 302 87 283 135 77 58 42 28 148 97 28 62 73 51 40 69 30 59 49 32 20 58 20 45 25 28 30
is_linear=0
shrinkage=0.03


Tree=108
num_leaves=31
num_cat=0
split_feature=29 2 29 29 6 29 29 29 14 14 10 29 24 15 29 0 29 23 29 15 9 29 10 3 2 0 10 22 11 14
split_gain=1.20135e+09 2.70392e+08 4.45247e+08 2.61767e+08 2.07907e+08 1.26793e+08 2.0453e+08 3.90387e+08 1.4001e+08 1.13381e+08 9.68053e+07 9.64751e+07 8.42929e+07 5.47491e+07 2.40425e+07 2.04383e+07 1.74808e+07 1.21223e+07 2.95031e+07 7.55592e+06 6.83509e+06 5.17925e+06 6.71795e+06 6.56673e+06 5.64703e+06 5.07842e+06 4.87688e+06 6.52469e+06 3.58061e+06 3.06748e+06
threshold=1.3526207841824018 81252.960000000021 0.56841701361305397 81321.625000000015 9249146.1800000016 3.2772196089076209 32.285839286721725 6.2595914749359158 36206.660114122569 50190.406732534226 35335.651428571437 38515.255000000012 0.25000000000000011 57889.456423463016 22664.140000000003 37174.580000000009 52550.825000000004 1.0000000180025095e-35 95766.660000000018 43181.029814893154 9561068.8800000008 65704.345000000016 60481.597857142864 53360.985000000008 20942.990000000002 71189.940000000017 48024.303571428572 -0.25033082153100961 46407.511071428584 26331.602062780908
decision_type=2 2 2 2 2 2 2 2 2 2 2 2 2 2 2 2 2 2 2 2 2 2 2 2 2 2 2 2 2 2
left_child=1 2 4 5 -1 8 7 12 -2 -10 -4 14 -7 15 -8 -5 26 19 -19 -17 -16 24 23 -23 -18 -24 28 -28 -13 -26
right_child=3 -3 10 13 -6 6 11 -9 9 -11 -12 16 -14 -15 20 17 21 18 -20 -21 -22 22 25 -25 29 -27 27 -29 -30 -31
leaf_value=-352.03881034281699 -94.871096417284377 13.82368845326277 -15.975147480705878 25.995418810488573 -157.39985991520666 -28.055814539829139 -64.697673017129119 210.89807224477309 70.78396908362987 -49.741577626292809 -119.94691517747293 27.613618446463956 79.620132826032673 133.47343623720366 2.9380171314084138 77.498305226795679 1.1020419090581695 58.813329727348219 127.70697331215017 42.467763933642154 -26.750715829443742 23.700819844897506 34.443292816300186 52.722484423097526 10.566234622784513 4.9074720468094091 12.914955161934463 -19.249048693426722 2.2457748185342812 29.60157160593053
leaf_weight=10.000000000000002 19 11.999999999999998 13.999999999999998 9.9999999999999982 9.9999999999999982 16.000000000000004 12.999999999999998 13.999999999999998 14.000000000000002 13.999999999999998 19 10.000000000000002 10.999999999999998 12.999999999999998 11.000000000000002 10.000000000000002 10.999999999999998 13.000000000000002 9.9999999999999982 12.999999999999998 19 11.000000000000002 11.000000000000002 20 9.9999999999999982 9.9999999999999982 10.000000000000002 12.999999999999998 9.9999999999999982 33
leaf_count=10 19 12 14 10 10 16 13 14 14 14 19 10 11 13 11 10 11 13 10 13 19 11 11 20 10 10 10 13 10 33
internal_value=3.64257 -114.723 -143.813 25.701 -255.355 12.7971 21.8643 82.6462 -32.1286 10.54 -75.9286 8.86665 15.8782 78.0176 -30.6955 65.0363 20.2904 73.486 88.9791 57.8335 -15.8781 26.8326 33.6004 42.4792 20.2905 20.4237 4.15057 -5.26702 14.9669 25.1922
internal_weight=414 65 53 349 20 280 233 41 47 28 33 192 27 69 43 56 149 46 23 23 30 106 52 31 54 21 43 23 20 43
internal_count=414 65 53 349 20 280 233 41 47 28 33 192 27 69 43 56 149 46 23 23 30 106 52 31 54 21 43 23 20 43
is_linear=0
shrinkage=0.03


Tree=109
num_leaves=31
num_cat=0
split_feature=29 2 29 29 8 12 8 1 29 10 29 10 14 29 10 15 1 17 1 29 14 13 12 29 10 1 10 15 2 11
split_gain=1.13064e+09 2.54478e+08 4.19087e+08 2.46409e+08 1.97682e+08 1.24188e+08 9.13844e+07 9.30767e+07 1.24125e+08 9.10981e+07 7.12327e+07 7.74656e+07 1.23749e+08 8.54709e+07 8.47638e+07 4.93414e+07 3.85854e+07 5.59065e+07 5.17332e+07 3.29967e+07 2.89633e+07 2.12981e+07 1.74839e+07 1.17209e+07 1.12465e+07 8.14006e+06 7.82513e+06 6.78991e+06 6.41242e+06 4.95017e+06
threshold=1.3526207841824018 81252.960000000021 0.56841701361305397 81953.060000000012 9495667.4700000007 58311.892000000007 1343747.2900000003 82635.310000000012 20942.990000000002 35335.651428571437 52550.825000000004 43254.637857142858 69383.757630995518 6857.5300000000016 37204.711428571427 57889.456423463016 29283.360000000004 47385.786203344549 64929.600000000006 11.030744040625212 33817.796060297318 52346.416666666679 50612.624500000013 51187.725000000006 52052.389285714293 62045.810000000005 32460.462857142858 53594.260733261814 29854.990000000002 46786.571428571428
decision_type=2 2 2 2 2 2 2 2 2 2 2 2 2 2 2 2 2 2 2 2 2 2 2 2 2 2 2 2 2 2
left_child=1 2 4 5 -1 6 -2 10 -9 -4 11 12 13 14 -8 21 -13 18 20 -19 -18 22 24 -10 -5 27 -15 29 -25 -12
right_child=3 -3 9 15 -6 -7 7 8 23 -11 25 16 -14 26 -16 -17 17 19 -20 -21 -22 -23 -24 28 -26 -27 -28 -29 -30 -31
leaf_value=-342.00376268073677 94.397631099306295 13.410699462890625 -15.497600329388925 83.073403572272568 -152.22777660996167 -81.489418428666355 26.943693595096974 117.7085193241868 -3.2078589008372025 -116.35795494740404 38.27914150932483 -81.885096335509999 -68.20611509125807 18.061568337056165 143.08814496851676 129.48457466213182 -57.811802286176494 51.259458460743055 -103.8246258636019 -23.871865070399952 12.593444472092846 24.558476325647153 108.18039405025652 13.333105729392205 47.353046606469334 45.256797605140179 -16.125498065124713 4.3881585807443777 43.552031152668185 18.195329056242979
leaf_weight=10.000000000000002 12.999999999999998 11.999999999999998 13.999999999999998 13.999999999999998 9.9999999999999982 11.999999999999998 13.000000000000002 15.999999999999998 13.999999999999998 19 20 11.999999999999998 12.999999999999998 10.000000000000002 9.9999999999999982 12.999999999999998 10.000000000000005 11.000000000000002 9.9999999999999982 9.9999999999999982 10.999999999999998 9.9999999999999982 9.9999999999999982 11.000000000000002 19 15.999999999999998 14.999999999999998 15.999999999999998 14.999999999999998 25
leaf_count=10 13 12 14 14 10 12 13 16 14 19 20 12 13 10 10 13 10 11 10 10 11 10 10 11 19 16 15 16 15 25
internal_value=3.53371 -111.296 -139.517 24.9332 -247.732 12.7535 16.9408 13.0204 47.2246 -73.6569 3.52875 -10.4527 13.7329 35.9726 77.6421 77.1091 -33.4973 -22.2629 -47.8354 15.5109 -20.9905 64.1524 73.321 18.9193 62.6099 26.2179 -2.44192 21.1912 30.8172 27.154
internal_weight=414 65 53 349 20 283 271 258 56 33 202 125 61 48 23 66 64 52 31 21 21 53 43 40 33 77 25 61 26 45
internal_count=414 65 53 349 20 283 271 258 56 33 202 125 61 48 23 66 64 52 31 21 21 53 43 40 33 77 25 61 26 45
is_linear=0
shrinkage=0.03


Tree=110
num_leaves=31
num_cat=0
split_feature=29 29 7 2 17 3 29 2 29 2 30 29 17 29 30 14 29 15 29 2 20 13 13 0 25 29 2 16 15 15
split_gain=8.89713e+08 2.53838e+08 2.18346e+08 1.77661e+08 1.45918e+08 1.30492e+08 1.63793e+08 8.74983e+07 2.09896e+08 1.11746e+08 2.04827e+08 5.86003e+07 5.71204e+07 9.54934e+07 5.84593e+07 5.19429e+07 4.99568e+07 4.84089e+07 2.2236e+07 1.8127e+07 1.50324e+07 1.21761e+07 1.19161e+07 1.05375e+07 1.0456e+07 1.04419e+07 9.2054e+06 1.00861e+07 1.22531e+07 6.2253e+06
threshold=1.7539170611738182 75872.645000000004 1654838.6650000003 7796.1400000000003 50174.27314133793 45914.200000000004 0.6678216696711986 81252.960000000021 25171.050000000007 60183.490000000013 9.5000000000000018 123155.85000000002 51073.722757941658 17114.705000000005 5.5000000000000009 41090.096768460688 31256.185000000001 42537.488805444016 59991.75 28604.970000000005 -0.60785761079279388 38938.108416666677 42244.410166666676 59815.805000000015 0.25000000000000017 49026.955000000009 70947.800000000003 40924.105175375771 54295.015342440463 36883.166241380473
decision_type=2 2 2 2 2 2 2 2 2 2 2 2 2 2 2 2 2 2 2 2 2 2 2 2 2 2 2 2 2 2
left_child=3 2 -2 -1 5 -5 -7 9 -9 12 20 21 14 -14 16 18 -4 -17 19 -16 -11 -3 -23 -19 -22 -10 27 -24 29 -29
right_child=1 11 7 4 -6 6 -8 8 25 10 -12 -13 13 -15 15 17 -18 23 -20 -21 24 22 26 -25 -26 -27 -28 28 -30 -31
leaf_value=-203.85680522659783 117.48381086583944 85.735067818067733 -84.193680513822088 -40.424037098554365 1.6271400339792199 -240.29376384678162 -83.320701705577761 -134.138603422226 -16.854843402016748 -13.490576199492716 167.84924498600745 129.68822966010319 -118.23953037546636 -0.24236897798342122 9.8537108818330346 96.034312224927518 6.0924864479858947 37.906301803905421 22.69676588175933 -38.965317871431893 40.680566802738213 22.779163881880123 40.127980848290449 -3.7348265690590017 2.7842227764983671 19.806790671761579 35.956467708955174 65.364929585866776 44.527627080166496 96.368712901050927
leaf_weight=10.999999999999998 14.999999999999998 10.999999999999998 11.000000000000002 18 17 10.000000000000002 14.999999999999998 13.999999999999998 11.000000000000002 10.999999999999998 9.9999999999999982 10.999999999999998 10.000000000000002 15.999999999999998 11.000000000000002 10.999999999999998 10.999999999999998 12.000000000000002 17 18 19.000000000000004 10.999999999999998 12.999999999999998 9.9999999999999982 9.9999999999999982 19 14.999999999999998 11.000000000000002 10.999999999999998 13.999999999999998
leaf_count=11 15 11 11 18 17 10 15 14 11 11 10 11 10 16 11 11 11 12 17 18 19 11 13 10 10 19 15 11 11 14
internal_value=3.15516 23.7151 6.91827 -93.2225 -72.7867 -102.174 -146.464 -0.61106 -38.4466 8.80259 46.7684 64.5569 -6.15711 -45.7657 4.05677 16.1032 -39.1391 44.7932 -4.50512 -20.4627 16.3265 56.1556 51.7631 19.013 27.6401 6.35851 56.723 63.037 71.2425 82.8847
internal_weight=404 333 236 71 60 43 25 221 44 177 50 97 127 26 101 79 22 33 46 29 40 86 75 22 29 30 64 49 36 25
internal_count=404 333 236 71 60 43 25 221 44 177 50 97 127 26 101 79 22 33 46 29 40 86 75 22 29 30 64 49 36 25
is_linear=0
shrinkage=0.03


Tree=111
num_leaves=30
num_cat=0
split_feature=29 29 7 4 16 29 10 6 29 30 7 30 6 29 23 30 29 2 2 10 29 14 23 10 22 10 4 23 16
split_gain=8.37349e+08 2.38899e+08 2.05484e+08 1.74226e+08 2.22895e+08 1.99006e+08 1.05882e+08 8.97166e+07 1.06867e+08 8.21017e+07 7.90489e+07 1.41203e+08 7.67629e+07 5.51537e+07 2.71345e+07 5.86316e+07 3.29217e+07 2.40807e+07 2.12441e+07 1.7514e+07 1.74279e+07 1.32337e+07 1.10303e+07 8.35812e+06 4.65945e+06 6.00104e+06 4.22454e+06 2.53472e+06 1.34741e+06
threshold=1.7539170611738182 75872.645000000004 1654838.6650000003 23907.545000000002 51297.302879385439 0.6678216696711986 64656.45285714286 16035082.835000003 44641.500000000007 3.5000000000000004 19565183.075000007 10.500000000000002 20441317.265000004 123155.85000000002 -0.68543205262022666 7.5000000000000009 35669.69000000001 52970.135000000002 52058.60500000001 30641.922142857144 7.4618367747213172 47808.779227744955 0.8698606264137535 52636.64928571428 0.91777833585891111 37204.711428571427 49026.955000000009 0.8698606264137535 49892.885918402688
decision_type=2 2 2 2 2 2 2 2 2 2 2 2 2 2 2 2 2 2 2 2 2 2 2 2 2 2 2 2 2
left_child=3 2 -2 -1 5 -5 9 8 -8 -4 11 14 -12 19 15 -11 18 -7 -16 -3 -20 22 23 -21 25 -18 -25 28 -27
right_child=1 13 6 4 -6 17 7 -9 -10 10 12 -13 -14 -15 16 -17 24 -19 20 21 -22 -23 -24 26 -26 27 -28 -29 -30
leaf_value=-189.5496413658405 113.97100419206079 89.873555482890268 -61.314674361150878 -203.730422517623 19.557921281217538 -23.758857294338842 -158.2952713240438 10.395258556651051 -22.84446658311386 -0.068629059078186519 -99.318808803273626 112.94926418969638 7.8025880224284929 125.8151900761807 -45.402771503030259 77.80956158504307 40.693372006238242 -82.553814160299439 29.708162131238325 67.156099216803355 -26.161665913596078 22.812984800508435 79.870157877604157 49.803461555628893 3.1812235867066239 26.514232669366844 28.055046629668073 3.3249688390475596 12.378528834100978
leaf_weight=12.999999999999998 14.999999999999998 10.999999999999998 13.999999999999998 12.999999999999998 18 10.000000000000002 10.000000000000002 13.999999999999998 10.999999999999998 19 10.000000000000002 13.999999999999998 14.999999999999998 10.999999999999998 14.999999999999998 15.999999999999998 11.999999999999998 17 10.000000000000002 14.999999999999998 9.9999999999999982 13.999999999999998 12.999999999999998 18 14.999999999999998 16.000000000000004 14.999999999999998 9.9999999999999982 9.9999999999999982
leaf_count=13 15 11 14 13 18 10 10 14 11 19 10 14 15 11 15 16 12 17 10 15 10 14 13 18 15 16 15 10 10
internal_value=3.06075 23.0065 6.71142 -90.4378 -68.0789 -107.491 -0.59277 -48.4236 -87.5676 8.41824 14.1103 22.4985 -35.1587 62.6282 12.9385 35.593 4.83362 -60.8621 -18.4784 54.4778 1.77767 49.23 55.2692 48.5303 17.7892 22.3461 39.9752 16.1823 21.1116
internal_weight=404 333 236 71 58 40 221 35 21 186 172 147 25 97 133 35 98 27 35 86 20 75 61 48 63 48 33 36 26
internal_count=404 333 236 71 58 40 221 35 21 186 172 147 25 97 133 35 98 27 35 86 20 75 61 48 63 48 33 36 26
is_linear=0
shrinkage=0.03


Tree=112
num_leaves=31
num_cat=0
split_feature=29 29 2 14 30 30 3 16 15 0 29 29 30 12 30 29 20 10 29 14 23 11 3 3 16 3 16 10 29 3
split_gain=7.88039e+08 2.24838e+08 1.66923e+08 1.43527e+08 3.92994e+08 1.38331e+08 1.22787e+08 1.98782e+08 1.75737e+08 6.3855e+07 5.20341e+07 5.19109e+07 4.17775e+07 3.84171e+07 2.99818e+07 2.57501e+07 1.7626e+07 1.6485e+07 1.40521e+07 1.24541e+07 1.03816e+07 9.38666e+06 1.52647e+07 1.07092e+07 9.99386e+06 8.22338e+06 5.68336e+06 5.62138e+06 5.48972e+06 3.17898e+06
threshold=1.7539170611738182 75872.645000000004 7796.1400000000003 41090.096768460688 10.500000000000002 10.500000000000002 45914.200000000004 51297.302879385439 44819.580400488201 67239.700000000026 6.711850151100716 123155.85000000002 5.5000000000000009 46978.993000000009 4.5000000000000009 27301.705000000002 0.87837969732492682 30641.922142857144 44641.500000000007 47808.779227744955 0.8698606264137535 32465.367857142857 80977.315000000017 28966.960000000003 49275.672488281627 47454.455000000009 43540.141114274396 59676.166428571429 68227.74500000001 73277.485000000015
decision_type=2 2 2 2 2 2 2 2 2 2 2 2 2 2 2 2 2 2 2 2 2 2 2 2 2 2 2 2 2 2
left_child=2 3 -1 5 14 10 9 8 -8 -4 13 17 15 -2 -5 -12 21 -3 -14 20 25 -16 23 -23 -25 -19 -17 -27 29 -20
right_child=1 11 6 4 -6 -7 7 -9 -10 -11 12 -13 18 -15 16 26 -18 19 28 -21 -22 22 -24 24 -26 27 -28 -29 -30 -31
leaf_value=-194.96688326322115 -70.70544536269712 87.189549124186925 -55.898600526613599 -37.394061555474046 174.53080608583369 -111.29345652473417 -75.616297830288801 -0.48847866144654972 -241.89391603771915 40.547573898087684 -60.981082699903794 122.05780951728646 53.677123750145753 0.25484820480663251 29.704328084214822 13.652713434020079 50.513514930414395 61.196237856758458 14.807220515746504 22.131030718711767 77.483233291801369 -13.282318935109606 -23.27216990189196 36.155070094058381 -1.2255324634153448 49.191600737113525 -16.900903801502526 21.67191950480143 33.32318073807798 -4.3040005002086517
leaf_weight=10.999999999999998 16.000000000000004 10.999999999999998 16.000000000000004 10.999999999999998 14.999999999999998 11.999999999999998 12.000000000000002 10.999999999999998 10.999999999999998 9.9999999999999982 9.9999999999999982 10.999999999999998 9.9999999999999982 11.999999999999998 15.999999999999998 10.000000000000002 10.999999999999998 21 27 13.999999999999998 12.999999999999998 9.9999999999999982 13.999999999999998 18.000000000000004 9.9999999999999982 14.000000000000002 11.999999999999998 12.999999999999998 10.999999999999998 10.999999999999998
leaf_count=11 16 11 16 11 15 12 12 11 11 10 10 11 10 12 16 10 11 21 27 14 13 10 14 18 10 14 12 13 11 11
internal_value=2.96896 22.3185 -87.7348 6.51024 32.6343 -14.4334 -67.9296 -105.419 -155.493 -18.7973 -4.62331 60.7565 6.38491 -40.3476 8.90112 -21.1952 15.3669 52.8493 21.3489 47.758 53.6167 9.64843 3.45478 13.3192 22.8265 47.0789 -3.01343 36.0059 14.7033 9.27664
internal_weight=404 333 71 236 105 131 60 34 23 26 119 97 91 28 90 32 79 86 59 75 61 68 52 38 28 48 22 27 49 38
internal_count=404 333 71 236 105 131 60 34 23 26 119 97 91 28 90 32 79 86 59 75 61 68 52 38 28 48 22 27 49 38
is_linear=0
shrinkage=0.03


Tree=113
num_leaves=31
num_cat=0
split_feature=29 30 0 30 0 0 29 29 12 30 10 29 4 11 14 29 10 29 24 10 14 10 29 4 17 3 25 0 3 24
split_gain=7.43697e+08 2.58354e+08 1.82402e+08 2.16475e+08 2.29674e+08 1.78343e+08 1.63887e+08 1.33985e+08 1.02666e+08 7.25883e+07 5.61176e+07 7.46865e+07 8.55657e+07 4.88902e+07 3.23214e+07 2.851e+07 2.50743e+07 2.42273e+07 1.04189e+07 9.4627e+06 7.8794e+06 6.65237e+06 6.54912e+06 4.06861e+06 3.85985e+06 3.54169e+06 2.75151e+06 2.66897e+06 2.43097e+06 2.22565e+06
threshold=3.2772196089076209 13.500000000000002 74542.735000000015 11.500000000000002 22473.725000000002 87392.215000000011 72765.705000000016 0.6678216696711986 43637.289333333341 3.5000000000000004 62616.558571428577 22664.140000000003 56646.380000000012 51860.863928571438 44037.167515222776 108379.96000000002 52156.999285714293 34766.000000000007 1.0000000180025095e-35 29771.687142857143 50539.421624839211 59676.166428571429 51904.395000000011 48042.525000000001 49302.113424740637 36304.475000000013 -0.5 76586.755000000019 76616.280000000013 -0.24999999999999994
decision_type=2 2 2 2 2 2 2 2 2 2 2 2 2 2 2 2 2 2 2 2 2 2 2 2 2 2 2 2 2 2
left_child=2 6 3 4 8 -4 9 -6 -1 -2 11 12 -11 -12 16 19 -9 -13 -15 -8 21 24 26 -23 -21 -24 -19 28 -27 -25
right_child=1 -3 5 -5 7 -7 15 14 -10 10 13 17 -14 18 -16 -17 -18 22 -20 20 -22 23 25 29 -26 27 -28 -29 -30 -31
leaf_value=-51.253270554816567 -54.642441485005037 152.88237806435581 82.042928480827911 -218.38301163858438 -190.26145215966233 -69.497506926780517 72.544581514246318 -125.51829251491176 73.01528834002049 128.53007066821615 -72.603453627463693 -22.704667633986539 10.284546837439903 -18.036490807166459 -31.022360366138052 97.702397991197671 -60.691053931392837 16.252628072102862 23.161181243620305 46.940680412232403 17.713617581040108 49.396099831794928 11.387663996784465 38.158143000816239 68.129831204125878 38.922475050761193 -0.99147389426407218 13.759739753381529 20.104827479817974 17.996590674101402
leaf_weight=13.000000000000002 17 13.999999999999998 13.000000000000002 9.9999999999999982 12.999999999999998 14.999999999999998 10.999999999999998 12.000000000000002 10.999999999999998 11.000000000000002 11.999999999999998 18 10.999999999999998 11.000000000000002 9.9999999999999982 10.999999999999998 9.9999999999999982 12.999999999999998 10.999999999999998 19 9.9999999999999982 13.999999999999998 20 9.9999999999999947 13.999999999999998 17.000000000000004 23 9.9999999999999982 9.9999999999999982 10.000000000000005
leaf_count=13 17 14 13 10 13 15 11 12 11 11 12 18 11 11 10 11 10 13 11 19 10 14 20 10 14 17 23 10 10 10
internal_value=2.87982 27.3112 -64.9154 -88.2215 -69.2131 0.881381 21.0732 -109.148 5.73654 4.32338 10.3404 19.1328 69.5647 -24.0307 -75.9506 52.1864 -96.2558 9.11044 2.56816 46.4447 42.6715 46.3805 15.2771 36.9565 56.0195 21.6002 5.24947 27.0976 32.003 28.1474
internal_weight=404 297 107 79 69 28 283 45 24 184 167 133 22 34 32 99 22 111 22 88 77 67 93 34 33 57 36 37 27 20
internal_count=404 297 107 79 69 28 283 45 24 184 167 133 22 34 32 99 22 111 22 88 77 67 93 34 33 57 36 37 27 20
is_linear=0
shrinkage=0.03


Tree=114
num_leaves=30
num_cat=0
split_feature=29 29 7 4 16 29 10 5 29 30 7 30 6 11 23 30 29 3 16 11 16 13 29 4 22 10 23 12 3
split_gain=7.02061e+08 1.97383e+08 1.87516e+08 1.58506e+08 1.98371e+08 1.74296e+08 9.33745e+07 8.07653e+07 9.74538e+07 7.00501e+07 7.38831e+07 1.27517e+08 7.14009e+07 4.95165e+07 2.50615e+07 5.34232e+07 2.83192e+07 2.59296e+07 2.63682e+07 2.10822e+07 1.82797e+07 1.38153e+07 1.79161e+07 4.48774e+06 4.17635e+06 5.36659e+06 3.24592e+06 2.98651e+06 708046
threshold=1.7539170611738182 75872.645000000004 1654838.6650000003 23907.545000000002 51297.302879385439 0.6678216696711986 64656.45285714286 16290705.730000002 44641.500000000007 3.5000000000000004 19565183.075000007 10.500000000000002 20441317.265000004 33854.110714285722 -0.68543205262022666 7.5000000000000009 35669.69000000001 38975.890000000007 49275.672488281627 44202.09714285715 39721.657529718745 42309.180916666672 108379.96000000002 56916.210000000006 0.91777833585891111 37204.711428571427 0.60896546470132462 46876.580166666674 55263.075000000004
decision_type=2 2 2 2 2 2 2 2 2 2 2 2 2 2 2 2 2 2 2 2 2 2 2 2 2 2 2 2 2
left_child=3 2 -2 -1 5 -5 9 8 -8 -4 11 14 -12 -3 15 -11 17 -16 -19 -7 -15 -22 23 26 25 -18 28 -27 -23
right_child=1 13 6 4 -6 19 7 -9 -10 10 12 -13 -14 20 16 -17 24 18 -20 -21 21 22 -24 -25 -26 27 -28 -29 -30
leaf_value=-177.34694459410917 108.70816949483168 116.93518430960123 -56.681810035569804 -188.74214758160468 21.171498661622444 -27.379553371736364 -150.32937339668837 10.157521420950566 -20.986493734644547 -0.25589461439237821 -96.522115485347882 107.05298333761954 6.7923133926138126 11.15740520420359 -58.094334115555036 74.082313580379306 37.902648014052772 28.514046785201138 -33.032000909702411 -80.546789072925932 30.402052597985588 58.059287000058255 94.016161501556013 39.624530371550087 2.4121045337562941 5.566789244486789 72.844757080078125 22.885672033114695 45.663991444146454
leaf_weight=12.999999999999998 14.999999999999998 10.999999999999998 13.999999999999998 12.999999999999998 18 13.000000000000002 10.000000000000002 13.999999999999998 10.999999999999998 19 10.000000000000002 13.999999999999998 14.999999999999998 9.9999999999999982 9.9999999999999982 15.999999999999998 11.999999999999998 13.000000000000002 11.999999999999998 13.999999999999998 17 10.000000000000005 11.999999999999998 15.999999999999998 14.999999999999998 17 10.999999999999998 19 9.9999999999999982
leaf_count=13 15 11 14 13 18 13 10 14 11 19 10 14 15 10 10 16 12 13 12 14 17 10 12 16 15 17 11 19 10
internal_value=2.79366 21.0571 6.24545 -82.8192 -61.4974 -98.6784 -0.732051 -45.649 -82.7891 7.73006 12.9878 21.0975 -34.6436 57.0721 12.0127 33.7845 4.22376 -17.3973 -1.03502 -55.0457 49.3516 54.3666 61.24 52.7806 16.2397 20.5539 59.4961 14.7264 51.991
internal_weight=404 333 236 71 58 40 221 35 21 186 172 147 25 97 133 35 98 35 25 27 86 76 59 47 63 48 31 36 20
internal_count=404 333 236 71 58 40 221 35 21 186 172 147 25 97 133 35 98 35 25 27 86 76 59 47 63 48 31 36 20
is_linear=0
shrinkage=0.03


Tree=115
num_leaves=31
num_cat=0
split_feature=29 11 7 29 4 1 17 1 25 27 29 29 29 29 10 29 29 13 14 29 22 22 10 4 1 15 21 0 29 15
split_gain=1.07824e+09 6.36143e+08 1.49342e+08 1.4454e+08 1.39709e+08 1.51682e+08 1.501e+08 1.18481e+08 7.7813e+07 6.58203e+07 7.65983e+07 4.67548e+07 5.27739e+07 9.53474e+07 2.84103e+07 2.20164e+07 2.19228e+07 1.20859e+07 1.0608e+07 1.49941e+07 1.18162e+07 8.00106e+06 8.07443e+06 7.825e+06 4.99165e+06 4.51659e+06 4.44883e+06 3.96688e+06 3.60816e+06 2.38156e+06
threshold=2.1515105257861697 25410.033571428576 1654838.6650000003 80689.725000000006 12737.505000000003 64929.600000000006 47413.458914871553 49376.000000000007 -0.24999999999999994 1.0000000180025095e-35 3.7519468051421385 6.2595914749359158 32.285839286721725 20942.990000000002 65862.250714285721 57790.515000000007 104819.83000000002 41974.032750000006 27264.233662270217 51187.725000000006 -0.25033082153100961 0.91777833585891111 56513.145714285718 57757.615000000005 52321.74500000001 41235.851744946784 1.0000000180025095e-35 77645.845000000016 34766.000000000007 48684.185886791798
decision_type=2 2 2 2 2 2 2 2 2 2 2 2 2 2 2 2 2 2 2 2 2 2 2 2 2 2 2 2 2 2
left_child=1 -1 -2 9 -3 7 -7 8 -6 10 -4 -12 -13 -14 16 17 23 26 20 28 -19 22 27 24 -5 -24 -15 -17 -20 -30
right_child=2 4 3 14 5 6 -8 -9 -10 -11 11 12 13 15 -16 21 -18 18 19 -21 -22 -23 25 -25 -26 -27 -28 -29 29 -31
leaf_value=-322.22968595134677 110.0713625328563 30.431312595557298 72.003514940493559 52.289398173081899 -43.281028130047474 -96.676535911121547 50.184070862576178 -190.80541790185023 -145.73746707968039 -66.164444427145 -59.120682263730167 74.193458488805959 -86.293874359130854 27.263303261183417 17.073081801879447 39.096392381637493 97.440486552282579 -0.42177081890960216 -25.007060798866618 21.497454140129989 -44.53733989034945 -1.71469190750999 21.921690926111843 35.337845109281169 80.200042997901122 -0.77840313966246855 2.1522406012763802 16.960307926918141 -14.002926563245673 6.1819699670841439
leaf_weight=9.9999999999999982 15.999999999999998 10.999999999999998 15.999999999999998 15.000000000000002 17 13.000000000000002 11.999999999999998 13.999999999999998 11.000000000000002 10.999999999999998 9.9999999999999982 9.9999999999999982 9.9999999999999982 15.000000000000002 13.999999999999998 28 13.999999999999998 10.000000000000002 11.999999999999998 19 11.999999999999998 12.999999999999998 20 13.999999999999998 9.9999999999999982 12.999999999999998 10.999999999999998 9.9999999999999982 11.000000000000002 9.9999999999999982
leaf_count=10 16 11 16 15 17 13 12 14 11 11 10 10 10 15 14 28 14 10 12 19 12 13 20 14 10 13 11 10 11 10
internal_value=-4.44497 -97.5379 20.8507 16.1987 -68.5433 -84.8034 -26.224 -119.599 -83.7198 5.35837 8.79267 4.05091 7.16128 3.68779 55.1585 8.60021 65.1932 -0.911853 -7.0942 0.299479 -24.5312 19.9179 23.8772 53.5074 63.5915 12.9916 16.6639 33.301 -11.9195 -4.39922
internal_weight=412 88 324 308 78 67 25 42 28 241 230 214 204 194 67 184 53 100 74 52 22 84 71 39 25 33 26 38 33 21
internal_count=412 88 324 308 78 67 25 42 28 241 230 214 204 194 67 184 53 100 74 52 22 84 71 39 25 33 26 38 33 21
is_linear=0
shrinkage=0.03


Tree=116
num_leaves=31
num_cat=0
split_feature=29 11 4 30 16 30 18 10 29 29 29 0 24 30 22 29 3 23 29 0 1 3 10 29 3 29 11 1 4 22
split_gain=1.01476e+09 5.98744e+08 1.31484e+08 1.75692e+08 1.76368e+08 1.20484e+08 1.7406e+08 1.65536e+08 1.1829e+08 1.03743e+08 9.17664e+07 7.69474e+07 5.49428e+07 3.64633e+07 3.55806e+07 4.37434e+07 3.97451e+07 2.86232e+07 2.57564e+07 1.09448e+07 1.37638e+07 1.81218e+07 1.2921e+07 1.25176e+07 9.17375e+06 6.22164e+06 5.80481e+06 3.6535e+06 3.544e+06 4.18092e+06
threshold=2.1515105257861697 25410.033571428576 12737.505000000003 7.5000000000000009 47737.225613972412 8.5000000000000018 3106585.3850000002 65303.012857142865 0.6678216696711986 51604.580000000009 68227.74500000001 78381.74500000001 0.25000000000000011 2.5000000000000004 -0.05058416099371614 64024.320000000007 36304.475000000013 -0.15065085054871696 80893.050000000017 48800.580000000009 65293.415000000008 73602.960000000006 35335.651428571437 22664.140000000003 65228.990000000013 65704.345000000016 43540.442857142873 42029.805000000008 55263.075000000004 1.0000000180025095e-35
decision_type=2 2 2 2 2 2 2 2 2 2 2 2 2 2 2 2 2 2 2 2 2 2 2 2 2 2 2 2 2 2
left_child=1 -1 -3 4 -4 9 -7 11 -5 13 -9 14 -10 -2 16 -16 -8 -18 25 20 21 -15 -21 -24 -17 28 -25 -27 29 -11
right_child=5 2 3 8 -6 6 7 10 12 18 -12 -13 -14 19 15 24 17 -19 -20 22 -22 -23 23 26 -26 27 -28 -29 -30 -31
leaf_value=-312.61089377332087 -63.054150289321832 29.522505222510425 -80.91239230084615 -197.2226053172144 75.909002708321182 136.33818285933162 17.043793912171228 -106.27622678386626 -38.831042581771904 18.37814750754135 9.3684543217453999 125.70582047544453 -126.46780202193615 35.048272127839468 -34.092748613499879 57.510925433279432 123.94886948315056 51.813073092788017 64.805729680362333 13.580117746068341 -24.882225833722011 -15.76020801601125 -45.097896243884314 -31.075903560866166 19.184434577600278 23.480047331141467 -3.7350476933146246 45.355990635663609 26.472101488375007 -2.8885482086532415
leaf_weight=9.9999999999999982 11.999999999999998 10.999999999999998 18.000000000000004 12.999999999999998 9.9999999999999982 15.999999999999998 11.000000000000002 10.000000000000002 12.000000000000002 23 15.999999999999998 10.999999999999998 13.999999999999998 17.000000000000004 9.9999999999999982 13.000000000000002 10.000000000000004 9.9999999999999964 14.999999999999998 10.999999999999998 9.9999999999999982 9.9999999999999982 14.999999999999998 9.9999999999999982 9.9999999999999982 15.000000000000002 23 12.999999999999998 20 12.999999999999998
leaf_count=10 12 11 18 13 10 16 11 10 12 23 16 11 14 17 10 13 10 10 15 11 10 10 15 10 10 15 23 13 20 13
internal_value=-4.31287 -94.624 -66.4946 -82.2688 -24.8693 20.2269 44.5536 29.9532 -123.394 6.46959 -35.2289 52.558 -86.1722 -13.8617 39.8974 18.1752 62.9546 88.1001 28.645 -7.683 5.10436 16.236 -15.6997 -22.4168 40.925 22.153 -12.0546 33.6995 16.3548 10.7052
internal_weight=412 88 78 67 28 324 117 101 39 207 26 75 26 108 64 33 31 20 99 96 37 27 59 48 23 84 33 28 56 36
internal_count=412 88 78 67 28 324 117 101 39 207 26 75 26 108 64 33 31 20 99 96 37 27 59 48 23 84 33 28 56 36
is_linear=0
shrinkage=0.03


Tree=117
num_leaves=31
num_cat=0
split_feature=29 11 2 7 29 12 23 13 29 30 30 30 2 29 10 29 0 10 12 21 6 29 15 13 29 0 2 4 12 10
split_gain=9.55015e+08 5.63548e+08 1.38947e+08 1.38761e+08 1.28133e+08 1.08495e+08 1.26406e+08 1.12378e+08 9.00766e+07 7.70391e+07 7.15335e+07 4.20204e+07 1.07902e+08 3.18229e+07 2.50666e+07 2.0449e+07 1.82323e+07 1.38772e+07 8.14756e+06 7.31899e+06 9.73025e+06 1.76963e+07 6.91746e+06 4.42862e+06 4.1418e+06 3.59045e+06 2.82501e+06 2.6881e+06 2.64692e+06 2.09277e+06
threshold=2.1515105257861697 25410.033571428576 91434.375000000015 1654838.6650000003 80689.725000000006 52077.510333333346 0.60896546470132462 42706.951583333343 1.1245256649108579 11.500000000000002 2.5000000000000004 9.5000000000000018 51204.400000000009 51604.580000000009 65862.250714285721 104819.83000000002 94858.460000000006 32460.462857142858 45646.863500000007 -0.56174490092936669 14086931.495000003 25171.050000000007 45579.301565123802 48476.53133333334 65704.345000000016 89071.48000000001 21656.760000000002 35994.895000000011 49132.875500000002 40555.82
decision_type=2 2 2 2 2 2 2 2 2 2 2 2 2 2 2 2 2 2 2 2 2 2 2 2 2 2 2 2 2 2
left_child=1 -1 5 -2 9 6 7 -3 -9 10 -5 13 -13 16 15 18 17 -12 -6 -19 21 -21 -20 -22 26 28 -15 -28 -26 -29
right_child=3 2 -4 4 14 -7 -8 8 -10 -11 11 12 -14 24 -16 -17 -18 19 22 20 23 -23 -24 -25 25 -27 27 29 -30 -31
leaf_value=-303.2792281876749 105.62362893363024 -64.186155644920575 39.745736739884556 -69.626948114651341 70.592184258298744 2.0034351333048335 -31.777273821632612 -226.87318034191836 -107.23022452652184 -72.446479818076568 15.392723270315576 -12.339469212320591 123.59246475447468 3.2871305730419222 16.045915347061971 92.382856049995823 30.486058761470048 3.0223893103198467 54.259810235413191 -61.992487925533773 -23.099860803404841 -12.57745663651796 23.556892610288752 2.0155417836656317 23.639200706043454 12.418061356046305 8.4517478942871094 34.167443516243637 42.62340948030193 18.055119209549051
leaf_weight=9.9999999999999982 15.999999999999998 14.999999999999998 9.9999999999999982 9.9999999999999982 11.999999999999998 11.999999999999998 18 12.000000000000002 10.999999999999998 10.999999999999998 17 11.000000000000002 9.9999999999999982 13.999999999999998 13.999999999999998 13.999999999999998 11.999999999999998 15.999999999999998 15.000000000000002 11.000000000000002 10.000000000000002 15.999999999999998 11.999999999999998 17 13.000000000000002 9.9999999999999982 15.999999999999998 10.999999999999998 13.999999999999998 22
leaf_count=10 16 15 10 10 12 12 18 12 11 11 17 11 10 14 14 14 12 16 15 11 10 16 12 17 13 10 16 11 14 22
internal_value=-4.18424 -91.7963 -64.5062 19.6221 15.1381 -79.8553 -97.3826 -128.376 -170.009 4.93159 8.64722 12.2201 52.5298 7.95424 51.82 61.2457 -4.10259 -8.88821 49.9643 -14.7918 -20.068 -32.7869 40.6828 -7.31196 19.8866 27.8584 15.1864 18.5793 33.5435 23.4695
internal_weight=412 88 78 324 308 68 56 38 23 241 230 220 21 199 67 53 99 87 39 70 54 27 27 27 100 37 63 49 27 33
internal_count=412 88 78 324 308 68 56 38 23 241 230 220 21 199 67 53 99 87 39 70 54 27 27 27 100 37 63 49 27 33
is_linear=0
shrinkage=0.03


Tree=118
num_leaves=31
num_cat=0
split_feature=5 26 22 14 21 11 23 22 13 22 21 5 3 1 23 30 2 30 13 14 0 0 8 1 13 16 3 0 2 10
split_gain=2.38317e+08 1.92546e+08 1.11239e+08 2.77953e+08 2.48069e+08 8.95121e+07 1.27024e+08 6.06951e+07 6.64773e+07 8.55824e+07 7.21834e+07 6.85251e+07 7.69736e+07 7.79846e+07 5.36517e+07 5.3648e+07 3.83056e+07 4.0867e+07 3.62589e+07 3.23933e+07 2.60067e+07 2.34005e+07 3.41124e+07 1.96686e+07 1.71578e+07 1.65064e+07 1.2114e+07 1.17741e+07 1.12012e+07 5.49969e+06
threshold=22421989.930000003 1.0000000180025095e-35 -0.87322439853274625 41607.278813667355 1.0000000180025095e-35 21337.877500000006 -0.050649168838713086 -0.75778426208340921 47975.855250000008 0.25033082153100911 0.81174490092936691 9436409.6200000029 96265.22500000002 1.0000000180025095e-35 -0.52625006705264832 8.5000000000000018 65458.380000000005 9.5000000000000018 49474.090833333343 29746.294774847709 54138.695000000007 52017.505000000012 3461941.0300000007 62410.760000000009 49293.689749999998 40924.105175375771 63765.975000000006 82310.590000000011 58385.69000000001 51655.630714285719
decision_type=2 2 2 2 2 2 2 2 2 2 2 2 2 2 2 2 2 2 2 2 2 2 2 2 2 2 2 2 2 2
left_child=1 2 3 19 -5 6 -4 18 11 15 14 12 13 -9 23 24 17 -16 -7 -1 -17 26 -23 -11 -10 -26 28 -24 29 -15
right_child=-2 -3 5 4 -6 7 -8 8 9 10 -12 -13 -14 21 16 20 -18 -19 -20 -21 -22 22 27 -25 25 -27 -28 -29 -30 -31
leaf_value=16.27718838778409 -125.48995175073154 -108.85387801309497 17.327425190939824 235.68289425978008 37.042746673233204 -14.564029608040208 -127.23104443055463 85.875879635027985 60.101518272286029 -55.389774748858294 -66.120139181202845 -68.60341822543991 -73.638445513080256 42.53057598735009 19.263221755930736 52.068596555960099 -5.0671989642280284 93.53735597222672 -87.330591526316155 -35.245684264967643 119.25827026367186 -57.264183434048576 20.852256726670529 1.2722029603984022 41.536839347050105 -1.8311441711654091 -14.993180878825207 -22.350114873629895 -4.1723473703218197 13.731539028794016
leaf_weight=28 13.999999999999998 13.999999999999998 10.000000000000002 10.000000000000002 12.999999999999998 16.000000000000004 11.999999999999998 9.9999999999999982 9.9999999999999982 10.999999999999995 12.999999999999998 15.999999999999998 11.999999999999998 15.000000000000002 15.000000000000009 11.000000000000002 17 11.999999999999998 9.9999999999999982 18 9.9999999999999982 13.999999999999998 13.000000000000002 10.999999999999998 12.999999999999998 20 11.999999999999998 9.9999999999999982 11.999999999999998 9.9999999999999982
leaf_count=28 14 14 10 10 13 16 12 10 10 11 13 16 12 15 15 11 17 12 10 18 10 14 13 11 13 20 12 10 12 10
internal_value=-4.05968 0.226965 4.21752 38.7026 123.732 -3.34128 -61.6324 1.04529 5.30892 19.2453 -1.64739 -10.7641 -2.16758 6.79996 11.0922 45.0158 30.2075 52.3858 -42.6651 -3.90031 84.271 -2.43946 -20.4334 -27.1201 25.7691 15.2902 11.1548 2.06088 19.644 31.0614
internal_weight=412 398 384 69 23 315 22 293 267 143 79 124 108 96 66 64 44 27 26 46 21 86 37 22 43 33 49 23 37 25
internal_count=412 398 384 69 23 315 22 293 267 143 79 124 108 96 66 64 44 27 26 46 21 86 37 22 43 33 49 23 37 25
is_linear=0
shrinkage=0.03


Tree=119
num_leaves=31
num_cat=0
split_feature=29 11 2 30 14 22 3 10 30 14 10 4 29 29 2 4 30 29 23 0 1 15 10 29 29 11 1 2 1 4
split_gain=8.77158e+08 5.22717e+08 1.28821e+08 1.04654e+08 1.62578e+08 2.6763e+08 1.14415e+08 1.05168e+08 1.47528e+08 1.02412e+08 1.6475e+08 1.23213e+08 9.06186e+07 8.57277e+07 7.28347e+07 3.50345e+07 3.09544e+07 2.27045e+07 2.09508e+07 1.03394e+07 1.25282e+07 1.79856e+07 1.14402e+07 1.07039e+07 6.09859e+06 5.33033e+06 4.16829e+06 3.33369e+06 3.30789e+06 2.86581e+06
threshold=2.1515105257861697 25410.033571428576 91434.375000000015 8.5000000000000018 36397.521198497583 -0.81970999721622462 26378.745000000006 62616.558571428577 10.500000000000002 42823.728415751168 41055.526428571429 66409.170000000013 51604.580000000009 104819.83000000002 45809.820000000007 73375.780000000013 2.5000000000000004 80893.050000000017 -0.34552334190817774 48800.580000000009 65293.415000000008 46644.406391420991 35335.651428571437 22664.140000000003 65704.345000000016 43540.442857142873 49376.000000000007 22020.305000000004 42029.805000000008 35994.895000000011
decision_type=2 2 2 2 2 2 2 2 2 2 2 2 2 2 2 2 2 2 2 2 2 2 2 2 2 2 2 2 2 2
left_child=1 -1 9 12 7 -6 -7 18 -9 14 11 -11 16 15 -3 26 -2 24 -5 20 21 -18 -21 -24 27 -25 -8 -14 -26 -29
right_child=3 2 -4 4 5 6 13 8 -10 10 -12 -13 17 -15 -16 -17 19 -19 -20 22 -22 -23 23 25 28 -27 -28 29 -30 -31
leaf_value=-291.57987898641557 -58.27056047115088 27.76273749165944 38.759254478340715 76.570542884940508 206.36992629383482 123.42408299500913 31.173105467714322 23.206505505792016 -125.81448665290935 -20.072764050597296 -200.00227851076244 -151.26874596894675 1.6266732446078596 90.981210846327144 -71.154709363473117 -49.246589398739935 41.134745174714872 60.731546862022419 19.69912459078208 12.506739889334767 -23.434218859316694 -7.7971629933530329 -42.339914133065562 -30.009373207946318 22.391061690320992 -3.8090197283895826 5.607707511933512 9.8009744829088028 43.207138587688569 25.535324261145675
leaf_weight=9.9999999999999982 11.999999999999998 11.000000000000002 9.9999999999999982 10.000000000000002 10.999999999999998 12.999999999999998 11.000000000000002 13.000000000000002 10.999999999999998 18.000000000000004 11.999999999999998 9.9999999999999982 12.999999999999998 11.999999999999998 17 9.9999999999999982 13.000000000000002 14.999999999999998 13.999999999999998 10.999999999999998 9.9999999999999982 13.999999999999998 14.999999999999998 9.9999999999999982 15.000000000000002 23 11.999999999999998 18 12.999999999999998 25
leaf_count=10 12 11 10 10 11 13 11 13 11 18 12 10 13 12 17 10 13 15 14 11 10 14 15 10 15 23 12 18 13 25
internal_value=-3.93793 -87.9029 -61.6204 18.8774 41.5498 71.0283 45.2044 -0.855328 -45.2144 -76.3997 -107.181 -67.1146 6.05564 22.4957 -32.3141 -2.50809 -12.9461 26.7809 43.5055 -7.25314 5.17529 15.7951 -15.045 -21.3654 20.6857 -11.7819 17.8757 14.9473 32.1155 18.9679
internal_weight=412 88 78 324 117 69 58 48 24 68 40 28 207 45 28 33 108 99 24 96 37 27 59 48 84 33 23 56 28 43
internal_count=412 88 78 324 117 69 58 48 24 68 40 28 207 45 28 33 108 99 24 96 37 27 59 48 84 33 23 56 28 43
is_linear=0
shrinkage=0.03


Tree=120
num_leaves=31
num_cat=0
split_feature=29 30 17 14 4 23 12 16 29 12 30 29 24 1 30 14 29 23 29 21 25 4 13 30 1 30 17 2 29 29
split_gain=7.9577e+08 4.29223e+08 3.10962e+08 2.327e+08 1.24245e+08 2.51534e+08 1.35725e+08 1.06771e+08 8.18232e+07 4.15401e+07 3.22716e+07 2.97742e+07 2.19575e+07 2.48195e+07 2.47208e+07 1.51191e+07 8.39263e+06 6.17128e+06 5.99763e+06 5.84956e+06 5.37238e+06 5.12551e+06 4.79425e+06 4.27812e+06 5.25715e+06 3.94618e+06 3.87572e+06 2.11623e+06 2.05489e+06 1.70751e+06
threshold=3.2772196089076209 13.500000000000002 52522.611480654814 68912.486423768816 70593.74500000001 -0.52625006705264832 43053.106500000009 47940.038820452726 80689.725000000006 47394.66083333335 10.500000000000002 44641.500000000007 0.68301270189221941 52017.505000000012 6.5000000000000009 68912.486423768816 106498.40500000001 -0.34552334190817774 56461.085000000006 -0.22252093395631442 1.0000000180025095e-35 35994.895000000011 48386.518916666675 7.5000000000000009 31752.875000000004 6.5000000000000009 47491.413414078816 55791.415000000008 89726.765000000014 93624.940000000017
decision_type=2 2 2 2 2 2 2 2 2 2 2 2 2 2 2 2 2 2 2 2 2 2 2 2 2 2 2 2 2 2
left_child=2 8 3 4 5 -1 -7 -6 10 -8 11 12 14 -14 17 16 22 -2 21 20 -20 -13 29 -21 -25 -23 -19 -26 -24 -10
right_child=1 -3 -4 -5 7 6 9 -9 15 -11 -12 18 13 -15 -16 -17 -18 26 19 23 -22 25 28 24 27 -27 -28 -29 -30 -31
leaf_value=-97.459420683377331 5.718298842134848 186.76867995075483 -227.43438246997434 -147.39234696035308 -123.36781164454659 121.75168455923246 -47.877151352611918 -2.3035614981580133 62.816485469074145 29.900487874824307 52.360104294094747 -6.7593993059293487 -20.084983053974714 35.630554512950859 -59.574354964766748 76.615754329317326 14.419885185583313 -6.9593985941872631 18.941774539444097 37.409812941506644 -6.6416764621076911 24.038239934674124 24.725687340124317 1.3390290618482217 17.207602710655994 2.6290510035006798 -33.383213191245915 33.536920804755631 43.072450501891389 45.268201047982735
leaf_weight=18 13.999999999999998 13.999999999999998 9.9999999999999982 19 19.000000000000004 11.999999999999998 10.000000000000002 9.9999999999999982 12.000000000000002 15.999999999999998 13.999999999999998 19 13.000000000000002 15.999999999999998 11.999999999999998 11.999999999999998 9.9999999999999982 10.000000000000002 17.000000000000004 15.999999999999998 12.999999999999998 15.000000000000002 10.000000000000002 10.999999999999998 14.000000000000002 15.999999999999998 9.9999999999999982 14.999999999999998 12.999999999999998 9.9999999999999982
leaf_count=18 14 14 10 19 19 12 10 10 12 16 14 19 13 16 12 12 10 10 17 16 13 15 10 11 14 16 10 15 13 10
internal_value=-0.404175 24.8011 -68.0416 -52.6134 -31.3534 -5.23278 38.5242 -81.6973 17.0049 -0.0484661 8.33441 5.40156 -9.76963 10.663 -22.6487 46.0941 39.3713 -9.54776 13.7685 18.5707 7.86301 5.49861 44.894 24.2948 19.0086 13.0104 -20.2216 25.697 35.1665 54.9607
internal_weight=420 306 114 104 85 56 38 29 292 26 225 211 75 29 46 67 55 34 136 86 30 50 45 56 40 31 20 29 23 22
internal_count=420 306 114 104 85 56 38 29 292 26 225 211 75 29 46 67 55 34 136 86 30 50 45 56 40 31 20 29 23 22
is_linear=0
shrinkage=0.03


Tree=121
num_leaves=31
num_cat=0
split_feature=29 30 30 3 12 29 2 14 30 29 0 11 29 29 16 16 12 29 2 30 10 29 24 2 10 19 9 3 0 29
split_gain=7.65532e+08 3.62583e+08 3.49873e+08 2.2789e+08 2.54131e+08 1.54132e+08 1.51083e+08 9.25967e+07 1.70562e+08 7.59584e+07 5.44416e+07 5.41282e+07 3.80629e+07 3.49171e+07 2.26555e+07 1.7559e+07 1.73521e+07 1.59066e+07 8.57094e+06 8.11318e+06 6.92556e+06 7.34815e+06 4.80522e+06 4.46878e+06 6.35634e+06 4.12894e+06 3.62115e+06 2.99486e+06 3.79765e+06 2.67288e+06
threshold=0.91656783527364716 14.500000000000002 10.500000000000002 77239.040000000023 43838.255666666671 7.4618367747213172 83022.415000000023 69383.757630995518 9.5000000000000018 80893.050000000017 15580.789999999997 35635.571785714295 12806.415000000003 1.9829638711452475 52109.418140625647 40477.74622903097 47485.722000000016 56461.085000000006 38936.37000000001 9.5000000000000018 25717.802142857145 44641.500000000007 1.0000000180025095e-35 56646.380000000012 57329.899285714295 17230218.432500001 9561068.8800000008 27294.295000000002 33378.885000000002 62196.32
decision_type=2 2 2 2 2 2 2 2 2 2 2 2 2 2 2 2 2 2 2 2 2 2 2 2 2 2 2 2 2 2
left_child=2 5 3 4 -1 6 7 8 10 12 -2 -11 -7 -12 15 -13 -15 20 -17 27 -14 25 -20 24 -23 26 -22 -19 -29 -30
right_child=1 -3 -4 -5 -6 9 -8 -9 -10 11 13 14 17 16 -16 18 -18 19 22 -21 21 23 -24 -25 -26 -27 -28 28 29 -31
leaf_value=55.602283602563006 38.121343356459889 183.76541797758767 -259.57744474799381 -183.5568122967336 -126.70168477291882 65.376949589932124 -119.23978811680584 -89.027168432727649 86.420497220842009 112.12417666307135 -70.66210284668982 12.266029067924118 19.389499445742135 14.844944193825787 -2.1061576877783863 31.530770600731689 -40.918194967241426 10.565242977592888 48.595876729973824 -4.663212252211296 -10.085791978804373 10.083544316430306 74.908524728935461 14.272840470916019 -22.230012409722626 0.031080297932672338 -32.769053546335897 41.151571427530314 7.7564640649303573 24.643276319619616
leaf_weight=16.000000000000004 9.9999999999999982 10.999999999999998 10.999999999999998 10.999999999999998 11.999999999999998 10.999999999999998 12.999999999999998 10.999999999999998 17 9.9999999999999982 18 10.999999999999998 13.999999999999998 10.000000000000002 10.999999999999998 9.9999999999999982 9.9999999999999982 19 11.000000000000002 12.999999999999998 15.000000000000002 12.000000000000002 15.999999999999998 23 9.9999999999999982 14.999999999999998 10.999999999999998 9.9999999999999982 10.999999999999998 37
leaf_count=16 10 11 11 11 12 11 13 11 17 10 18 11 14 10 11 10 10 19 11 13 15 12 16 23 10 15 11 10 11 37
internal_value=-0.391853 14.5018 -110.509 -68.1854 -22.6146 9.29053 -24.938 -8.73962 4.90549 20.5758 -24.0243 47.7229 11.2471 -40.407 36.7217 45.6127 -13.0691 8.09689 55.4966 17.243 -0.13908 -3.32757 64.2982 5.04071 -4.62154 -12.5072 -19.727 20.942 24.3293 20.7855
internal_weight=420 370 50 39 28 359 89 76 65 270 48 69 201 38 59 48 20 190 37 90 100 86 27 45 22 41 26 77 58 48
internal_count=420 370 50 39 28 359 89 76 65 270 48 69 201 38 59 48 20 190 37 90 100 86 27 45 22 41 26 77 58 48
is_linear=0
shrinkage=0.03


Tree=122
num_leaves=31
num_cat=0
split_feature=29 3 21 7 29 7 3 29 0 4 29 10 20 29 29 29 14 20 3 10 29 10 24 29 22 29 10 17 29 14
split_gain=7.20492e+08 2.76168e+08 3.02826e+08 1.7307e+08 1.70786e+08 1.13564e+08 9.42183e+07 9.04667e+07 6.79872e+07 6.2173e+07 6.73733e+07 6.09238e+07 3.67691e+07 8.23075e+07 6.05603e+07 4.02865e+07 3.37867e+07 1.14032e+07 1.84716e+07 1.08439e+07 9.36801e+06 7.1264e+06 6.46539e+06 5.60745e+06 4.5152e+06 3.44713e+06 4.02273e+06 2.73268e+06 2.29271e+06 1.44166e+06
threshold=0.91656783527364716 77239.040000000023 1.0000000180025095e-35 10226276.325000001 3.2772196089076209 1654838.6650000003 34999.410000000011 80893.050000000017 74542.735000000015 51204.400000000009 1.8180836731968724 73691.89785714286 0.6078576107927941 12806.415000000003 6.2595914749359158 37145.670000000006 68912.486423768816 -1.0000000180025095e-35 63340.210000000006 19461.649285714284 64363.615000000005 58106.400000000016 0.68301270189221941 66167.185000000012 -0.61132034890850717 46772.705000000009 50215.940714285716 47491.413414078816 93624.940000000017 41607.278813667355
decision_type=2 2 2 2 2 2 2 2 2 2 2 2 2 2 2 2 2 2 2 2 2 2 2 2 2 2 2 2 2 2
left_child=1 2 3 -1 6 -6 -2 11 9 -8 -11 12 13 14 -7 -14 17 18 -9 -15 25 23 -22 -17 -19 26 -21 -27 -26 -29
right_child=4 -3 -4 -5 5 7 8 16 -10 10 -12 -13 15 19 -16 21 -18 24 -20 20 22 -23 -24 -25 28 27 -28 29 -30 -31
leaf_value=-75.714868067507894 -86.406073574757002 -214.71542711226249 -182.72160526766319 88.670800698396832 103.75378037766365 -15.447039329551176 -87.093287679404696 53.407561095915206 54.209168290894056 -47.710400224424475 57.482121071886652 64.191006219142338 77.153247567431421 36.237467783932232 -108.39750029151118 11.702017002628923 92.329837807841685 66.490702854346353 2.2842416655581652 2.0263161486528052 35.310128678946647 -4.5533524862812076 6.8301615171343366 38.3773834090427 31.743767388187223 14.272199805621623 -18.36805183196736 5.8658111653718219 51.970549687864548 -7.9825966714442451
leaf_weight=12.000000000000002 19 14.999999999999998 11.999999999999998 10.999999999999998 14.999999999999998 17.000000000000004 10.999999999999998 11.000000000000002 11.999999999999998 12.000000000000002 9.9999999999999982 17 10.999999999999998 10.999999999999998 9.9999999999999982 20.000000000000004 12.999999999999998 10.999999999999998 14.999999999999998 19 13.000000000000002 13.999999999999998 15.999999999999998 10.999999999999998 10.000000000000002 18 15.999999999999998 14.000000000000002 10.999999999999998 12.999999999999998
leaf_count=12 19 15 12 11 15 17 11 11 12 12 10 17 11 11 10 20 13 11 15 19 13 14 16 11 10 18 16 14 11 13
internal_value=-0.380491 -107.209 -60.8944 2.92617 14.0683 23.3896 -30.4826 19.23 -6.80078 -29.0347 0.126304 9.72256 5.14648 -2.73562 -50.0099 25.821 48.6623 38.8037 23.9743 7.91749 5.0442 13.2014 19.6358 21.214 50.7963 -0.254228 -7.30973 5.2354 42.437 -0.804371
internal_weight=420 50 35 23 370 306 64 291 45 33 22 220 203 147 27 56 71 58 26 120 109 45 29 31 32 80 35 45 21 27
internal_count=420 50 35 23 370 306 64 291 45 33 22 220 203 147 27 56 71 58 26 120 109 45 29 31 32 80 35 45 21 27
is_linear=0
shrinkage=0.03


Tree=123
num_leaves=31
num_cat=0
split_feature=29 30 30 5 5 29 13 11 29 14 10 11 10 11 29 1 16 16 29 30 10 29 5 10 16 3 0 13 13 21
split_gain=6.78064e+08 3.39074e+08 3.24195e+08 2.0991e+08 1.39234e+08 1.36176e+08 1.05944e+08 8.52778e+07 6.77348e+07 5.86542e+07 1.21889e+08 4.83504e+07 4.69626e+07 3.87348e+07 3.78531e+07 3.38661e+07 1.81842e+07 1.60623e+07 1.35901e+07 7.5205e+06 6.11629e+06 6.97316e+06 4.79899e+06 5.2938e+06 3.62385e+06 3.43518e+06 3.74141e+06 3.25808e+06 4.00224e+06 3.00603e+06
threshold=0.91656783527364716 14.500000000000002 10.500000000000002 6040231.9500000011 10602080.995000003 7.4618367747213172 53779.100083333346 59432.043214285724 80689.725000000006 69383.757630995518 44334.47214285715 32465.367857142857 54216.428571428572 46597.697500000009 12806.415000000003 38975.890000000007 52109.418140625647 40477.74622903097 56461.085000000006 9.5000000000000018 25717.802142857145 44641.500000000007 15937499.260000002 52052.389285714293 41991.076611723147 27294.295000000002 42029.805000000008 41849.785666666678 49044.296333333339 1.0000000180025095e-35
decision_type=2 2 2 2 2 2 2 2 2 2 2 2 2 2 2 2 2 2 2 2 2 2 2 2 2 2 2 2 2 2
left_child=2 5 3 -1 -5 6 7 9 14 10 15 -10 -12 -14 -7 -2 17 -13 20 25 -16 24 23 -19 -22 -20 -27 -23 -29 -28
right_child=1 -3 -4 4 -6 8 -8 -9 11 -11 12 16 13 -15 18 -17 -18 22 19 -21 21 27 -24 -25 -26 26 29 28 -30 -31
leaf_value=41.01356874837915 75.862581504726776 177.33244396917419 -247.49469343159529 -191.55170290157258 -52.845327102803736 64.10590963924632 -110.50505282717052 65.990170923293448 105.20557733791976 -90.787677457439344 -95.83935693764586 11.828268875818528 -58.321734897724305 21.467227696660736 17.76780899699472 3.0451302782982181 1.0240453411434696 60.780954766597112 7.89198025204138 -5.3998700722880741 2.1999793764692623 17.205015221957503 68.540225963678822 33.518029243255327 -17.916150910287051 37.091303191787894 10.525991114528047 -12.585520334345588 8.767029485874227 26.426855499890383
leaf_weight=11.999999999999998 12.000000000000002 10.999999999999998 10.999999999999998 11.000000000000002 15.999999999999998 10.999999999999998 10.999999999999998 10.999999999999998 9.9999999999999982 9.9999999999999982 11.999999999999998 11.999999999999998 12.000000000000002 9.9999999999999982 13.999999999999998 10.999999999999998 11.999999999999998 11.000000000000002 18 12.999999999999998 10.999999999999998 12.999999999999998 10.999999999999998 15.999999999999998 30 12.999999999999998 21 13.999999999999998 18 22
leaf_count=12 12 11 11 11 16 11 11 11 10 10 12 12 12 10 14 11 12 11 18 13 11 13 11 16 30 13 21 14 18 22
internal_value=-0.368915 13.648 -104.004 -63.2676 -109.605 8.60864 -23.5644 -11.2406 19.2162 -23.96 -12.1666 44.1242 -48.2201 -22.0876 10.1499 41.119 34.1955 42.1477 6.95974 15.6267 -0.584598 -3.58079 51.6942 44.717 -12.523 19.3218 22.9853 4.57145 -0.579772 18.6826
internal_weight=420 370 50 39 27 359 89 78 270 67 57 72 34 22 198 23 62 50 187 87 100 86 38 27 41 74 56 45 32 43
internal_count=420 370 50 39 27 359 89 78 270 67 57 72 34 22 198 23 62 50 187 87 100 86 38 27 41 74 56 45 32 43
is_linear=0
shrinkage=0.03


Tree=124
num_leaves=31
num_cat=0
split_feature=29 30 30 29 22 29 2 14 30 29 29 29 3 14 29 13 16 2 30 22 16 1 13 29 3 13 30 29 15 1
split_gain=6.38161e+08 3.19125e+08 3.09142e+08 2.31923e+08 1.66655e+08 1.28163e+08 1.39297e+08 8.1575e+07 1.60803e+08 6.40153e+07 3.52802e+07 3.12893e+07 3.0243e+07 2.91288e+07 1.35901e+07 1.25125e+07 9.70818e+06 7.65534e+06 7.27274e+06 5.66879e+06 5.49266e+06 7.87e+06 4.95923e+06 6.15005e+06 5.05967e+06 5.01501e+06 2.70784e+06 3.97958e+06 2.36805e+06 1.08248e+06
threshold=0.91656783527364716 14.500000000000002 7.5000000000000009 0.56841701361305397 0.81970999721622506 7.4618367747213172 83022.415000000023 69383.757630995518 9.5000000000000018 80893.050000000017 12806.415000000003 1.8763760727123036 21925.385000000006 35730.267855880804 56461.085000000006 52790.421583333344 49616.344712407772 35994.895000000011 9.5000000000000018 0.91777833585891111 57393.57095708316 13433.185000000001 41974.032750000006 34766.000000000007 49208.640000000007 49044.296333333339 7.5000000000000009 66167.185000000012 45405.718054422578 44692.845000000008
decision_type=2 2 2 2 2 2 2 2 2 2 2 2 2 2 2 2 2 2 2 2 2 2 2 2 2 2 2 2 2 2
left_child=2 5 4 -4 -1 6 7 8 11 10 -7 -2 -11 -13 20 16 17 -14 19 26 21 -12 24 -24 -23 -25 27 -16 29 -28
right_child=1 -3 3 -5 -6 9 -8 -9 -10 12 14 13 15 -15 18 -17 -18 -19 -20 -21 -22 22 23 25 -26 -27 28 -29 -30 -31
leaf_value=67.267267895176374 -53.802038076676816 172.03654464790722 -265.07613439282926 -92.579356800426126 -101.55108259969681 62.191435082897343 -113.40929782911277 -82.66580558535199 84.647228404293998 82.8864002377113 25.49501667281621 -35.343797372838345 29.810916889247594 23.811886746415468 17.547166966680262 3.1147108391149718 22.247150108751313 62.787201481446665 -5.2384941714933539 0.05581599825150739 -21.602156340186273 22.4307370766826 -23.722556720339952 -11.257907016972949 -4.5426329980747324 9.9606510780695956 3.9096409982709726 43.811973109180563 25.186272706790845 17.286295369255097
leaf_weight=11.000000000000002 18 10.999999999999998 12.000000000000002 17 9.9999999999999982 10.999999999999998 12.999999999999998 10.999999999999998 17 13.999999999999998 10.999999999999998 14.000000000000002 10.000000000000002 15.999999999999998 10.000000000000002 9.9999999999999982 17 18 12.999999999999998 11.999999999999998 9.9999999999999982 13.000000000000002 13.999999999999998 20 11.999999999999998 20 10.000000000000002 10.999999999999998 22 11.999999999999998
leaf_count=11 18 11 12 17 10 11 13 11 17 14 11 14 10 16 10 10 17 18 13 12 10 13 14 20 12 20 10 11 22 12
internal_value=-0.357939 13.2403 -100.898 -164.291 -13.1727 8.35141 -22.8606 -7.30767 5.49898 18.6422 10.0783 -22.5916 43.5638 -3.80697 7.04562 33.4882 40.2269 51.0841 15.4995 19.0019 -0.566829 1.78113 -1.53485 -6.64777 9.5003 -0.649438 22.4969 31.3763 18.2281 11.2287
internal_weight=420 370 50 29 21 359 89 76 65 270 201 48 69 30 190 55 45 28 90 77 100 90 79 54 25 40 65 21 44 22
internal_count=420 370 50 29 21 359 89 76 65 270 201 48 69 30 190 55 45 28 90 77 100 90 79 54 25 40 65 21 44 22
is_linear=0
shrinkage=0.03


Tree=125
num_leaves=31
num_cat=0
split_feature=29 30 20 29 30 29 20 13 30 29 4 29 1 30 1 17 1 29 10 29 0 25 4 21 13 1 10 3 10 22
split_gain=4.49272e+08 2.40121e+08 1.73758e+08 2.92578e+08 1.53835e+08 1.05036e+08 8.70348e+07 5.56289e+07 4.17792e+07 8.7592e+07 3.32082e+07 4.19022e+07 3.2502e+07 1.01169e+08 8.8864e+07 3.49492e+07 3.5063e+07 8.42022e+07 3.53886e+07 1.5823e+07 1.56776e+07 1.52541e+07 1.20409e+07 1.09349e+07 1.06885e+07 1.06457e+07 6.80872e+06 5.4631e+06 4.90776e+06 4.52453e+06
threshold=1.4339599247367767 14.500000000000002 1.0000000180025095e-35 0.6678216696711986 5.5000000000000009 80689.725000000006 -0.60785761079279388 55595.122416666673 5.5000000000000009 17114.705000000005 22169.155000000002 105837.505 72915.470000000016 9.5000000000000018 64295.365000000013 51199.081978497656 52017.505000000012 47983.345000000008 29771.687142857143 48407.975000000006 21109.385000000002 -0.5 49026.955000000009 -0.22252093395631442 38225.802833333342 80977.315000000017 32460.462857142858 66279.765000000014 42098.347142857143 0.52828508881293679
decision_type=2 2 2 2 2 2 2 2 2 2 2 2 2 2 2 2 2 2 2 2 2 2 2 2 2 2 2 2 2 2
left_child=2 5 4 -4 -1 7 -6 8 9 -2 -7 22 14 24 15 16 18 -18 20 23 -10 -17 -12 -20 -14 -26 -11 -24 -28 -21
right_child=1 -3 3 -5 6 10 -8 -9 12 26 11 -13 13 -15 -16 21 17 -19 19 29 -22 -23 27 -25 25 -27 28 -29 -30 -31
leaf_value=64.994335550851943 -91.598314794479975 160.5220448052705 -256.31713029092805 -46.938298465563996 -124.49710598978507 -0.56597243186349189 -23.792731241541581 -59.643677365631476 17.940166632097153 20.071324350642062 60.747433265333065 95.468677620575789 -13.743420962433314 118.61155331739738 -69.205796305338538 -49.459974009955083 118.139742814249 7.3139105680946983 -45.244837427850953 15.023811434317325 71.116391765537543 2.8610150237581622 37.566352720238328 -0.93007989000918256 47.523341301305962 11.321253586167987 -23.024636066493702 10.059723283586457 1.1961605871774987 -8.1473902915840704
leaf_weight=10.999999999999998 10.999999999999998 9.9999999999999982 10.000000000000002 14.999999999999998 12.999999999999995 11.999999999999998 19.000000000000004 11.999999999999998 10.000000000000002 12.999999999999998 13.999999999999998 15.999999999999998 9.9999999999999982 9.9999999999999982 12.999999999999998 10.000000000000002 10.000000000000002 15.999999999999998 10.000000000000002 31 9.9999999999999982 9.9999999999999982 16.000000000000004 9.9999999999999982 9.9999999999999982 27 9.9999999999999982 10.999999999999998 30 9.9999999999999982
leaf_count=11 11 10 10 15 13 12 19 12 10 13 14 16 10 10 13 10 10 16 10 31 10 10 16 10 10 27 10 11 30 10
internal_value=2.34813 15.9878 -68.2169 -131.034 -31.5854 11.7388 -64.8343 3.37737 6.28576 -14.7648 44.7944 54.3361 13.1265 32.2134 5.34671 13.0023 19.8063 50.0842 10.0625 -1.30139 44.6393 -23.3576 38.1876 -23.145 13.7243 21.1565 1.25312 26.3993 -4.88022 9.36926
internal_weight=420 352 68 25 43 342 32 273 261 64 69 57 197 57 140 127 107 26 81 61 20 20 41 20 47 37 53 27 40 41
internal_count=420 352 68 25 43 342 32 273 261 64 69 57 197 57 140 127 107 26 81 61 20 20 41 20 47 37 53 27 40 41
is_linear=0
shrinkage=0.03


Tree=126
num_leaves=31
num_cat=0
split_feature=29 30 20 29 30 29 20 2 29 2 30 11 16 0 3 8 17 29 2 24 29 4 14 22 29 12 10 13 10 4
split_gain=4.22827e+08 2.26001e+08 1.63541e+08 2.75377e+08 1.4478e+08 9.88479e+07 8.19119e+07 5.68121e+07 1.23344e+08 7.11105e+07 1.83253e+08 4.04003e+07 3.74982e+07 3.30334e+07 4.07133e+07 2.82373e+07 2.38683e+07 3.53168e+07 2.47758e+07 3.2845e+07 2.11266e+07 1.95803e+07 1.40898e+07 1.21789e+07 1.1277e+07 7.50285e+06 7.04592e+06 6.82348e+06 5.75159e+06 5.6316e+06
threshold=1.4339599247367767 14.500000000000002 1.0000000180025095e-35 0.6678216696711986 5.5000000000000009 80689.725000000006 -0.60785761079279388 82310.590000000011 21859.955000000005 60183.490000000013 9.5000000000000018 34135.956428571437 57393.57095708316 102553.38500000002 1.0000000180025095e-35 8984243.915000001 48427.212475031331 60272.075000000019 27187.470000000005 0.68301270189221941 17114.705000000005 22169.155000000002 35131.063825722929 0.25033082153100911 104819.83000000002 50688.218000000008 30323.69071428572 44586.557833333332 60025.747857142858 80208.835000000006
decision_type=2 2 2 2 2 2 2 2 2 2 2 2 2 2 2 2 2 2 2 2 2 2 2 2 2 2 2 2 2 2
left_child=2 5 4 -4 -1 7 -6 9 -9 12 15 -7 13 14 -2 -11 17 18 -16 -20 -18 -13 -17 24 28 -24 -22 -10 -23 -28
right_child=1 -3 3 -5 6 11 -8 8 27 10 -12 21 -14 -15 16 22 20 -19 19 -21 26 23 25 -25 -26 -27 29 -29 -30 -31
leaf_value=63.053327417157888 -55.176509204709149 155.73034485774252 -248.6658742420708 -45.534826954179422 -120.77650330642176 99.099059882315231 -23.080822465551176 -94.123747752537241 -9.8940308757524047 43.986977885088585 154.13013533407181 -2.1479751034559702 -44.437396161801345 56.36929708879385 6.3110829847341092 -31.406373527868464 55.624488773583373 22.76810971562734 -69.233256307709638 -5.3719312348823944 31.312700413945894 57.783679609156337 -2.7888293221147347 19.708743990774565 79.015878796933293 30.700125440910675 -8.6196677143622669 17.107220159063992 27.348993761786097 19.693215543832348
leaf_weight=10.999999999999998 10.999999999999998 9.9999999999999982 10.000000000000002 14.999999999999998 12.999999999999995 9.9999999999999982 19.000000000000004 15.999999999999998 13.999999999999998 19 9.9999999999999982 10.999999999999998 15.999999999999998 9.9999999999999982 18 9.9999999999999982 11.999999999999998 25 15.000000000000002 13.999999999999998 9.9999999999999982 10.000000000000002 15.000000000000002 14.999999999999998 9.9999999999999982 9.9999999999999982 17.000000000000004 21 12.999999999999998 9.9999999999999982
leaf_count=11 11 10 10 15 13 10 19 16 14 19 10 11 16 10 18 10 12 25 15 14 10 10 15 15 10 10 17 21 13 10
internal_value=2.27785 15.51 -66.1789 -127.121 -30.6407 11.3878 -62.8962 3.27643 -25.2613 9.83661 36.501 43.455 -0.972287 3.93911 -0.0527161 14.5954 4.97926 -6.01221 -21.3288 -38.466 21.1197 33.9479 -1.39999 42.2135 52.3976 10.6413 9.86894 6.30801 40.6781 1.8836
internal_weight=420 352 68 25 43 342 32 273 51 222 64 69 158 142 132 54 121 72 47 29 49 59 35 48 33 25 37 35 23 27
internal_count=420 352 68 25 43 342 32 273 51 222 64 69 158 142 132 54 121 72 47 29 49 59 35 48 33 25 37 35 23 27
is_linear=0
shrinkage=0.03


Tree=127
num_leaves=31
num_cat=0
split_feature=29 30 22 22 11 26 29 2 29 2 30 11 16 0 0 29 4 6 23 4 22 14 3 1 23 29 29 16 10 16
split_gain=3.97945e+08 2.1271e+08 1.57196e+08 4.51854e+08 1.17817e+08 9.44496e+07 9.33556e+07 5.22778e+07 1.1784e+08 6.60212e+07 1.72478e+08 4.11968e+07 3.24455e+07 3.08189e+07 4.00125e+07 2.9435e+07 6.69758e+07 2.71371e+07 2.4317e+07 1.87401e+07 1.30723e+07 1.26892e+07 1.2376e+07 1.19716e+07 1.75272e+07 9.89433e+06 7.92079e+06 7.24011e+06 4.94346e+06 3.6333e+06
threshold=1.4339599247367767 14.500000000000002 -0.6880826349756709 -0.25033082153100961 45077.897142857146 1.0000000180025095e-35 80893.050000000017 82310.590000000011 21859.955000000005 60183.490000000013 9.5000000000000018 37282.857857142866 57393.57095708316 102553.38500000002 92145.775000000009 3.7519468051421385 60272.075000000012 9495667.4700000007 -0.25065253225872081 22169.155000000002 0.25033082153100911 35131.063825722929 44692.845000000008 63190.055000000008 -0.25065253225872081 104819.83000000002 42831.405000000006 40563.744272235876 60025.747857142858 41069.737195192276
decision_type=2 2 2 2 2 2 2 2 2 2 2 2 2 2 2 2 2 2 2 2 2 2 2 2 2 2 2 2 2 2
left_child=2 6 -1 -4 5 18 7 9 -9 12 17 -8 13 14 15 16 -2 22 -5 -13 25 -19 -11 26 -25 28 -17 -10 -21 -23
right_child=1 -3 3 4 -6 -7 11 8 27 10 -12 19 -14 -15 -16 23 -18 21 -20 20 -22 29 -24 24 -26 -27 -28 -29 -30 -31
leaf_value=17.985847401841777 -78.323117510765357 151.08167487756529 -259.76629467442018 -69.446863795038468 40.315336167003231 -149.35737158931894 99.05488590980643 -91.30883372654425 28.051855058812382 18.103587705697578 149.52923602203825 -2.0838277065915758 -39.750399637082452 54.686632816827114 -57.352624386460022 -12.582148922897698 28.728237414004195 -30.468870567207901 -3.352278296627214 56.05879407284862 16.133541624573454 23.433678345182038 65.368579374854235 45.226058506402445 4.490787865045502 76.6571968647971 10.49381495802834 -1.9279800473614066 27.304132048420882 -0.20747943883264613
leaf_weight=15.999999999999998 11.000000000000002 9.9999999999999982 10.999999999999998 9.9999999999999982 10.999999999999998 10.000000000000002 9.9999999999999982 15.999999999999998 9.9999999999999982 10.000000000000002 9.9999999999999982 10.999999999999998 17 9.9999999999999982 9.9999999999999982 19 9.9999999999999982 9.9999999999999982 10.000000000000002 10.000000000000002 12.999999999999998 10.000000000000002 9.9999999999999982 19 19 9.9999999999999982 45 26 11.999999999999998 13.999999999999998
leaf_count=16 11 10 11 10 11 10 10 16 10 10 10 11 17 10 10 19 10 10 10 10 13 10 10 19 19 10 45 26 12 14
internal_value=2.21015 15.047 -64.2018 -89.4833 -43.5369 -74.2986 11.0479 3.38022 -23.7043 9.67158 35.4105 43.086 -0.631845 4.03088 0.203058 4.90378 -27.3991 14.1587 -36.4903 33.0121 41.5839 -2.16208 41.8402 11.5646 24.8911 51.8818 3.63866 6.42711 40.4719 9.67124
internal_weight=420 352 68 52 41 30 342 276 52 224 64 66 160 143 133 123 21 54 20 56 45 34 20 102 38 32 64 36 22 24
internal_count=420 352 68 52 41 30 342 276 52 224 64 66 160 143 133 123 21 54 20 56 45 34 20 102 38 32 64 36 22 24
is_linear=0
shrinkage=0.03


Tree=128
num_leaves=31
num_cat=0
split_feature=29 30 20 29 30 29 22 16 3 29 3 30 0 14 20 15 29 4 15 29 16 4 15 22 29 20 10 29 25 3
split_gain=3.7454e+08 2.002e+08 1.52683e+08 2.48078e+08 1.34195e+08 8.78637e+07 7.80251e+07 6.28486e+07 4.02305e+07 1.18929e+08 4.99233e+07 1.55557e+08 3.43736e+07 3.01052e+07 2.73144e+07 3.02013e+07 6.98514e+07 2.57569e+07 2.741e+07 2.66852e+07 2.24249e+07 1.8854e+07 1.57755e+07 1.2215e+07 1.13386e+07 1.13062e+07 7.18734e+06 7.09893e+06 4.56289e+06 3.1063e+06
threshold=1.4339599247367767 14.500000000000002 1.0000000180025095e-35 0.6678216696711986 5.5000000000000009 80893.050000000017 -0.34685948904333841 49518.327732764912 36304.475000000013 3.0201460719841715 60272.075000000012 10.500000000000002 94617.660000000018 68912.486423768816 0.87837969732492682 52198.197562823218 22664.140000000003 56916.210000000006 43556.388738142829 12806.415000000003 51178.307360561885 22169.155000000002 52564.925964738635 0.25033082153100911 17114.705000000005 -1.0000000180025095e-35 33466.682142857149 52058.605000000003 -1.0000000180025095e-35 22296.870000000003
decision_type=2 2 2 2 2 2 2 2 2 2 2 2 2 2 2 2 2 2 2 2 2 2 2 2 2 2 2 2 2 2
left_child=2 5 4 -4 -1 8 -6 -8 9 -2 11 24 17 21 15 16 -11 19 -19 -12 -17 -7 -20 25 -10 -23 -21 -26 -29 -18
right_child=1 -3 3 -5 6 13 7 -9 10 14 12 -13 -14 -15 -16 20 29 18 22 26 -22 23 -24 -25 27 -27 -28 28 -30 -31
leaf_value=62.251233960492563 -105.17464003066669 146.57177297108205 -236.53198788770976 -43.729541319786904 -119.3196572331472 -2.0215951496659357 -75.612399610832526 30.508031862173507 38.641906668125898 -80.510121032013274 -44.191552799537085 139.4907463415345 -42.824954832602877 89.657961444000691 45.999593273561388 46.302615742299729 -4.3323789474233587 -4.1361979464981209 74.200484876490322 24.769827101349289 -7.4538731926699402 32.13314319759926 20.833903765322553 18.430897587134744 -3.1824501006998482 68.722268457496597 -4.4621388806126969 27.340195731112829 3.4550527992090236 15.941330639284047
leaf_weight=10.999999999999998 10.999999999999998 9.9999999999999982 10.000000000000002 14.999999999999998 11.999999999999998 10.999999999999998 10.000000000000002 9.9999999999999982 12.999999999999998 12.999999999999998 13.999999999999998 9.9999999999999982 15.999999999999998 9.9999999999999982 9.9999999999999982 13.000000000000002 21.000000000000004 17 10.000000000000002 10.999999999999998 14.999999999999998 13.999999999999995 9.9999999999999982 13.999999999999998 28 17.000000000000007 24 18 12.000000000000002 9.9999999999999982
leaf_count=11 11 10 10 15 12 11 10 10 13 13 14 10 16 10 10 13 21 17 10 11 15 14 10 14 28 17 24 18 12 10
internal_value=2.14427 14.5979 -62.2851 -121.169 -27.9495 10.7182 -59.0047 -22.6084 3.27944 -12.783 11.4436 29.0193 -2.52098 41.7996 -0.332468 -6.79493 -22.2848 4.99796 23.8751 -9.26604 17.5425 33.1811 47.6357 41.7789 13.3727 52.2765 4.74728 7.68055 17.8078 2.22267
internal_weight=420 352 68 25 43 342 32 20 276 93 183 81 102 66 82 72 44 86 37 49 28 56 20 45 71 31 35 58 30 31
internal_count=420 352 68 25 43 342 32 20 276 93 183 81 102 66 82 72 44 86 37 49 28 56 20 45 71 31 35 58 30 31
is_linear=0
shrinkage=0.03


Tree=129
num_leaves=31
num_cat=0
split_feature=29 30 22 22 12 29 12 2 29 2 30 11 16 0 0 29 4 7 4 22 1 23 20 29 29 12 16 5 10 10
split_gain=3.52504e+08 1.88426e+08 1.48508e+08 4.13548e+08 1.31384e+08 8.26884e+07 7.84605e+07 4.79857e+07 1.08325e+08 6.17662e+07 1.59689e+08 3.73584e+07 3.05828e+07 2.91391e+07 3.56644e+07 2.60316e+07 6.0507e+07 2.45754e+07 1.64875e+07 1.16859e+07 1.07014e+07 1.53056e+07 1.04047e+07 9.47888e+06 7.0514e+06 6.92491e+06 6.58411e+06 5.97764e+06 4.5963e+06 3.1821e+06
threshold=1.4339599247367767 14.500000000000002 -0.6880826349756709 -0.25033082153100961 49499.602666666666 80893.050000000017 43546.761333333336 82310.590000000011 21859.955000000005 60183.490000000013 9.5000000000000018 37282.857857142866 57393.57095708316 102553.38500000002 92145.775000000009 3.7519468051421385 60272.075000000012 9249146.1800000016 22169.155000000002 0.25033082153100911 63190.055000000008 -0.25065253225872081 -0.60785761079279388 104819.83000000002 42831.405000000006 39494.11316666667 40563.744272235876 18389966.880000006 60025.747857142858 58106.400000000016
decision_type=2 2 2 2 2 2 2 2 2 2 2 2 2 2 2 2 2 2 2 2 2 2 2 2 2 2 2 2 2 2
left_child=2 5 -1 -4 6 7 -5 9 -9 12 17 -7 13 14 15 16 -2 25 -13 23 24 -22 -19 28 -17 -11 -10 -24 -20 -26
right_child=1 -3 3 4 -6 11 -8 8 26 10 -12 18 -14 -15 -16 20 -18 22 19 -21 21 -23 27 -25 29 -27 -28 -29 -30 -31
leaf_value=19.454070075204438 -74.293897547657096 142.19650004372667 -247.90293742046094 -39.968712387718973 37.672491507694637 93.846902511368924 -144.77814977845148 -87.584772983444054 26.744175310277225 22.178168180095607 143.91125160331157 -1.9612224803251377 -38.735414535244189 53.026390030134962 -54.28996821161526 -12.047506966177872 27.456126654326024 -25.806653304984664 52.599155892898764 14.936840934314946 42.352720738208198 4.2862682537769707 -3.8175268852847735 72.972838626690745 15.079174941058319 57.620541108544188 -1.8452171223177332 26.978129361280754 24.89075985983694 -2.1417053280351848
leaf_weight=15.999999999999998 11.000000000000002 9.9999999999999982 10.999999999999998 18.000000000000004 12.999999999999998 9.9999999999999982 9.9999999999999982 15.999999999999998 9.9999999999999982 10.000000000000002 9.9999999999999982 10.999999999999998 17 9.9999999999999982 9.9999999999999982 19 9.9999999999999982 10.999999999999998 10.000000000000002 12.999999999999998 19 19 13.000000000000002 9.9999999999999982 31 9.9999999999999982 26 9.9999999999999982 11.999999999999998 13.999999999999998
leaf_count=16 11 10 11 18 13 10 10 16 10 10 10 11 17 10 10 19 10 11 10 13 19 19 13 10 31 10 26 10 12 14
internal_value=2.08034 14.1621 -60.425 -84.9982 -41.0434 10.3982 -77.592 3.18182 -22.767 9.2094 34.1051 40.5503 -0.756427 3.77052 0.0485342 4.48656 -25.8914 13.6563 30.9578 38.998 10.7505 23.3501 -1.87524 48.7342 3.25702 39.9989 6.12236 9.60137 37.5762 9.72514
internal_weight=420 352 68 52 41 342 28 276 52 224 64 66 160 143 133 123 21 54 56 45 102 38 34 32 64 20 36 23 22 45
internal_count=420 352 68 52 41 342 28 276 52 224 64 66 160 143 133 123 21 54 56 45 102 38 34 32 64 20 36 23 22 45
is_linear=0
shrinkage=0.03


Tree=130
num_leaves=31
num_cat=0
split_feature=29 30 1 4 17 30 29 16 1 12 29 29 30 28 6 9 0 29 29 16 1 10 2 8 22 10 22 30 4 4
split_gain=3.05932e+08 3.18422e+08 2.10241e+08 1.31173e+08 1.54066e+08 1.13399e+08 1.75575e+08 2.87704e+08 9.55295e+07 6.18596e+07 5.58143e+07 3.66285e+07 2.77239e+07 1.43581e+07 1.40477e+07 1.23778e+07 1.27432e+07 9.03759e+06 8.13017e+06 8.02736e+06 4.94975e+06 7.11696e+06 3.12572e+06 3.02746e+06 2.98427e+06 3.46112e+06 2.73383e+06 2.17109e+06 2.00786e+06 1.84985e+06
threshold=2.9128661964864033 11.500000000000002 85487.47500000002 51204.400000000009 47573.867087758445 9.5000000000000018 32.285839286721725 46885.151751505262 42029.805000000008 47764.523833333347 56461.085000000006 87417.72500000002 2.5000000000000004 1.0000000180025095e-35 14391542.345000001 3436892.7750000004 94858.460000000006 68227.74500000001 34766.000000000007 48112.145266017782 21312.625000000004 46705.908571428568 21656.760000000002 7327735.290000001 -0.25033082153100961 50852.296428571433 -0.43982890882219972 8.5000000000000018 58592.835000000006 64237.265000000007
decision_type=2 2 2 2 2 2 2 2 2 2 2 2 2 2 2 2 2 2 2 2 2 2 2 2 2 2 2 2 2 2
left_child=1 2 3 4 -1 10 7 -7 -5 -10 12 -8 -2 14 -13 -14 18 22 19 26 -19 -22 -12 -20 28 -26 -17 -23 -25 -24
right_child=5 -3 -4 8 -6 6 11 -9 9 -11 17 13 15 -15 -16 16 -18 20 23 -21 21 27 29 24 25 -27 -28 -29 -30 -31
leaf_value=-18.740105717861805 -54.038945580391854 -173.77743150071052 82.069373601187152 46.928488939861914 -171.25078770429235 3.6197532539937014 -16.955073872827757 225.73326664575083 -84.506696458620425 10.504086258162314 -2.6487090162562024 26.927644524645437 -28.898643365307386 13.407078202459898 77.356998910476904 -39.290902482217817 28.417806120433248 10.53482588582964 15.696488260728195 2.0509374158135771 56.226113390566688 33.723285528549233 20.999772683911534 -1.3864811814177582 2.4859285201149404 -19.824277102205269 -16.9853256453329 18.197341128854987 16.78505668070779 5.2957657885195593
leaf_weight=11.000000000000002 10.999999999999998 14.999999999999998 13.999999999999998 14.999999999999998 12.999999999999998 10.000000000000002 18 10.999999999999998 16.000000000000004 9.9999999999999982 10.999999999999998 10.000000000000002 15.999999999999998 14.999999999999998 9.9999999999999982 9.9999999999999982 11.999999999999998 9.9999999999999982 11.999999999999998 12.999999999999998 9.9999999999999982 20 21.000000000000004 11.999999999999995 13.000000000000009 11.999999999999998 10.000000000000002 13.999999999999998 9.9999999999999982 9.9999999999999982
leaf_count=11 11 15 14 15 13 10 18 11 16 10 11 10 16 15 10 10 12 10 12 13 10 20 21 12 13 12 10 14 10 10
internal_value=-0.0709145 -47.3011 -23.1919 -45.9092 -101.534 14.6841 46.9214 120.225 -13.2641 -48.0141 4.16703 17.7907 -8.56655 35.6587 52.2724 -4.37747 -0.592913 21.5385 -4.3903 -16.3029 29.6535 33.9818 11.082 2.28085 -1.15746 -8.24116 -28.2083 27.3664 6.89264 15.9506
internal_weight=395 94 79 65 24 301 74 21 41 26 227 53 131 35 20 120 104 96 92 33 54 44 42 59 47 25 20 34 22 31
internal_count=395 94 79 65 24 301 74 21 41 26 227 53 131 35 20 120 104 96 92 33 54 44 42 59 47 25 20 34 22 31
is_linear=0
shrinkage=0.03


Tree=131
num_leaves=31
num_cat=0
split_feature=29 30 1 4 17 30 29 16 1 12 29 29 30 20 14 29 4 16 3 29 22 1 17 29 5 14 17 20 4 29
split_gain=2.87916e+08 2.99664e+08 1.9786e+08 1.23452e+08 1.44994e+08 1.0673e+08 1.65244e+08 2.70776e+08 8.99011e+07 5.82157e+07 5.25276e+07 3.44724e+07 2.60928e+07 2.37873e+07 1.22489e+07 1.71905e+07 1.1683e+07 1.52128e+07 1.07318e+07 8.50578e+06 7.58698e+06 4.65808e+06 3.20125e+06 3.16109e+06 2.72964e+06 2.68172e+06 2.16965e+06 1.96749e+06 1.46136e+06 1.30901e+06
threshold=2.9128661964864033 11.500000000000002 85487.47500000002 51204.400000000009 47573.867087758445 9.5000000000000018 32.285839286721725 46885.151751505262 42029.805000000008 47764.523833333347 56461.085000000006 87417.72500000002 2.5000000000000004 -1.0000000180025095e-35 39497.634070844484 4.6893075628024734 37174.580000000009 48429.605263990903 59991.750000000007 68227.74500000001 -0.25033082153100961 21312.625000000004 50889.071236325559 37635.530000000006 14391542.345000001 42318.739505835205 43727.111291254965 -1.0000000180025095e-35 62644.860000000008 81321.625000000015
decision_type=2 2 2 2 2 2 2 2 2 2 2 2 2 2 2 2 2 2 2 2 2 2 2 2 2 2 2 2 2 2
left_child=1 2 3 4 -1 10 7 -7 -5 -10 12 -8 -2 18 15 -14 22 -18 -13 27 24 -21 -16 -22 -17 26 -23 -12 -29 -28
right_child=5 -3 -4 8 -6 6 11 -9 9 -11 19 13 14 -15 16 20 17 -19 -20 21 23 25 -24 -25 -26 -27 29 28 -30 -31
leaf_value=-18.180445613256939 -52.425112514582153 -168.58142951635821 79.616052669647317 45.525311066383537 -166.13294937309178 3.5117002572586271 -16.447830538340224 218.99190955528846 -81.979393732659148 10.190529894472947 2.4618590738171728 36.752065265712439 -48.849434194991829 64.816139909635666 -23.216886970178393 13.168027925966586 -0.31829928664949791 41.335650914419588 -6.1091798048752999 10.220353129372667 -31.048758458557391 39.616572046991585 0.75425574459246725 -9.9992327914673869 -4.9035709317736442 44.467497341112157 15.248346144041857 21.917735745502856 7.4823657847098088 30.369219788508627
leaf_weight=11.000000000000002 10.999999999999998 14.999999999999998 13.999999999999998 14.999999999999998 12.999999999999998 10.000000000000002 18 10.999999999999998 16.000000000000004 9.9999999999999982 15.999999999999998 10.000000000000002 9.9999999999999982 13.999999999999998 10.000000000000002 14.999999999999998 18 13.999999999999998 10.999999999999998 9.9999999999999982 10.000000000000005 10.000000000000002 9.9999999999999982 18 14.999999999999998 12.999999999999998 11.000000000000002 15.000000000000002 10.999999999999998 9.9999999999999982
leaf_count=11 11 15 14 15 13 10 18 11 16 10 16 10 10 14 10 15 18 14 11 10 10 10 10 18 15 13 11 15 11 10
internal_value=-0.0685268 -45.887 -22.4987 -44.5369 -98.5002 14.2455 45.5204 116.634 -12.8672 -46.5779 4.04234 17.2599 -8.31064 34.594 -4.24666 -12.6243 6.7103 17.9414 14.3398 20.8946 -6.34188 28.7672 -11.2593 -17.5589 4.1391 32.966 28.079 10.7504 15.8365 22.5038
internal_weight=395 94 79 65 24 301 74 21 41 26 227 53 131 35 120 68 52 32 21 96 58 54 20 28 30 44 31 42 26 21
internal_count=395 94 79 65 24 301 74 21 41 26 227 53 131 35 120 68 52 32 21 96 58 54 20 28 30 44 31 42 26 21
is_linear=0
shrinkage=0.03


Tree=132
num_leaves=31
num_cat=0
split_feature=29 30 0 2 8 30 29 16 29 10 2 29 30 16 16 3 14 2 4 29 29 11 24 10 8 10 17 2 14 29
split_gain=2.70961e+08 2.82011e+08 1.62737e+08 1.54909e+08 1.07494e+08 1.00451e+08 1.55522e+08 2.54845e+08 4.94372e+07 4.53299e+07 5.77019e+07 3.28839e+07 2.45574e+07 1.1533e+07 2.72713e+07 1.21912e+07 1.15279e+07 1.69552e+07 1.85878e+07 1.61796e+07 8.0056e+06 5.52285e+06 4.48767e+06 4.24153e+06 3.47011e+06 3.30583e+06 4.4885e+06 2.95532e+06 2.67693e+06 2.27887e+06
threshold=2.9128661964864033 11.500000000000002 89071.48000000001 79283.990000000005 18529074.735000003 9.5000000000000018 32.285839286721725 46885.151751505262 56461.085000000006 45538.718571428581 55502.855000000003 76513.24500000001 2.5000000000000004 41991.076611723147 46632.078457217554 59991.750000000007 39497.634070844484 53237.010000000009 37174.580000000009 4.6893075628024734 68227.74500000001 50942.379642857159 0.25000000000000011 60481.597857142864 7365540.1350000007 60025.747857142858 51073.722757941658 21656.760000000002 51019.305612044525 38515.255000000012
decision_type=2 2 2 2 2 2 2 2 2 2 2 2 2 2 2 2 2 2 2 2 2 2 2 2 2 2 2 2 2 2
left_child=1 2 3 4 9 8 7 -7 12 10 -1 -8 -2 -13 -15 -16 19 18 -18 -14 27 -19 24 29 -21 26 28 -10 -22 -24
right_child=5 -3 -4 -5 -6 6 11 -9 20 -11 -12 13 16 14 15 -17 17 21 -20 22 25 -23 23 -25 -26 -27 -28 -29 -30 -31
leaf_value=13.442317618161354 -50.859473098133478 -163.54078221115159 -134.61284061261077 103.48958138992536 60.48060127361866 3.406874289441463 -32.144799167006759 212.45187535350678 -2.9208664403242222 -79.266774143008732 -73.618670695723452 -0.090338954640858199 -47.391241090689128 75.142973389776571 41.696218371035428 -3.0812435925748831 -4.8961915581474456 -25.09165192600107 47.155490028815763 16.609379167699093 37.200901862756496 2.1756511346050273 -32.270914288421153 1.7465394375929189 -5.386741845297351 19.538753283891261 50.98574583138992 15.163176277639785 15.149041019268887 -11.947710703380071
leaf_weight=18.000000000000004 10.999999999999998 14.999999999999998 9.9999999999999982 9.9999999999999982 10.999999999999998 10.000000000000002 9.9999999999999982 10.999999999999998 10.999999999999998 19 10.999999999999998 9.9999999999999982 9.9999999999999982 10.999999999999998 10.000000000000002 11.999999999999998 11.000000000000002 12.000000000000002 13.999999999999998 10.000000000000002 10.000000000000005 14.999999999999998 10.000000000000005 9.9999999999999982 18 24 9.9999999999999982 31 9.9999999999999982 9.9999999999999982
leaf_count=18 11 15 10 10 11 10 10 11 11 19 11 10 10 11 10 12 11 12 14 10 10 15 10 10 18 24 10 31 10 10
internal_value=-0.0662494 -44.5152 -21.8262 -5.39469 -23.9217 13.8199 44.1609 113.151 3.92144 -43.3066 -19.6507 16.7443 -8.06264 28.138 36.6792 17.3205 -4.12005 6.50953 24.2887 -12.2474 20.2704 -9.96713 -6.15247 -14.2045 2.48462 27.9081 34.5599 10.429 26.2402 -22.1644
internal_weight=395 94 79 69 59 301 74 21 227 48 29 53 131 43 33 22 120 52 25 68 96 27 58 30 28 54 30 42 20 20
internal_count=395 94 79 69 59 301 74 21 227 48 29 53 131 43 33 22 120 52 25 68 96 27 58 30 28 54 30 42 20 20
is_linear=0
shrinkage=0.03


Tree=133
num_leaves=31
num_cat=0
split_feature=29 22 16 1 11 16 12 16 3 29 10 21 10 12 10 22 29 22 16 1 22 0 16 29 20 1 0 10 10 23
split_gain=2.55001e+08 1.80647e+08 1.39888e+08 1.38375e+08 3.95032e+08 2.47379e+08 1.34372e+08 9.46524e+07 5.16864e+07 3.52443e+07 5.89758e+07 6.9854e+07 5.5254e+07 3.57216e+07 2.78517e+07 3.38227e+07 9.71356e+07 3.03239e+07 2.37181e+07 1.64196e+07 9.85865e+06 7.78455e+06 1.16846e+07 8.13371e+06 7.75111e+06 7.41568e+06 6.38746e+06 3.74197e+06 2.62062e+06 2.27054e+06
threshold=2.9128661964864033 -0.917778335858911 39867.114031306868 52321.74500000001 38579.657142857155 46463.024366402715 41496.183166666677 59942.545713965759 59991.750000000007 68227.74500000001 67647.074999999997 1.0000000180025095e-35 65073.841428571432 56483.678000000007 22307.087142857144 -0.25033082153100961 12806.415000000003 -0.75778426208340921 49981.004150262095 31752.875000000004 -0.917778335858911 8535.985000000006 48112.145266017782 91783.200000000026 -1.0000000180025095e-35 85487.47500000002 45619.195000000007 59676.166428571429 51197.872142857152 -0.050649168838713086
decision_type=2 2 2 2 2 2 2 2 2 2 2 2 2 2 2 2 2 2 2 2 2 2 2 2 2 2 2 2 2 2
left_child=1 -1 -3 6 -5 -6 -4 9 -8 10 12 -12 13 14 19 17 -17 20 28 -2 -16 -11 23 27 -25 29 -24 -23 -19 -18
right_child=7 2 3 4 5 -7 8 -9 -10 21 11 -13 -14 -15 15 16 25 18 -20 -21 -22 22 26 24 -26 -27 -28 -29 -30 -31
leaf_value=77.079577374814164 57.21768033611238 47.589616553463145 47.41939851607399 -262.78942992611701 -158.89949498241296 25.597185395142741 -25.921551209876966 99.585358977857211 -116.01243660954518 2.5031018648899441 102.30632384977724 -2.2241393221859118 -71.475922097732763 53.083937507732955 1.8176381379283364 -104.01001459872559 -4.891955577821804 19.158030677909274 61.643927166570762 2.9052638267403212 -31.710400804675764 37.049110247033077 27.508017505360659 31.852424849325139 68.59888903587651 14.188170506647513 -0.6396516004670102 16.755322465272709 -2.5227241971599521 -18.588200717854644
leaf_weight=9.9999999999999982 10.000000000000002 9.9999999999999982 12.999999999999998 10.999999999999998 11.000000000000002 15.999999999999998 11.000000000000002 10.999999999999998 11.999999999999998 11.999999999999998 11.000000000000002 11.999999999999998 9.9999999999999982 10.999999999999998 18 10.999999999999998 19.999999999999993 10.000000000000002 11.999999999999998 9.9999999999999982 13.999999999999998 17 14.000000000000002 10.000000000000002 10.999999999999998 11.999999999999998 14.999999999999998 15.999999999999998 9.9999999999999982 24.000000000000007
leaf_count=10 10 10 13 11 11 16 11 11 12 12 11 12 10 11 18 11 20 10 12 10 14 17 14 10 11 12 15 16 10 24
internal_value=-0.0640769 -43.1841 -57.5385 -71.7676 -111.664 -49.7229 -29.5578 13.4069 -73.0752 10.1215 2.8196 47.8822 -3.21838 1.01581 -2.79355 -7.83061 -22.7214 7.7638 28.393 30.1364 -12.8775 25.1001 28.3637 36.6095 51.2178 -6.67551 12.9728 27.2499 8.3384 -12.3753
internal_weight=395 94 84 74 38 27 36 301 23 290 195 23 172 162 151 131 67 64 32 20 32 95 83 54 21 56 29 33 20 44
internal_count=395 94 84 74 38 27 36 301 23 290 195 23 172 162 151 131 67 64 32 20 32 95 83 54 21 56 29 33 20 44
is_linear=0
shrinkage=0.03


Tree=134
num_leaves=30
num_cat=0
split_feature=29 30 1 29 30 29 29 10 29 20 29 30 20 9 0 3 29 29 2 1 10 20 2 8 30 10 3 1 20
split_gain=2.39997e+08 2.56537e+08 1.84806e+08 1.10216e+08 9.2032e+07 1.46987e+08 2.0779e+08 6.8451e+07 4.42752e+07 4.14894e+07 3.03303e+07 2.248e+07 2.07694e+07 1.06181e+07 1.14889e+07 9.71092e+06 7.26221e+06 6.88671e+06 7.19163e+06 4.25862e+06 6.29536e+06 3.04084e+06 2.64625e+06 2.50154e+06 2.57813e+06 3.37693e+06 1.42959e+06 1.5938e+06 1.39304e+06
threshold=2.9128661964864033 11.500000000000002 85487.47500000002 0.56841701361305397 9.5000000000000018 32.285839286721725 6.2595914749359158 45538.718571428581 56461.085000000006 -1.0000000180025095e-35 87417.72500000002 2.5000000000000004 -1.0000000180025095e-35 3436892.7750000004 94858.460000000006 59991.750000000007 68227.74500000001 34766.000000000007 55107.090000000004 21312.625000000004 46705.908571428568 -1.0000000180025095e-35 21656.760000000002 7327735.290000001 5.5000000000000009 51052.531428571434 70262.375000000015 31752.875000000004 0.6078576107927941
decision_type=2 2 2 2 2 2 2 2 2 2 2 2 2 2 2 2 2 2 2 2 2 2 2 2 2 2 2 2 2
left_child=1 2 3 -1 8 6 -6 9 11 -5 -7 -2 15 -13 17 -12 22 18 -15 -18 -21 -22 -10 -19 -25 -26 27 -24 -23
right_child=4 -3 -4 7 5 10 -8 -9 16 -11 12 13 -14 14 -16 -17 19 23 -20 20 21 28 26 24 25 -27 -28 -29 -30
leaf_value=-102.23932360551488 -48.755915632291071 -155.41671381852157 78.431990102856176 59.01004972846259 18.934360031196967 -16.220744657648567 207.73303951434232 -59.952997402882005 -3.0005299845971671 -16.536610070344437 34.051888514276747 -26.748304620190201 59.894687313202006 -3.0587849294106788 27.014244418322296 -6.7170468567723054 8.5530486605060627 14.197320661109512 -31.375628444902411 51.205650853399014 11.032742917160105 38.756479929454258 10.334773755429389 7.3953269598052254 2.7943329567132986 -18.066507992799256 5.3907947661110711 27.334615086797456 23.627813214269175
leaf_weight=19 10.999999999999998 14.999999999999998 13.999999999999998 10.999999999999998 11.000000000000002 18 9.9999999999999982 19 10.999999999999998 16.000000000000004 10.000000000000002 15.999999999999998 13.999999999999998 19 11.999999999999998 10.999999999999998 9.9999999999999982 11.999999999999998 13.999999999999998 9.9999999999999982 10.999999999999995 10.000000000000005 10.000000000000005 19 15.000000000000002 12.999999999999998 10.999999999999998 9.9999999999999982 12.999999999999998
leaf_count=19 11 15 14 11 11 18 10 19 11 16 10 16 14 19 12 11 10 12 14 10 11 10 10 19 15 13 11 10 13
internal_value=-0.0621768 -41.8944 -20.2548 -41.5544 13.0065 42.0483 109.118 -16.4051 3.53195 14.2938 15.3956 -7.80918 31.6553 -4.03699 -0.531767 12.7315 19.0039 -4.13745 -15.1013 26.2781 30.2923 24.0751 9.63115 2.00246 -1.1229 -6.906 14.111 18.8817 30.2753
internal_weight=395 94 79 65 301 74 21 46 227 27 53 131 35 120 104 21 96 92 33 54 44 34 42 59 47 28 31 20 23
internal_count=395 94 79 65 301 74 21 46 227 27 53 131 35 120 104 21 96 92 33 54 44 34 42 59 47 28 31 20 23
is_linear=0
shrinkage=0.03


Tree=135
num_leaves=30
num_cat=0
split_feature=29 30 11 30 22 29 27 30 29 14 30 11 11 29 22 22 0 2 0 17 29 10 21 3 1 10 13 20 10
split_gain=3.31627e+08 4.14764e+08 2.46408e+08 1.87722e+08 1.21029e+08 7.4238e+07 5.55782e+07 5.19145e+07 1.16409e+08 5.33727e+07 6.13687e+07 9.22249e+07 3.28495e+07 1.24656e+07 9.96842e+06 1.35788e+07 9.61435e+06 9.6039e+06 1.79372e+07 7.89083e+06 1.00584e+07 1.3228e+07 6.66502e+06 6.49153e+06 5.78804e+06 5.17075e+06 3.81924e+06 2.14986e+06 1.09471e+06
threshold=1.0053703463594095 6.5000000000000009 34853.411071428585 14.500000000000002 -0.34685948904333841 75179.670000000027 1.0000000180025095e-35 6.5000000000000009 12806.415000000003 23329.328736777945 9.5000000000000018 41846.818214285719 31932.978571428575 44641.500000000007 -0.75778426208340921 -0.61132034890850717 8535.985000000006 49208.640000000007 45914.200000000004 51199.081978497656 95766.660000000018 48431.235000000008 1.0000000180025095e-35 64237.265000000007 45619.195000000007 50215.940714285716 48684.724583333336 -1.0000000180025095e-35 54989.621428571438
decision_type=2 2 2 2 2 2 2 2 2 2 2 2 2 2 2 2 2 2 2 2 2 2 2 2 2 2 2 2 2
left_child=1 -1 -3 5 -4 6 7 8 -2 -9 14 -12 -7 23 -11 -16 -14 24 -19 20 21 -18 -20 25 -17 -10 -23 -15 -29
right_child=3 2 4 -5 -6 12 -8 9 13 10 11 -13 16 27 15 17 19 18 22 -21 -22 26 -24 -25 -26 -27 -28 28 -30
leaf_value=63.435374043420531 -82.932064452884688 -246.85992405403789 -148.39130494821126 136.55897344333022 -13.291894952182107 77.167821064254269 -65.888446678066643 -37.90007368630328 6.7640700452909694 -15.106017728163815 -3.2643328181365203 99.326548010490612 -4.114623429656568 1.8720972039233676 43.408409551364272 -19.129742583721576 52.765591476212684 48.718640130677372 -14.625752099498897 5.1217069165459996 52.03986475491444 1.5070802681810911 17.634070501683656 -27.453290385502914 5.7648771871731972 -15.980560687560139 23.282429636198021 22.038845865750226 9.1598943112501452
leaf_weight=13.999999999999998 19 10.999999999999998 10.999999999999998 9.9999999999999982 13.000000000000002 10.999999999999998 11.999999999999998 17 19 15.999999999999998 13.999999999999998 18 10.999999999999998 12.999999999999998 9.9999999999999982 14.999999999999998 9.9999999999999982 10.999999999999998 11.000000000000002 12.999999999999998 14.999999999999998 14.000000000000002 11.999999999999998 14.999999999999998 19 17 14.999999999999998 15.000000000000002 9.9999999999999982
leaf_count=14 19 11 11 10 13 11 12 17 19 16 14 18 11 13 10 15 10 11 11 13 15 14 12 15 19 17 15 15 10
internal_value=-1.20389 -74.4081 -129.557 8.71388 -75.3922 5.06304 -2.95268 0.0687266 -15.6267 11.924 18.6586 54.508 28.7383 -1.21968 6.43209 10.857 21.8634 6.04166 17.3045 26.1284 31.1761 23.0952 2.2072 -10.9067 -5.23001 -3.98372 12.7909 11.7785 16.9158
internal_weight=411 49 35 362 24 352 263 251 108 143 126 32 89 89 94 78 78 68 34 67 54 39 23 51 34 36 29 38 25
internal_count=411 49 35 362 24 352 263 251 108 143 126 32 89 89 94 78 78 68 34 67 54 39 23 51 34 36 29 38 25
is_linear=0
shrinkage=0.03


Tree=136
num_leaves=29
num_cat=0
split_feature=29 30 30 29 16 29 27 30 29 14 30 2 10 29 4 4 29 3 21 29 30 3 10 10 10 10 4 24
split_gain=3.12119e+08 3.90352e+08 1.76682e+08 1.699e+08 8.45317e+07 6.98672e+07 5.23073e+07 4.88555e+07 1.09547e+08 5.02281e+07 5.77503e+07 6.57657e+07 1.85099e+07 1.17314e+07 1.03493e+07 1.9354e+07 2.60167e+07 9.62139e+06 9.44572e+06 1.00728e+07 9.43972e+06 6.10915e+06 5.31989e+06 4.86601e+06 2.86853e+06 2.43655e+06 1.24897e+06 1.21351e+06
threshold=1.0053703463594095 6.5000000000000009 14.500000000000002 0.56841701361305397 49518.327732764912 75179.670000000027 1.0000000180025095e-35 6.5000000000000009 12806.415000000003 23329.328736777945 9.5000000000000018 60183.490000000013 38101.182142857149 44641.500000000007 45809.820000000007 64922.42500000001 35669.69000000001 54182.630000000005 -0.22252093395631442 95766.660000000018 10.500000000000002 64237.265000000007 59676.166428571429 50215.940714285716 55435.208571428579 41440.55000000001 53686.595000000008 -0.24999999999999994
decision_type=2 2 2 2 2 2 2 2 2 2 2 2 2 2 2 2 2 2 2 2 2 2 2 2 2 2 2 2
left_child=1 -1 5 -3 -5 6 7 8 -2 -9 14 -12 -7 21 24 16 -16 -17 20 22 -14 23 -20 -10 25 -11 27 -15
right_child=2 3 -4 4 -6 12 -8 9 13 10 11 -13 18 26 15 17 -18 -19 19 -21 -22 -23 -24 -25 -26 -27 -28 -29
leaf_value=61.539086012653605 -80.450632422740071 -201.88754310988111 132.48258949393653 -129.6240299965018 -6.3919966968137825 55.024247509224587 -63.919994965232746 -36.766405807002897 6.5616801584799456 -11.60346488383278 17.212259827260894 104.73727823893229 22.516040608892791 14.183031263933998 70.242148419280511 -20.066793815638135 10.522980111790453 12.025980926874114 32.536592725582693 48.7447877066476 -16.861401430528552 -26.632427550154269 8.6272407051146498 -15.502549953964099 -20.209510161110714 9.2869532798653207 18.152976585464224 0.40266218383282537
leaf_weight=13.999999999999998 19 14.999999999999998 9.9999999999999982 10.000000000000002 9.9999999999999982 18 11.999999999999998 17 19 10.000000000000005 19 12.999999999999998 12.000000000000002 11 10.000000000000002 14.999999999999998 19 19 14.999999999999998 14.999999999999998 9.9999999999999982 14.999999999999998 19 17 10.999999999999998 9.9999999999999982 14.999999999999998 12
leaf_count=14 19 15 10 10 10 18 12 17 19 10 19 13 12 11 10 15 19 19 15 15 10 15 19 17 11 10 15 12
internal_value=-1.16787 -72.1864 8.45378 -125.688 -68.1776 4.91192 -2.86426 0.0668937 -15.1591 11.5675 18.1008 52.8772 27.8796 -1.18315 6.24019 13.2194 31.2013 -2.14127 20.964 28.2902 4.61956 -10.5805 19.2078 -3.86459 -7.9419 -1.16114 11.4265 7.00974
internal_weight=411 49 362 35 20 352 263 251 108 143 126 32 89 89 94 63 29 34 71 49 22 51 34 36 31 20 38 23
internal_count=411 49 362 35 20 352 263 251 108 143 126 32 89 89 94 63 29 34 71 49 22 51 34 36 31 20 38 23
is_linear=0
shrinkage=0.03


Tree=137
num_leaves=31
num_cat=0
split_feature=29 30 11 30 10 29 27 30 29 14 30 11 11 23 16 29 29 4 4 29 16 15 3 24 0 10 23 2 20 3
split_gain=2.93745e+08 3.67367e+08 2.32129e+08 1.66291e+08 9.23439e+07 6.57495e+07 4.9229e+07 4.59773e+07 1.0309e+08 4.7269e+07 5.4349e+07 8.52427e+07 2.99411e+07 1.18909e+07 1.81979e+07 1.19931e+07 1.10405e+07 9.74032e+06 1.82153e+07 2.44873e+07 9.70511e+06 9.33121e+06 5.74928e+06 4.74094e+06 3.64856e+06 2.69975e+06 4.25144e+06 2.20946e+06 1.99768e+06 1.04486e+06
threshold=1.0053703463594095 6.5000000000000009 34853.411071428585 14.500000000000002 41055.526428571429 75179.670000000027 1.0000000180025095e-35 6.5000000000000009 12806.415000000003 23329.328736777945 9.5000000000000018 41846.818214285719 31932.978571428575 0.60896546470132462 51297.302879385439 89726.765000000014 44641.500000000007 45809.820000000007 64922.42500000001 35669.69000000001 39867.114031306868 48505.026189762517 64237.265000000007 0.68301270189221941 47983.345000000008 55435.208571428579 1.0000000180025095e-35 60183.490000000013 -1.0000000180025095e-35 37936.110000000008
decision_type=2 2 2 2 2 2 2 2 2 2 2 2 2 2 2 2 2 2 2 2 2 2 2 2 2 2 2 2 2 2
left_child=1 -1 -3 5 -4 6 7 8 -2 -9 17 -12 -7 14 20 -15 22 25 19 -19 -14 -20 23 27 -22 26 -11 -10 -18 -30
right_child=3 2 4 -5 -6 12 -8 9 16 10 11 -13 13 15 -16 -17 28 18 21 -21 24 -23 -24 -25 -26 -27 -28 -29 29 -31
leaf_value=59.699483069151739 -78.043449269692729 -235.77763399840478 -10.418101406493124 128.52788632520989 -128.03596809355548 73.281056089099167 -62.010351410545248 -35.666648426223709 -3.6290269394266104 12.673638266947721 -4.2419398677730902 94.385360633237198 -3.9181261034154176 16.884380033329055 -19.568518322829881 61.240588268435374 1.5367311822957004 68.145368524807566 -16.872833455104246 10.208119417926458 40.749533258482465 14.568198523120344 -25.836108930720837 9.114759588399993 20.85505357426921 -19.605969058766082 -14.921000398094973 -23.107332964085817 8.4639013945166699 21.04093840779656
leaf_weight=13.999999999999998 19 10.999999999999998 12.000000000000002 9.9999999999999982 11.999999999999998 10.999999999999998 11.999999999999998 17 11.000000000000002 10.000000000000005 13.999999999999998 18 9.9999999999999982 11.000000000000002 11.999999999999998 10.999999999999998 12.999999999999998 10.000000000000002 18 19 14.999999999999998 15.999999999999998 14.999999999999998 14.999999999999998 19 10.999999999999998 9.9999999999999982 9.9999999999999982 10.000000000000002 14.999999999999998
leaf_count=14 19 11 12 10 12 11 12 17 11 10 14 18 10 11 12 11 13 10 18 19 15 16 15 15 19 11 10 10 10 15
internal_value=-1.13286 -70.0293 -121.932 8.20129 -69.371 4.76515 -2.77839 0.0651981 -14.7055 11.2219 17.5598 51.2966 27.0458 20.4827 13.1203 39.1511 -1.1477 6.05379 12.8246 30.2694 22.0475 -2.07739 -10.2642 -3.74902 29.679 -7.70473 -1.12648 -12.9373 11.085 16.0371
internal_weight=411 49 35 362 24 352 263 251 108 143 126 32 89 78 56 22 89 94 63 29 44 34 51 36 34 31 20 21 38 25
internal_count=411 49 35 362 24 352 263 251 108 143 126 32 89 78 56 22 89 94 63 29 44 34 51 36 34 31 20 21 38 25
is_linear=0
shrinkage=0.03


Tree=138
num_leaves=31
num_cat=0
split_feature=29 30 11 30 10 29 27 30 29 14 30 11 11 12 23 16 29 29 10 23 2 25 1 16 3 29 13 16 11 23
split_gain=2.76585e+08 3.6076e+08 2.67585e+08 1.57048e+08 8.99781e+07 6.28857e+07 4.59823e+07 4.15933e+07 9.70124e+07 4.33058e+07 5.18353e+07 8.24264e+07 2.81801e+07 2.1029e+07 1.1192e+07 1.71261e+07 1.12875e+07 1.03905e+07 1.00412e+07 1.42133e+07 1.35714e+07 1.9725e+07 1.23417e+07 9.13339e+06 5.41043e+06 5.04167e+06 4.71574e+06 5.61271e+06 2.06694e+06 2.04033e+06
threshold=0.91656783527364716 6.5000000000000009 34853.411071428585 14.500000000000002 41055.526428571429 75179.670000000027 1.0000000180025095e-35 6.5000000000000009 12806.415000000003 23329.328736777945 9.5000000000000018 44808.971071428583 31932.978571428575 46281.670166666678 0.60896546470132462 51297.302879385439 89726.765000000014 44641.500000000007 54740.53071428572 -0.52625006705264832 49208.640000000007 0.25000000000000017 37977.05000000001 39867.114031306868 64237.265000000007 54928.44000000001 42460.154916666674 44607.572833767124 47417.396071428579 -0.15065085054871696
decision_type=2 2 2 2 2 2 2 2 2 2 2 2 2 2 2 2 2 2 2 2 2 2 2 2 2 2 2 2 2 2
left_child=1 -1 -3 5 -4 6 7 8 -2 -9 18 13 -7 -12 15 23 -16 24 19 22 -21 -22 -11 -14 26 -20 -10 -28 -25 -30
right_child=3 2 4 -5 -6 12 -8 9 17 10 11 -13 14 -15 16 -17 -18 -19 25 20 21 -23 -24 28 -26 -27 27 -29 29 -31
leaf_value=57.914871112646999 -75.708290929118462 -252.82417083284744 -10.106852956431531 124.69123571595146 -128.79877719792844 71.092572375336374 -60.157757935583334 -34.599785177728648 11.687103790663087 10.097997784506678 44.285303770039398 115.51485192484445 -3.8011677870109897 -14.260187530517577 16.380140330457035 -18.983898332208021 59.411682874584621 10.753633490106907 -19.118784859570109 -22.169780148815004 34.167741414179197 -17.30271413811731 56.14367627955194 19.264781329275547 -25.063600744203079 4.8564297170401458 5.8444699871006272 -23.536704636977657 44.48695077469101 25.506363443227897
leaf_weight=13.999999999999998 19 9.9999999999999982 12.000000000000002 9.9999999999999982 10.999999999999998 10.999999999999998 11.999999999999998 17 11.999999999999998 11.000000000000002 11.000000000000002 10.999999999999998 9.9999999999999982 10.999999999999998 11.000000000000002 11.999999999999998 10.999999999999998 38 18 13.999999999999998 17.000000000000004 10.999999999999998 9.9999999999999982 12.999999999999998 14.999999999999998 13.999999999999998 10.000000000000002 13.999999999999998 9.9999999999999947 11.000000000000005
leaf_count=14 19 10 12 10 11 11 12 17 12 11 11 11 10 11 11 12 11 38 18 14 17 11 10 13 15 14 10 14 10 11
internal_value=-1.09902 -69.5471 -123.628 7.7474 -67.0288 4.42676 -2.90196 -0.174918 -14.2656 10.3215 16.2988 48.6601 26.2376 15.0466 19.8704 12.7277 37.9818 -1.11348 5.03782 11.9858 1.89963 13.9524 32.1058 21.388 -9.95752 -8.63842 -3.63729 -11.3078 28.7913 34.6289
internal_weight=411 47 33 364 23 354 265 253 108 145 128 33 89 22 78 56 22 89 95 63 42 28 21 44 51 32 36 24 34 21
internal_count=411 47 33 364 23 354 265 253 108 145 128 33 89 22 78 56 22 89 95 63 42 28 21 44 51 32 36 24 34 21
is_linear=0
shrinkage=0.03


Tree=139
num_leaves=31
num_cat=0
split_feature=29 30 11 30 22 29 13 11 30 29 14 30 29 11 1 1 11 23 16 29 16 3 0 29 30 0 0 0 20 29
split_gain=2.60625e+08 3.25676e+08 2.06051e+08 1.47288e+08 1.03899e+08 5.81959e+07 4.4604e+07 4.2775e+07 4.26943e+07 5.53934e+07 4.30534e+07 6.0688e+07 6.95286e+07 2.6522e+07 1.37067e+07 2.05007e+07 1.48395e+07 1.05334e+07 1.61183e+07 1.06234e+07 8.59605e+06 7.25366e+06 8.18602e+06 5.63781e+06 4.80025e+06 3.48959e+06 3.1129e+06 3.48084e+06 2.56832e+06 1.37968e+06
threshold=1.0053703463594095 6.5000000000000009 35974.647142857146 14.500000000000002 -0.34685948904333841 75179.670000000027 55875.389833333342 21337.877500000006 6.5000000000000009 12806.415000000003 23329.328736777945 9.5000000000000018 2.3954351829683938 31932.978571428575 52017.505000000012 64743.465000000004 52832.781071428581 0.60896546470132462 51297.302879385439 89726.765000000014 39867.114031306868 22565.245000000003 58385.69000000001 44641.500000000007 7.5000000000000009 47983.345000000008 70821.805000000008 46780.430000000008 -1.0000000180025095e-35 54928.44000000001
decision_type=2 2 2 2 2 2 2 2 2 2 2 2 2 2 2 2 2 2 2 2 2 2 2 2 2 2 2 2 2 2
left_child=1 -1 -3 5 -4 6 7 -2 9 -9 -10 14 -13 -7 16 -16 21 18 20 -19 -15 -12 -23 26 -17 -22 27 -11 -25 -26
right_child=3 2 4 -5 -6 13 -8 8 10 23 11 12 -14 17 15 24 -18 19 -20 -21 25 22 -24 28 29 -27 -28 -29 -30 -31
leaf_value=56.1836100459523 -45.900411826214828 -215.37622652805692 -134.46042908625816 120.96910782999065 -5.9938034583782311 68.969444181692538 -61.598705809580252 -59.432447912158061 -27.973334220826153 -10.680158383827507 -14.626400825158873 2.9974846123659749 97.269434130716178 -3.6876999129110306 58.47023980439598 25.338505378945378 -31.17529959461006 15.890959866553942 -18.416744576845918 57.637398256327764 38.754488187770903 33.640856642347138 0.43449582958538269 -3.5270546727590428 -7.1373345332359168 19.307772851178022 -19.730050575011987 9.9227029317642153 14.206567860298415 8.2228098321284619
leaf_weight=13.999999999999998 17 11.999999999999998 9.9999999999999982 9.9999999999999982 13.000000000000002 10.999999999999998 10.999999999999998 18 19 19.000000000000004 9.9999999999999982 12.000000000000002 17 9.9999999999999982 9.9999999999999982 10.999999999999998 11.999999999999998 11.000000000000002 11.999999999999998 10.999999999999998 14.999999999999998 12.000000000000002 14.999999999999998 10.999999999999998 10.000000000000002 19 13.999999999999998 11.999999999999998 22 10.999999999999998
leaf_count=14 17 12 10 10 13 11 11 18 19 19 10 12 17 10 10 11 12 11 12 11 15 12 15 11 10 19 14 12 22 11
internal_value=-1.06603 -65.9623 -114.831 7.72617 -62.0194 4.49232 -2.60469 -0.0178494 3.31037 -12.0726 13.9351 20.5795 58.3327 25.4541 8.52281 21.0879 -2.25782 19.277 12.3476 36.8475 20.7493 7.15023 15.2278 -1.1123 9.33299 27.9315 -8.01544 -2.70172 8.29897 0.908876
internal_weight=411 49 35 362 23 352 263 252 235 96 139 120 29 89 91 42 49 78 56 22 44 37 27 78 32 34 45 31 33 21
internal_count=411 49 35 362 23 352 263 252 235 96 139 120 29 89 91 42 49 78 56 22 44 37 27 78 32 34 45 31 33 21
is_linear=0
shrinkage=0.03


Tree=140
num_leaves=31
num_cat=0
split_feature=3 10 0 16 20 1 1 2 30 5 2 0 15 15 1 20 22 16 23 16 0 30 15 25 1 5 22 23 21 20
split_gain=1.22398e+08 1.92579e+08 1.32557e+08 1.3759e+08 8.85586e+07 4.2932e+07 9.22912e+07 1.31944e+08 5.48707e+07 4.51606e+07 3.6249e+07 6.3165e+07 3.54814e+07 5.39488e+07 5.7505e+07 3.5277e+07 2.7839e+07 2.68986e+07 2.43801e+07 2.35226e+07 2.81724e+07 2.16685e+07 1.48109e+07 1.35692e+07 8.32581e+06 8.08843e+06 9.00953e+06 8.02025e+06 4.96564e+06 5.45527e+06
threshold=76616.280000000013 22307.087142857144 121960.84500000002 59619.367941573451 0.87837969732492682 106407.83500000001 78426.710000000006 78381.74500000001 9.5000000000000018 4601555.8900000015 35994.895000000011 57703.840000000004 38824.377980245212 43904.50835410368 64295.365000000013 -0.8783796973249266 -0.81970999721622462 57191.70138504888 0.60896546470132462 51282.346954697721 55791.415000000008 9.5000000000000018 32682.525117416768 1.0000000180025095e-35 44143.635000000002 9249146.1800000016 -0.75778426208340921 0.8698606264137535 1.0000000180025095e-35 -1.0000000180025095e-35
decision_type=2 2 2 2 2 2 2 2 2 2 2 2 2 2 2 2 2 2 2 2 2 2 2 2 2 2 2 2 2 2
left_child=2 -2 3 5 15 6 9 8 -8 10 -1 -12 16 -14 19 -3 22 25 -18 21 -21 23 -11 24 -15 -17 -27 -20 -28 -30
right_child=1 4 -4 -5 -6 -7 7 -9 -10 12 11 -13 13 14 -16 17 18 -19 27 20 -22 -23 -24 -25 -26 26 28 -29 29 -31
leaf_value=-2.1727680837075538 -128.81859111595787 -49.645953286287465 -89.348218390753644 111.44960856457467 -87.902204046605519 -39.711944808246926 -2.1803490168302391 144.95731592569777 73.205013827619865 6.4314779086988798 102.66900964000904 8.9410271614047545 -75.037067042940379 2.4100669992381119 -57.459455263020352 -21.679047010746238 69.989127133497547 53.462803581579401 1.630505713346962 6.3043342237370696 -59.508756905171396 49.950995469785816 -36.127396914106683 -16.294344146370538 37.839272002397074 -18.424014100032078 -3.1317464977947598 34.867993274533369 6.439543379598593 37.060821595342951
leaf_weight=19 14.999999999999998 10.999999999999998 11.999999999999998 11.999999999999998 11.999999999999998 15.999999999999998 26 9.9999999999999982 12.999999999999998 22 12.000000000000002 13.999999999999998 11.999999999999998 13.000000000000002 17 11.999999999999998 9.9999999999999982 9.9999999999999982 16.000000000000004 14.000000000000002 9.9999999999999982 11.999999999999998 10.999999999999998 17 10.999999999999998 9.9999999999999911 10.000000000000009 10.999999999999998 9.9999999999999911 11.000000000000009
leaf_count=19 15 11 12 12 12 16 26 10 13 22 12 14 12 13 17 12 10 10 16 14 10 12 11 17 11 10 10 11 10 11
internal_value=-1.14199 -29.8155 8.20333 12.1459 -12.4827 7.96057 10.7924 48.0193 23.0097 2.52951 29.3317 52.3141 -4.3297 -15.273 -7.6077 -0.201418 12.2407 8.46428 30.0905 3.42867 -21.1845 14.5837 -7.78801 4.18409 18.6934 -0.0683962 6.27537 15.2111 14.2598 22.5292
internal_weight=411 101 310 298 86 286 270 49 39 221 45 26 176 106 94 74 70 63 37 77 24 53 33 41 24 53 41 27 31 21
internal_count=411 101 310 298 86 286 270 49 39 221 45 26 176 106 94 74 70 63 37 77 24 53 33 41 24 53 41 27 31 21
is_linear=0
shrinkage=0.03


Tree=141
num_leaves=31
num_cat=0
split_feature=3 10 0 16 30 24 20 16 3 10 10 0 4 2 0 14 15 1 10 1 2 24 15 12 0 0 14 15 30 10
split_gain=1.15192e+08 1.81234e+08 1.24755e+08 1.29491e+08 8.54583e+07 4.12309e+07 7.10961e+07 9.07894e+07 4.9038e+07 4.10765e+07 9.36138e+07 5.73405e+07 5.32813e+07 4.38597e+07 3.68479e+07 2.7498e+07 2.50772e+07 2.02474e+07 2.06732e+07 1.9055e+07 2.40443e+07 1.82077e+07 1.75889e+07 1.54254e+07 1.49926e+07 1.45982e+07 9.43368e+06 6.8539e+06 7.32157e+06 3.95901e+06
threshold=76616.280000000013 22307.087142857144 121960.84500000002 59619.367941573451 11.500000000000002 1.0000000180025095e-35 0.87837969732492682 47394.921645916504 -15307.014999999998 43870.914285714287 37502.747857142858 32461.295000000002 37174.580000000009 87392.215000000011 3524.7749999999983 24815.978139132127 54578.213600832874 91783.200000000026 58316.157142857148 80977.315000000017 55107.090000000004 0.25000000000000011 36883.166241380473 56864.549333333336 51266.125000000007 54138.695000000007 20404.705518925872 36883.166241380473 7.5000000000000009 48218.075714285726
decision_type=2 2 2 2 2 2 2 2 2 2 2 2 2 2 2 2 2 2 2 2 2 2 2 2 2 2 2 2 2 2
left_child=2 -2 3 5 17 8 9 -8 -1 10 11 -7 -13 15 -10 -11 23 18 21 20 22 -3 -17 26 -18 -21 -16 -28 -29 -23
right_child=1 4 -4 -5 -6 6 7 -9 14 13 -12 12 -14 -15 16 19 24 -19 -20 25 -22 29 -24 -25 -26 -27 27 28 -30 -31
leaf_value=-53.319906854769343 -124.96687075846218 -40.703349705746298 -86.678889003136334 108.11999205276679 -89.9980353860294 -40.098574747991712 16.814638673902738 133.40446198306864 46.784414890058521 49.661175481873933 96.315583741537608 87.717011226824823 0.58183554819951655 -50.120254457036516 23.085309976606222 -1.5266038126020283 -8.8941814593414712 31.837378635610118 27.110811792196571 0.17002988116172704 13.053240725868626 6.9239594042825541 -52.864945684794172 37.692830008891086 -60.830290108296403 47.56006683805095 -29.542978518904601 -15.741869717892079 13.915791418543913 -14.584940693811163
leaf_weight=17 14.999999999999998 18 11.999999999999998 11.999999999999998 10.999999999999998 14.999999999999998 15.000000000000002 9.9999999999999982 13.999999999999998 10.999999999999998 13.999999999999998 10.000000000000002 17 14.999999999999998 9.9999999999999982 10.000000000000002 10.000000000000002 13.999999999999998 11.999999999999998 14.000000000000002 18 17.000000000000004 14.999999999999998 9.9999999999999982 9.9999999999999982 9.9999999999999982 10.999999999999998 16.000000000000004 13.999999999999998 13.999999999999998
leaf_count=17 15 18 12 12 11 15 15 10 14 11 14 10 17 15 10 10 10 14 12 14 18 17 15 10 10 10 11 16 14 14
internal_value=-1.10751 -28.9242 7.95855 11.7834 -12.1097 7.72306 16.8599 63.6238 -6.47286 8.99491 29.2815 6.84882 32.9566 -3.22982 1.93393 5.8139 -5.84208 -0.63371 -8.10606 -1.41657 -13.3647 -16.7494 -32.3736 3.72204 -34.9492 19.9737 -2.9693 -9.34446 -1.9015 -2.79758
internal_weight=411 101 310 298 86 286 174 25 112 149 56 42 27 93 95 78 81 75 61 67 43 49 25 61 20 24 51 41 30 31
internal_count=411 101 310 298 86 286 174 25 112 149 56 42 27 93 95 78 81 75 61 67 43 49 25 61 20 24 51 41 30 31
is_linear=0
shrinkage=0.03


Tree=142
num_leaves=31
num_cat=0
split_feature=29 29 30 15 17 30 5 30 23 29 29 29 16 29 10 23 14 10 11 16 4 4 22 12 0 17 29 30 14 12
split_gain=2.98993e+08 1.40864e+08 3.82111e+08 1.28833e+08 1.23874e+08 1.1315e+08 7.52402e+07 6.34075e+07 4.83475e+07 3.4413e+07 7.73364e+07 3.80886e+07 1.59099e+07 1.44711e+07 1.15315e+07 9.09131e+06 6.11104e+06 5.58531e+06 5.5162e+06 4.95677e+06 4.57911e+06 3.43812e+06 2.87236e+06 3.16216e+06 3.13964e+06 2.89312e+06 2.06617e+06 2.29829e+06 1.65119e+06 1.24656e+06
threshold=0.37358695828773819 4.6893075628024734 11.500000000000002 43904.50835410368 51508.941601601888 13.500000000000002 19338494.310000002 8.5000000000000018 -0.34552334190817774 7.4618367747213172 6857.5300000000016 76971.480000000025 49389.337865501664 28604.970000000005 36537.397142857146 0.43813463158589139 47808.779227744955 43575.276428571429 39876.328214285713 40924.105175375771 64922.42500000001 76557.895000000004 -0.05058416099371614 54717.941833333338 37529.295000000006 46353.811306364121 51904.395000000011 8.5000000000000018 29270.203859543955 44345.913000000008
decision_type=2 2 2 2 2 2 2 2 2 2 2 2 2 2 2 2 2 2 2 2 2 2 2 2 2 2 2 2 2 2
left_child=-1 2 3 6 7 9 8 12 -2 -3 -11 13 -5 17 -13 -10 19 -12 21 -16 28 -15 26 24 -24 -26 29 -28 -21 -20
right_child=1 5 -4 4 -6 -7 -8 -9 15 10 11 14 -14 18 16 -17 -18 -19 22 20 -22 -23 23 -25 25 -27 27 -29 -30 -31
leaf_value=-155.01487944072184 -115.6944420171539 -33.47842438656626 -165.85067442833781 -47.659016174099186 111.60113419022302 108.547049958242 29.348399967933766 48.342000582071343 -17.375034764987308 94.783801816114732 -6.8406846320492072 57.866956636798911 -1.6027915077647943 20.281045973995163 10.442683481873317 -56.191905516311827 2.8736405730786903 -36.654026771659282 8.2234258453231011 34.30816835016541 50.091727914383156 -0.026514787816289642 3.7121048850574709 9.848142655558604 -3.952692192388334 -25.707532359679895 15.523491981774292 -1.3022937205300402 20.253586316598128 -4.5705552732515198
leaf_weight=10.999999999999998 10.999999999999998 14.999999999999998 14.999999999999998 14.000000000000002 11.999999999999998 10.999999999999998 9.9999999999999982 17 10.000000000000002 9.9999999999999982 13.000000000000002 9.9999999999999982 12.999999999999998 30 11.999999999999998 11.999999999999998 10.999999999999998 9.9999999999999982 11.000000000000002 14.000000000000002 9.9999999999999982 9.9999999999999982 12.999999999999998 11.999999999999998 11.000000000000002 10.999999999999998 27 9.9999999999999982 17 18
leaf_count=11 11 15 15 14 12 11 10 17 10 10 13 10 13 30 12 12 11 10 11 14 10 10 13 12 11 11 27 10 17 18
internal_value=-1.07403 3.17819 -25.0132 -3.60126 26.3782 14.4177 -42.6296 3.03531 -64.4525 10.6335 13.1844 9.90211 -25.5277 2.3067 27.9531 -38.6273 23.2375 -19.8544 5.64351 27.4573 32.4184 15.2105 2.25175 -3.41408 -7.96869 -14.8637 6.28604 10.9804 26.6458 0.288135
internal_weight=411 400 114 99 56 286 43 44 33 275 260 250 27 176 74 22 64 23 153 53 41 40 113 47 35 22 66 37 31 29
internal_count=411 400 114 99 56 286 43 44 33 275 260 250 27 176 74 22 64 23 153 53 41 40 113 47 35 22 66 37 31 29
is_linear=0
shrinkage=0.03


Tree=143
num_leaves=31
num_cat=0
split_feature=3 10 0 16 20 24 20 11 3 10 10 0 2 0 20 4 14 16 16 4 2 1 2 21 24 11 13 5 22 11
split_gain=1.05645e+08 1.66102e+08 1.14752e+08 1.17786e+08 8.05044e+07 3.88953e+07 6.55191e+07 9.32237e+07 4.5473e+07 3.85807e+07 8.87478e+07 5.37086e+07 4.08048e+07 3.34344e+07 3.25172e+07 2.67538e+07 2.46249e+07 2.38267e+07 2.36017e+07 2.28433e+07 1.9166e+07 1.71054e+07 2.15777e+07 1.59862e+07 1.43344e+07 1.16019e+07 8.49078e+06 7.0381e+06 8.46592e+06 5.02686e+06
threshold=76616.280000000013 22307.087142857144 121960.84500000002 59619.367941573451 0.87837969732492682 1.0000000180025095e-35 0.87837969732492682 50293.731785714292 -15307.014999999998 43870.914285714287 37502.747857142858 43353.165000000008 87392.215000000011 3524.7749999999983 -0.8783796973249266 53360.985000000008 24815.978139132127 57191.70138504888 51282.346954697721 53360.985000000008 65054.950000000004 80977.315000000017 55107.090000000004 -1.0000000180025095e-35 0.68301270189221941 50109.914642857148 52946.603500000005 9249146.1800000016 -0.75778426208340921 45936.153928571432
decision_type=2 2 2 2 2 2 2 2 2 2 2 2 2 2 2 2 2 2 2 2 2 2 2 2 2 2 2 2 2 2
left_child=2 -2 3 5 14 8 9 -8 -1 10 11 -7 16 -10 -3 -13 -11 27 20 -20 25 22 23 -18 -23 -15 -22 -16 -29 -30
right_child=1 4 -4 -5 -6 6 7 -9 13 12 -12 15 -14 18 17 -17 21 -19 19 -21 26 24 -24 -25 -26 -27 -28 28 29 -31
leaf_value=-51.463979182984467 -119.62670301012818 -47.345613036004664 -83.123913075617224 103.18800947893703 -83.491780343589937 -32.542761374180337 13.782394013769203 131.91048663694465 44.466227733028312 47.128994481703806 93.689341348939934 67.503165103389989 -48.315459055599575 4.7966811905478002 -19.745106272084087 4.2014342628573971 -55.429821676040596 50.796385762228887 -51.361502645617321 4.7427128442272339 2.0746315116312957 44.181193728900041 12.498636172815042 -7.4307618941383753 -2.2851402019632268 40.381224451031123 -36.960875007287775 -17.611970223953485 30.312576528695882 5.0844372095312558
leaf_weight=17 14.999999999999998 10.999999999999998 11.999999999999998 11.999999999999998 11.999999999999998 18 15.000000000000002 9.9999999999999982 13.999999999999998 10.999999999999998 13.999999999999998 12.000000000000002 14.999999999999998 20 11.999999999999998 11.999999999999998 11.999999999999995 9.9999999999999982 16.000000000000004 10.999999999999998 10.000000000000002 11.000000000000002 18 13.000000000000005 12.999999999999998 13.999999999999998 9.9999999999999982 9.9999999999999911 11.000000000000009 20
leaf_count=17 15 11 12 12 12 18 15 10 14 11 14 12 15 20 12 12 12 10 16 11 10 11 18 13 13 14 10 10 11 20
internal_value=-1.04197 -27.6809 7.64023 11.3085 -11.5837 7.43604 16.3103 61.2026 -6.35192 8.76006 28.4207 6.57892 -3.0875 1.74359 0.125628 35.9268 5.63557 8.44523 -5.66345 -28.5377 5.78951 -1.20685 -12.5273 -30.535 19.0595 19.4869 -17.4866 0.414102 6.33122 14.0708
internal_weight=411 101 310 298 86 286 174 25 112 149 56 42 93 95 74 24 78 63 81 27 54 67 43 25 24 34 20 53 41 31
internal_count=411 101 310 298 86 286 174 25 112 149 56 42 93 95 74 24 78 63 81 27 54 67 43 25 24 34 20 53 41 31
is_linear=0
shrinkage=0.03


Tree=144
num_leaves=31
num_cat=0
split_feature=29 29 10 0 7 14 0 16 2 1 29 16 29 15 10 29 29 1 5 11 1 1 21 22 15 0 13 20 15 22
split_gain=2.74249e+08 1.31434e+08 9.93862e+07 1.30251e+08 1.02355e+08 8.6214e+07 7.88923e+07 1.16175e+08 6.61361e+07 6.57887e+07 1.17567e+08 1.83399e+08 4.42924e+07 3.5176e+07 2.30903e+07 3.86265e+07 1.30064e+07 8.03431e+06 5.10135e+06 4.62502e+06 4.1074e+06 3.9679e+06 3.49833e+06 6.90022e+06 4.21954e+06 2.73903e+06 2.31405e+06 1.95841e+06 2.18457e+06 1.69808e+06
threshold=0.37358695828773819 4.6893075628024734 41055.526428571429 76586.755000000019 15080519.200000001 69383.757630995518 64743.465000000004 48730.257992438455 59815.805000000015 -42780.689999999995 32.285839286721725 47593.132175307561 76971.480000000025 39413.344147185024 65862.250714285721 108379.96000000002 28604.970000000005 71189.940000000017 13905552.515000002 39876.328214285713 73485.585000000006 51131.535000000011 1.0000000180025095e-35 -0.25033082153100961 39135.639578871829 62045.810000000005 50925.029250000007 0.6078576107927941 55627.969975701584 0.52828508881293679
decision_type=2 2 2 2 2 2 2 2 2 2 2 2 2 2 2 2 2 2 2 2 2 2 2 2 2 2 2 2 2 2
left_child=-1 2 4 6 5 8 7 13 -2 -3 11 -11 16 -4 15 20 18 -16 -12 27 21 -14 23 -21 25 -24 -25 28 -18 -26
right_child=1 9 3 -5 -6 -7 -8 -9 -10 10 12 -13 14 -15 17 -17 19 -19 -20 22 -22 -23 24 26 29 -27 -28 -29 -30 -31
leaf_value=-148.44380861860594 51.502620439088204 -49.391858366290862 -61.560683888402451 32.554630533854166 65.922444819565044 -93.120566583003381 -149.27023233442165 17.6164403104234 -42.294380275682464 0.96008179763267743 -29.67929194440196 163.42811279296873 23.942669525508926 -136.75685415694963 -16.701276796255531 90.110005830100206 30.428357935663467 21.23329363011602 -1.6368254248775653 6.9696412868744639 10.423350001093167 44.679061760342414 -10.011697432015442 -19.91661173800918 10.882496555372212 9.8244943202226995 -2.2564742178938504 3.8047094999854241 12.506727543055453 27.376538040388873
leaf_weight=10.999999999999998 14.000000000000002 13.999999999999998 13.000000000000002 12.999999999999998 17 10.999999999999998 9.9999999999999982 12.999999999999998 12.999999999999998 13.000000000000002 14.000000000000002 11.999999999999998 21 9.9999999999999982 10.000000000000002 10.999999999999998 10.000000000000002 9.9999999999999982 9.9999999999999982 35 9.9999999999999982 13.999999999999998 12.000000000000002 17.000000000000004 13.000000000000002 12.999999999999998 10.999999999999998 9.9999999999999982 15.999999999999998 9.9999999999999982
leaf_count=11 14 14 13 13 17 11 10 13 13 13 14 12 21 10 10 11 10 10 10 35 10 14 12 17 13 13 11 10 16 10
internal_value=-1.01055 3.06191 -24.1696 -51.1974 4.84406 -22.5312 -74.8761 -54.0327 6.3464 13.9187 17.1859 79.1153 10.903 -94.4804 29.9507 39.8252 2.43101 2.27166 -18.0226 5.77537 27.447 32.2891 2.74195 -1.90684 8.83912 0.302144 -12.9951 15.1117 19.4448 18.0976
internal_weight=411 400 114 59 55 38 46 36 27 286 272 25 247 23 76 56 171 20 24 147 45 35 111 63 48 25 28 36 26 23
internal_count=411 400 114 59 55 38 46 36 27 286 272 25 247 23 76 56 171 20 24 147 45 35 111 63 48 25 28 36 26 23
is_linear=0
shrinkage=0.03


Tree=145
num_leaves=31
num_cat=0
split_feature=29 29 29 16 7 12 29 13 29 22 16 2 15 29 17 14 3 2 2 15 29 7 1 14 29 1 3 12 17 0
split_gain=2.50999e+08 7.97654e+07 1.7095e+08 9.45042e+07 4.85197e+07 3.06654e+07 6.95432e+07 7.57632e+07 3.75847e+07 3.69316e+07 2.87447e+07 4.67451e+07 4.42944e+07 4.32445e+07 3.40518e+07 2.91695e+07 2.43801e+07 1.73481e+07 1.56336e+07 8.93854e+06 8.82357e+06 7.34961e+06 5.37158e+06 5.05903e+06 4.18768e+06 4.11567e+06 3.71232e+06 3.23543e+06 2.96825e+06 1.3803e+06
threshold=0.37358695828773819 0.91656783527364716 0.48628610801958011 49518.327732764912 1654838.6650000003 51283.191333333336 32.285839286721725 52236.78808333334 58592.835000000006 -0.97827272159715761 51673.369092669142 87392.215000000011 55463.169707758105 20942.990000000002 48427.212475031331 46565.845945021385 59991.750000000007 46772.705000000009 35509.170000000006 44177.987738494412 64363.615000000005 19636553.840000004 -9834.5850000000028 35434.508413393625 76971.480000000025 58385.69000000001 74542.735000000015 44949.360166666673 47573.867087758445 76099.455000000016
decision_type=2 2 2 2 2 2 2 2 2 2 2 2 2 2 2 2 2 2 2 2 2 2 2 2 2 2 2 2 2 2
left_child=-1 2 -2 -4 -3 8 7 -7 9 -6 11 12 14 -12 16 -16 18 19 -11 -8 28 22 -10 -20 -24 27 -22 -26 -19 -15
right_child=1 4 3 -5 5 6 17 -9 21 10 13 -13 -14 29 15 -17 -18 20 23 -21 26 -23 24 -25 25 -27 -28 -29 -30 -31
leaf_value=-139.90828716571514 70.957843655258856 57.303370687637965 -124.80902630878838 -16.451813352320119 42.539724642805041 106.89382979687659 -35.416191370346951 5.8093499021411432 -7.4188160477720224 28.930037951113569 -69.971631651400116 -52.899492569223192 55.326535279723409 -12.953723227384398 -3.7101409561332601 64.332512835602259 -44.894029151736284 -8.8002200441662506 -3.9516364263894284 1.9714620883039418 38.454339317240311 33.728262118789807 7.4657353472604626 -31.86565721426437 43.3355775747726 11.161342694682459 14.430149340273728 19.062356043573633 13.189751406708453 2.4194306330894353
leaf_weight=10.999999999999998 9.9999999999999982 18 15.000000000000002 13.999999999999998 11.999999999999998 15.000000000000002 11.000000000000002 11.999999999999998 10.999999999999998 9.9999999999999982 17 14.999999999999998 12.999999999999998 11.000000000000002 13.000000000000002 9.9999999999999982 19 11.000000000000002 14.000000000000002 11.999999999999998 14.000000000000002 17 34 9.9999999999999982 10.000000000000002 17 9.9999999999999982 9.9999999999999982 10.999999999999998 9.9999999999999982
leaf_count=11 10 18 15 14 12 15 11 12 11 10 17 15 13 11 13 10 19 11 14 12 14 17 34 10 10 17 10 10 11 10
internal_value=1.16561 5.00457 -35.7592 -72.617 9.3407 6.85913 21.2907 62.0612 1.37998 -7.89025 -12.1654 -4.00054 4.26593 -34.4767 -4.49875 25.949 -17.7239 5.30366 -2.49702 -15.9476 15.9351 15.797 12.0613 -15.6245 15.0825 22.0621 28.4951 31.2768 2.19974 -5.64482
internal_weight=417 406 39 29 367 349 96 27 253 154 142 104 89 38 76 23 53 69 34 23 46 99 82 24 71 37 24 20 22 21
internal_count=417 406 39 29 367 349 96 27 253 154 142 104 89 38 76 23 53 69 34 23 46 99 82 24 71 37 24 20 22 21
is_linear=0
shrinkage=0.03


Tree=146
num_leaves=31
num_cat=0
split_feature=29 29 29 10 7 12 29 13 29 22 2 15 15 11 0 4 25 2 29 29 15 29 25 14 14 10 23 3 22 17
split_gain=2.36232e+08 7.50644e+07 1.60888e+08 1.22294e+08 4.56593e+07 2.8858e+07 6.54468e+07 7.13e+07 3.54167e+07 3.48911e+07 2.66572e+07 3.42928e+07 6.46839e+07 2.82057e+07 2.14253e+07 3.15948e+07 2.30414e+07 1.63271e+07 1.63232e+07 1.39347e+07 8.41262e+06 8.30405e+06 7.16104e+06 5.43396e+06 8.17395e+06 4.95436e+06 5.30291e+06 3.5021e+06 3.35809e+06 2.7936e+06
threshold=0.37358695828773819 0.91656783527364716 0.48628610801958011 41055.526428571429 1654838.6650000003 51283.191333333336 32.285839286721725 52236.78808333334 57790.515000000007 -0.97827272159715761 87392.215000000011 58083.630164595474 55463.169707758105 31932.978571428575 15580.789999999997 10170.445000000002 0.25000000000000017 46772.705000000009 4.1122073779126174 6857.5300000000016 44177.987738494412 64363.615000000005 -0.9330127018922193 44767.208066661078 37064.998392467729 29771.687142857143 -0.050649168838713086 57790.515000000007 -0.05058416099371614 47573.867087758445
decision_type=2 2 2 2 2 2 2 2 2 2 2 2 2 2 2 2 2 2 2 2 2 2 2 2 2 2 2 2 2 2
left_child=-1 2 -2 -4 -3 8 7 -7 9 -6 11 12 13 -11 -15 -16 18 20 -17 -13 -8 29 -10 24 -24 -25 -27 -23 -20 -19
right_child=1 4 3 -5 5 6 17 -9 22 10 -12 19 -14 14 15 16 -18 21 28 -21 -22 27 23 25 -26 26 -28 -29 -30 -31
leaf_value=-135.73003156152785 68.839707468516792 55.589032383968956 -25.604749171940352 -155.09249577308768 41.268827041056142 103.69767006401996 -34.358513966728644 5.6357919952186801 36.920823422507134 40.027283443621727 -44.924485796079857 -64.434567467875041 72.892175019676998 20.361509829483847 25.881964729274557 -43.668551215118676 -70.815532080806904 -8.5374078949112668 2.5792233306670873 -16.634823870766756 1.9125634411063925 40.089111328124986 11.169693828690873 21.463027680809816 38.074148000262383 9.5896066061542538 -16.971310214338626 16.999380861479661 -18.382995915709667 12.7958495161652
leaf_weight=10.999999999999998 9.9999999999999982 18 19.000000000000004 9.9999999999999982 11.999999999999998 15.000000000000002 11.000000000000002 11.999999999999998 11.999999999999998 9.9999999999999982 19 11.000000000000002 9.9999999999999982 13.999999999999998 10.999999999999998 17 9.9999999999999982 11.000000000000002 15.999999999999989 10.999999999999998 11.999999999999998 11.000000000000002 37 9.9999999999999982 13.999999999999998 14 13 12.999999999999998 12.000000000000011 10.999999999999998
leaf_count=11 10 18 19 10 12 15 11 12 12 10 19 11 10 14 11 17 10 11 16 11 12 11 37 10 14 14 13 13 12 11
internal_value=1.13088 4.85519 -34.6891 -70.4458 9.0616 6.65429 20.6541 60.2056 1.33906 -7.73464 -11.9183 -6.76169 0.705168 -7.35163 -13.2953 -20.4446 -29.725 5.14507 -20.5254 -40.6266 -15.4714 15.4589 15.2188 12.2401 18.5853 3.48075 -3.20671 27.6435 -6.42134 2.13405
internal_weight=417 406 39 29 367 349 96 27 253 153 141 122 100 90 80 66 55 69 45 22 23 46 100 88 51 37 27 24 28 22
internal_count=417 406 39 29 367 349 96 27 253 153 141 122 100 90 80 66 55 69 45 22 23 46 100 88 51 37 27 24 28 22
is_linear=0
shrinkage=0.03


Tree=147
num_leaves=31
num_cat=0
split_feature=29 30 29 15 12 4 1 20 29 30 5 2 29 10 12 29 2 29 25 15 20 0 0 4 4 15 3 4 29 20
split_gain=2.22332e+08 1.15473e+08 5.39075e+07 1.07922e+08 7.44651e+07 9.08783e+07 4.93317e+07 4.0428e+07 5.85925e+07 3.35518e+07 2.84627e+07 2.16804e+07 4.19375e+07 1.90456e+07 2.07315e+07 1.69554e+07 1.96631e+07 1.87854e+07 1.64771e+07 1.39265e+07 1.10939e+07 8.89126e+06 1.10432e+07 6.60288e+06 7.29426e+06 4.96689e+06 4.43393e+06 4.40867e+06 4.1247e+06 3.50725e+06
threshold=0.37358695828773819 13.500000000000002 1.9072875616446696 56508.912057370246 49829.355500000005 67239.700000000026 36831.805 0.87837969732492682 44641.500000000007 2.5000000000000004 1817330.8650000002 80689.72500000002 17114.705000000005 17720.783571428576 54670.526500000007 75872.645000000004 55791.415000000008 21859.955000000005 0.25000000000000017 47797.504580259221 0.6078576107927941 28966.960000000003 66167.185000000012 70990.530000000013 49026.955000000009 51359.367050821173 40078.865000000005 22169.155000000002 75872.645000000004 -1.0000000180025095e-35
decision_type=2 2 2 2 2 2 2 2 2 2 2 2 2 2 2 2 2 2 2 2 2 2 2 2 2 2 2 2 2 2
left_child=-1 2 3 4 5 6 -2 9 -9 -4 -11 13 -13 -12 15 16 18 -18 20 -16 21 -15 -23 24 27 26 -14 -17 -10 -19
right_child=1 -3 7 -5 -6 -7 -8 8 28 10 11 12 25 14 19 23 17 29 -20 -21 -22 22 -24 -25 -26 -27 -28 -29 -30 -31
leaf_value=-131.67655918587386 -39.107814504139441 81.125911696984957 -48.612225376319017 68.227439720950898 -95.743306283538914 -75.3242811541691 43.832411601734947 97.717713632156588 3.9577334227799659 -42.439971578606652 46.419193346747029 -62.028416317728301 -2.0668128753376895 -32.613356314956874 16.643977229546238 11.028354901280894 49.737350919559532 -9.8914045161251547 -35.682855998735626 61.264654541015616 22.200117194515531 11.897747636652317 -20.253380564580564 41.799003122813666 -6.085975453648631 -12.024515834821925 19.914996758514135 36.27929962284832 27.515743873561668 12.700250423336366
leaf_weight=10.999999999999998 10.000000000000002 17 10.999999999999998 9.9999999999999982 14.999999999999998 15.999999999999998 18 9.9999999999999982 17.000000000000004 10.999999999999998 12.999999999999998 10.999999999999998 15.999999999999998 10.999999999999998 17.000000000000004 13.000000000000002 10.999999999999998 11 17 9.9999999999999982 12.999999999999998 22 17 9.9999999999999982 10.999999999999998 13.999999999999998 17 11.999999999999998 10.999999999999998 14
leaf_count=11 10 17 11 10 15 16 18 10 17 11 13 11 16 11 17 13 11 11 17 10 13 22 17 10 11 14 17 12 11 14
internal_value=1.09692 4.71 1.36049 -22.6801 -38.1329 -18.4067 14.194 6.54699 35.574 2.62993 4.71845 6.72139 -9.43979 11.3629 8.94 4.87885 -1.23479 17.1633 -9.51947 33.2528 -2.43681 -8.85819 -2.12483 20.2805 14.2534 2.92102 9.27015 23.197 13.2452 2.76002
internal_weight=417 406 389 69 59 44 28 320 38 282 271 260 58 202 189 162 116 36 80 27 63 50 39 46 36 47 33 25 28 25
internal_count=417 406 389 69 59 44 28 320 38 282 271 260 58 202 189 162 116 36 80 27 63 50 39 46 36 47 33 25 28 25
is_linear=0
shrinkage=0.03


Tree=148
num_leaves=31
num_cat=0
split_feature=29 30 29 29 3 23 20 29 30 30 6 23 6 23 17 30 29 0 24 29 29 20 0 29 11 30 4 4 22 14
split_gain=2.09251e+08 1.08667e+08 5.07324e+07 1.04153e+08 9.09131e+07 5.62334e+07 3.80501e+07 5.5147e+07 3.15776e+07 2.49683e+07 2.4211e+07 2.17562e+07 1.32757e+07 1.235e+07 1.74699e+07 2.39e+07 6.50434e+07 1.60912e+07 1.29183e+07 1.17593e+07 1.11022e+07 7.74128e+06 4.90074e+06 3.88208e+06 3.66145e+06 3.43019e+06 2.63971e+06 2.10273e+06 3.88933e+06 2.51241e+06
threshold=0.37358695828773819 13.500000000000002 1.9072875616446696 0.48628610801958011 78161.070000000022 -0.52625006705264832 0.87837969732492682 44641.500000000007 2.5000000000000004 8.5000000000000018 1817330.8650000002 -0.97450428989597182 20717798.950000007 0.24936651517469852 41732.126998441912 8.5000000000000018 62196.32 91434.375000000015 -0.93301270189221908 28604.970000000005 4.6893075628024734 -1.0000000180025095e-35 -40516.954999999994 75872.645000000004 58288.555357142868 9.5000000000000018 50139.635000000002 21656.760000000002 0.34685948904333835 36637.067360999019
decision_type=2 2 2 2 2 2 2 2 2 2 2 2 2 2 2 2 2 2 2 2 2 2 2 2 2 2 2 2 2 2
left_child=-1 2 3 -2 5 -5 8 -8 -4 -7 -10 -12 13 14 -13 18 -17 19 -16 -15 -20 -14 -21 -9 26 -18 -22 -24 29 -29
right_child=1 -3 6 4 -6 9 7 23 10 -11 11 12 21 17 15 16 25 -19 20 22 24 -23 27 -25 -26 -27 -28 28 -30 -31
leaf_value=-127.74413029597353 67.303897504664178 78.699271032607442 -47.160458629487323 -66.137383090301199 -110.70582924997163 30.625210467900068 94.800767494315522 3.8393498440292211 -36.992506744258137 -22.292548327579674 -25.260978166152231 -19.068931541578625 12.917908564840605 -21.357496561956562 38.132477854258973 93.384910982377292 20.607145077058629 -37.79482768044543 -25.818145751953125 -11.138137043056201 10.817400625709118 47.033091666193918 21.217664542467492 26.694007127856771 22.587994647133939 -0.76957065134286029 -4.0369906730392344 5.5304551774085144 -7.0968782519862659 23.555398910347069
leaf_weight=10.999999999999998 9.9999999999999982 17 10.999999999999998 14.999999999999998 11.999999999999998 15.999999999999998 9.9999999999999982 17.000000000000004 11.999999999999998 15.999999999999998 18 13.999999999999998 12.000000000000002 14.999999999999998 9.9999999999999982 11.999999999999998 13.000000000000002 9.9999999999999982 10.999999999999998 9.9999999999999982 21 11.999999999999998 14.999999999999998 10.999999999999998 10.999999999999998 13.999999999999998 22 15.000000000000002 10.999999999999998 12.999999999999998
leaf_count=11 10 17 11 15 12 16 10 17 12 16 18 14 12 15 10 12 13 10 11 10 21 12 15 11 11 14 22 15 11 13
internal_value=1.06415 4.56933 1.32002 -22.0019 -37.1826 -18.313 6.35145 34.5119 2.55134 4.17283 4.57749 6.51028 8.88799 6.54245 12.5085 16.3931 35.4263 -2.04009 6.47873 2.50687 1.58336 30.0378 8.11239 12.8495 7.18387 9.54199 3.22162 11.6843 7.99515 13.9262
internal_weight=417 406 389 69 59 47 320 38 282 32 271 259 241 217 128 114 39 89 75 79 65 24 64 28 54 27 43 54 39 28
internal_count=417 406 389 69 59 47 320 38 282 32 271 259 241 217 128 114 39 89 75 79 65 24 64 28 54 27 43 54 39 28
is_linear=0
shrinkage=0.03


Tree=149
num_leaves=31
num_cat=0
split_feature=29 30 29 16 3 1 25 29 20 16 30 12 10 29 10 22 10 29 30 6 12 29 29 22 29 29 0 10 29 3
split_gain=1.96939e+08 1.02263e+08 4.77447e+07 1.04688e+08 1.05694e+08 5.91252e+07 6.88926e+07 4.91497e+07 3.5812e+07 5.67908e+07 2.97197e+07 2.54531e+07 3.12712e+07 2.46259e+07 2.62493e+07 1.85793e+07 2.73934e+07 4.66442e+07 2.23213e+07 8.95935e+06 1.02813e+07 8.6032e+06 6.91329e+06 6.97021e+06 5.54479e+06 5.77132e+06 4.33587e+06 2.12665e+06 1.79745e+06 1.75756e+06
threshold=0.37358695828773819 13.500000000000002 1.9072875616446696 51297.302879385439 78161.070000000022 66167.185000000012 -0.24999999999999994 0.71562937656960035 0.87837969732492682 49740.997618909787 2.5000000000000004 31287.365000000005 17720.783571428576 3.7519468051421385 44334.47214285715 -0.15123342103804657 62616.558571428577 59991.75 10.500000000000002 19636553.840000004 54670.526500000007 56461.085000000006 37145.670000000006 0.91777833585891111 76971.480000000025 7.4618367747213172 28966.960000000003 57115.711428571434 59357.150000000009 34678.480000000003
decision_type=2 2 2 2 2 2 2 2 2 2 2 2 2 2 2 2 2 2 2 2 2 2 2 2 2 2 2 2 2 2
left_child=-1 2 3 4 5 6 -2 -5 10 21 -4 -12 -13 14 -14 18 19 -18 24 20 22 -10 -17 28 25 -15 -27 -26 -24 -28
right_child=1 -3 8 7 -6 -7 -8 -9 9 -11 11 12 13 15 -16 16 17 -19 -20 -21 -22 -23 23 -25 27 26 29 -29 -30 -31
leaf_value=-123.92914707649885 -0.5155933459270049 76.345217027412474 -45.752047177137825 82.428688527576924 -132.30216428842118 26.080037056593703 -102.06795507407284 -9.3093873451198377 -12.835012182175298 84.210661842083113 -38.182139802671564 51.677939561865792 11.020639903509789 24.646470992866604 -53.529308450633074 -22.018111919534615 -75.086853158527873 10.300415399955019 51.22192161261399 31.321471142660975 25.803415944313237 22.551447659964236 0.6412004572640958 -14.929178614315399 33.029314232735601 -12.670297206133261 -1.1082129077376606 14.67638087609002 14.16447772147006 11.197172421345893
leaf_weight=10.999999999999998 11.999999999999998 17 10.999999999999998 10.000000000000002 9.9999999999999982 13.999999999999998 12.000000000000002 10.999999999999998 11.000000000000002 12.999999999999998 11.999999999999998 12.999999999999998 10.000000000000002 12.999999999999998 12.999999999999998 12.999999999999998 11.000000000000002 11.999999999999998 13.999999999999998 10.999999999999998 13.999999999999998 13.999999999999998 13.999999999999998 14.999999999999998 11.000000000000002 12.999999999999998 15.999999999999998 11.999999999999998 24 30
leaf_count=11 12 17 11 10 10 14 12 11 11 13 12 13 10 13 13 13 11 12 14 11 14 14 14 15 11 13 16 12 24 30
internal_value=1.03235 4.43285 1.28074 -21.344 -45.772 -22.857 -51.3984 34.4674 6.16178 33.4815 2.47512 4.44075 6.42255 4.02099 -25.5011 7.0709 -1.3968 -30.6113 15.9236 5.99983 2.50071 6.98686 -2.45808 2.3559 10.6975 6.59233 2.5968 23.5065 9.18961 6.92048
internal_weight=417 406 389 69 48 38 24 21 320 38 282 271 259 246 23 223 114 23 109 91 80 25 66 53 95 72 59 23 38 46
internal_count=417 406 389 69 48 38 24 21 320 38 282 271 259 246 23 223 114 23 109 91 80 25 66 53 95 72 59 23 38 46
is_linear=0
shrinkage=0.03


Tree=150
num_leaves=31
num_cat=0
split_feature=29 30 4 16 10 29 10 2 11 30 3 23 29 3 16 29 29 29 2 2 14 22 25 23 16 29 22 10 6 2
split_gain=1.66288e+08 3.91468e+08 9.15618e+07 5.6906e+07 3.26484e+07 1.20203e+08 3.93799e+07 2.54953e+07 2.38735e+07 5.23323e+07 2.09022e+07 2.55248e+07 2.40024e+07 1.64347e+07 2.91345e+07 5.96637e+07 2.09083e+07 3.93923e+07 4.84923e+07 2.08519e+07 1.58479e+07 1.29107e+07 8.97228e+06 6.39961e+06 4.87579e+06 8.8777e+06 4.66958e+06 4.10246e+06 3.63384e+06 2.97957e+06
threshold=0.84499823192235823 9.5000000000000018 51530.05000000001 60216.797140095288 65303.012857142865 6.711850151100716 63096.278571428578 -42780.689999999995 31932.978571428575 8.5000000000000018 79697.49500000001 1.0000000180025095e-35 37145.670000000006 31376.975000000002 47452.589107751592 22664.140000000003 32.285839286721725 1.6026184225363709 37258.665000000008 51904.395000000011 30047.153376810307 0.43982890882219988 1.0000000180025095e-35 -0.15065085054871696 51049.915611264958 53392.785000000011 -0.15123342103804657 44719.173571428575 6470085.4850000013 45518.325000000004
decision_type=2 2 2 2 2 2 2 2 2 2 2 2 2 2 2 2 2 2 2 2 2 2 2 2 2 2 2 2 2 2
left_child=1 2 -1 4 6 -6 7 -2 9 28 13 21 -13 14 15 -10 17 -15 -19 -16 23 -12 -21 -7 25 26 -18 -27 -9 -29
right_child=3 -3 -4 -5 5 20 -8 8 10 -11 11 12 -14 16 19 -17 24 18 -20 22 -22 -23 -24 -25 -26 27 -28 29 -30 -31
leaf_value=-59.618505226230205 -27.206935311865617 -192.39474143543461 47.171876492064413 71.166357298411754 -104.84147188350626 35.635501624797939 57.77245753549596 15.857220452079938 -83.246384304672915 82.433434058225004 -8.9187022860798297 -70.582074976679067 -6.4148155022530533 -11.270458346694259 46.997121596062314 4.3672729860417494 11.292115498480392 13.06084348763992 104.31571912118211 19.773056038040913 -15.784772019769346 33.954045947630014 -16.963184400536544 5.8695534190912344 -5.8134172671309132 35.092741376504129 -11.969217476575476 3.242425951819202 -9.0734486138642705 22.157907283335845
leaf_weight=12.000000000000002 19 12.999999999999998 18 11.999999999999998 10.999999999999998 13 13.999999999999998 11.000000000000002 9.9999999999999982 11.999999999999998 17.000000000000004 10.000000000000002 10.999999999999998 10.000000000000002 12.999999999999998 23 16.000000000000004 10.000000000000002 10.999999999999998 11.000000000000002 18 9.9999999999999982 12.999999999999998 13 15.999999999999998 12.999999999999998 14.999999999999998 11.999999999999998 9.9999999999999982 20
leaf_count=12 19 13 18 12 11 13 14 11 10 12 17 10 11 10 13 23 16 10 11 11 18 10 13 13 16 13 15 12 10 20
internal_value=0.604339 -55.2312 4.4276 7.03045 4.89487 -16.381 8.70855 6.35474 8.68655 32.5978 5.40631 -12.3009 -37.0657 9.81223 -1.79194 -22.2681 16.4143 37.7031 60.9953 16.476 5.82806 6.9935 -0.119638 20.7924 9.22427 12.3918 0.0354825 20.8945 3.99212 15.0807
internal_weight=417 43 30 374 362 55 307 293 274 33 241 48 21 193 70 33 123 31 21 37 44 27 24 26 92 76 31 45 21 32
internal_count=417 43 30 374 362 55 307 293 274 33 241 48 21 193 70 33 123 31 21 37 44 27 24 26 92 76 31 45 21 32
is_linear=0
shrinkage=0.03


Tree=151
num_leaves=31
num_cat=0
split_feature=29 15 29 16 13 2 29 9 29 29 1 0 3 29 1 15 29 1 1 29 2 3 5 20 22 29 17 15 1 2
split_gain=1.56573e+08 3.36866e+08 1.73074e+08 5.31568e+07 3.02147e+07 3.22462e+07 5.08308e+07 2.18728e+07 4.13033e+07 5.87017e+07 2.22145e+07 1.99298e+07 2.92794e+07 5.19099e+07 1.45376e+07 2.30802e+07 2.62948e+07 1.69197e+07 1.01415e+07 1.3631e+07 1.01058e+07 9.52429e+06 5.24714e+06 4.69741e+06 4.4761e+06 3.58589e+06 2.86664e+06 2.47829e+06 1.239e+06 971734
threshold=0.91656783527364716 54459.350536635553 0.48628610801958011 60216.797140095288 56368.606666666681 -18615.414999999997 37145.670000000006 5753413.3850000007 6857.5300000000016 2.3954351829683938 -42780.689999999995 102553.38500000002 27755.075000000001 22664.140000000003 66409.170000000013 35357.376136125495 32.285839286721725 56646.380000000012 11339.435000000001 62917.445000000007 76586.755000000019 47454.455000000009 16035082.835000003 0.6078576107927941 0.25033082153100911 47983.345000000008 43238.249366712167 32576.367668002229 51131.535000000011 -55299.474999999999
decision_type=2 2 2 2 2 2 2 2 2 2 2 2 2 2 2 2 2 2 2 2 2 2 2 2 2 2 2 2 2 2
left_child=1 2 -1 4 5 6 -2 8 9 -7 -9 12 13 -12 17 -16 -17 18 -14 24 21 -10 -18 -23 27 -15 -21 -20 -27 -8
right_child=3 -3 -4 -5 -6 7 29 10 20 -11 11 -13 14 25 15 16 22 -19 19 26 -22 23 -24 -25 -26 28 -28 -29 -30 -31
leaf_value=102.18937040993526 -70.654649245392733 -162.52156089711411 -47.054107425719728 69.040226770931255 -41.722367168758915 15.260636217491172 0.2234858849236579 -33.371512402063125 35.364284993109294 106.44370028810802 -69.818734582924748 39.097211720119013 32.010377112100286 -13.433391662142167 -5.218099886091573 75.726601501827318 6.841866789192987 -23.113218657641813 -9.1477441930059147 33.922806845138304 -9.220452220045674 16.228673551229434 34.35529273575272 -8.8881115598376503 -19.7952211506739 -0.82599976383038376 13.138924648120156 11.438985805597778 12.470866680424932 12.869634280987635
leaf_weight=11.000000000000002 11.999999999999998 15.999999999999998 19 11.999999999999998 11.999999999999998 15.000000000000002 11.999999999999998 12.999999999999998 15.999999999999998 10.999999999999998 11.999999999999998 15.999999999999998 14.999999999999998 9.9999999999999982 17 10.999999999999998 13.000000000000002 17 10.000000000000002 10.000000000000002 19 17.000000000000004 11.999999999999998 10.999999999999998 14.999999999999998 10.000000000000002 14.999999999999998 10.999999999999998 17 10.000000000000002
leaf_count=11 12 16 19 12 12 15 12 13 16 11 12 16 15 10 17 11 13 17 10 10 19 17 12 11 15 10 15 11 17 10
internal_value=0.586159 -51.5887 7.74748 7.06136 4.98031 6.60117 -21.1265 9.61601 22.1932 53.9683 4.61497 6.96272 4.3167 -15.7389 11.0508 23.583 37.1719 3.89993 9.95357 4.50799 9.0473 16.9372 20.0905 6.36311 -7.30796 1.87102 21.5036 1.63734 7.55368 5.98788
internal_weight=417 46 30 371 359 347 34 313 89 26 224 211 195 49 146 53 36 93 76 61 63 44 25 28 36 37 25 21 27 22
internal_count=417 46 30 371 359 347 34 313 89 26 224 211 195 49 146 53 36 93 76 61 63 44 25 28 36 37 25 21 27 22
is_linear=0
shrinkage=0.03


Tree=152
num_leaves=31
num_cat=0
split_feature=18 16 30 0 2 30 20 4 12 10 10 15 0 10 17 13 16 2 23 23 16 17 4 3 11 4 12 2 2 11
split_gain=1.04051e+08 5.12182e+07 7.14983e+07 1.66567e+08 5.9261e+07 6.43265e+07 5.06637e+07 5.24144e+07 2.99042e+07 5.2574e+07 2.08331e+07 2.79224e+07 2.15167e+07 2.06147e+07 2.25389e+07 1.63258e+07 1.53102e+07 1.6131e+07 1.54948e+07 1.54849e+07 1.33387e+07 1.17005e+07 1.06284e+07 9.65288e+06 6.83971e+06 7.03194e+06 5.25671e+06 5.21148e+06 3.69325e+06 3.81414e+06
threshold=1114997.1750000003 47737.225613972412 11.500000000000002 52321.74500000001 -42780.689999999995 12.500000000000002 0.87837969732492682 51530.05000000001 37371.556166666676 45112.712142857148 74703.940714285724 53843.694473846765 44692.845000000008 26743.804285714283 50423.293107997109 55311.013583333341 48897.247105700961 85175.165000000023 0.43813463158589139 -0.81655236941868636 43007.503278684853 50145.479137477327 74883.980000000025 4061.6199999999994 57527.75642857144 70593.74500000001 47872.690666666669 65873.755000000019 27187.470000000005 50109.914642857148
decision_type=2 2 2 2 2 2 2 2 2 2 2 2 2 2 2 2 2 2 2 2 2 2 2 2 2 2 2 2 2 2
left_child=-1 2 10 -4 -3 6 7 16 21 -10 11 13 -13 -2 15 23 -6 18 19 -18 -16 -9 -11 -15 25 28 -27 -26 -25 -30
right_child=1 4 3 -5 5 -7 -8 8 9 22 -12 12 -14 14 20 -17 17 -19 -20 -21 -22 -23 -24 24 27 26 -28 -29 29 -31
leaf_value=-79.685050100957795 44.397161865234374 -43.975833444832901 -124.04026060545567 22.103598456874856 22.489203529875741 90.136981284025026 61.064722433615856 17.739800512010799 85.60555736506096 0.14795548448530935 40.18551627456872 3.8469362008625549 -49.365451674844415 -28.705427870109897 53.628909575049533 -33.164866852091848 -41.096778959386498 9.4274475525472763 -53.066358439127598 4.5096619547287364 5.7885557286879594 -23.538954549760959 37.983993834182925 19.136891871663778 1.6144261943760196 -32.440642741189059 -2.4146760017084317 31.514341300860785 -6.2950757158377799 12.640495794438806
leaf_weight=13.999999999999998 9.9999999999999982 13.999999999999998 14.000000000000002 13.999999999999998 10.999999999999998 10.999999999999998 19 16.000000000000004 15.999999999999998 15.000000000000002 10.999999999999998 11.000000000000002 18 9.9999999999999982 10.000000000000002 15.999999999999998 10.999999999999995 15.999999999999998 12.999999999999998 17.000000000000007 10.999999999999998 9.9999999999999982 11.999999999999998 10.999999999999998 10.000000000000002 10.000000000000002 10.999999999999998 10.999999999999998 30 13.999999999999998
leaf_count=14 10 14 14 14 11 11 19 16 16 15 11 11 18 10 10 16 11 16 13 17 11 10 12 11 10 10 11 11 30 14
internal_value=0.56894 3.36646 -6.29009 -51.0592 15.2089 20.1821 15.2221 8.84444 27.2565 42.5994 0.182914 -2.23193 -29.2096 2.8561 -0.0431042 -4.95037 -9.84466 -16.0988 -26.0596 -13.4485 28.6429 1.84865 17.0031 -0.717862 2.18076 -2.00942 -16.7558 17.3139 3.63115 -0.262612
internal_weight=417 403 222 28 181 167 156 137 69 43 194 183 29 154 144 123 68 57 41 28 21 26 27 107 97 76 21 21 55 44
internal_count=417 403 222 28 181 167 156 137 69 43 194 183 29 154 144 123 68 57 41 28 21 26 27 107 97 76 21 21 55 44
is_linear=0
shrinkage=0.03


Tree=153
num_leaves=31
num_cat=0
split_feature=29 30 0 16 12 2 29 30 2 2 10 0 29 15 20 30 29 12 10 10 12 11 15 20 11 0 12 29 12 15
split_gain=1.45421e+08 3.6031e+08 1.00665e+08 5.22558e+07 3.18837e+07 2.31515e+07 2.70596e+07 2.30418e+07 4.15869e+07 5.44366e+07 8.08565e+07 2.90769e+07 2.88004e+07 2.04407e+07 1.99686e+07 2.6155e+07 1.52774e+07 1.62723e+07 1.09468e+07 9.3888e+06 8.42068e+06 7.32611e+06 6.67355e+06 6.56999e+06 4.47598e+06 2.9141e+06 2.45301e+06 2.39628e+06 2.24057e+06 1.59078e+06
threshold=0.84499823192235823 9.5000000000000018 22473.725000000002 60216.797140095288 59244.048666666677 -42780.689999999995 38515.255000000012 7.5000000000000009 80689.72500000002 63584.500000000007 52636.64928571428 96626.97500000002 54928.44000000001 52198.197562823218 -0.8783796973249266 11.500000000000002 37145.670000000006 52595.635166666681 32460.462857142858 51197.872142857152 41223.591500000002 49955.602500000001 35836.200786513808 1.0000000180025095e-35 51690.10500000001 65293.415000000008 48532.577166666677 66167.185000000012 46178.951333333338 49921.231454392742
decision_type=2 2 2 2 2 2 2 2 2 2 2 2 2 2 2 2 2 2 2 2 2 2 2 2 2 2 2 2 2 2
left_child=1 2 -1 4 5 6 -2 16 9 11 -11 14 -10 -4 -9 18 17 19 -16 21 -20 23 -22 -7 -14 -26 -24 -18 -21 -28
right_child=3 -3 13 -5 -6 7 -8 8 12 10 -12 -13 24 -15 15 -17 27 -19 20 28 22 -23 26 -25 25 -27 29 -29 -30 -31
leaf_value=83.052984812722229 -59.58955747689771 -183.25463418193243 -2.8999797764109125 68.02095445181817 -38.234705400942168 10.734649693280797 4.9142607447939834 -20.808891196562865 -54.81027244453999 17.919656782048449 129.52535299044933 61.166150996695805 19.990680193545209 -63.497083476052353 33.510180537433541 48.934681477924244 6.3597733647471761 -44.122352869370403 -20.245007901963355 -30.510906800227367 -7.7063734500207621 25.30383828279659 28.36573345127389 -19.988904061851656 -15.053473404413969 6.7376229920538293 1.6714999298551181 20.515279800590427 -10.837930939963499 18.581214980225063
leaf_weight=10.000000000000002 10.000000000000002 12.999999999999998 10.000000000000002 11.999999999999998 14.999999999999998 13.000000000000002 13.999999999999998 15.999999999999998 9.9999999999999982 14.000000000000002 9.9999999999999982 10.999999999999998 9.9999999999999982 9.9999999999999982 11.999999999999998 17 62 10.999999999999998 11.999999999999998 10.000000000000002 15.999999999999998 10.999999999999998 10.000000000000002 11.999999999999998 11.000000000000002 10.999999999999998 10.000000000000002 12.999999999999998 10.999999999999998 9.9999999999999982
leaf_count=10 10 13 10 12 15 13 14 16 10 14 10 11 10 10 12 17 62 11 12 10 16 11 10 12 11 11 10 13 11 10
internal_value=0.552038 -51.6627 5.57045 6.56144 4.515 6.36821 -22.0303 8.4814 15.6217 23.5749 64.5946 14.9146 -10.5072 -33.2813 9.94786 15.613 -0.508697 -10.8026 7.49141 -4.33945 2.08399 4.96056 7.92461 -4.02312 3.40144 -4.16735 16.2601 8.82543 -20.2562 10.1516
internal_weight=417 43 30 374 362 347 24 323 180 138 24 114 42 20 103 87 143 68 70 57 58 36 46 25 32 22 30 75 21 20
internal_count=417 43 30 374 362 347 24 323 180 138 24 114 42 20 103 87 143 68 70 57 58 36 46 25 32 22 30 75 21 20
is_linear=0
shrinkage=0.03


Tree=154
num_leaves=31
num_cat=0
split_feature=29 30 1 12 16 12 30 0 30 11 17 29 21 29 29 22 20 1 16 12 16 1 3 3 3 29 29 23 4 22
split_gain=1.36858e+08 3.39097e+08 1.02413e+08 6.11361e+07 4.91802e+07 3.00056e+07 2.08934e+07 3.49607e+07 4.12992e+07 3.6731e+07 3.16814e+07 8.46236e+07 1.01454e+08 5.65857e+07 1.98708e+07 2.12477e+07 1.8552e+07 1.48564e+07 1.01334e+07 8.75344e+06 8.54637e+06 6.8379e+06 1.09345e+07 1.4659e+07 6.79543e+06 3.95722e+06 3.33557e+06 2.7087e+06 1.46734e+06 1.96765e+06
threshold=0.84499823192235823 9.5000000000000018 66167.185000000012 43637.289333333341 60216.797140095288 59244.048666666677 7.5000000000000009 35132.160000000011 12.500000000000002 51293.698928571437 45697.845211782005 11.030744040625212 1.0000000180025095e-35 6.711850151100716 37145.670000000006 0.34685948904333835 0.6078576107927941 42029.805000000008 49616.344712407772 47634.893000000004 49740.997618909787 77239.040000000023 31376.975000000002 76616.280000000013 44143.635000000002 82821.965000000011 66167.185000000012 -0.050649168838713086 39185.150000000001 0.43982890882219988
decision_type=2 2 2 2 2 2 2 2 2 2 2 2 2 2 2 2 2 2 2 2 2 2 2 2 2 2 2 2 2 2
left_child=1 2 3 -1 5 6 14 9 10 16 13 12 -12 -9 15 21 18 -17 -8 -15 25 22 -2 -24 -22 -13 28 -21 -16 -30
right_child=4 -3 -4 -5 -6 -7 7 8 -10 -11 11 20 -14 19 26 17 -18 -19 -20 27 24 -23 23 -25 -26 -27 -28 -29 29 -31
leaf_value=18.648525124165534 -18.4817828926308 -177.77805498495866 83.556836392986241 -86.046631588152962 65.988792682188659 -37.091474240325212 -27.609927589105794 -53.759365464614376 71.573193359374997 -42.639540516438572 147.70631340368462 9.4027030687527908 18.410637490680106 40.579343630662599 -0.54109445446265669 -64.016538432107026 36.723662646554963 -16.799475290292122 14.02397597583372 14.708066420667752 8.992620393745133 -21.252546888169409 36.297132363098783 -11.179998323810633 -23.586432871451745 33.191256531672693 20.854317471830548 -4.5542006592252342 3.3945688917632291 16.517169963579374
leaf_weight=10.000000000000005 11.999999999999998 12.999999999999998 9.9999999999999982 9.9999999999999982 11.999999999999998 14.999999999999998 11.000000000000002 13.999999999999998 12.999999999999998 18 10.000000000000002 17.000000000000004 11.999999999999998 9.9999999999999982 25 10.000000000000002 13.999999999999998 14.999999999999998 9.9999999999999982 19 12.000000000000002 11.999999999999998 14.000000000000002 9.9999999999999982 10.999999999999998 9.9999999999999982 14.999999999999998 10.000000000000002 26 17
leaf_count=10 12 13 10 10 12 15 11 14 13 18 10 17 12 10 25 10 14 15 10 19 12 12 14 10 11 10 15 10 26 17
internal_value=0.535526 -50.1187 5.40417 -33.7831 6.36532 4.38002 6.17782 12.8293 20.7814 -7.87606 15.4725 28.4235 77.3831 -2.13153 -1.96752 -13.3796 10.0376 -35.7764 -7.79804 16.4466 6.82556 -1.68955 4.85188 16.5329 -6.60603 18.2583 8.07164 8.0695 5.23868 8.59573
internal_weight=417 43 30 20 374 362 347 191 138 53 125 72 22 53 156 73 35 25 21 39 50 48 36 24 23 27 83 29 68 43
internal_count=417 43 30 20 374 362 347 191 138 53 125 72 22 53 156 73 35 25 21 39 50 48 36 24 23 27 83 29 68 43
is_linear=0
shrinkage=0.03


Tree=155
num_leaves=31
num_cat=0
split_feature=29 1 1 5 2 29 29 2 3 0 10 29 1 2 10 11 14 30 14 10 0 16 16 3 29 2 10 0 5 29
split_gain=1.74404e+08 3.98574e+08 1.40863e+08 7.04364e+07 4.1348e+07 8.26886e+07 7.26571e+07 3.17209e+07 3.43687e+07 2.91895e+07 2.65324e+07 2.01098e+07 2.22216e+07 1.94473e+07 2.03974e+07 2.1239e+07 1.92371e+07 2.78393e+07 2.54232e+07 1.19373e+07 1.2248e+07 9.82401e+06 1.72384e+07 8.9544e+06 1.2186e+07 6.85212e+06 5.62739e+06 5.01876e+06 8.95916e+06 2.4759e+06
threshold=0.58773320620013603 74883.980000000025 51266.125000000007 1285449.3200000003 82310.590000000011 25171.050000000007 2.5891564907106952 78381.74500000001 111155.90000000001 -61310.959999999992 17720.783571428576 81321.625000000015 -20461.674999999996 -37814.669999999998 60632.633571428574 51079.498214285726 69383.757630995518 9.5000000000000018 33696.901254264718 65862.250714285721 64295.365000000013 48730.257992438455 50331.094440542765 44692.845000000008 29854.990000000005 35086.120000000003 68183.891428571442 61222.825000000004 17053749.615000006 56461.085000000006
decision_type=2 2 2 2 2 2 2 2 2 2 2 2 2 2 2 2 2 2 2 2 2 2 2 2 2 2 2 2 2 2
left_child=1 2 -1 -2 7 6 -6 8 9 -5 -11 12 -12 -14 16 -16 17 21 -19 20 25 23 -23 24 -15 -13 -17 28 -25 -7
right_child=3 -3 -4 4 5 29 -8 -9 -10 10 11 19 13 14 15 26 -18 18 -20 -21 -22 22 -24 27 -26 -27 -28 -29 -30 -31
leaf_value=-69.985605073667628 82.813831090215416 88.28886500116603 -222.67223246560164 -44.816052442869982 -6.7346944723556259 -4.9736096245102868 -116.15864942242 51.145201463801151 59.437851510119081 46.658275718250486 -45.034911642501598 -1.8034082668930729 -29.787898263343962 -40.008274875470043 -50.850122609721048 -13.499200440810665 -30.722374941697758 11.899496836682072 75.025563014794244 -4.0362733942758142 56.76061419586636 47.820145906946941 0.91184962292220928 1.6463718202966067 1.2266254530719112 29.467154796522031 15.115816870641922 -6.6751851906555828 35.074384266706915 9.4304560203355265
leaf_weight=12.000000000000002 9.9999999999999982 9.9999999999999982 9.9999999999999982 10.999999999999998 10.000000000000002 17 11.999999999999998 13.999999999999998 9.9999999999999982 12.999999999999998 9.9999999999999982 10.000000000000002 17 10.000000000000002 10.999999999999998 14.000000000000002 9.9999999999999982 12.000000000000002 10.999999999999998 13.999999999999998 9.9999999999999982 12.000000000000002 17 18.000000000000004 18 17 10.999999999999998 13.999999999999998 11.999999999999998 29
leaf_count=12 10 10 10 11 10 17 12 14 10 13 10 10 17 10 11 14 10 12 11 14 10 12 17 18 18 17 11 14 12 29
internal_value=-1.28836 -68.4518 -139.736 4.46662 2.30315 -18.7838 -66.5485 7.14981 4.95697 2.94344 4.96449 2.76996 -1.57796 0.75736 3.81975 -16.2144 9.20609 12.4372 42.1875 19.55 28.4679 5.64487 20.3711 -0.296538 -13.5452 17.9035 -0.903552 8.14023 15.0537 4.10759
internal_weight=406 32 22 374 364 68 22 296 282 272 261 248 197 187 170 36 134 124 23 51 37 101 29 72 28 27 25 44 30 46
internal_count=406 32 22 374 364 68 22 296 282 272 261 248 197 187 170 36 134 124 23 51 37 101 29 72 28 27 25 44 30 46
is_linear=0
shrinkage=0.03


Tree=156
num_leaves=31
num_cat=0
split_feature=22 15 18 17 21 7 12 4 13 22 5 7 13 20 2 15 2 13 13 21 10 12 2 2 0 12 22 4 22 0
split_gain=7.77664e+07 2.04864e+08 1.88428e+08 6.1905e+07 8.707e+07 3.86665e+07 3.80281e+07 7.08548e+07 6.34119e+07 6.12665e+07 3.71814e+07 4.46489e+07 9.34252e+07 3.58533e+07 2.52007e+07 4.19624e+07 3.30027e+07 1.73021e+07 3.69052e+07 1.30863e+07 1.23695e+07 1.88015e+07 1.21202e+07 1.18808e+07 1.77129e+07 1.18321e+07 1.26269e+07 8.3947e+06 6.9496e+06 5.65971e+06
threshold=-0.87322439853274625 44138.577142328279 1114997.1750000003 52522.611480654814 1.0000000180025095e-35 4299990.3450000007 46978.993000000009 76501.760000000024 44762.219333333334 -0.75778426208340921 10874752.400000002 16506902.640000002 50149.261083333338 0.6078576107927941 68843.335000000006 58083.630164595474 55107.090000000004 49572.108750000007 51869.601333333332 -0.22252093395631442 59570.092857142859 52383.22800000001 32828.695000000007 64363.615000000013 57703.840000000004 56219.93516666667 -0.97827272159715761 52058.60500000001 0.52828508881293679 52321.74500000001
decision_type=2 2 2 2 2 2 2 2 2 2 2 2 2 2 2 2 2 2 2 2 2 2 2 2 2 2 2 2 2 2
left_child=1 5 -2 6 -5 -1 7 14 -9 -8 20 12 -12 17 15 16 22 -13 -19 -16 21 -11 28 24 -14 26 -7 -24 -4 -21
right_child=2 -3 3 4 -6 25 9 8 -10 10 11 13 23 -15 19 -17 -18 18 -20 29 -22 -23 27 -25 -26 -27 -28 -29 -30 -31
leaf_value=59.250445579414929 -134.95584219178156 153.35619066152998 7.7391654880567504 -116.5528756668318 8.4422398809176773 4.4901188942693908 -55.385218437479736 -10.760258354119889 -95.349020760875206 -49.70945345296898 113.747763973543 8.8578038510024655 5.3938031433933977 42.931519381029119 -46.906271080555257 -30.729221537899111 56.760018019242715 -68.523834319612845 12.824885445210469 8.6343323465603472 11.931658522393615 1.4024868242257005 -29.0125322028772 -1.2948962988802546 57.100666679733095 22.875750003643891 -31.527161673759803 9.7747132315564507 40.995565249314943 -23.212334242863442
leaf_weight=9.9999999999999982 9.9999999999999982 9.9999999999999982 13.000000000000002 10.000000000000002 9.9999999999999982 16.999999999999993 11.999999999999998 17 14.999999999999998 12.000000000000002 12.999999999999998 27 11.000000000000002 18 11.999999999999998 18 17 10.000000000000002 9.9999999999999982 10.000000000000002 14.999999999999998 13.999999999999998 10.000000000000002 13.999999999999998 12.999999999999998 9.9999999999999982 18.000000000000007 9.9999999999999982 9.9999999999999982 9.9999999999999982
leaf_count=10 10 10 13 10 10 17 12 17 15 12 13 27 11 18 12 18 17 10 10 10 15 14 10 14 13 10 18 10 10 10
internal_value=-1.24999 28.81 -6.98328 -3.09724 -54.1901 6.04649 0.196662 -11.2456 -50.4981 9.81135 14.8106 23.4875 44.4854 6.99067 0.191075 9.38831 21.4391 -6.80491 -27.9189 -22.2068 -9.73745 -22.2378 7.42535 20.6721 33.4622 -5.82924 -14.0516 -9.6429 22.256 -7.30718
internal_weight=406 65 341 331 20 55 311 142 32 169 157 116 51 65 110 78 60 47 20 32 41 26 43 38 24 45 35 20 23 20
internal_count=406 65 341 331 20 55 311 142 32 169 157 116 51 65 110 78 60 47 20 32 41 26 43 38 24 45 35 20 23 20
is_linear=0
shrinkage=0.03


Tree=157
num_leaves=31
num_cat=0
split_feature=29 1 4 5 2 29 29 2 3 12 29 15 2 23 29 2 29 10 29 10 29 10 4 23 5 29 12 15 3 25
split_gain=1.60792e+08 3.6699e+08 1.83182e+08 6.83253e+07 3.73154e+07 7.5654e+07 6.67451e+07 2.99423e+07 3.15921e+07 3.01917e+07 2.05687e+07 3.59046e+07 2.2476e+07 2.11267e+07 3.05599e+07 3.00843e+07 6.04748e+07 1.87458e+07 1.76882e+07 1.67505e+07 1.51414e+07 1.02132e+07 4.30197e+06 6.48022e+06 2.2519e+06 2.1512e+06 2.13456e+06 2.13085e+06 1.90373e+06 1.3464e+06
threshold=0.58773320620013603 74883.980000000025 55791.415000000008 1285449.3200000003 82310.590000000011 25171.050000000007 2.5891564907106952 78381.74500000001 111155.90000000001 56483.678000000007 2.9128661964864033 53843.694473846765 34516.510000000009 -0.34552334190817774 12806.415000000003 33308.945000000007 20942.990000000002 35335.651428571437 22664.140000000003 65303.012857142865 81953.060000000012 62904.407857142862 56646.380000000012 0.8698606264137535 9081157.7800000031 56461.085000000006 44949.360166666673 42537.488805444016 65228.990000000013 -0.5
decision_type=2 2 2 2 2 2 2 2 2 2 2 2 2 2 2 2 2 2 2 2 2 2 2 2 2 2 2 2 2 2
left_child=1 2 -1 -2 7 6 -6 8 9 10 11 12 -5 15 -15 18 -17 -14 -12 21 26 22 23 29 -20 -7 -18 -27 -24 -16
right_child=3 -3 -4 4 5 25 -8 -9 -10 -11 13 -13 17 14 19 16 20 -19 24 -21 -22 -23 28 -25 -26 27 -28 -29 -30 -31
leaf_value=-220.40577558284423 81.477287292480469 84.700146484374983 -47.194783261674552 38.690609376821939 -6.2104080997296203 -4.4193017417035145 -111.08668609872397 49.530706656785192 56.889925464231574 42.639497774783692 -38.306304840543376 -52.234372648535583 18.68289986226095 -51.506886395070339 -6.9185349706393664 92.897105664473301 -5.4885265058853285 -32.986798632669306 17.629738689755001 -26.018275302316436 45.101204624460699 34.981351983369287 -0.66200278010064528 29.696668397134804 1.0478423678030178 16.843877549028868 10.772461686864016 0.58104187636188753 -16.963322092881842 6.0809133483978055
leaf_weight=11.000000000000002 9.9999999999999982 9.9999999999999982 10.999999999999998 9.9999999999999982 10.000000000000002 17 11.999999999999998 13.999999999999998 9.9999999999999982 15.999999999999998 9.9999999999999982 17 10.000000000000002 10.999999999999998 9.999999999999984 10.999999999999998 15.000000000000002 17 12.000000000000002 17 9.9999999999999982 9.9999999999999982 18.000000000000004 9.9999999999999982 19 15.000000000000002 13.999999999999998 13.999999999999998 9.9999999999999982 25.000000000000014
leaf_count=11 10 10 11 10 10 17 12 14 10 16 10 17 10 11 10 11 15 17 12 17 10 10 18 10 19 15 14 14 10 25
internal_value=-1.21274 -65.702 -134.104 4.31311 2.18231 -17.85 -63.5378 6.78658 4.65612 2.72566 0.223205 -16.2149 0.382695 4.62048 -4.16374 15.3317 30.9397 -13.8507 -3.7169 1.06714 13.3679 6.62708 2.72165 8.46276 7.48469 4.04593 2.36664 9.00737 -6.50376 2.36221
internal_weight=406 32 22 374 364 68 22 296 282 272 256 54 37 202 111 91 50 27 41 100 39 83 73 45 31 46 29 29 28 35
internal_count=406 32 22 374 364 68 22 296 282 272 256 54 37 202 111 91 50 27 41 100 39 83 73 45 31 46 29 29 28 35
is_linear=0
shrinkage=0.03


Tree=158
num_leaves=31
num_cat=0
split_feature=29 1 4 5 0 30 30 1 1 22 0 29 1 12 23 23 23 29 29 5 23 29 11 4 13 16 29 13 1 5
split_gain=1.51331e+08 3.45401e+08 1.72405e+08 6.43069e+07 3.08562e+07 1.09765e+08 9.97477e+07 8.28724e+07 1.20149e+08 2.96515e+07 2.70179e+07 2.48528e+07 2.3008e+07 2.48556e+07 2.85275e+07 1.79102e+07 1.05588e+07 2.5835e+07 1.01044e+07 1.00333e+07 9.7369e+06 8.54355e+06 5.60079e+06 8.608e+06 4.55284e+06 4.1833e+06 3.31207e+06 3.90606e+06 2.04606e+06 1.61631e+06
threshold=0.58773320620013603 74883.980000000025 55791.415000000008 1285449.3200000003 54430.460000000006 9.5000000000000018 13.500000000000002 75999.655000000013 35673.915000000008 0.25033082153100911 -87248.344999999987 2.9128661964864033 65704.345000000016 49499.602666666666 -0.34552334190817774 -0.15065085054871696 1.0000000180025095e-35 6857.5300000000016 75872.645000000004 8896331.4500000011 0.75486518014148152 49026.955000000009 57141.077857142867 41587.085000000006 48423.449666666675 42611.870875900808 56461.085000000006 42097.727416666676 35025.695000000007 14215467.250000002
decision_type=2 2 2 2 2 2 2 2 2 2 2 2 2 2 2 2 2 2 2 2 2 2 2 2 2 2 2 2 2 2
left_child=1 2 -1 -2 6 11 10 8 -7 -10 -5 15 16 14 -14 -6 17 -12 24 -18 22 -22 26 -24 -19 -21 27 -13 -20 -29
right_child=3 -3 -4 4 5 7 -8 -9 9 -11 12 20 13 -15 -16 -17 19 18 28 25 21 -23 23 -25 -26 -27 -28 29 -30 -31
leaf_value=-213.82352867299068 79.045130749602805 82.171784813724329 -45.785348303609304 -46.326949921344735 -60.944230446886628 104.56144128063406 -93.907991290847633 128.55416660593517 -51.732428889488084 21.158195803058678 47.822325662628764 10.61734380612428 -71.339154373790308 8.6592587516421364 -8.6324716478864723 -5.5155358638159289 -18.217466738092618 3.8274092426450221 12.74063884678171 21.540722569367208 -34.017087702964652 0.18459893774798536 3.4819950024616655 40.195405875503745 -20.382045928816986 -2.5684302112373572 11.179941736283197 -17.490740612235793 32.013782649253727 -1.1692315400536379
leaf_weight=11.000000000000002 9.9999999999999982 9.9999999999999982 10.999999999999998 10.999999999999998 10.000000000000002 11.999999999999998 10.999999999999998 9.9999999999999982 10.000000000000002 9.9999999999999982 18 12.999999999999998 11.000000000000002 22 15.999999999999998 10.999999999999998 19 19.000000000000004 10.000000000000002 14.000000000000002 10.000000000000002 19 12.000000000000002 10.999999999999998 10.999999999999998 11.999999999999998 30 12.000000000000002 9.9999999999999982 9.9999999999999982
leaf_count=11 10 10 11 11 10 12 11 10 10 10 18 13 11 22 16 11 19 19 10 14 10 19 12 11 11 12 30 12 10 10
internal_value=-1.17633 -63.7395 -130.099 4.18448 2.11729 10.9469 -6.52099 53.3808 29.7253 -15.3252 -0.939062 -1.98243 2.15617 -15.0033 -34.2643 -31.9922 9.60036 17.0561 5.94351 -1.67248 3.41531 -11.6473 8.38293 21.0897 -5.06853 10.4298 3.87393 -2.39537 22.433 -10.0913
internal_weight=406 32 22 374 364 180 184 42 32 20 173 138 162 49 27 21 113 68 50 45 117 29 88 23 30 26 65 35 20 22
internal_count=406 32 22 374 364 180 184 42 32 20 173 138 162 49 27 21 113 68 50 45 117 29 88 23 30 26 65 35 20 22
is_linear=0
shrinkage=0.03


Tree=159
num_leaves=30
num_cat=0
split_feature=29 1 4 5 23 27 1 1 12 16 0 29 0 5 12 3 3 10 29 29 12 2 29 29 29 15 22 16 10
split_gain=1.42425e+08 3.25082e+08 1.62261e+08 6.06518e+07 1.08223e+08 3.24391e+07 2.66427e+07 4.54647e+07 4.34527e+07 7.36765e+07 2.63333e+07 2.82401e+07 1.98635e+07 1.40008e+07 1.17954e+07 1.16225e+07 1.3903e+07 1.05097e+07 4.19562e+07 1.97172e+07 3.2876e+07 9.26723e+06 7.08284e+06 4.8337e+06 3.48274e+06 4.41485e+06 3.48059e+06 3.27392e+06 1.60831e+06
threshold=0.58773320620013603 74883.980000000025 55791.415000000008 2004509.9550000003 -0.52625006705264832 1.0000000180025095e-35 72915.470000000016 59157.110000000008 49132.875500000002 47032.451230703758 55502.855000000003 22664.140000000003 102553.38500000002 4029410.2000000007 46687.720500000003 96265.22500000002 89726.765000000014 43575.276428571429 25171.050000000007 7.4618367747213172 42910.805500000009 54430.460000000006 65293.415000000008 60272.075000000019 42831.405000000006 53843.694473846765 0.15123342103804641 46299.064848742091 58316.157142857148
decision_type=2 2 2 2 2 2 2 2 2 2 2 2 2 2 2 2 2 2 2 2 2 2 2 2 2 2 2 2 2
left_child=1 2 -1 4 -2 6 7 12 9 -9 14 -12 13 -5 -8 16 17 19 -19 20 -15 -10 28 -13 -21 -26 -16 -24 -20
right_child=3 -3 -4 5 -6 -7 10 8 21 -11 11 23 -14 15 26 -17 -18 18 22 24 -22 -23 27 -25 25 -27 -28 -29 -30
leaf_value=-207.43784448960238 -20.537038136951949 79.718893569263045 -44.418000013256503 -23.05202103036595 112.8780699417304 -47.33724828379777 -19.589510584856406 -101.01924824018917 -13.995212634332573 -5.3964157864896949 64.547160553263723 2.4142025129650828 36.100033455251534 -0.67915348793143626 2.616476537381295 -18.593640762286832 39.278574801138618 -54.594333987414089 1.5601144325076122 -11.962155556579841 76.148207297253947 25.816009976970612 24.974942007619582 26.212045370868221 17.171372699457873 -6.0203696853813078 24.278098154661564 5.2045134708799159 -12.830041179398066
leaf_weight=11.000000000000002 10.000000000000002 9.9999999999999982 10.999999999999998 19 11.999999999999998 11.999999999999998 17 14.000000000000002 11.000000000000002 14.999999999999998 15.999999999999998 14.000000000000002 15.999999999999998 10.000000000000002 15.000000000000002 18 10.999999999999998 11.999999999999998 19.000000000000004 11.999999999999998 9.9999999999999982 9.9999999999999982 18.000000000000004 17 17.000000000000004 12.999999999999998 11.999999999999998 12.999999999999998 10.999999999999998
leaf_count=11 10 10 11 19 12 12 17 14 11 15 16 14 16 10 15 18 11 12 19 12 10 10 18 17 17 13 12 13 11
internal_value=-1.14135 -61.8356 -126.213 4.05932 52.3258 1.03566 2.74965 -2.32775 -27.8868 -51.6536 16.6364 32.2384 4.09951 1.29255 -0.0470397 4.11912 6.92473 4.27493 -3.4387 13.3526 37.8286 4.9788 6.66118 15.4858 1.66616 7.12832 12.2709 16.7058 -3.72884
internal_weight=406 32 22 374 22 352 340 249 50 29 91 47 199 183 44 164 146 135 73 62 20 21 61 31 42 30 27 31 30
internal_count=406 32 22 374 22 352 340 249 50 29 91 47 199 183 44 164 146 135 73 62 20 21 61 31 42 30 27 31 30
is_linear=0
shrinkage=0.03


Tree=160
num_leaves=31
num_cat=0
split_feature=29 30 1 14 29 29 11 30 17 15 15 8 29 15 10 10 3 3 16 30 16 23 14 29 15 15 10 15 16 29
split_gain=1.78617e+08 3.80301e+08 5.66726e+07 6.69132e+07 6.42329e+07 1.37366e+08 1.49949e+08 9.25412e+07 4.42395e+07 7.64994e+07 6.11718e+07 3.04759e+07 1.68476e+07 9.9955e+06 9.94772e+06 1.24623e+07 1.17482e+07 9.49034e+06 1.20627e+07 7.05358e+06 6.84539e+06 6.79524e+06 6.78256e+06 3.90946e+06 3.05749e+06 2.95129e+06 4.00447e+06 2.21577e+06 1.45096e+06 806645
threshold=0.56841701361305397 6.5000000000000009 -55299.474999999999 86741.11807816448 4.1122073779126174 6857.5300000000016 46407.511071428584 12.500000000000002 48427.212475031331 44138.577142328279 50180.831437742665 18529074.735000003 65293.415000000008 60491.287687513111 65862.250714285721 63096.278571428578 40927.200000000004 65228.990000000013 50059.112148358225 8.5000000000000018 47279.780413059583 -0.81655236941868636 59172.482118634514 32461.295000000006 46644.406391420991 29684.08036195597 30323.69071428572 44138.577142328279 46994.772841901744 54478.335000000006
decision_type=2 2 2 2 2 2 2 2 2 2 2 2 2 2 2 2 2 2 2 2 2 2 2 2 2 2 2 2 2 2
left_child=1 -1 -2 4 7 6 -6 8 10 -10 11 20 13 19 15 17 -16 22 -19 23 -4 -15 27 24 -7 -25 -27 -14 -28 -30
right_child=2 -3 3 -5 5 12 -8 -9 9 -11 -12 -13 14 21 16 -17 -18 18 -20 -21 -22 -23 -24 25 -26 26 28 -29 29 -31
leaf_value=40.608587015086194 -55.502612250385752 -184.40553380348501 -45.683908035506043 82.235319222976898 -1.0827708978762567 -16.564925351570608 138.01076031301503 -105.03138919659513 -43.306399798037376 61.061907762096766 -87.417405900912044 32.178553423743026 21.903725337231251 -5.3562018243435796 16.151271892880004 46.784398199745965 -25.742708872561632 13.505928806717042 -27.502822562829767 -24.009287911030782 -10.556610289616371 -38.692620135000922 42.793325196451207 20.771382163887591 4.8167750572090711 19.079111499707231 4.2722594738750495 6.974871129793855 -10.956519390438597 -0.18121131480425251
leaf_weight=13.000000000000002 13.999999999999998 13.999999999999998 10.000000000000002 9.9999999999999982 13.000000000000002 15.000000000000002 14.999999999999998 9.9999999999999982 10.000000000000002 17 10.999999999999998 11.999999999999998 19 11.000000000000002 12.000000000000002 10.999999999999998 11.999999999999998 18.000000000000004 9.9999999999999982 9.9999999999999982 9.9999999999999982 10.999999999999998 9.9999999999999982 9.9999999999999982 9.9999999999999982 11.999999999999998 32 17 12.000000000000002 12.999999999999998
leaf_count=13 14 14 10 10 13 15 15 10 10 17 11 12 19 11 12 11 12 18 10 10 10 11 10 10 10 12 32 17 12 13
internal_value=-1.72551 -76.1906 3.61693 5.90435 3.73066 10.6582 73.5448 -19.9015 -7.67383 22.3984 -26.5605 -5.53715 3.45764 -3.58497 12.2424 17.0559 -4.80569 12.6082 -1.16297 -0.0087343 -28.1904 -22.0744 20.9829 2.30944 -8.0197 5.58116 3.36623 14.8734 0.0444356 -5.3649
internal_weight=404 27 377 363 353 273 28 80 70 27 43 32 245 136 109 85 24 74 28 114 20 22 46 104 25 79 69 36 57 25
internal_count=404 27 377 363 353 273 28 80 70 27 43 32 245 136 109 85 24 74 28 114 20 22 46 104 25 79 69 36 57 25
is_linear=0
shrinkage=0.03


Tree=161
num_leaves=30
num_cat=0
split_feature=29 30 29 30 29 25 0 25 30 18 29 29 10 20 29 29 16 23 0 10 15 10 2 29 4 15 16 15 22
split_gain=1.68095e+08 3.57905e+08 4.69312e+07 9.33783e+07 8.51152e+07 2.28149e+08 6.41053e+07 3.79671e+07 2.69113e+07 2.23473e+07 2.10374e+07 1.44161e+07 1.05321e+07 9.53461e+06 4.43121e+07 1.36687e+07 1.04357e+07 7.13397e+06 6.50618e+06 3.4045e+06 2.93263e+06 4.68042e+06 3.46263e+06 3.99795e+06 2.92891e+06 1.66497e+06 966645 788654 764657
threshold=0.56841701361305397 6.5000000000000009 4.1122073779126174 12.500000000000002 32.285839286721725 -0.24999999999999994 74542.735000000015 0.25000000000000017 6.5000000000000009 4080794.2600000002 20942.990000000002 65704.345000000016 38101.182142857149 -1.0000000180025095e-35 105837.505 108379.96000000002 51282.346954697721 0.24936651517469852 94617.660000000018 48431.235000000008 60491.287687513111 25717.802142857145 92145.775000000009 33560.245000000003 68227.74500000001 36585.349147870926 46299.064848742091 48684.185886791798 0.15123342103804641
decision_type=2 2 2 2 2 2 2 2 2 2 2 2 2 2 2 2 2 2 2 2 2 2 2 2 2 2 2 2 2
left_child=1 -1 3 6 5 -4 7 8 -2 -10 -6 18 -11 15 16 17 24 19 20 -13 21 -12 23 -23 26 -25 28 -27 -15
right_child=2 -3 4 -5 10 -7 -8 -9 9 12 11 13 -14 14 -16 -17 -18 -19 -20 -21 -22 22 -24 25 -26 27 -28 -29 -30
leaf_value=39.394997502469458 -47.683577510781952 -178.89305608891931 -39.480086719030609 -101.89612107917443 -38.903563280247923 125.23514984215394 43.064037695456669 -65.436888315485803 -30.942968112319264 3.1943798081014152 19.966189632196532 34.349431553171627 43.800886197327479 20.819572197581831 78.398103537488325 -28.346457642583701 -10.423847319701007 -5.3349052454546042 -17.664686944916493 11.399002189228966 -10.592350191490672 -14.62002961950218 14.857637462396729 9.4782790102126526 5.3147257638670089 -6.3693723506591882 14.98892161810576 2.5134634964109406 32.541117380626162
leaf_weight=13.000000000000002 10.999999999999998 13.999999999999998 13.000000000000002 9.9999999999999982 9.9999999999999982 18 19 12.999999999999998 9.9999999999999982 12.000000000000002 12.999999999999998 10.000000000000002 10.999999999999998 11.000000000000005 9.9999999999999982 9.9999999999999982 15.999999999999998 14.999999999999998 19 13.999999999999998 15.999999999999998 17 12.999999999999998 18 11.999999999999998 17 9.9999999999999982 19 9.9999999999999982
leaf_count=13 11 14 13 10 10 18 19 13 10 12 13 10 11 11 10 10 16 15 19 14 16 17 13 18 12 17 10 19 10
internal_value=-1.67423 -73.9129 3.50847 -15.9561 9.26265 56.2087 -4.58869 -20.4968 -7.15978 6.39986 3.65551 5.36531 22.6678 12.9824 20.1647 2.85822 10.2366 10.8855 -1.44622 21.0132 1.28738 3.25138 0.654221 -1.95503 17.9274 2.04194 22.7933 -1.68423 26.4653
internal_weight=404 27 377 86 291 31 76 57 44 33 260 250 23 118 69 49 59 39 132 24 113 97 84 71 43 54 31 36 21
internal_count=404 27 377 86 291 31 76 57 44 33 260 250 23 118 69 49 59 39 132 24 113 97 84 71 43 54 31 36 21
is_linear=0
shrinkage=0.03


Tree=162
num_leaves=31
num_cat=0
split_feature=29 15 1 14 29 29 15 30 17 15 15 8 0 5 29 0 10 2 13 20 3 20 30 17 18 10 2 29 30 13
split_gain=1.58194e+08 3.38833e+08 5.27919e+07 6.20791e+07 5.71424e+07 1.22895e+08 1.16308e+08 8.18922e+07 4.13684e+07 7.17558e+07 5.68886e+07 2.78602e+07 1.759e+07 1.46827e+07 1.0916e+07 1.18128e+07 1.02264e+07 8.46583e+06 8.28338e+06 7.72147e+06 6.97048e+06 5.4575e+06 2.9809e+06 2.97763e+06 2.79669e+06 4.21366e+06 2.86724e+06 2.67269e+06 2.26424e+06 1.50613e+06
threshold=0.56841701361305397 54459.350536635553 -55299.474999999999 86741.11807816448 4.1122073779126174 6857.5300000000016 48271.498539454638 12.500000000000002 48427.212475031331 44138.577142328279 50180.831437742665 18529074.735000003 93240.910000000018 12064152.625000002 65704.345000000016 8535.985000000006 46344.567142857144 -18615.414999999997 44586.557833333332 -1.0000000180025095e-35 64545.240000000005 -1.0000000180025095e-35 9.5000000000000018 50174.27314133793 2166981.3950000005 25717.802142857145 92145.775000000009 34766.000000000007 7.5000000000000009 49135.264916666674
decision_type=2 2 2 2 2 2 2 2 2 2 2 2 2 2 2 2 2 2 2 2 2 2 2 2 2 2 2 2 2 2
left_child=1 -1 -2 4 7 6 -6 8 10 -10 11 21 14 -14 17 -16 23 -7 22 -20 -21 -4 -18 -17 -19 -26 27 29 -29 -27
right_child=2 -3 3 -5 5 12 -8 -9 9 -11 -12 -13 13 -15 15 16 18 24 19 20 -22 -23 -24 -25 25 26 -28 28 -30 -31
leaf_value=30.706435625069496 -53.65609067733601 -181.68560068415496 -42.541332643423523 79.13315894283464 126.30916923446905 -26.296512928293712 3.7896312494387567 -98.854446638875913 -41.825127778124433 59.255763150659824 -84.220863307762997 30.801443918315208 -39.248638611853707 3.424083033660128 -11.895267834994291 24.758935341906181 7.530122159132314 -12.584323074568562 -0.17355568107517286 17.477561103476479 47.936429743980284 -11.162124770434925 -15.579489033257781 48.1375435444846 19.240268195481487 -2.1731823351588173 14.413616908281696 6.8660814197979425 -7.3328196890413544 -18.250136247321738
leaf_weight=14.000000000000002 13.999999999999998 12.999999999999998 9.9999999999999947 9.9999999999999982 15.000000000000002 9.9999999999999982 12.999999999999998 9.9999999999999982 10.000000000000002 17 10.999999999999998 11.999999999999998 15.000000000000002 13.999999999999998 13.999999999999998 10.000000000000002 10.000000000000002 9.9999999999999982 12.999999999999998 21.000000000000004 9.9999999999999982 10.000000000000005 9.9999999999999982 9.9999999999999982 13.999999999999998 11.000000000000002 12.999999999999998 36 13.999999999999998 9.9999999999999982
leaf_count=14 14 13 10 10 15 10 13 10 10 17 11 12 15 14 14 10 10 10 13 21 10 10 10 10 14 11 13 36 14 10
internal_value=-1.62437 -71.7032 3.40338 5.61111 3.51742 10.0514 69.5333 -18.7723 -7.26959 21.8103 -25.5332 -5.25936 3.24073 -18.6776 6.1871 13.5847 17.836 0.0401495 11.9673 19.2372 27.3644 -26.9187 -4.03472 36.5391 2.48977 4.03358 1.48919 -0.885734 2.88704 -9.85404
internal_weight=404 27 377 363 353 273 28 80 70 27 43 32 245 29 216 98 84 118 64 44 31 20 20 20 108 98 84 71 50 21
internal_count=404 27 377 363 353 273 28 80 70 27 43 32 245 29 216 98 84 118 64 44 31 20 20 20 108 98 84 71 50 21
is_linear=0
shrinkage=0.03


Tree=163
num_leaves=31
num_cat=0
split_feature=29 30 1 14 29 29 14 2 30 14 1 0 2 0 23 29 0 10 12 2 2 3 16 17 18 10 0 14 11 14
split_gain=1.48879e+08 3.39067e+08 4.96823e+07 5.84291e+07 5.38239e+07 8.15105e+07 2.01461e+08 6.24811e+07 6.18278e+07 3.39348e+07 4.54325e+07 3.19708e+07 1.68955e+07 1.65539e+07 1.96037e+07 1.02742e+07 1.11174e+07 9.62533e+06 9.52772e+06 7.96774e+06 6.18293e+06 6.74405e+06 3.8325e+06 2.80252e+06 2.63208e+06 3.96563e+06 2.7804e+06 3.5125e+06 2.31988e+06 1.44248e+06
threshold=0.56841701361305397 6.5000000000000009 -55299.474999999999 86741.11807816448 3.2772196089076209 6857.5300000000016 41607.278813667355 63584.500000000007 11.500000000000002 41791.287824770588 62045.810000000005 38975.890000000007 54518.790000000008 93240.910000000018 1.0000000180025095e-35 65704.345000000016 8535.985000000006 46344.567142857144 46938.529833333341 -18615.414999999997 70947.800000000003 64545.240000000005 49740.997618909787 50174.27314133793 2166981.3950000005 25717.802142857145 51604.580000000009 30501.693690601463 49955.602500000001 36637.067360999019
decision_type=2 2 2 2 2 2 2 2 2 2 2 2 2 2 2 2 2 2 2 2 2 2 2 2 2 2 2 2 2 2
left_child=1 -1 -2 4 8 6 7 -6 9 11 -11 -4 -13 15 -15 19 -17 23 22 -7 21 -20 -19 -18 -21 -26 28 -28 -27 -29
right_child=2 -3 3 -5 5 13 -8 -9 -10 10 -12 12 -14 14 -16 16 17 18 20 24 -22 -23 -24 -25 25 26 27 29 -30 -31
leaf_value=40.71781623226471 -52.052136241329094 -171.74223890202748 8.4727662349460111 76.770977191071012 -39.078729212969186 -25.511542641938618 165.52991360336983 53.757163106984102 -76.186845395234116 -18.109241178520481 66.140168893391191 -21.673030238365051 -76.902497248863099 2.621867604409494 -47.391097123395355 -11.539680141571152 24.01986300340338 6.8923264689829136 17.183337041899907 -12.208671660921466 2.146288455868163 47.653074714319025 -17.758224464530372 46.700601788421167 18.66511465663163 4.1881280539298817 16.081024284062423 -8.4099889921449495 -11.71469229034652 4.8522210943417283
leaf_weight=13.000000000000002 13.999999999999998 13.999999999999998 14.999999999999998 9.9999999999999982 13.000000000000002 9.9999999999999982 9.9999999999999982 12.999999999999998 13.999999999999998 12.000000000000002 10.999999999999998 10.000000000000002 9.9999999999999982 17.000000000000004 11.999999999999998 13.999999999999998 10.000000000000002 13.000000000000002 19.000000000000004 9.9999999999999982 11.999999999999998 9.9999999999999982 9.9999999999999982 9.9999999999999982 13.999999999999998 13.999999999999998 19 12.000000000000002 20 19
leaf_count=13 14 14 15 10 13 10 10 13 14 12 11 10 10 17 12 14 10 13 19 10 12 10 10 10 14 14 19 12 20 19
internal_value=-1.57611 -69.5605 3.30137 5.4431 3.41189 9.34186 51.4599 7.3533 -19.7219 -6.03853 22.24 -24.6268 -49.4107 3.14385 -18.1191 6.00213 13.179 17.3032 11.6096 0.0386132 20.2709 27.7541 -3.84058 35.4484 2.41508 3.91276 1.4444 5.94282 -5.16994 -0.286813
internal_weight=404 27 377 363 353 281 36 26 72 58 23 35 20 245 29 216 98 84 64 118 41 29 23 20 108 98 84 50 34 31
internal_count=404 27 377 363 353 281 36 26 72 58 23 35 20 245 29 216 98 84 64 118 41 29 23 20 108 98 84 50 34 31
is_linear=0
shrinkage=0.03


Tree=164
num_leaves=31
num_cat=0
split_feature=17 30 15 21 17 23 24 16 30 30 23 13 15 3 16 12 17 12 13 13 5 23 5 21 28 22 3 4 0 1
split_gain=1.09398e+08 1.44563e+08 4.94925e+07 7.25353e+07 1.00848e+08 1.21259e+08 6.6558e+07 6.47499e+07 2.18539e+08 4.28683e+07 3.14056e+07 3.15276e+07 2.68172e+07 2.49438e+07 2.19392e+07 1.763e+07 2.29982e+07 1.60522e+07 1.43121e+07 1.32484e+07 9.11336e+06 1.61813e+07 8.75032e+06 7.40219e+06 7.32224e+06 6.48967e+06 5.4586e+06 4.98053e+06 4.64394e+06 3.85338e+06
threshold=52522.611480654814 7.5000000000000009 50180.831437742665 -0.56174490092936669 49302.113424740637 0.24936651517469852 0.25000000000000011 47683.74973198081 10.500000000000002 12.500000000000002 0.24936651517469852 40979.051250000004 54295.015342440463 75253.420000000027 49275.672488281627 46824.557833333332 47291.203372025389 45821.921166666674 41849.785666666678 53779.100083333346 13724055.115000002 0.24936651517469852 19338494.310000002 1.0000000180025095e-35 1.0000000180025095e-35 0.68808263497567124 35534.285000000011 48042.525000000001 54430.460000000006 36831.805
decision_type=2 2 2 2 2 2 2 2 2 2 2 2 2 2 2 2 2 2 2 2 2 2 2 2 2 2 2 2 2 2
left_child=2 -2 7 6 5 12 25 9 10 15 11 -9 -5 26 -14 16 24 -8 -12 20 21 -17 -22 -21 28 -4 -6 29 -1 -24
right_child=1 -3 3 4 13 -7 17 8 -10 -11 18 -13 14 -15 -16 19 -18 -19 -20 23 22 -23 27 -25 -26 -27 -28 -29 -30 -31
leaf_value=-0.70814933949466174 19.295650575508851 -107.6210728442575 0.19160608835349785 -70.276524148058527 19.221499470240381 -129.86276497676454 87.191880388402183 6.613205375279847 146.60905958153737 -55.655517569494457 -41.415564602524469 71.727112451613749 4.3104413713727672 -15.811078148268384 -41.808363670277814 60.781965616493714 -47.916322043578539 34.478075750704804 3.7342035422227249 -18.526091217326226 -1.7941532184658753 9.3328116300418884 0.76419041761711393 10.28810738536799 -16.568086286995914 -33.156258062106453 49.218244424880353 40.003988693009553 27.499255872128611 26.471326374036689
leaf_weight=11.000000000000002 13.999999999999998 19 11.000000000000002 9.9999999999999982 11.000000000000002 12.999999999999998 10.000000000000002 17.000000000000004 12.999999999999998 10.999999999999998 10.000000000000002 10.999999999999998 22 14.999999999999998 15.999999999999998 11.000000000000002 10.999999999999998 10.999999999999998 17 15.999999999999998 23 10.999999999999998 10.000000000000005 15.999999999999998 11.999999999999998 9.9999999999999982 10.999999999999998 9.9999999999999982 9.9999999999999982 10.999999999999998
leaf_count=11 14 19 11 10 11 13 10 17 13 11 10 11 22 15 16 11 11 11 17 16 23 11 10 16 12 10 11 10 10 11
internal_value=-1.52878 -53.8299 3.12996 -10.9426 -25.0756 -48.7628 22.0252 11.6593 36.2385 1.39742 10.0414 32.2759 -26.6859 13.9893 -15.1374 5.5432 -10.4558 59.7274 -13.0336 12.0631 18.8776 35.1369 12.2271 -4.12542 2.08463 -15.7294 34.2975 22.6161 12.7574 14.2607
internal_weight=404 33 371 140 98 61 42 231 68 163 55 28 48 37 38 152 44 21 27 108 76 22 54 32 33 21 22 31 21 21
internal_count=404 33 371 140 98 61 42 231 68 163 55 28 48 37 38 152 44 21 27 108 76 22 54 32 33 21 22 31 21 21
is_linear=0
shrinkage=0.03


Tree=165
num_leaves=31
num_cat=0
split_feature=29 29 29 30 1 16 10 10 3 29 30 25 14 29 10 3 10 10 10 3 16 29 3 29 3 14 14 16 3 2
split_gain=1.23189e+08 5.90138e+07 1.84802e+08 1.50539e+08 1.36034e+08 1.00666e+08 3.98706e+07 6.48841e+07 5.52801e+07 3.56323e+07 2.77014e+07 2.34619e+07 1.48597e+07 1.98185e+07 7.61219e+06 1.7045e+07 1.18736e+07 7.36351e+06 6.85946e+06 5.84556e+06 4.22269e+06 4.05659e+06 2.96928e+06 4.33569e+06 2.86666e+06 2.81526e+06 2.16297e+06 1.68694e+06 1.2465e+06 1.21553e+06
threshold=0.37358695828773819 6.2595914749359158 32.285839286721725 11.500000000000002 60183.490000000013 51740.900776468632 44334.47214285715 55776.372857142858 23966.220000000005 20942.990000000002 7.5000000000000009 -0.24999999999999994 70055.947914056902 78174.335000000021 65303.012857142865 60272.075000000012 63096.278571428578 60481.597857142864 27957.640714285717 65228.990000000013 38266.65806254826 66167.185000000012 75999.655000000013 64929.599999999999 51965.040000000008 29270.203859543955 44767.208066661078 47520.318027011403 17114.705000000005 45518.325000000004
decision_type=2 2 2 2 2 2 2 2 2 2 2 2 2 2 2 2 2 2 2 2 2 2 2 2 2 2 2 2 2 2
left_child=-1 3 -3 5 -5 6 8 10 -2 -4 -8 -10 14 -14 16 25 18 -9 24 20 -20 28 -21 27 -11 -16 29 -24 -22 -23
right_child=1 2 9 4 -6 -7 7 17 11 12 -12 -13 13 -15 15 -17 -18 -19 19 22 21 26 23 -25 -26 -27 -28 -29 -30 -31
leaf_value=-91.174332717369325 66.843939070895786 112.41699997531219 -46.06974027008436 -11.043316512302031 -160.12636807126694 72.292737526117364 -30.503034713555163 27.024931494869392 11.676812482078319 8.9899232835911942 -93.840217467560151 -40.029074971955865 7.4304773526771024 61.212760674775531 11.242740012341594 -39.308755465546341 33.3364637659962 -9.3016502266499526 23.49523852969601 -15.789041348007068 -8.2295312418890152 9.9072032427895618 -18.420413526848172 11.143422670453509 31.221749677701229 -8.3855153268842546 0.7096924739097481 -1.7512568517344618 2.1383908477123614 23.520889773314025
leaf_weight=12.999999999999998 10.999999999999998 14.999999999999998 11.999999999999998 11.000000000000002 10.999999999999998 14.999999999999998 12.000000000000002 10.000000000000002 18 10.000000000000002 12.999999999999998 13.999999999999998 16.000000000000004 9.9999999999999982 19.000000000000004 10.999999999999998 13.999999999999998 9.9999999999999982 11.999999999999998 17 14.999999999999998 11.000000000000002 10.000000000000002 15.999999999999998 10.999999999999998 9.9999999999999982 9.9999999999999982 11.999999999999998 34 12.999999999999998
leaf_count=13 11 15 12 11 11 15 12 10 18 10 13 14 16 10 19 11 14 10 12 17 15 11 10 16 11 10 10 12 34 13
internal_value=-0.458647 2.47861 10.1762 -14.6381 -85.7789 0.591283 -11.6647 -31.3886 8.98916 4.32474 -63.5599 -10.9717 6.74273 28.1938 4.25823 -7.60205 6.82398 8.88374 4.64426 2.39288 6.89774 4.4854 -5.38745 -0.719471 20.6817 4.47159 12.4392 -9.35273 -1.04062 17.3149
internal_weight=416 403 278 125 22 103 88 45 43 263 25 32 251 26 225 40 185 20 171 150 95 83 55 38 21 29 34 22 49 24
internal_count=416 403 278 125 22 103 88 45 43 263 25 32 251 26 225 40 185 20 171 150 95 83 55 38 21 29 34 22 49 24
is_linear=0
shrinkage=0.03


Tree=166
num_leaves=31
num_cat=0
split_feature=29 29 29 30 15 16 12 29 29 10 0 10 14 29 10 30 10 10 14 16 22 5 15 20 29 14 16 10 13 1
split_gain=1.15936e+08 5.55402e+07 1.73916e+08 1.41682e+08 1.29695e+08 9.4736e+07 4.994e+07 3.73626e+07 3.3535e+07 1.93024e+07 2.36849e+07 2.47229e+07 1.39857e+07 1.86533e+07 7.16454e+06 1.52566e+07 1.11743e+07 6.45595e+06 5.16627e+06 3.64172e+06 3.23176e+06 3.22703e+06 2.87029e+06 2.11178e+06 2.0411e+06 2.03345e+06 1.95089e+06 1.14389e+06 1.49099e+06 242615
threshold=0.37358695828773819 6.2595914749359158 32.285839286721725 11.500000000000002 49420.182474748661 51740.900776468632 54717.941833333338 0.6678216696711986 20942.990000000002 36537.397142857146 38975.890000000007 55776.372857142858 70055.947914056902 78174.335000000021 65303.012857142865 10.500000000000002 63096.278571428578 27957.640714285717 34030.311490102446 38266.65806254826 0.91777833585891111 19424806.555000003 51359.367050821173 0.6078576107927941 68227.74500000001 42823.728415751168 48499.539074122644 50215.940714285716 42097.727416666676 36831.805
decision_type=2 2 2 2 2 2 2 2 2 2 2 2 2 2 2 2 2 2 2 2 2 2 2 2 2 2 2 2 2 2
left_child=-1 3 -3 5 -5 6 7 -2 -4 -9 -11 -12 14 -14 16 18 17 22 -16 -19 21 23 -10 24 27 29 -25 -21 -29 -26
right_child=1 2 8 4 -6 -7 -8 9 12 10 11 -13 13 -15 15 -17 -18 19 -20 20 -22 -23 -24 26 25 -27 -28 28 -30 -31
leaf_value=-88.449584119073265 -70.530074027221119 109.05569451924573 -44.693383396512736 -16.560205429520341 -162.7252288362873 70.131158366155773 51.639982217817156 14.590256488229345 31.663753224842569 7.3439486058925949 -60.946164821949161 -7.1185050176980234 7.208257543260804 59.385512827403502 13.486360088147611 -39.366896623639917 32.339928968436354 15.374696036867382 -11.881682488532482 8.5506787361637233 -12.960067309179339 -11.250995277594839 9.4233655910146723 4.1643725450679527 14.926958306155976 2.3303694228780749 -10.744589715326383 6.0878576033342897 -8.5479108832348345 21.768849375710559
leaf_weight=12.999999999999998 10.999999999999998 14.999999999999998 11.999999999999998 12.000000000000002 9.9999999999999982 14.999999999999998 9.9999999999999982 19 10.000000000000002 17 17.000000000000004 13.999999999999998 16.000000000000004 9.9999999999999982 18.000000000000004 9.9999999999999982 13.999999999999998 17 11.999999999999998 17 13.999999999999998 13.999999999999998 10.999999999999998 18 10.000000000000005 10.999999999999998 13.999999999999998 12.000000000000002 12.999999999999998 9.9999999999999982
leaf_count=13 11 15 12 12 10 15 10 19 10 17 17 14 16 10 18 10 14 17 12 17 14 14 11 18 10 11 14 12 13 10
internal_value=-0.445102 2.40437 9.87201 -14.201 -83.2172 0.573605 -11.3159 -19.4151 4.19549 -10.9767 -21.1016 -36.6875 6.54124 27.3519 4.13091 -7.37535 6.62007 4.50552 3.33626 2.32136 0.647734 2.25342 20.0641 4.05851 6.87394 12.7067 -2.36488 2.5588 -1.52461 18.3937
internal_weight=416 403 278 125 22 103 88 78 263 67 48 31 251 26 225 40 185 171 30 150 133 119 21 105 73 31 32 42 25 20
internal_count=416 403 278 125 22 103 88 78 263 67 48 31 251 26 225 40 185 171 30 150 133 119 21 105 73 31 32 42 25 20
is_linear=0
shrinkage=0.03


Tree=167
num_leaves=31
num_cat=0
split_feature=29 16 22 14 30 29 4 29 6 29 17 17 16 1 29 1 17 29 11 29 2 14 29 30 13 17 3 2 2 14
split_gain=1.09109e+08 5.30615e+07 1.04671e+08 1.64403e+08 8.72739e+07 6.2555e+07 6.69107e+07 6.60791e+07 5.29908e+07 7.24821e+07 4.6901e+07 2.95385e+07 3.70389e+07 1.22281e+07 3.33511e+07 2.48102e+07 1.3382e+07 2.52964e+07 3.13166e+07 2.31909e+07 1.24266e+07 1.1688e+07 8.14633e+06 4.48547e+06 3.62872e+06 3.62631e+06 2.96829e+06 1.95188e+06 1.70538e+06 1.56644e+06
threshold=0.37358695828773819 51330.105533159956 -0.87322439853274625 41607.278813667355 13.500000000000002 1.8763760727123036 33378.885000000002 0.6678216696711986 11142951.720000001 20942.990000000002 51162.308180289263 48427.212475031331 44104.021538511828 21925.385000000006 35669.69000000001 29283.360000000004 50319.507001069731 6.711850151100716 48730.380000000012 21859.955000000005 61222.825000000004 70524.009914490962 57790.515000000007 6.5000000000000009 38938.108416666677 42553.346559511432 75253.420000000027 38936.37000000001 55791.415000000008 41607.278813667355
decision_type=2 2 2 2 2 2 2 2 2 2 2 2 2 2 2 2 2 2 2 2 2 2 2 2 2 2 2 2 2 2
left_child=-1 4 3 -3 5 6 -2 -8 9 -4 -10 12 -9 14 -7 -15 17 18 -17 -19 29 24 23 -21 -11 -16 27 -24 -29 -18
right_child=1 2 8 -5 -6 13 7 11 10 21 -12 -13 -14 15 25 16 20 19 -20 22 -22 -23 26 -25 -26 -27 -28 28 -30 -31
leaf_value=-85.806259821749265 39.535956220484486 -3.825189083725657 -59.875316359924142 167.96681978595791 -83.253455298965889 68.133272404457202 -113.83604426597481 -7.8315440078279828 8.0695374462091998 11.286325924790747 88.460625675253198 9.2790886692617125 -89.424600811858653 -43.303383499828733 21.046858556946709 -63.63264845075647 1.28202924586054 48.729527068677527 2.0288169219115066 0.040014565121179069 50.618272194933532 40.375817495317598 6.7247812937104499 -19.81911789903609 -9.7499993541923295 -0.41695370803008208 -1.9932502936638121 26.792066155356913 11.888019706244485 18.059662064509606
leaf_weight=12.999999999999998 9.9999999999999982 10.000000000000002 18 9.9999999999999982 11.999999999999998 9.9999999999999982 9.9999999999999982 10.000000000000002 16.000000000000004 19.000000000000004 10.999999999999998 12.999999999999998 9.9999999999999982 9.9999999999999982 9.9999999999999982 11.000000000000002 10.000000000000005 10.999999999999998 15.999999999999998 32 9.9999999999999982 9.9999999999999982 21 14.999999999999998 11.999999999999998 24 13.999999999999998 13.000000000000002 14.999999999999998 9.9999999999999982
leaf_count=13 10 10 18 10 12 10 10 10 16 19 11 13 10 10 10 11 10 11 16 32 10 10 21 15 12 24 14 13 15 10
internal_value=-0.431987 2.33232 20.5486 82.2755 -4.17145 -0.827667 -30.2177 -46.4665 6.15399 -9.77909 40.9244 -25.9102 -48.7493 5.8915 20.1188 2.55724 5.14512 1.43864 -24.7903 7.2992 23.3976 12.2605 3.13591 -6.31233 3.14064 5.91757 10.184 13.6617 18.8432 9.69496
internal_weight=416 403 106 20 297 285 53 43 86 59 27 33 20 232 44 188 178 148 27 121 30 41 110 47 31 34 63 49 28 20
internal_count=416 403 106 20 297 285 53 43 86 59 27 33 20 232 44 188 178 148 27 121 30 41 110 47 31 34 63 49 28 20
is_linear=0
shrinkage=0.03


Tree=168
num_leaves=31
num_cat=0
split_feature=29 16 22 14 1 0 6 29 17 1 29 15 10 3 11 1 16 6 4 29 0 6 0 3 14 16 3 29 5 2
split_gain=1.02686e+08 4.99424e+07 9.85137e+07 1.54734e+08 7.92328e+07 5.38662e+07 4.98708e+07 6.82111e+07 4.41419e+07 3.28133e+07 5.10095e+07 2.93855e+07 2.45745e+07 5.92234e+07 1.74669e+07 1.75924e+07 1.68321e+07 2.52653e+07 1.85031e+07 1.71417e+07 2.88827e+07 2.88913e+07 1.11133e+07 1.20408e+07 1.10009e+07 7.08196e+06 5.32811e+06 3.99629e+06 2.3019e+06 1.87545e+06
threshold=0.37358695828773819 51330.105533159956 -0.87322439853274625 41607.278813667355 108816.73000000003 -37814.669999999998 11142951.720000001 20942.990000000002 51162.308180289263 78161.070000000022 0.6678216696711986 54295.015342440463 65303.012857142865 60272.075000000012 31932.978571428575 -20461.674999999996 49616.344712407772 4783562.8900000015 11821.475 51904.395000000011 56916.210000000006 15080519.200000001 56916.210000000006 54182.630000000005 70524.009914490962 43189.384334612711 64922.42500000001 89726.765000000014 6040231.9500000011 53489.755000000012
decision_type=2 2 2 2 2 2 2 2 2 2 2 2 2 2 2 2 2 2 2 2 2 2 2 2 2 2 2 2 2 2
left_child=-1 4 3 -3 5 -2 7 -4 -8 10 -7 22 14 -14 -12 -16 17 -17 -19 20 25 -22 26 -24 28 -20 -11 29 -9 -21
right_child=1 2 6 -5 -6 9 8 24 -10 11 12 -13 13 -15 15 16 -18 18 19 27 21 -23 23 -25 -26 -27 -28 -29 -30 -31
leaf_value=-83.241937606636128 -60.695942144284295 -3.7110043710737073 -58.084033270753977 162.95288493597684 -86.844390550300247 -66.273301151327416 7.8282050516003743 13.304892576779563 85.818811632389384 10.653477388269756 34.935242012885716 68.922602229331858 5.4003017245315181 -84.636200725498469 -29.748094001085651 -45.264013580777743 30.623636780385894 34.237448904447461 20.627740451041351 -0.59106117660079238 -3.6621540110306374 -65.722807925871038 5.5968971948900634 49.025574035989749 39.170569974984694 -5.6015293511818713 -19.533286837677455 28.503772779442794 -3.4504013061523433 15.0853298864632
leaf_weight=12.999999999999998 12.999999999999998 10.000000000000002 18 9.9999999999999982 9.9999999999999982 10.999999999999998 16.000000000000004 12.000000000000002 10.999999999999998 11.000000000000002 14.999999999999998 9.9999999999999982 19.000000000000004 9.9999999999999982 14.999999999999998 9.9999999999999982 19 15.999999999999998 18 12.000000000000002 14.000000000000002 12.999999999999998 12.000000000000002 10.999999999999998 9.9999999999999982 19 9.9999999999999982 12.999999999999998 19 15.999999999999998
leaf_count=13 13 10 18 10 10 11 16 12 11 11 15 10 19 10 15 10 19 16 18 12 14 13 12 11 10 19 10 13 19 16
internal_value=-0.418893 2.26281 19.9355 79.8195 -4.04691 -1.14736 5.97074 -9.48618 39.7021 1.6885 -3.45615 22.632 -0.134926 -25.739 3.99618 1.1738 4.27488 0.443074 4.23766 -0.347861 -10.0471 -33.6095 12.0451 26.4284 11.8942 7.16927 -3.73343 14.7862 3.0465 8.3778
internal_weight=416 403 106 20 297 287 86 59 27 274 220 54 209 29 180 165 150 131 121 105 64 27 44 23 41 37 21 41 31 28
internal_count=416 403 106 20 297 287 86 59 27 274 220 54 209 29 180 165 150 131 121 105 64 27 44 23 41 37 21 41 31 28
is_linear=0
shrinkage=0.03


Tree=169
num_leaves=31
num_cat=0
split_feature=29 27 0 30 14 10 10 5 20 29 25 4 0 0 29 29 15 1 29 0 0 1 25 23 15 21 29 10 22 20
split_gain=9.66399e+07 4.80331e+07 4.69215e+07 9.10333e+07 7.6317e+07 1.6386e+08 6.26855e+07 3.46617e+07 3.45444e+07 2.84023e+07 5.1305e+07 3.57176e+07 2.76143e+07 2.76778e+07 3.88981e+07 2.65934e+07 4.45545e+07 2.37605e+07 2.02571e+07 1.77932e+07 1.21771e+07 1.0081e+07 9.17654e+06 8.47507e+06 9.05706e+06 5.72562e+06 4.02856e+06 4.78836e+06 3.37379e+06 2.23781e+06
threshold=0.37358695828773819 1.0000000180025095e-35 36304.475000000013 12.500000000000002 41090.096768460688 63096.278571428578 19744.558571428573 14706349.430000002 1.0000000180025095e-35 6.711850151100716 0.25000000000000017 55263.075000000004 -74215.874999999985 21859.955000000005 25171.050000000007 17114.705000000005 54578.213600832874 62045.810000000005 40927.200000000004 95272.540000000023 51604.580000000009 78161.070000000022 0.25000000000000017 -0.25065253225872081 41235.851744946784 1.0000000180025095e-35 53025.730000000003 52276.171428571433 -0.34685948904333841 -1.0000000180025095e-35
decision_type=2 2 2 2 2 2 2 2 2 2 2 2 2 2 2 2 2 2 2 2 2 2 2 2 2 2 2 2 2 2
left_child=-1 2 3 12 9 6 -6 15 25 10 11 -4 -2 17 -15 16 -8 23 -19 21 -17 26 -23 -14 -25 -9 27 -11 -22 -16
right_child=1 -3 4 -5 5 -7 7 8 -10 19 -12 -13 13 14 29 20 -18 18 -20 -21 28 22 -24 24 -26 -27 -28 -29 -30 -31
leaf_value=-80.754247696098233 -50.93548092059234 -52.299341998660267 26.574854339396826 -97.801019887781848 74.406941623619858 117.10629467117451 2.2936138064362277 -9.0856605495262972 65.199725427976077 6.6965367658105883 -78.038874962517824 -46.463354309993001 24.552824151338044 -50.666447824916681 17.540085625972136 37.407278533480053 -79.327569625626737 71.078364933070816 10.706078164968917 -32.152611602161805 9.2799559833847507 9.4129935103001365 46.499869844806717 12.515911296986932 -21.468411986499234 21.459835601392371 7.910787983944541 -20.150224497126437 -10.171798267097111 -0.81966218619511033
leaf_weight=12.999999999999998 9.9999999999999982 13.999999999999998 15.000000000000002 9.9999999999999982 13.999999999999998 15.999999999999998 15.000000000000002 11.000000000000002 14.999999999999998 11.000000000000002 11.999999999999998 9.9999999999999982 9.9999999999999947 18 11.000000000000002 9.9999999999999982 9.9999999999999982 10.000000000000002 9.9999999999999982 10.999999999999998 15.999999999999991 15 10 12.000000000000005 17 10.999999999999998 37 12.999999999999998 16.000000000000007 12.999999999999998
leaf_count=13 10 14 15 10 14 16 15 11 15 11 12 10 10 18 11 10 10 10 10 11 16 15 10 12 17 11 37 13 16 13
internal_value=-0.406342 2.19522 4.16294 -11.3403 11.1633 27.168 14.9285 6.88992 30.1752 -4.8455 -27.1896 -2.67486 -3.51049 1.20793 -17.3938 -5.98202 -30.448 14.4533 40.9942 3.68711 8.59998 8.28728 24.3109 0.807585 -7.4086 6.20112 1.70567 -7.85712 -0.446617 7.61419
internal_weight=416 403 389 121 268 134 118 104 37 134 37 25 111 101 42 67 25 59 20 97 42 86 25 39 29 22 61 24 32 24
internal_count=416 403 389 121 268 134 118 104 37 134 37 25 111 101 42 67 25 59 20 97 42 86 25 39 29 22 61 24 32 24
is_linear=0
shrinkage=0.03


Tree=170
num_leaves=31
num_cat=0
split_feature=29 16 1 29 5 29 1 14 0 30 29 25 30 20 17 0 1 16 2 29 25 29 17 29 20 3 2 5 2 20
split_gain=9.91865e+07 4.18951e+07 4.38864e+07 7.47298e+07 4.36449e+07 3.68585e+07 2.13089e+07 2.33223e+07 3.70561e+07 8.84191e+07 2.26996e+07 4.93141e+07 2.98843e+07 2.23333e+07 1.99317e+07 1.45334e+07 1.09271e+07 1.00533e+07 1.51275e+07 8.59275e+06 8.12813e+06 7.16117e+06 4.55122e+06 4.26006e+06 4.32708e+06 4.20894e+06 4.14389e+06 2.8523e+06 3.04338e+06 2.06351e+06
threshold=0.37358695828773819 61970.865192031029 106407.83500000001 0.48628610801958011 2004509.9550000003 44641.500000000007 -42780.689999999995 41090.096768460688 81658.680000000008 9.5000000000000018 9.7443340864407606 0.6830127018922193 6.5000000000000009 1.0000000180025095e-35 50512.446589973384 95272.540000000023 51131.535000000011 50570.005035081937 55791.415000000008 49026.955000000009 1.0000000180025095e-35 22664.140000000003 44692.63318459945 51904.395000000011 -0.60785761079279388 63340.210000000006 55502.855000000003 12886406.665000001 39185.150000000001 1.0000000180025095e-35
decision_type=2 2 2 2 2 2 2 2 2 2 2 2 2 2 2 2 2 2 2 2 2 2 2 2 2 2 2 2 2 2
left_child=-1 2 3 -2 -5 -4 19 10 14 -10 11 12 -8 -14 17 21 -16 20 -19 -6 26 -12 -22 29 25 -25 -9 -26 -29 -23
right_child=1 -3 5 4 6 -7 7 8 9 -11 15 -13 13 -15 16 -17 -18 18 -20 -21 22 23 -24 24 27 -27 -28 28 -30 -31
leaf_value=-78.340902745038605 86.96035848589085 58.573429221668455 -79.873499878840619 60.132775131795405 -47.257956615846531 1.4705041799972305 -46.378358709990081 26.686440669264741 -3.885850333850644 105.23038805292849 30.754561057019586 -70.512233479817709 -11.21362137438139 44.466493711036271 5.8146835502536804 -26.815520411524279 42.35438891631766 -40.160709530183624 3.3521624948376805 -8.8343416239880863 -19.100328853212549 1.3746798207440714 6.4765008744362476 9.113784803847917 5.6742729237789709 -17.716362420569602 3.8820831298828122 7.2660913776065277 27.026498932153245 -14.115852259493421
leaf_weight=12.999999999999998 9.9999999999999982 12.999999999999998 10.000000000000002 11.999999999999998 10.000000000000002 9.9999999999999982 9.9999999999999982 16.000000000000004 15.000000000000002 11.999999999999998 9.9999999999999982 12.999999999999998 14.000000000000002 11.999999999999998 13.000000000000002 12.999999999999998 17 13.000000000000002 15.999999999999998 10.999999999999998 13.000000000000002 19 11.999999999999998 11.000000000000002 30 9.9999999999999982 12.999999999999998 12.000000000000002 17 12.999999999999998
leaf_count=13 10 13 10 12 10 10 10 16 15 12 10 13 14 12 13 13 17 13 16 11 13 19 12 11 30 10 13 12 17 13
internal_value=3.04984 5.7045 3.9212 6.28157 4.0098 -39.2993 2.04927 3.94896 13.1741 44.7151 -3.07184 -20.5508 -2.43641 14.5209 5.62132 3.27763 26.5565 -1.95706 -16.1892 -27.2001 5.69401 6.49395 -6.83503 4.31507 8.01409 -3.67421 16.4881 12.1739 18.8764 -4.93055
internal_weight=413 400 387 367 357 20 345 324 140 27 184 49 36 26 113 135 30 83 29 21 54 122 25 112 80 21 29 59 29 32
internal_count=413 400 387 367 357 20 345 324 140 27 184 49 36 26 113 135 30 83 29 21 54 122 25 112 80 21 29 59 29 32
is_linear=0
shrinkage=0.03


Tree=171
num_leaves=31
num_cat=0
split_feature=29 16 1 29 5 0 1 29 2 11 30 29 12 0 8 0 29 25 25 22 29 29 4 2 16 29 24 16 24 12
split_gain=9.33464e+07 3.94287e+07 4.13049e+07 7.03355e+07 4.10763e+07 3.58001e+07 2.00553e+07 2.06566e+07 1.30155e+07 2.19554e+07 1.59572e+07 5.11969e+07 3.83587e+07 4.19145e+07 2.07254e+07 1.43592e+07 3.61813e+07 2.99118e+07 9.74218e+06 8.79499e+06 1.26881e+07 8.08746e+06 4.90697e+06 4.01106e+06 2.85119e+06 4.08115e+06 3.35473e+06 2.7165e+06 1.73084e+06 1.71297e+06
threshold=0.37358695828773819 61970.865192031029 106407.83500000001 0.48628610801958011 2004509.9550000003 55107.090000000004 -42780.689999999995 123155.85000000002 -18615.414999999997 46236.969285714295 9.5000000000000018 5.8369807468758159 46938.529833333341 36616.900000000001 7417855.8400000008 52321.74500000001 17114.705000000005 1.0000000180025095e-35 0.6830127018922193 -0.81970999721622462 5.8369807468758159 49026.955000000009 64237.265000000007 53237.010000000009 51330.105533159956 52550.825000000004 0.25000000000000011 46683.369112989858 0.25000000000000011 48184.520166666676
decision_type=2 2 2 2 2 2 2 2 2 2 2 2 2 2 2 2 2 2 2 2 2 2 2 2 2 2 2 2 2 2
left_child=-1 2 3 -2 -5 -4 21 8 9 22 15 -12 14 -14 -13 18 17 -17 19 -10 -21 -6 -8 28 25 29 -27 -25 -22 -18
right_child=1 -3 5 4 6 -7 7 -9 10 -11 11 12 13 -15 -16 16 24 -19 -20 20 23 -23 -24 27 -26 26 -28 -29 -30 -31
leaf_value=-75.999678688487776 84.364524180853536 56.822956374595897 -78.113651361038407 58.33627689092485 -45.847272001807347 2.0510416173223236 16.690581780049325 46.168810716315875 -7.716477624055381 -52.475421495579958 60.456964766483885 -0.36689469350409165 -11.581561983670433 69.355467327687521 -59.964888387651584 -11.76305521809163 5.802189919312073 -74.508288822778212 -11.67397310463015 39.518560916307734 11.7306842915823 -8.5705110437729779 -12.955574650550956 13.879697069539198 -5.5424371445749001 21.240341281653041 2.8105315306476339 -5.0077806345973972 26.661002030115402 -10.251603961538994
leaf_weight=12.999999999999998 9.9999999999999982 12.999999999999998 10.000000000000002 11.999999999999998 10.000000000000002 9.9999999999999982 10.000000000000005 9.9999999999999982 15.999999999999998 9.9999999999999982 18 11.000000000000002 12.000000000000002 10.999999999999998 9.9999999999999982 18.000000000000004 11.000000000000002 10.999999999999998 18 17 17.000000000000004 10.999999999999998 9.9999999999999982 11.000000000000002 24 20 15.999999999999998 18 11.999999999999998 12.999999999999998
leaf_count=13 10 13 10 12 10 10 10 10 16 10 18 11 12 11 10 18 11 11 18 17 17 11 10 11 24 20 16 18 12 13
internal_value=2.95857 5.53389 3.80388 6.09378 3.88982 -38.1261 1.98785 3.83082 2.47534 -16.3009 4.46126 17.9108 0.456726 27.1939 -28.8219 0.701885 -6.79015 -35.6502 8.46841 12.4568 16.7628 -26.3881 1.87216 10.0647 3.18873 6.68291 13.0646 2.16799 17.944 -2.89685
internal_weight=413 400 387 367 357 20 345 324 314 30 284 62 44 23 21 222 113 29 109 91 75 21 20 58 84 60 36 29 29 24
internal_count=413 400 387 367 357 20 345 324 314 30 284 62 44 23 21 222 113 29 109 91 75 21 20 58 84 60 36 29 29 24
is_linear=0
shrinkage=0.03


Tree=172
num_leaves=31
num_cat=0
split_feature=4 15 30 17 1 3 30 30 15 13 20 1 4 14 14 15 3 22 24 25 13 23 30 22 4 15 25 22 20 4
split_gain=5.39085e+07 1.71126e+08 1.00883e+08 9.47108e+07 5.33311e+07 4.1765e+07 8.87481e+07 3.97397e+07 3.91727e+07 5.1922e+07 2.35871e+07 3.67505e+07 3.27664e+07 2.27404e+07 2.18038e+07 2.48862e+07 1.79077e+07 1.62404e+07 1.29704e+07 9.74136e+06 9.53807e+06 8.79206e+06 7.92471e+06 6.27334e+06 7.26334e+06 4.59101e+06 4.14937e+06 6.13049e+06 3.13118e+06 2.96128e+06
threshold=46772.705000000009 69830.987113434603 11.500000000000002 47811.587774584208 106407.83500000001 49707.610000000008 10.500000000000002 3.5000000000000004 47797.504580259221 47898.276250000003 0.6078576107927941 94809.22500000002 89481.960000000006 44767.208066661078 64213.88028094927 55627.969975701584 59991.750000000007 0.52828508881293679 0.68301270189221941 0.93301270189221952 36097.248333333344 1.0000000180025095e-35 5.5000000000000009 -0.34685948904333841 90404.325000000012 32682.525117416768 0.6830127018922193 -0.43982890882219972 1.0000000180025095e-35 58592.835000000006
decision_type=2 2 2 2 2 2 2 2 2 2 2 2 2 2 2 2 2 2 2 2 2 2 2 2 2 2 2 2 2 2
left_child=1 4 7 -4 5 6 20 -2 16 13 11 14 26 -10 17 -16 -7 19 28 23 -1 -19 -22 25 -25 -9 27 -12 -18 -27
right_child=2 -3 3 -5 -6 8 -8 10 9 -11 12 -13 -14 -15 15 -17 18 21 -20 -21 22 -23 -24 24 -26 29 -28 -29 -30 -31
leaf_value=30.404883040243117 56.381005508598236 -129.78956114356197 5.6789550712205683 125.20841443292025 -66.084734002713162 35.171478964268474 93.680670761171712 14.343370259039293 19.306055236402131 -93.698044563407322 -12.472153089238311 58.903281874280736 -58.070843442544891 -38.228173893287085 63.085822776000406 0.68580884498184647 0.36377804197114078 -7.1392934522193467 -23.36933996245617 -21.89558978879074 -22.761352646697109 -45.211395172574626 5.5471312854783656 6.8971013459446526 40.355032889522718 8.0121711679173817 -17.945026767092052 14.220462108221577 22.662706449138582 -11.169733757870778
leaf_weight=9.9999999999999982 12.999999999999998 9.9999999999999982 11.000000000000002 12.999999999999998 10.999999999999998 12.999999999999998 11.999999999999998 17.999999999999993 11.000000000000002 9.9999999999999982 12.999999999999995 11.999999999999998 11.999999999999998 13.999999999999998 11.000000000000002 11.999999999999998 13.000000000000002 12.000000000000002 19 10.999999999999998 11.999999999999998 9.9999999999999982 34 14.000000000000009 9.9999999999999982 10.999999999999998 10.999999999999998 19.000000000000004 9.9999999999999982 21
leaf_count=10 13 10 11 13 11 13 12 18 11 10 13 12 12 14 11 12 13 12 19 11 12 10 34 14 10 11 11 19 10 21
internal_value=2.86997 -9.52094 12.3485 70.5498 -2.36817 2.08729 19.8241 5.68171 -11.3174 -36.1038 2.32262 8.78268 -14.3489 -12.9251 4.13529 30.6014 4.47428 -1.56532 -5.05775 4.38372 3.92818 -24.5081 -1.85439 8.30225 20.8928 2.24394 -2.09418 3.37405 10.0871 -4.57374
internal_weight=413 179 234 24 169 158 68 210 90 35 197 142 55 25 130 23 55 107 42 85 56 22 46 74 24 50 43 32 23 32
internal_count=413 179 234 24 169 158 68 210 90 35 197 142 55 25 130 23 55 107 42 85 56 22 46 74 24 50 43 32 23 32
is_linear=0
shrinkage=0.03


Tree=173
num_leaves=31
num_cat=0
split_feature=29 16 1 29 9 0 1 14 0 12 16 29 25 12 1 0 17 0 1 23 30 1 29 0 16 1 29 11 3 6
split_gain=8.55845e+07 3.76129e+07 3.70501e+07 6.46035e+07 3.74337e+07 3.35733e+07 1.88197e+07 3.43576e+07 5.86506e+07 3.03316e+07 3.75706e+07 2.02643e+07 4.23434e+07 2.30633e+07 3.00622e+07 1.4967e+07 1.31343e+07 1.31284e+07 1.07197e+07 7.14592e+06 1.47825e+07 4.51694e+06 7.13929e+06 4.18248e+06 2.97666e+06 2.8764e+06 2.48533e+06 2.3442e+06 1.92305e+06 1.25719e+06
threshold=0.37358695828773819 61970.865192031029 106407.83500000001 0.48628610801958011 828153.47000000009 55107.090000000004 7796.1400000000003 40732.805900721556 81658.680000000008 49829.355500000005 51049.915611264958 9.7443340864407606 0.6830127018922193 52077.510333333346 60183.490000000013 47983.345000000008 50512.446589973384 95272.540000000023 51131.535000000011 -0.52625006705264832 9.5000000000000018 62045.810000000005 6.049204822479922 22473.725000000002 47593.132175307561 42029.805000000008 40927.200000000004 50293.731785714292 35132.160000000011 15937499.260000002
decision_type=2 2 2 2 2 2 2 2 2 2 2 2 2 2 2 2 2 2 2 2 2 2 2 2 2 2 2 2 2 2
left_child=-1 2 3 -2 -5 -4 9 11 16 10 15 12 13 14 -8 -6 21 19 -18 20 28 22 -9 -21 27 -24 -23 -25 -13 -29
right_child=1 -3 5 4 6 -7 7 8 -10 -11 -12 17 -14 -15 -16 -17 18 -19 -20 23 -22 26 25 24 -26 -27 -28 29 -30 -31
leaf_value=-72.820192955280163 80.742730803987868 55.344133890086205 -74.875494908574765 55.593124630243445 51.633860710485628 2.7525226536081795 9.5297455757113916 -26.206706410403701 65.436632008439901 -44.942297303207276 -43.144190483611091 12.267117610824439 -66.485980154454012 35.259068366662774 -58.447125562980986 2.8726376544470074 2.3107157849618205 -25.967596821401308 40.307427454973599 -17.660505699043842 47.551352794134786 17.731241397322894 13.33463460676897 -3.5335286999065612 -9.6342032509288558 -6.3348582549744661 1.4899828537019006 5.809643769434115 -3.2459429729943987 17.192457509595293
leaf_weight=12.999999999999998 9.9999999999999982 12.999999999999998 10.000000000000002 11.999999999999998 10.000000000000002 9.9999999999999982 14.000000000000002 10.999999999999998 19 19 10.999999999999998 16.000000000000004 12.999999999999998 9.9999999999999982 9.9999999999999982 12.999999999999998 11.000000000000002 12.999999999999998 17 9.9999999999999982 9.9999999999999982 15.999999999999998 12.000000000000002 14.999999999999998 12.999999999999998 14.999999999999998 18 21 12.999999999999998 14.999999999999998
leaf_count=13 10 13 10 12 10 10 14 11 19 19 11 16 13 10 10 13 11 13 17 10 10 16 12 15 13 15 18 21 13 15
internal_value=2.78406 5.25 3.56032 5.72907 3.61684 -36.1514 1.80117 4.78678 17.1909 -14.6369 2.33965 -3.74806 -20.5481 -2.91181 -18.8566 24.1392 7.99614 2.52429 25.4109 5.81216 16.1951 1.21082 -5.89333 0.332822 3.15587 2.41563 9.14774 6.42233 5.31937 10.5697
internal_weight=413 400 387 367 357 20 345 292 119 53 34 173 47 34 24 23 100 126 28 113 39 72 38 74 64 27 34 51 29 36
internal_count=413 400 387 367 357 20 345 292 119 53 34 173 47 34 24 23 100 126 28 113 39 72 38 74 64 27 34 51 29 36
is_linear=0
shrinkage=0.03


Tree=174
num_leaves=31
num_cat=0
split_feature=29 30 29 29 10 0 30 29 13 29 30 15 15 29 5 0 4 29 22 4 30 23 12 16 15 5 29 1 4 10
split_gain=8.05454e+07 3.69154e+07 6.52136e+07 3.75795e+07 2.722e+07 3.17817e+07 1.93066e+07 4.40416e+07 2.64972e+07 4.1047e+07 2.11876e+07 1.5895e+07 3.2191e+07 5.24923e+07 1.96654e+07 1.12836e+07 9.17138e+06 1.02281e+07 1.00733e+07 8.67733e+06 2.2649e+07 8.79515e+06 5.55711e+06 5.20584e+06 3.50909e+06 3.33958e+06 3.29094e+06 3.28877e+06 2.96371e+06 2.6575e+06
threshold=0.37358695828773819 14.500000000000002 0.48628610801958011 0.63475808591798766 17720.783571428576 22169.155000000002 5.5000000000000009 12806.415000000003 53464.570416666669 4.4361360705668966 12.500000000000002 49870.752885147594 43556.388738142829 48407.975000000006 17309468.73 15580.789999999997 35096.350000000013 3.7519468051421385 -0.05058416099371614 52058.60500000001 9.5000000000000018 -0.81655236941868636 46178.951333333338 39567.243744647109 32576.367668002229 11491347.530000001 34766.000000000007 55502.855000000003 69490.230000000025 51655.630714285719
decision_type=2 2 2 2 2 2 2 2 2 2 2 2 2 2 2 2 2 2 2 2 2 2 2 2 2 2 2 2 2 2
left_child=-1 2 -2 -4 5 -5 7 -6 10 -10 11 12 15 -14 19 -8 24 -18 25 20 27 -21 28 -11 -17 -19 -24 -13 -9 -15
right_child=1 -3 3 4 6 -7 8 22 9 23 -12 14 13 29 -16 16 17 18 -20 21 -22 -23 26 -25 -26 -27 -28 -29 -30 -31
leaf_value=-70.643955134249268 75.394346045584697 59.164178611789886 -55.779168621461778 1.8313313657278687 -63.260255940755201 68.297467269739172 31.824164494993454 -2.5437286791218878 -67.95871228869683 -15.251249580952651 44.943415148504847 -3.9560528273894398 78.810216651485604 15.740869577754006 -44.251116319912576 0.37140681803709147 -30.910181120072288 17.083254306826788 -23.297960583917 29.619501014112149 -48.023162568505128 -1.0428537993986078 -2.5108245386141474 12.632879198904449 19.181528931572323 -1.7027306967816394 17.380212195997132 17.314852508268743 -25.093145843050372 -4.4747915239476441
leaf_weight=12.999999999999998 10.999999999999998 10.999999999999998 9.9999999999999982 14.000000000000002 12.999999999999998 11.999999999999998 10.999999999999998 11.000000000000002 10.999999999999998 10.000000000000002 12.999999999999998 16.000000000000004 14.999999999999998 14.000000000000002 9.9999999999999982 14.999999999999998 12.999999999999998 16.999999999999986 13.000000000000012 13.999999999999998 9.9999999999999982 21 16.000000000000004 14.999999999999998 22 17 13.999999999999998 10.999999999999998 9.9999999999999982 9.9999999999999982
leaf_count=13 11 11 10 14 13 12 11 11 11 10 13 16 15 14 10 15 13 17 13 14 10 21 16 15 22 17 14 11 10 10
internal_value=2.70077 5.09301 3.5566 1.45639 3.01907 32.5802 0.767293 -14.0819 4.18774 -19.8084 7.76077 5.64061 11.5423 34.8856 -4.93992 3.10061 -0.171416 -7.41346 -0.888426 0.546893 -9.5762 11.2468 -1.49659 1.47105 11.5666 7.70155 6.78513 4.72586 -13.3156 7.32589
internal_weight=413 400 389 378 368 26 342 64 278 36 242 229 147 39 82 108 97 60 47 72 37 35 51 25 37 34 30 27 21 24
internal_count=413 400 389 378 368 26 342 64 278 36 242 229 147 39 82 108 97 60 47 72 37 35 51 25 37 34 30 27 21 24
is_linear=0
shrinkage=0.03


Tree=175
num_leaves=31
num_cat=0
split_feature=19 27 10 11 29 29 14 23 5 14 0 1 12 16 12 29 23 29 16 23 10 29 21 16 10 1 16 13 22 4
split_gain=7.76674e+07 3.59073e+07 4.46142e+07 3.96212e+07 8.60067e+07 5.69692e+07 1.00073e+08 9.92997e+07 4.46713e+07 2.71289e+07 1.50058e+07 3.32053e+07 1.50054e+07 1.11246e+07 1.01344e+07 9.893e+06 9.03906e+06 8.38813e+06 6.49789e+06 5.96935e+06 6.75905e+06 4.51948e+06 4.2206e+06 2.6045e+06 2.49629e+06 4.69161e+06 3.19842e+06 2.33844e+06 2.24957e+06 1.87695e+06
threshold=21594174.265500005 1.0000000180025095e-35 7045.4614285714288 44601.249642857154 0.58773320620013603 32.285839286721725 41607.278813667355 0.43813463158589139 14884537.030000003 24534.495501873094 52017.505000000012 6350.7250000000013 42729.52183333334 51049.915611264958 46824.557833333332 17114.705000000005 -0.81655236941868636 64363.615000000005 39721.657529718745 1.0000000180025095e-35 63644.446428571428 27301.705000000002 -0.56174490092936669 38266.65806254826 66508.17357142859 35025.695000000007 46723.734213670214 42097.727416666676 0.87322439853274636 33378.885000000002
decision_type=2 2 2 2 2 2 2 2 2 2 2 2 2 2 2 2 2 2 2 2 2 2 2 2 2 2 2 2 2 2
left_child=1 2 -1 4 -4 6 8 -8 -5 -6 11 -11 15 17 -14 -12 -13 23 -19 -15 -21 -18 -17 -7 25 -20 -27 -25 -23 -29
right_child=-2 -3 3 5 9 13 7 -9 -10 10 12 16 14 19 -16 22 21 18 24 20 -22 28 -24 27 -26 26 -28 29 -30 -31
leaf_value=61.865183799395417 -60.249739616531414 -45.548844944745639 -79.260726171201654 -33.196275399227638 -46.434572604770565 12.323470485911647 126.4056573315201 12.263448425546224 40.551978310771368 59.938868043649244 -42.164533417800378 22.76523143773856 32.131586786526341 -32.463283467648637 -5.4632681257506812 5.2164372116772091 -18.215682619576764 -7.4890050461043165 8.0271553419294381 9.7205546938139786 -22.167572042197662 10.439354119031529 -22.290931542239964 8.1031397174502793 9.682807379244359 43.410914591103094 19.814591291057528 -17.516634760722855 -7.3879953841817851 -3.2244761479964961
leaf_weight=11.999999999999998 18 12.999999999999998 13.999999999999998 17.000000000000004 10.999999999999998 10.999999999999998 16.000000000000004 11.999999999999998 12.999999999999998 10.999999999999998 12.999999999999998 14.999999999999991 10.000000000000002 9.9999999999999982 18 9.9999999999999982 14.000000000000005 9.9999999999999982 10.999999999999998 13.000000000000002 10.999999999999998 15.000000000000002 10.000000000000002 11.999999999999998 17 11.000000000000002 9.9999999999999982 10.999999999999998 10.999999999999998 33
leaf_count=12 18 13 14 17 11 11 16 12 13 11 13 15 10 10 18 10 14 10 11 13 11 15 10 12 17 11 10 11 11 33
internal_value=0.605913 3.38636 5.05743 3.20691 -8.54827 11.4033 36.8612 77.5966 -1.2244 -1.34844 2.5734 12.4828 -8.14964 2.16613 7.99681 -21.841 2.94571 6.27564 14.5191 -13.0501 -4.91054 -4.50575 -8.55854 -0.988972 19.0136 23.9478 32.2483 -3.61258 2.89731 -6.81334
internal_weight=413 395 382 370 152 218 58 28 30 138 127 66 61 160 28 33 55 126 59 34 24 40 20 67 49 32 21 56 26 44
internal_count=413 395 382 370 152 218 58 28 30 138 127 66 61 160 28 33 55 126 59 34 24 40 20 67 49 32 21 56 26 44
is_linear=0
shrinkage=0.03


Tree=176
num_leaves=31
num_cat=0
split_feature=19 12 11 1 30 0 30 11 3 6 3 16 2 16 6 22 2 0 14 20 1 13 13 10 10 3 14 16 20 2
split_gain=7.309e+07 3.37696e+07 3.15518e+07 5.44848e+07 4.91269e+07 1.9133e+08 4.84628e+07 4.02222e+07 3.0426e+07 6.10525e+07 2.79887e+07 2.78905e+07 2.33837e+07 2.26411e+07 2.10884e+07 2.08915e+07 2.31036e+07 1.53046e+07 1.43874e+07 1.16488e+07 1.13681e+07 1.25762e+07 1.36132e+07 3.06578e+07 6.74652e+06 6.29742e+06 5.95222e+06 5.58718e+06 6.9293e+06 3.08401e+06
threshold=21594174.265500005 59244.048666666677 45936.153928571432 40078.865000000005 10.500000000000002 68227.74500000001 10.500000000000002 51079.498214285726 76616.280000000013 2295258.4150000005 63340.210000000006 55691.873770246129 106819.38500000001 51448.09886665985 6470085.4850000013 -0.34685948904333841 76586.755000000019 107547.12000000001 61698.127635810342 0.87837969732492682 34153.360000000008 53779.100083333346 50018.56225000001 60190.247857142858 48431.235000000008 40078.865000000005 31532.21194501904 51673.369092669142 0.6078576107927941 33308.945000000007
decision_type=2 2 2 2 2 2 2 2 2 2 2 2 2 2 2 2 2 2 2 2 2 2 2 2 2 2 2 2 2 2
left_child=1 2 3 8 12 7 11 -6 9 -1 -9 15 17 -10 -11 -5 19 20 25 26 24 22 27 -24 -4 -16 -17 28 -22 -28
right_child=-2 -3 4 6 5 -7 -8 10 13 14 -12 -13 -14 -15 18 16 -18 -19 -20 -21 21 -23 23 -25 -26 -27 29 -29 -30 -31
leaf_value=92.140527480395875 -58.447252659256101 -44.171056146731317 -32.148945014156496 -55.342969122839186 52.22296747236107 149.27561952064477 -64.954032220029404 14.156746085722048 11.458604330304022 -13.825697188490018 -56.676948251297219 27.543112799812391 45.670752143068427 -46.91503986341381 -3.5778211411598795 26.726920569120946 -49.352052479739633 -31.769040093918189 51.957395083478865 -28.088051698434402 4.1312810292283642 -20.884607057873477 71.875567114531066 -2.3068269501871135 -0.38356374696243639 27.797249408221351 -12.49224587004648 -10.845633811512212 26.363611313246622 8.3791040921132023
leaf_weight=9.9999999999999982 18 12.999999999999998 10.000000000000002 10.999999999999998 10.000000000000002 10.999999999999998 17 10.000000000000002 13.000000000000002 19 9.9999999999999982 14.999999999999998 11.999999999999998 10.999999999999998 12.000000000000002 9.9999999999999982 10.999999999999998 10.999999999999998 11.999999999999998 10.999999999999998 42 10.999999999999998 10.000000000000002 9.9999999999999982 14.999999999999998 10.999999999999998 11.000000000000002 12.999999999999998 18 14.999999999999998
leaf_count=10 18 13 10 11 10 11 17 10 13 19 10 15 12 11 12 10 11 11 12 11 42 11 10 10 15 11 11 13 18 15
internal_value=0.587879 3.28514 4.90572 -3.80658 13.4362 42.5581 -18.8374 3.24502 13.4457 24.243 -21.3131 -9.47124 5.56958 -15.3379 11.5958 -17.532 -10.3194 2.11725 25.3961 -1.14136 5.01797 9.38432 12.9738 34.8711 -13.1285 11.4554 7.11988 6.9548 10.8174 -0.458111
internal_weight=413 395 382 189 193 41 101 30 88 64 20 84 152 24 54 69 58 140 35 47 129 104 93 20 25 23 36 73 60 26
internal_count=413 395 382 189 193 41 101 30 88 64 20 84 152 24 54 69 58 140 35 47 129 104 93 20 25 23 36 73 60 26
is_linear=0
shrinkage=0.03


Tree=177
num_leaves=31
num_cat=0
split_feature=0 1 29 29 29 5 0 29 16 16 29 29 22 29 16 29 3 2 13 12 17 23 16 14 29 3 2 1 0 14
split_gain=7.095e+07 5.05939e+07 7.69321e+07 6.36861e+07 7.82039e+07 4.48846e+07 3.26955e+07 2.80197e+07 1.36148e+07 2.21905e+07 2.73986e+07 5.47139e+07 5.07261e+07 1.87621e+07 1.71939e+07 1.24439e+07 1.02131e+07 7.05272e+06 6.43858e+06 6.05542e+06 6.54732e+06 4.67882e+06 3.3778e+06 2.50853e+06 2.4974e+06 2.15224e+06 2.05546e+06 2.23544e+06 1.7784e+06 1.62509e+06
threshold=120940.16500000002 106407.83500000001 33560.245000000003 0.48628610801958011 0.63475808591798766 2004509.9550000003 81658.680000000008 12806.415000000003 51673.369092669142 48344.130084033859 11.030744040625212 2.3954351829683938 -0.05058416099371614 20942.990000000002 40073.339100792007 32.285839286721725 75253.420000000027 51204.400000000009 36097.248333333344 53656.972833333341 50174.27314133793 -0.91424293627231534 49740.997618909787 37648.408823623307 76513.24500000001 55263.075000000004 80893.050000000017 37977.05000000001 56646.380000000012 36637.067360999019
decision_type=2 2 2 2 2 2 2 2 2 2 2 2 2 2 2 2 2 2 2 2 2 2 2 2 2 2 2 2 2 2
left_child=1 3 -3 -1 -5 -6 8 -8 9 10 11 14 -13 -10 -7 -11 -16 -9 -15 21 23 -12 -17 -21 26 -20 27 -23 -26 -19
right_child=-2 2 -4 4 5 6 7 17 13 15 19 12 -14 18 16 22 -18 29 25 20 -22 24 -24 -25 28 -27 -28 -29 -30 -31
leaf_value=62.371776413008611 -61.26748350624726 -102.40341742216646 8.0918916461111472 -72.103966088512607 54.633742665798856 38.377481762330923 58.255959423457348 28.59193882289269 -42.670176836184886 41.814746505424068 26.454640855460326 -16.708291801099669 -105.11950792910447 17.42192965834888 -24.852271067120419 20.457304238283776 14.763540626639749 8.1737904061019666 -3.7373206873019305 -26.31393708186361 13.038170102494874 -7.3909503809963226 -1.2049470517983214 -5.0596765774399479 24.136021347391111 -20.132384690407399 14.738278939021571 6.2414521448272868 7.0509662075819461 -8.0964548689207874
leaf_weight=17 15.999999999999998 10.000000000000002 12.999999999999998 11.999999999999998 15.999999999999998 9.9999999999999982 15.999999999999998 11.999999999999998 14.999999999999998 17 12.999999999999998 14.000000000000002 9.9999999999999982 9.9999999999999982 14.000000000000002 12.000000000000002 9.9999999999999982 11.000000000000002 18.000000000000004 10.000000000000005 10.999999999999998 18 13.999999999999998 9.9999999999999982 11.000000000000002 11.999999999999998 11.999999999999998 27 10.999999999999998 10.999999999999998
leaf_count=17 16 10 13 12 16 10 16 12 15 17 13 14 10 10 14 12 10 11 18 10 11 18 14 10 11 12 12 27 11 11
internal_value=0.570524 3.07014 -40.0675 5.72799 3.02231 5.64546 3.25512 25.5823 -0.750044 2.53448 -2.06944 -19.0579 -53.6883 -14.1172 5.43004 21.8937 -8.34931 10.1435 -3.36987 5.94585 -5.51475 9.80848 8.81309 -15.7259 7.05423 -10.3179 3.73393 0.78634 15.6289 0.0387555
internal_weight=413 397 23 374 357 345 329 50 279 224 181 58 24 55 34 43 24 34 40 123 31 92 26 20 79 30 57 45 22 22
internal_count=413 397 23 374 357 345 329 50 279 224 181 58 24 55 34 43 24 34 40 123 31 92 26 20 79 30 57 45 22 22
is_linear=0
shrinkage=0.03


Tree=178
num_leaves=31
num_cat=0
split_feature=19 27 29 29 17 15 30 0 4 16 3 29 20 15 29 15 22 5 3 29 15 16 29 7 1 30 4 16 1 15
split_gain=6.74157e+07 3.28777e+07 2.95906e+07 5.15548e+07 4.08304e+07 2.30706e+07 2.47682e+07 6.43981e+07 7.67463e+07 3.4282e+07 1.99202e+07 1.34508e+07 9.33932e+06 2.41091e+07 1.05817e+07 1.1557e+07 8.14051e+06 6.73663e+06 6.61746e+06 4.65877e+06 5.12006e+06 2.45644e+06 2.44278e+06 2.40051e+06 2.10417e+06 2.01783e+06 1.94712e+06 1.68162e+06 971520 705468
threshold=21594174.265500005 1.0000000180025095e-35 0.41152408773038568 0.56841701361305397 53605.0982551981 58083.630164595474 10.500000000000002 79283.990000000005 46772.705000000009 47593.132175307561 63765.975000000006 20942.990000000002 -0.8783796973249266 43556.388738142829 6.711850151100716 52714.065897905246 -0.34685948904333841 13087021.495000003 -18839.479999999992 42831.405000000006 46644.406391420991 52960.208311725299 66409.170000000013 6105468.4750000006 63190.055000000008 7.5000000000000009 64545.240000000005 43189.384334612711 52838.025000000001 38535.821339389215
decision_type=2 2 2 2 2 2 2 2 2 2 2 2 2 2 2 2 2 2 2 2 2 2 2 2 2 2 2 2 2 2
left_child=1 2 -1 -4 5 6 12 8 10 -10 -8 -7 13 -5 15 16 17 -14 -16 20 -20 22 25 -13 -25 29 28 -27 -24 -21
right_child=-2 -3 3 4 -6 11 7 -9 9 -11 -12 23 14 -15 18 -17 -18 -19 19 21 -22 -23 26 24 -26 27 -28 -29 -30 -31
leaf_value=53.120715939621036 -56.144057456674339 -43.681668690703383 -53.067920215104394 -6.5910834952883004 62.287821677367603 -38.851296117535455 -4.3709776660713393 89.850062802690175 12.945374498324151 89.662695728131183 -61.643842828095849 -14.525982199020657 -26.056324295641254 45.52759796852289 25.76133402986645 -33.348208749967554 16.93279222510327 5.2714807363656844 -17.996735777286936 12.347599749698816 7.264606580298965 -6.390467386483297 12.95483020176397 -7.5475514856398878 11.421755269748061 -10.247617489417674 3.7205851816197728 5.8278291193740577 24.95413964114972 3.9786728412691597
leaf_weight=10.999999999999998 18 12.999999999999998 13.999999999999998 17 10.999999999999998 14.999999999999998 12.000000000000002 10.999999999999998 11.000000000000002 9.9999999999999982 9.9999999999999982 13.999999999999998 14.000000000000002 14.999999999999998 11.999999999999998 14.999999999999998 12.999999999999998 10.999999999999998 18.000000000000004 15.999999999999998 11.999999999999998 13.999999999999998 16.000000000000004 11.000000000000002 9.9999999999999982 14.000000000000002 13.999999999999998 9.9999999999999982 9.9999999999999982 21
leaf_count=11 18 13 14 17 11 15 12 11 11 10 10 14 14 15 12 15 13 11 18 16 12 14 16 11 10 14 14 10 10 21
internal_value=0.553218 3.14367 4.74271 3.30136 5.51904 3.70551 6.88974 25.2509 8.64032 49.6036 -30.4848 -15.1331 2.78826 17.8725 0.486005 -11.0982 -2.28301 -12.2891 4.39888 2.62268 -7.89692 5.36917 7.00157 -4.9273 1.49113 3.21901 12.7588 -3.55132 17.609 7.60945
internal_weight=413 395 382 371 357 346 296 54 43 21 22 50 242 32 210 53 38 25 157 145 30 115 101 35 21 61 40 24 26 37
internal_count=413 395 382 371 357 346 296 54 43 21 22 50 242 32 210 53 38 25 157 145 30 115 101 35 21 61 40 24 26 37
is_linear=0
shrinkage=0.03


Tree=179
num_leaves=30
num_cat=0
split_feature=0 1 1 2 0 10 0 14 5 25 12 10 3 30 12 14 0 3 12 22 0 3 10 3 0 10 10 2 12
split_gain=6.71102e+07 4.67573e+07 4.67023e+07 6.16339e+07 4.17838e+07 3.74851e+07 6.1062e+07 3.87385e+07 6.12022e+07 4.49723e+07 3.49681e+07 2.1842e+07 3.57603e+07 1.75353e+07 1.56044e+07 1.58795e+07 1.70425e+07 1.40082e+07 1.12966e+07 9.31948e+06 6.73302e+06 6.61699e+06 6.42184e+06 6.32811e+06 4.48988e+06 6.01796e+06 2.81742e+06 1.56612e+06 1.03565e+06
threshold=120940.16500000002 106407.83500000001 78161.070000000022 78381.74500000001 53104.145000000011 19461.649285714284 42029.805000000008 56784.733213925072 2004509.9550000003 -0.68301270189221952 54162.959833333349 65303.012857142865 40927.200000000004 11.500000000000002 50612.624500000013 38384.546724990651 34999.410000000011 66279.765000000014 51229.706000000006 -0.15123342103804657 37529.295000000006 73277.485000000015 46895.656428571434 51819.320000000007 73652.145000000004 51440.548571428582 43254.637857142858 53237.010000000009 47485.722000000016
decision_type=2 2 2 2 2 2 2 2 2 2 2 2 2 2 2 2 2 2 2 2 2 2 2 2 2 2 2 2 2
left_child=1 2 5 10 -3 6 17 8 -7 -9 21 13 -13 14 15 20 -17 -1 -11 -16 26 23 -18 28 25 -22 -10 -21 -4
right_child=-2 4 3 -5 -6 7 -8 9 11 18 -12 12 -14 -15 19 16 22 -19 -20 27 24 -23 -24 -25 -26 -27 -28 -29 -30
leaf_value=24.120185061229812 -59.604420899007913 -80.593678080010704 -3.8300519800897836 83.97906276526399 0.25686855711877588 70.540741049650023 87.694940485889546 -69.055092043297307 25.150711831279175 -26.458823873988241 61.025656417915719 5.107555906234249 -58.374213458850129 31.139256130005954 30.173104723231994 -44.642403319171656 5.2092443983970913 -18.352448491940553 10.383982849121093 -6.140376481966733 2.290269615207861 21.209260479681092 -20.103058267102014 -25.436051918143654 6.7719591278118436 -29.045395093374122 4.9851916815730055 8.9567052576465525 9.2158196397836765
leaf_weight=15.000000000000002 15.999999999999998 11.000000000000002 10.000000000000002 13.999999999999998 11.999999999999998 10.999999999999998 10.999999999999998 15.999999999999998 13.000000000000002 14.000000000000002 10.999999999999998 17 14.999999999999998 17 19 15.999999999999998 18 12.999999999999998 15.999999999999998 11.000000000000002 11.000000000000002 10.999999999999998 18 9.9999999999999982 18 10.999999999999998 11.999999999999998 13.999999999999998 11.999999999999998
leaf_count=15 16 11 10 14 12 11 11 16 13 14 11 17 15 17 19 16 18 13 16 11 11 11 18 10 18 11 12 14 12
internal_value=0.536997 2.96803 5.52312 28.0019 -38.5017 0.524079 27.9779 -3.49052 1.72483 -28.5216 13.425 -1.89575 -24.6942 2.20863 -0.854875 -6.58237 -18.9307 4.40318 -6.82474 14.3652 3.30328 1.19137 -7.45724 -5.71213 -4.32984 -13.4079 15.5005 2.31499 3.29064
internal_weight=413 397 374 68 23 306 39 267 221 46 54 210 32 178 161 117 52 28 30 44 65 43 36 32 40 22 25 25 22
internal_count=413 397 374 68 23 306 39 267 221 46 54 210 32 178 161 117 52 28 30 44 65 43 36 32 40 22 25 25 22
is_linear=0
shrinkage=0.03


Tree=180
num_leaves=31
num_cat=0
split_feature=29 30 30 21 29 15 3 30 2 7 29 15 15 3 29 29 14 2 25 14 24 3 14 3 5 13 29 17 5 5
split_gain=9.05073e+07 2.78869e+08 1.33502e+08 2.72832e+07 4.89205e+07 3.14406e+07 1.38562e+07 2.81717e+07 3.04513e+07 1.84742e+07 1.58367e+07 2.14536e+07 2.53116e+07 1.70104e+07 1.33325e+07 3.22965e+07 8.57656e+06 6.06346e+06 5.38702e+06 4.29453e+06 3.92527e+06 3.76234e+06 3.62143e+06 3.27263e+06 3.11992e+06 3.14897e+06 2.74878e+06 1.64239e+06 1.21688e+06 961071
threshold=0.58773320620013603 6.5000000000000009 13.500000000000002 0.81174490092936691 27301.705000000002 50797.735035142257 60272.075000000012 10.500000000000002 37258.665000000008 22061677.860000003 63467.000000000007 53843.694473846765 43556.388738142829 80977.315000000017 4.1122073779126174 17.53280127413025 38384.546724990651 45809.820000000007 1.0000000180025095e-35 44767.208066661078 1.0000000180025095e-35 76533.169999999998 50190.406732534226 80977.315000000017 19116069.830000002 41134.202833333336 42831.405000000006 49023.429518820798 9632963.5950000007 6869097.0250000013
decision_type=2 2 2 2 2 2 2 2 2 2 2 2 2 2 2 2 2 2 2 2 2 2 2 2 2 2 2 2 2 2
left_child=1 -1 3 6 5 -5 7 9 -9 14 11 12 18 -13 16 -16 -2 23 28 24 -6 -19 -21 -12 25 29 -27 -24 -8 -17
right_child=2 -3 -4 4 20 -7 10 8 -10 -11 17 13 -14 -15 15 19 -18 21 -20 22 -22 -23 27 -25 -26 26 -28 -29 -30 -31
leaf_value=49.808949577945384 -31.260046443760942 -139.737908479304 88.714744018839895 -20.856460128087715 12.35479100745494 -92.899024655925686 -14.771369276473765 1.2456226422236509 67.900413019037742 43.816365119592461 31.777185607495877 -66.315129744116902 26.52275823344814 -13.337633694850556 54.920851880932283 17.987333514085449 3.1165168865773469 -13.404325635601371 -31.662623395274963 -22.38723366296113 -7.4617395484901934 9.844124911537115 -7.0610920132032042 9.8849412694096142 16.687078186214144 -16.652431636070137 1.8192540062595006 7.6248533844408399 0.010088023854725396 5.120775552464826
leaf_weight=13.000000000000002 16.000000000000004 14.999999999999998 15.999999999999998 12.000000000000002 19 9.9999999999999982 10.000000000000002 11.000000000000002 13.999999999999998 9.9999999999999982 11.000000000000002 10.000000000000002 18 11.999999999999998 10.999999999999998 10.000000000000002 10.999999999999998 12.000000000000002 13.999999999999998 9.9999999999999982 17 12.999999999999998 18.000000000000004 13.999999999999998 17 9.9999999999999982 26 10.999999999999998 9.9999999999999982 10.999999999999998
leaf_count=13 16 15 16 12 19 10 10 11 14 10 11 10 18 12 11 10 11 12 14 10 17 13 18 14 17 10 26 11 10 11
internal_value=0.2202 -51.8021 4.01974 0.325799 -18.5499 -53.7395 3.8598 9.03749 38.6333 4.4313 -3.90726 -12.7165 -2.19933 -37.5141 1.80937 5.97011 -17.2749 9.13017 -17.4218 1.18281 2.99961 -1.31961 -6.86786 19.5617 5.4275 2.0577 -3.32775 -1.48703 -7.39905 11.2759
internal_weight=412 28 384 368 58 22 310 186 25 161 124 74 52 22 151 124 27 50 34 113 36 25 39 25 74 57 36 29 20 21
internal_count=412 28 384 368 58 22 310 186 25 161 124 74 52 22 151 124 27 50 34 113 36 25 39 25 74 57 36 29 20 21
is_linear=0
shrinkage=0.03


Tree=181
num_leaves=31
num_cat=0
split_feature=29 30 30 0 10 30 29 3 14 30 1 29 2 2 17 2 29 29 0 0 17 12 5 13 14 25 16 29 25 13
split_gain=8.51742e+07 2.62444e+08 1.25637e+08 2.23599e+07 1.80682e+07 2.11722e+07 4.90166e+07 1.6441e+07 1.25367e+07 2.53499e+07 1.63562e+07 2.18517e+07 1.40492e+07 4.44446e+07 2.9767e+07 2.68825e+07 1.12793e+07 1.2764e+07 7.85167e+06 4.95146e+06 4.39522e+06 4.68274e+06 3.72438e+06 3.41484e+06 3.24874e+06 3.0141e+06 2.78332e+06 2.03601e+06 1.82427e+06 1.89638e+06
threshold=0.58773320620013603 6.5000000000000009 13.500000000000002 -93846.104999999981 17720.783571428576 5.5000000000000009 17114.705000000005 39304.555 23329.328736777945 9.5000000000000018 29283.360000000004 3.482951500646299 35994.895000000011 39538.755000000005 50996.317007891274 64206.205000000009 2.0271744677712724 32461.295000000006 76099.455000000016 36304.475000000013 50268.838868158789 48881.904500000011 6327547.6550000003 53194.818750000006 20404.705518925872 0.6830127018922193 44607.572833767124 34766.000000000007 -0.5 49255.657166666679
decision_type=2 2 2 2 2 2 2 2 2 2 2 2 2 2 2 2 2 2 2 2 2 2 2 2 2 2 2 2 2 2
left_child=1 -1 3 -2 7 6 -6 -5 9 24 11 -10 18 -14 16 -16 -15 -18 25 -13 21 -21 -8 28 -7 26 -12 -24 -19 -30
right_child=2 -3 -4 4 5 8 22 -9 10 -11 12 19 13 14 15 -17 17 23 -20 20 -22 -23 27 -25 -26 -27 -28 -29 29 -31
leaf_value=48.320403982579009 -43.817035435918548 -135.5597021666872 86.06159222326545 56.063892842762485 -65.315499432655415 11.026997527628698 -17.84592586915884 4.9492226786997122 -47.896338687725915 -50.790471707857563 20.158874828291136 -14.38328618494217 71.396217922353145 -18.582639014753937 8.2905387309060128 77.812173348042492 36.083384122096646 4.9063419056830018 -22.625804853637188 28.649124946421615 -7.117141845651056 0.99424718364870912 -5.0221547504324366 14.99207771564352 -9.3244316924162405 -10.256744978321132 2.812747530840241 8.9263680936038625 -17.168200996531603 0.42577510505779831
leaf_weight=13.000000000000002 9.9999999999999982 14.999999999999998 15.999999999999998 10.000000000000002 13.999999999999998 17.000000000000004 9.9999999999999982 12.999999999999998 9.9999999999999982 10.999999999999998 11.999999999999998 13.999999999999998 11.999999999999998 18 10.000000000000002 9.9999999999999982 11.999999999999998 15.999999999999991 11.999999999999998 11.000000000000002 12.999999999999998 10.999999999999998 17 12.999999999999998 11.999999999999998 9.9999999999999982 27 21 11.000000000000009 10.999999999999998
leaf_count=13 10 15 16 10 14 17 10 13 10 11 12 14 12 18 10 10 12 16 12 11 13 11 17 13 12 10 27 21 11 11
internal_value=0.21349 -50.2528 3.89939 0.315914 1.55462 -0.213091 -16.0316 27.2464 3.38167 -12.1244 6.0457 -7.59971 10.6734 16.9344 10.4316 43.1587 2.32915 8.31395 -0.929107 0.664534 6.69559 14.8553 -1.60415 1.75102 2.60416 4.40202 8.169 2.68784 -2.79256 -8.3902
internal_weight=412 28 384 368 358 335 62 23 273 40 233 59 174 113 101 20 81 63 61 49 35 22 48 51 29 49 39 38 38 22
internal_count=412 28 384 368 358 335 62 23 273 40 233 59 174 113 101 20 81 63 61 49 35 22 48 51 29 49 39 38 38 22
is_linear=0
shrinkage=0.03


Tree=182
num_leaves=31
num_cat=0
split_feature=29 30 30 21 29 15 10 3 15 15 29 29 16 23 5 29 29 15 12 29 29 21 11 25 30 29 23 30 13 29
split_gain=8.07231e+07 2.76587e+08 1.18583e+08 2.47222e+07 4.46783e+07 2.91255e+07 1.12462e+07 1.78692e+07 1.47184e+07 2.42677e+07 5.01369e+07 2.22482e+07 2.2136e+07 1.54447e+07 1.46174e+07 1.12116e+07 3.61882e+07 1.091e+07 1.04221e+07 7.00314e+06 6.68328e+06 6.66315e+06 4.83614e+06 3.30098e+06 2.45589e+06 3.07767e+06 2.18858e+06 1.96061e+06 1.63325e+06 1.48262e+06
threshold=0.56841701361305397 6.5000000000000009 13.500000000000002 0.81174490092936691 27301.705000000002 50797.735035142257 17720.783571428576 36616.900000000001 49870.752885147594 44001.749700247332 6.711850151100716 9.7443340864407606 48344.130084033859 0.43813463158589139 15374251.845000001 4.4361360705668966 32.285839286721725 41235.851744946784 50215.275000000009 39106.810000000005 60272.075000000019 -0.22252093395631442 56071.40214285715 0.25000000000000017 8.5000000000000018 64929.599999999999 0.24936651517469852 8.5000000000000018 50390.107833333335 53025.730000000003
decision_type=2 2 2 2 2 2 2 2 2 2 2 2 2 2 2 2 2 2 2 2 2 2 2 2 2 2 2 2 2 2
left_child=1 -1 3 6 5 -5 7 -2 9 13 -11 12 -10 15 19 -8 -17 20 -16 -13 21 28 -22 27 25 -21 -12 -6 -15 -18
right_child=2 -3 -4 4 23 -7 8 -9 11 10 26 14 -14 17 18 16 29 -19 -20 24 22 -23 -24 -25 -26 -27 -28 -29 -30 -31
leaf_value=46.876347824622826 53.705177233112366 -148.4943466888077 83.487787478438037 -19.765511819040125 5.6926965359648944 -89.102878012585975 -12.644275571499946 3.7568590750654645 -64.239294930712632 75.205286065463355 1.0981766417219831 -29.858570288748759 -5.3663517963836798 -8.7775010052849289 41.180726416402258 68.099584414354013 -3.3186112458678494 -38.315030453810046 -0.069083834341748265 -5.7635981907354319 23.673660938775349 -25.67701084633612 -3.5915845117535028 15.623190231639812 -14.486291641994837 15.408048931520376 17.775952786118236 -11.483192329845208 7.9345381323970958 8.6300725763756656
leaf_weight=13.000000000000002 10.000000000000002 12.999999999999998 15.999999999999998 12.000000000000002 11.000000000000002 9.9999999999999982 14.999999999999998 18 11.000000000000002 12.999999999999998 24 10.999999999999998 11.999999999999998 10.999999999999995 11.000000000000002 9.9999999999999982 12.999999999999998 9.9999999999999982 10.999999999999998 16.000000000000004 10.000000000000002 18.000000000000007 13.999999999999998 11.999999999999998 10.999999999999998 9.9999999999999982 9.9999999999999982 12.999999999999998 9.9999999999999982 33
leaf_count=13 10 13 16 12 11 10 15 18 11 13 24 11 12 11 11 10 13 10 11 16 10 18 14 12 11 10 10 13 10 33
internal_value=0.207144 -50.9065 3.65618 0.193189 -17.7838 -51.4131 3.53738 21.6595 1.7472 6.51234 25.2176 -8.03751 -33.6012 0.400511 0.379987 10.3592 16.5266 -9.28579 20.6024 -8.90043 -4.65124 -12.3104 7.79453 2.81021 -2.63774 2.39329 6.0223 -3.61544 -0.819443 5.25333
internal_weight=412 26 386 370 58 22 312 28 284 191 47 93 23 144 70 71 56 73 22 48 63 39 24 36 37 26 34 24 21 46
internal_count=412 26 386 370 58 22 312 28 284 191 47 93 23 144 70 71 56 73 22 48 63 39 24 36 37 26 34 24 21 46
is_linear=0
shrinkage=0.03


Tree=183
num_leaves=31
num_cat=0
split_feature=29 4 0 14 10 29 3 22 0 2 22 29 1 20 29 22 10 11 29 29 3 21 4 7 29 4 2 24 15 15
split_gain=7.59702e+07 2.33662e+08 2.41175e+07 2.87438e+07 7.97913e+07 1.59929e+08 3.76047e+07 1.85378e+07 2.72357e+07 1.87998e+07 1.56134e+07 1.67368e+07 1.51667e+07 2.1826e+07 3.61771e+07 9.92569e+06 8.80799e+06 1.17896e+07 2.47172e+07 1.11699e+07 7.17039e+06 4.5634e+06 3.63997e+06 3.88661e+06 3.15925e+06 2.65685e+06 2.60324e+06 2.31706e+06 2.24751e+06 935274
threshold=0.56841701361305397 51530.05000000001 -93846.104999999981 35730.267855880804 63096.278571428578 49822.600000000006 -9985.1099999999988 -0.15123342103804657 73375.780000000013 65458.380000000005 -0.34685948904333841 4.1122073779126174 29283.360000000004 -0.8783796973249266 45809.820000000007 0.52828508881293679 54740.53071428572 44601.249642857154 12806.415000000003 17114.705000000005 57790.515000000007 1.0000000180025095e-35 33781.17500000001 8896331.4500000011 63467.000000000007 48042.525000000001 65873.755000000019 1.0000000180025095e-35 34149.015289214913 45405.718054422578
decision_type=2 2 2 2 2 2 2 2 2 2 2 2 2 2 2 2 2 2 2 2 2 2 2 2 2 2 2 2 2 2
left_child=1 -1 -2 7 6 -6 -5 10 9 15 11 -4 13 -8 -15 -9 17 19 -19 -14 -7 25 -21 -24 -20 -13 -18 -16 -27 -29
right_child=2 -3 3 4 5 20 12 8 -10 -11 -12 21 16 14 27 -17 26 18 24 22 -22 -23 23 -25 -26 28 -28 29 -30 -31
leaf_value=-139.07913102774779 -42.318858815662892 40.497992679990567 -29.755194101935601 46.92922869148142 154.7465819373059 -7.5033043080325541 28.636419404442627 21.448458724933317 -48.700613617830989 -37.409242482798717 35.383954186657149 25.284276113937146 -20.253086087553207 -52.470677539495028 -10.649521442270872 -10.981711446459048 -17.580383603513447 55.282114657473301 -2.3893262203608709 -1.9825683087234178 27.524417000386247 -4.0752209273812516 32.078175376778205 5.6271992256392291 19.066492877789393 14.101819617727282 2.434870768305081 -0.49734025286204753 -3.2788117352653949 12.459070826288478
leaf_weight=13.000000000000002 9.9999999999999982 12.999999999999998 14.999999999999998 17 10.000000000000002 11.000000000000002 9.9999999999999982 18 18 11.999999999999998 11.999999999999998 9.9999999999999982 14.999999999999998 19 11.999999999999998 15.999999999999998 14.000000000000002 13.999999999999998 16.000000000000004 11.999999999999998 9.9999999999999982 27 10.000000000000002 9.9999999999999982 9.9999999999999982 17.000000000000004 9.9999999999999982 10.000000000000002 10.999999999999998 9.9999999999999982
leaf_count=13 10 13 15 17 10 11 10 18 18 12 12 10 15 19 12 16 14 14 16 12 10 27 10 10 10 17 10 10 11 10
internal_value=0.200883 -49.3852 3.54684 4.77214 11.7558 56.3257 4.43243 -5.07722 -17.4698 -5.20941 3.54849 -1.24595 0.219748 -11.7917 -19.739 6.19349 6.82296 11.2605 23.2206 1.0678 9.20232 5.35092 11.078 18.8997 5.88367 12.045 -9.25297 -0.253084 7.28004 5.99578
internal_weight=412 26 386 376 220 31 189 156 64 46 92 80 172 61 51 34 111 87 40 47 21 65 32 20 26 38 24 32 28 20
internal_count=412 26 386 376 220 31 189 156 64 46 92 80 172 61 51 34 111 87 40 47 21 65 32 20 26 38 24 32 28 20
is_linear=0
shrinkage=0.03


Tree=184
num_leaves=31
num_cat=0
split_feature=29 30 30 21 29 15 10 22 30 12 1 6 12 29 1 29 29 0 6 1 29 17 25 29 23 4 30 14 21 4
split_gain=7.14982e+07 2.59177e+08 1.0913e+08 2.2805e+07 4.11525e+07 2.71797e+07 1.08056e+07 1.34667e+07 3.36746e+07 1.68009e+07 1.72859e+07 1.76085e+07 1.62167e+07 1.60944e+07 1.19969e+07 1.37839e+07 1.16409e+07 1.02616e+07 9.83868e+06 5.74844e+06 4.46839e+06 4.01602e+06 3.15795e+06 2.05848e+06 2.00675e+06 1.77563e+06 1.71192e+06 1.19184e+06 1.13729e+06 932937
threshold=0.56841701361305397 6.5000000000000009 13.500000000000002 0.81174490092936691 27301.705000000002 50797.735035142257 17720.783571428576 -0.25033082153100961 10.500000000000002 47872.690666666669 22565.245000000003 7472037.0450000009 46824.557833333332 4.1122073779126174 5285.5150000000021 17114.705000000005 12806.415000000003 21109.385000000002 19801884.685000002 45619.195000000007 45518.325000000004 47692.879831538121 0.25000000000000017 80689.725000000006 1.0000000180025095e-35 61962.870000000003 8.5000000000000018 37648.408823623307 -0.22252093395631442 59357.150000000009
decision_type=2 2 2 2 2 2 2 2 2 2 2 2 2 2 2 2 2 2 2 2 2 2 2 2 2 2 2 2 2 2
left_child=1 -1 3 6 5 -5 17 8 13 10 -9 19 -13 29 -11 -16 -15 -2 24 -12 -18 -21 26 28 27 -26 -6 -17 -22 -8
right_child=2 -3 -4 4 22 -7 7 9 -10 14 11 12 -14 16 15 18 20 -19 -20 21 23 -23 -24 -25 25 -27 -28 -29 -30 -31
leaf_value=46.742086756914496 1.5647517237169983 -142.37712167323321 80.024610401759631 -18.850998090609469 5.0320893714870243 -85.830580981809689 -27.623439595236693 11.953189307952595 51.030605047802588 -23.541102973653071 -29.030786110038182 -72.699234008789034 -18.613352721484738 36.037186583839507 34.416478964973521 -4.1102015765745232 -8.2873667318989916 37.958854727253957 26.83891982082509 -16.078804870149977 10.143174902503249 9.1529145164051258 15.150514233854301 18.944546368478356 -2.6572912961162021 -17.943874906306892 -11.018086961768139 9.8848583173949667 0.71235580692580847 -14.526735812514575
leaf_weight=13.000000000000002 13.000000000000002 12.999999999999998 15.999999999999998 12.000000000000002 11.000000000000002 9.9999999999999982 10.000000000000002 15.999999999999998 14.999999999999998 11.999999999999998 9.9999999999999982 10.000000000000002 9.9999999999999982 11.999999999999998 14.999999999999998 10.000000000000002 19 14.999999999999998 11.999999999999998 10.000000000000002 22.999999999999993 12.999999999999998 11.999999999999998 12.999999999999998 18.000000000000004 10.999999999999998 12.999999999999998 11.999999999999998 23.000000000000007 9.9999999999999982
leaf_count=13 13 13 16 12 11 10 10 16 15 12 10 10 10 12 15 10 19 15 12 10 23 13 12 13 18 11 13 12 23 10
internal_value=0.195194 -47.9093 3.44118 0.119097 -17.1468 -49.4219 3.33101 1.57627 8.94219 -4.21554 -15.3476 -23.5928 -45.7701 3.18229 4.3228 8.62188 8.59323 21.0945 2.45789 -10.1031 4.3507 -1.82848 2.61809 8.42415 -3.29949 -8.47656 -3.66659 3.52857 5.43366 -21.1276
internal_weight=412 26 386 370 58 22 312 284 125 159 69 53 20 110 90 78 90 28 63 33 78 23 36 59 51 29 24 22 46 20
internal_count=412 26 386 370 58 22 312 284 125 159 69 53 20 110 90 78 90 28 63 33 78 23 36 59 51 29 24 22 46 20
is_linear=0
shrinkage=0.03


Tree=185
num_leaves=31
num_cat=0
split_feature=5 30 12 30 2 10 14 16 20 23 2 2 17 17 16 17 5 15 17 14 5 21 6 5 14 2 2 13 15 16
split_gain=5.41593e+07 3.74033e+07 2.53312e+07 3.86552e+07 2.52617e+07 2.27213e+07 3.13558e+07 3.75272e+07 2.25382e+07 2.21393e+07 3.54467e+07 1.42081e+07 1.89904e+07 1.44131e+07 1.19609e+07 1.6588e+07 2.23379e+07 1.35724e+07 1.08764e+07 9.72877e+06 8.57901e+06 5.0008e+06 4.5497e+06 6.3144e+06 5.10069e+06 4.52293e+06 2.77599e+06 2.37146e+06 1.74813e+06 936237
threshold=22421989.930000003 13.500000000000002 54670.526500000007 9.5000000000000018 106819.38500000001 7045.4614285714288 70524.009914490962 50105.813827732221 0.87837969732492682 0.43813463158589139 56646.380000000012 82310.590000000011 52332.119800143781 42553.346559511432 57108.191625345011 44843.259339063217 9993833.1850000024 49921.231454392742 47385.786203344549 50539.421624839211 19116069.830000002 1.0000000180025095e-35 4029410.2000000007 6470085.4850000013 40732.805900721556 75872.645000000019 49822.600000000013 48476.53133333334 46704.054095588894 46299.064848742091
decision_type=2 2 2 2 2 2 2 2 2 2 2 2 2 2 2 2 2 2 2 2 2 2 2 2 2 2 2 2 2 2
left_child=1 2 4 25 5 -1 8 -8 11 10 -10 12 14 -13 15 17 19 20 -18 22 21 -7 24 -24 -17 26 -4 -22 -15 -25
right_child=-2 -3 3 -5 -6 6 7 -9 9 -11 -12 13 -14 28 -16 16 18 -19 -20 -21 27 -23 23 29 -26 -27 -28 -29 -30 -31
leaf_value=37.002629869555989 -50.941601351159427 44.389121709173729 2.5166332434744847 61.935168799132214 31.349036875061714 -19.226037483550936 -83.957587216505317 -1.8622177992294082 1.7997080569445338 -12.703944738979995 78.18041664237407 -55.82541244279092 -32.994646287152143 -21.654611095029907 30.30962535801218 -23.650405013830941 -17.184656444948104 38.503240207309631 -61.495480984360412 -22.81798313020721 3.9784263525436159 4.510726916037525 20.868580532338147 3.1171353957232291 5.1880041752465704 -7.0562905478015159 23.818510307553662 22.849811561559125 -4.668746214189964 -9.2357600458067459
leaf_weight=10.999999999999998 18 18 11.000000000000002 13.999999999999998 18 17 10.000000000000002 9.9999999999999982 12.000000000000002 12.999999999999998 9.9999999999999982 9.9999999999999982 19 10.000000000000002 9.9999999999999982 11.000000000000002 10.000000000000002 10.999999999999998 9.9999999999999982 19 10.000000000000002 14.999999999999998 18 11.000000000000002 10.999999999999998 18 10.999999999999998 14.999999999999998 11.999999999999998 10.999999999999998
leaf_count=11 18 18 11 14 18 17 10 10 12 13 10 10 19 10 10 11 10 11 10 19 10 15 18 11 11 18 11 15 12 11
internal_value=-0.149501 2.22533 0.157225 19.1272 -3.10766 -5.20794 -6.84332 -43.0169 -4.10564 18.3057 36.6168 -7.51929 -4.51846 -26.0509 -1.48748 -3.37737 -11.0872 8.07371 -39.4382 -4.06693 2.17275 -8.10975 1.69311 7.71703 -9.25213 4.08583 13.1974 15.3243 -12.4212 -3.06625
internal_weight=404 386 368 54 314 296 285 20 265 35 22 230 198 32 179 169 101 68 20 81 57 32 62 40 22 40 22 25 22 22
internal_count=404 386 368 54 314 296 285 20 265 35 22 230 198 32 179 169 101 68 20 81 57 32 62 40 22 40 22 25 22 22
is_linear=0
shrinkage=0.03


Tree=186
num_leaves=31
num_cat=0
split_feature=5 1 30 9 0 3 10 30 30 4 4 16 12 11 16 2 10 4 1 2 8 5 4 5 16 4 22 23 23 12
split_gain=5.09671e+07 4.25526e+07 5.87514e+07 5.10298e+07 4.33197e+07 3.08142e+07 5.68189e+07 5.35622e+07 2.63069e+07 2.5935e+07 2.66296e+07 1.85962e+07 3.05606e+07 5.21971e+07 1.71545e+07 1.62107e+07 1.18505e+07 1.14521e+07 9.18244e+06 6.76526e+06 6.43013e+06 5.64326e+06 5.60299e+06 5.52766e+06 3.99786e+06 3.04237e+06 2.39748e+06 1.95498e+06 1.59469e+06 565109
threshold=22421989.930000003 78161.070000000022 10.500000000000002 828153.47000000009 22169.155000000002 76616.280000000013 14260.084999999999 11.500000000000002 12.500000000000002 89481.960000000006 101960.43000000001 43007.503278684853 46412.571000000004 45077.897142857146 51049.915611264958 25881.180000000004 44334.47214285715 90404.325000000012 28114.625000000004 63190.055000000008 14391542.345000001 10417557.935000001 70593.74500000001 13905552.515000002 38266.65806254826 45809.820000000007 -0.05058416099371614 -0.15065085054871696 0.24936651517469852 45142.234000000004
decision_type=2 2 2 2 2 2 2 2 2 2 2 2 2 2 2 2 2 2 2 2 2 2 2 2 2 2 2 2 2 2
left_child=1 3 4 -1 -3 6 -5 15 9 11 -11 23 14 -14 16 -7 -13 20 -15 -16 21 29 25 -8 -25 -17 -26 -18 -20 -6
right_child=-2 2 -4 5 17 7 8 -9 -10 10 -12 12 13 18 19 22 27 -19 28 -21 -22 -23 -24 24 26 -27 -28 -29 -30 -31
leaf_value=59.877430297023025 -49.417587221098074 60.076777566616954 68.551767930693899 65.795763300554782 -13.393529271367761 -42.198626240457237 32.552412391776464 -84.233461150432603 37.238503265380857 -70.312314078818588 -2.7290109662867299 34.104498456580195 -88.689547228457315 -32.185919470074531 -28.975814738226092 -2.8191459392679139 10.092002584767895 21.601368583054729 7.3913643901704091 -1.3540887222961246 5.4670116480494517 -35.952920445399499 9.906204149663612 22.864236023846789 9.141255059643326 -24.810586821143303 -8.5652519922533443 -5.4702710446938045 -7.8416605789890488 -3.2985581469179976
leaf_weight=10.999999999999998 18 11.999999999999998 18 10.999999999999998 10.000000000000005 11.999999999999998 9.9999999999999982 10.999999999999998 12.999999999999998 11.000000000000002 9.9999999999999982 17 9.9999999999999982 12.999999999999998 14.999999999999998 13.000000000000002 14.999999999999996 13.999999999999998 11.000000000000002 17 17 9.9999999999999982 18 10.999999999999998 15.999999999999998 9.9999999999999982 12.000000000000002 14.000000000000004 13.999999999999998 9.9999999999999982
leaf_count=11 18 12 18 11 10 12 10 11 13 11 10 17 10 13 15 13 15 14 11 17 17 10 18 11 16 10 12 14 14 10
internal_value=-0.145071 2.15871 20.0869 -3.37415 8.09794 -5.83414 -0.502548 -24.1468 -4.00684 -6.75129 -38.2127 -2.96609 -9.06403 -27.8846 2.52833 -11.6083 14.2564 -2.16823 -11.7878 -14.3268 -9.26397 -17.6067 -2.6146 12.7076 7.58401 -12.4137 1.55101 2.5827 -1.13775 -8.36686
internal_weight=404 386 91 295 73 284 220 64 209 196 21 175 126 48 78 53 46 61 38 32 47 30 41 49 39 23 28 29 25 20
internal_count=404 386 91 295 73 284 220 64 209 196 21 175 126 48 78 53 46 61 38 32 47 30 41 49 39 23 28 29 25 20
is_linear=0
shrinkage=0.03


Tree=187
num_leaves=31
num_cat=0
split_feature=19 1 12 30 0 9 1 30 21 9 10 0 11 5 19 23 12 1 20 0 3 16 0 0 0 11 12 24 2 3
split_gain=5.24144e+07 3.95801e+07 5.76913e+07 9.15211e+07 4.94925e+07 4.78201e+07 2.85659e+07 3.84322e+07 9.00999e+07 2.07116e+07 2.38663e+07 2.09755e+07 1.82081e+07 3.43417e+07 1.80698e+07 1.67686e+07 1.21021e+07 1.14093e+07 1.06807e+07 1.00884e+07 1.3307e+07 9.25191e+06 6.90119e+06 6.27488e+06 6.75056e+06 4.13299e+06 4.03869e+06 3.46435e+06 3.20995e+06 2.67752e+06
threshold=21594174.265500005 78161.070000000022 39744.447166666672 10.500000000000002 37977.05000000001 828153.47000000009 51266.125000000007 10.500000000000002 -0.22252093395631442 17827696.325000003 19461.649285714284 22169.155000000002 45077.897142857146 9495667.4700000007 19257051.646666668 1.0000000180025095e-35 47255.555333333345 29283.360000000004 -1.0000000180025095e-35 36304.475000000013 73602.960000000006 48897.247105700961 93240.910000000018 72765.705000000016 58385.69000000001 51508.378928571437 54920.594499999999 1.0000000180025095e-35 51204.400000000009 43353.165000000008
decision_type=2 2 2 2 2 2 2 2 2 2 2 2 2 2 2 2 2 2 2 2 2 2 2 2 2 2 2 2 2 2
left_child=1 5 -3 4 -4 -1 9 12 -9 10 11 -7 13 15 -11 -8 -16 19 25 -12 21 -21 26 24 28 -14 29 -20 -19 -6
right_child=-2 2 3 -5 22 6 7 8 -10 14 17 -13 18 -15 16 -17 -18 23 27 20 -22 -23 -24 -25 -26 -27 -28 -29 -30 -31
leaf_value=58.089236793690674 -50.108148091915893 -30.286579429648835 67.498124517543687 94.337397559335287 10.303158971734712 -0.84461572417579711 23.462236523133583 10.105703510957602 -108.60085687281183 57.338269589552212 -37.290125780907744 57.901966060809229 -23.115126500194418 -59.214087500841515 -13.292532845751726 -29.017297203861062 32.206222078693443 14.376999331905628 8.1512292442480021 -5.7720395879661579 12.514668794435874 -38.088968625496385 -22.783844654595672 16.996341584504872 -26.015199165913593 0.45111622852314248 21.479464903874181 32.074025897125694 -5.6189827028734198 -9.1442642630136675
leaf_weight=10.999999999999998 18 17 11.999999999999998 15.999999999999998 11.000000000000002 12.000000000000002 12.000000000000002 11.000000000000002 11.999999999999998 10.000000000000002 15.999999999999998 9.9999999999999982 11.000000000000002 14.999999999999998 11.000000000000002 9.9999999999999982 9.9999999999999982 12.000000000000002 12.000000000000002 17 15.999999999999998 14.999999999999998 9.9999999999999982 17 9.9999999999999982 17 9.9999999999999982 9.9999999999999982 18 14.999999999999998
leaf_count=11 18 17 12 16 11 12 12 11 12 10 16 10 11 15 11 10 10 12 12 17 16 15 10 17 10 17 10 10 18 15
internal_value=-0.140933 2.19533 19.486 30.933 13.3759 -3.1408 -5.52219 -17.4849 -51.9294 2.04328 -2.77809 25.9291 -8.35428 -24.2935 24.2525 -0.403804 8.39858 -8.00614 3.45326 -16.6947 -9.79796 -20.9564 -0.800875 1.75557 -4.7349 -8.83175 5.32864 19.0733 2.39002 -0.912525
internal_weight=404 386 91 74 58 295 284 110 23 174 143 22 87 37 31 22 21 121 50 64 48 32 46 57 40 28 36 22 30 26
internal_count=404 386 91 74 58 295 284 110 23 174 143 22 87 37 31 22 21 121 50 64 48 32 46 57 40 28 36 22 30 26
is_linear=0
shrinkage=0.03


Tree=188
num_leaves=30
num_cat=0
split_feature=19 1 29 12 29 13 7 29 3 0 29 0 15 13 23 12 23 30 29 30 25 29 0 10 2 15 21 29 10
split_gain=4.93256e+07 3.72487e+07 5.83238e+07 5.42926e+07 1.1546e+08 1.54542e+08 4.62981e+07 1.82647e+07 5.36975e+07 4.54594e+07 2.80206e+07 2.76267e+07 1.39332e+07 6.18818e+06 6.47357e+06 4.59718e+06 3.7908e+06 2.99176e+06 3.26394e+06 1.89201e+06 1.89009e+06 1.57604e+06 1.45904e+06 1.28605e+06 1.18053e+06 1.57403e+06 949878 632882 523821
threshold=21594174.265500005 78161.070000000022 0.56841701361305397 39744.447166666672 32.285839286721725 50759.727500000001 1654838.6650000003 17114.705000000005 79697.49500000001 75253.420000000027 5.8369807468758159 56916.210000000006 48505.026189762517 34767.877666666674 0.94924387643636254 54519.098500000015 0.8698606264137535 10.500000000000002 64363.615000000005 6.5000000000000009 0.6830127018922193 39106.810000000005 89481.960000000006 54216.428571428572 63584.500000000007 41380.897017774005 -1.0000000180025095e-35 59991.75 47510.502857142863
decision_type=2 2 2 2 2 2 2 2 2 2 2 2 2 2 2 2 2 2 2 2 2 2 2 2 2 2 2 2 2
left_child=1 2 -1 -3 5 -5 -4 8 9 10 11 12 -8 -9 16 20 17 18 19 21 23 -15 24 -6 25 -20 -23 28 -21
right_child=-2 3 6 4 15 -7 7 13 -10 -11 -12 -13 -14 14 -16 -17 -18 -19 22 27 -22 26 -24 -25 -26 -27 -28 -29 -30
leaf_value=-58.657711642256402 -48.609069388857179 -29.380646664795634 55.321910147831353 143.4170048862596 -5.9458448870428651 -0.91356228871958867 -7.4061677622240616 20.533526611328121 -59.998974444529352 40.577242048604745 -58.362948787913602 -46.383121319671176 35.894126898421284 -4.0259982948683426 -17.738357158673562 19.581800625929187 19.034204589083974 -9.5540256169837274 8.2469665020407206 1.3660731123454524 -14.401962018368847 14.242161357452273 -0.90979873173916492 7.1338518298817695 4.2251856033488098 22.53927247496857 1.7250748819379644 -12.770311053475336 -8.1047480501200813
leaf_weight=15.999999999999998 18 17 12.999999999999998 15.000000000000002 13.000000000000002 11.999999999999998 15.000000000000002 15.999999999999998 18 17 10.999999999999998 9.9999999999999982 11.999999999999998 14.999999999999998 14.999999999999998 9.9999999999999982 11.999999999999998 19 15.000000000000002 10.000000000000005 9.9999999999999982 11.999999999999991 10.999999999999998 13.999999999999998 13.999999999999998 12.999999999999998 10.000000000000009 9.9999999999999982 10.999999999999998
leaf_count=16 18 17 13 15 13 12 15 16 18 17 11 10 12 15 15 10 12 19 15 10 10 12 11 14 14 13 10 10 11
internal_value=-0.136489 2.12989 -3.04669 18.9036 30.0083 79.387 0.152408 -2.55374 -14.222 -1.50896 -16.4412 -3.91603 11.8692 2.74088 1.03056 1.58756 2.88798 1.49771 3.23634 -1.11398 -3.29561 3.46461 8.81367 0.83687 11.3583 14.911 8.56939 -6.57553 -3.6023
internal_weight=404 386 295 91 74 27 279 266 83 65 48 37 27 183 167 47 152 140 121 68 37 37 53 27 42 28 22 31 21
internal_count=404 386 295 91 74 27 279 266 83 65 48 37 27 183 167 47 152 140 121 68 37 37 53 27 42 28 22 31 21
is_linear=0
shrinkage=0.03


Tree=189
num_leaves=30
num_cat=0
split_feature=0 0 14 3 14 0 8 15 29 3 4 4 29 1 17 29 1 29 1 4 22 3 14 3 15 29 16 15 22
split_gain=4.69272e+07 3.56643e+07 6.29012e+07 4.58934e+07 8.64261e+07 4.27276e+07 3.82521e+07 4.86571e+07 3.35071e+07 3.23899e+07 3.738e+07 3.53741e+07 2.85852e+07 2.35647e+07 1.242e+07 2.09831e+07 1.48441e+07 3.59911e+07 2.85312e+07 1.22241e+07 1.0402e+07 9.88206e+06 1.02456e+07 9.81371e+06 9.12987e+06 6.63298e+06 2.88883e+06 1.81725e+06 1.07969e+06
threshold=120940.16500000002 35132.160000000011 76621.946615672539 76616.280000000013 46565.845945021385 38975.890000000007 2630829.9650000003 52714.065897905246 0.84499823192235823 17114.705000000005 51204.400000000009 61962.870000000003 51904.395000000011 107547.12000000001 47491.413414078816 4.1122073779126174 56646.380000000012 25171.050000000007 73485.585000000006 93240.910000000018 0.61132034890850739 70947.800000000003 25297.296748201232 54182.630000000005 54796.633823105447 34766.000000000007 48112.145266017782 45653.025817500289 -0.25033082153100961
decision_type=2 2 2 2 2 2 2 2 2 2 2 2 2 2 2 2 2 2 2 2 2 2 2 2 2 2 2 2 2
left_child=1 3 5 9 -5 -3 7 -7 -8 12 20 -12 -1 14 16 -16 17 -10 -18 21 -11 22 -17 -20 -13 -24 -27 28 -19
right_child=-2 2 -4 4 -6 6 8 -9 13 10 11 24 -14 -15 15 19 18 27 23 -21 -22 -23 25 -25 -26 26 -28 -29 -30
leaf_value=-69.019008852830552 -47.411795339822099 49.493449072164182 75.144284906031174 1.2542336397884293 -98.027237829025097 87.875905267516131 -48.655622179754843 -5.5671569027117824 64.512485265947575 -2.4317684975739944 77.448255760989966 -0.12348012248362139 -0.43325328589475004 35.821163113317752 -43.621753277218637 20.872456610380713 -44.399201316395022 3.5011708200851857 -4.9513606859943042 -31.647383374297274 -41.383989931932128 19.456309629425288 -34.097500883643306 29.647753951757281 35.232488717605811 6.2899417006591838 -13.408249803022905 12.534483547868399 -8.8960042925023224
leaf_weight=10.000000000000002 18 18 11.999999999999998 18 13.999999999999998 10.000000000000002 12.999999999999998 9.9999999999999982 10.999999999999998 16.000000000000004 9.9999999999999982 19.000000000000004 11.999999999999998 15.999999999999998 13.999999999999998 9.9999999999999982 12.999999999999998 16.999999999999993 19.000000000000004 11.999999999999998 9.9999999999999982 19 9.9999999999999982 11.999999999999998 9.9999999999999982 11.000000000000002 17 12.999999999999998 10.000000000000009
leaf_count=10 18 18 12 18 14 10 13 10 11 16 10 19 12 16 14 10 13 17 19 12 10 19 10 12 10 11 17 13 10
internal_value=-0.132355 2.07824 8.16574 -11.578 -42.2666 4.99969 1.61069 41.257 -2.05201 -0.27239 10.3789 28.9395 -31.6944 0.929026 -2.04925 -9.84 5.57865 16.5863 -7.18451 -3.82956 -17.4641 1.17262 -6.07739 8.46802 12.1079 -13.1876 -5.67226 3.34245 -1.09833
internal_weight=404 386 267 119 32 255 237 20 217 87 65 39 22 204 188 93 95 51 44 79 26 67 48 31 29 38 28 40 27
internal_count=404 386 267 119 32 255 237 20 217 87 65 39 22 204 188 93 95 51 44 79 26 67 48 31 29 38 28 40 27
is_linear=0
shrinkage=0.03


Tree=190
num_leaves=31
num_cat=0
split_feature=17 29 29 1 29 2 5 29 10 10 15 14 15 14 17 29 17 30 12 3 11 29 1 10 3 23 14 11 29 29
split_gain=5.69034e+07 1.47019e+08 4.894e+07 3.73894e+07 5.67563e+07 2.87056e+07 4.28834e+07 2.38793e+07 2.26705e+07 3.35549e+07 2.00438e+07 2.11953e+07 3.45662e+07 1.57324e+07 1.43644e+07 3.27325e+07 1.69528e+07 1.0192e+07 8.28665e+06 9.47949e+06 1.1812e+07 1.95742e+07 2.24434e+07 5.89133e+06 4.89385e+06 4.01337e+06 3.8505e+06 3.77315e+06 1.75424e+06 1.42256e+06
threshold=52332.119800143781 4.6893075628024734 0.41152408773038568 106407.83500000001 33560.245000000003 -18615.414999999997 2004509.9550000003 17.53280127413025 17720.783571428576 24288.57714285715 56508.912057370246 23538.549760927966 36473.400643983776 49864.643476005884 50512.446589973384 42831.405000000006 40021.436199372176 8.5000000000000018 56483.678000000007 -21468.479999999996 43064.327500000007 17114.705000000005 55107.090000000004 58106.400000000016 52681.130000000005 0.8698606264137535 44767.208066661078 56788.316785714291 47983.345000000008 52550.825000000004
decision_type=2 2 2 2 2 2 2 2 2 2 2 2 2 2 2 2 2 2 2 2 2 2 2 2 2 2 2 2 2 2
left_child=2 -2 -1 5 -5 7 -7 -4 -8 -10 11 12 29 -3 16 -16 -13 -12 19 -18 24 22 -22 25 -21 28 -9 -17 -23 -11
right_child=1 13 3 4 -6 6 8 26 9 10 17 14 -14 -15 15 27 18 -19 -20 20 21 23 -24 -25 -26 -27 -28 -29 -30 -31
leaf_value=59.149623686691804 -128.448314987804 -16.723651256764906 -59.782451936885771 -90.521017273860139 2.9102182653026643 66.449532209937246 37.003263956780302 4.657209810717351 -38.188067846747316 -9.388244802560374 9.0354477839683387 34.3661511739095 -67.043436534369164 32.436930733296407 68.397705260319498 14.402116951673129 23.036423145484061 50.05944340416999 19.157512329671981 -3.7911894992179378 -60.768437738528178 -10.634557428003841 -7.7284989829375359 -16.408615502785509 21.202353377356207 20.142829189015856 -20.055143031789296 -8.6872792964607335 3.0517194044143756 5.3943062018669368
leaf_weight=12.999999999999998 10.999999999999998 14.000000000000002 10.999999999999998 10.000000000000002 13.999999999999998 9.9999999999999982 17 13.000000000000002 18 10.000000000000002 10.000000000000002 12.999999999999998 9.9999999999999982 9.9999999999999982 9.9999999999999982 15.000000000000002 10.999999999999998 11.999999999999998 15.999999999999998 12.000000000000002 13.000000000000002 11.999999999999998 15.999999999999998 19 17 9.9999999999999982 9.9999999999999982 10.999999999999998 28 13.999999999999998
leaf_count=13 11 14 11 10 14 10 17 13 18 10 10 13 10 10 10 15 11 12 16 12 13 12 16 19 17 10 10 11 28 14
internal_value=-1.34333 -37.8981 2.07305 0.015457 -36.1267 2.58673 5.51165 -23.5352 3.42799 1.3611 4.11654 1.57083 -20.3333 3.78478 5.24361 22.4176 1.53583 31.4749 -1.24582 -3.6175 -5.93427 -10.9104 -31.5687 -2.21136 10.8715 3.1946 -6.10749 4.6356 -1.06231 -0.771803
internal_weight=410 35 375 362 24 338 304 34 294 277 259 237 34 24 203 36 167 22 154 138 127 98 29 69 29 50 23 26 40 24
internal_count=410 35 375 362 24 338 304 34 294 277 259 237 34 24 203 36 167 22 154 138 127 98 29 69 29 50 23 26 40 24
is_linear=0
shrinkage=0.03


Tree=191
num_leaves=31
num_cat=0
split_feature=17 29 29 12 3 29 17 14 2 14 30 29 11 21 30 29 29 10 3 12 21 2 29 10 13 29 20 2 15 29
split_gain=5.35543e+07 1.3837e+08 4.60587e+07 2.48746e+07 1.7284e+07 2.00393e+07 7.41961e+07 1.48067e+07 1.39483e+07 1.55504e+07 2.19701e+07 4.39112e+07 2.2518e+07 5.14884e+07 1.84942e+07 9.16269e+06 8.16915e+06 8.0601e+06 7.17824e+06 4.94116e+06 4.35241e+06 7.71619e+06 3.55461e+06 1.79862e+06 1.62289e+06 1.35035e+06 1.05942e+06 1.01764e+06 946877 946073
threshold=52332.119800143781 4.6893075628024734 0.41152408773038568 59244.048666666677 111155.90000000001 0.91656783527364716 49023.429518820798 49864.643476005884 -37814.669999999998 23329.328736777945 8.5000000000000018 32.285839286721725 51079.498214285726 -1.0000000180025095e-35 9.5000000000000018 3.7519468051421385 38515.255000000012 48218.075714285726 19502.470000000005 34816.735166666673 1.0000000180025095e-35 45518.325000000004 22664.140000000003 42098.347142857143 47731.107583333338 57166.380000000012 0.6078576107927941 54430.460000000006 50426.260220342287 89382.47500000002
decision_type=2 2 2 2 2 2 2 2 2 2 2 2 2 2 2 2 2 2 2 2 2 2 2 2 2 2 2 2 2 2
left_child=2 -2 -1 4 5 6 -4 -3 16 14 15 12 13 -12 26 17 -7 -11 -13 -17 21 -20 -21 27 -22 28 -10 -24 -25 -26
right_child=1 7 3 -5 -6 8 -8 -9 9 10 11 18 -14 -15 -16 19 -18 -19 20 22 24 -23 23 25 29 -27 -28 -29 -30 -31
leaf_value=57.381932190642956 -124.61230297520147 -16.223727389841311 -62.709772261007068 -40.650290197613586 32.984171505544666 -40.643851072396785 40.079948858004897 31.468665188461983 -5.3700321688196953 2.7377916430995461 108.79042728475854 24.188747833378578 9.8362890735470856 18.942970598782736 -46.938477992579948 -16.388856461468865 -3.9613437130243447 -31.036171704669332 6.0765715450666722 19.357715159449082 -3.6602122406461333 -27.888336362086886 14.128469075554628 -6.6871148991712266 4.5606556451142701 4.8678347975175011 7.8210185833831325 3.7878301848794456 3.6855090991404258 17.624857797195659
leaf_weight=12.999999999999998 10.999999999999998 14.000000000000002 17.000000000000004 12.999999999999998 14.999999999999998 10.000000000000002 9.9999999999999982 9.9999999999999982 12.000000000000002 11.000000000000002 11 11.999999999999998 10.999999999999998 12 10.999999999999998 10.999999999999998 11.999999999999998 14.999999999999998 12.000000000000002 12.999999999999998 10.000000000000002 11.999999999999998 14.999999999999998 28 10.000000000000002 28 9.9999999999999982 20 10.999999999999998 9.9999999999999982
leaf_count=13 11 14 17 13 15 10 10 10 12 11 11 12 11 12 11 11 12 15 12 13 10 12 15 28 10 28 10 20 11 10
internal_value=-1.30327 -36.766 2.01104 0.0149361 1.53529 0.118192 -24.6358 3.67221 2.29891 4.07678 6.61322 17.5303 45.2008 62.0563 -15.2732 -0.572489 -20.6896 -16.7694 3.25241 2.77505 -1.41818 -10.9286 4.61444 2.72684 6.19565 -0.153705 0.630039 8.23337 -3.76053 11.1204
internal_weight=410 35 375 362 349 334 27 24 307 285 252 100 34 23 33 152 22 26 66 126 54 24 115 102 30 67 22 35 39 20
internal_count=410 35 375 362 349 334 27 24 307 285 252 100 34 23 33 152 22 26 66 126 54 24 115 102 30 67 22 35 39 20
is_linear=0
shrinkage=0.03


Tree=192
num_leaves=31
num_cat=0
split_feature=17 29 29 1 0 2 5 29 10 10 15 14 15 1 2 29 14 17 1 30 5 14 29 14 10 1 14 0 14 29
split_gain=5.04027e+07 1.30229e+08 4.33467e+07 3.53308e+07 6.06104e+07 2.61323e+07 4.06328e+07 2.18397e+07 2.04232e+07 3.18696e+07 1.81891e+07 1.92056e+07 3.24053e+07 1.40373e+07 1.75824e+07 3.21568e+07 1.39355e+07 1.09269e+07 1.56676e+07 9.0448e+06 8.8418e+06 9.07578e+06 9.10444e+06 6.34697e+06 6.02784e+06 4.60754e+06 3.57367e+06 3.4677e+06 2.14596e+06 1.36529e+06
threshold=52332.119800143781 4.6893075628024734 0.41152408773038568 106407.83500000001 54138.695000000007 -18615.414999999997 2004509.9550000003 17.53280127413025 17720.783571428576 24288.57714285715 56508.912057370246 23538.549760927966 36473.400643983776 -20461.674999999996 40815.385000000002 32.285839286721725 49864.643476005884 50996.317007891274 57703.840000000004 8.5000000000000018 21043549.935000002 33817.796060297318 27301.705000000002 42318.739505835205 59955.45285714286 77239.040000000023 44767.208066661078 40078.865000000005 43734.034498211113 52550.825000000004
decision_type=2 2 2 2 2 2 2 2 2 2 2 2 2 2 2 2 2 2 2 2 2 2 2 2 2 2 2 2 2 2
left_child=2 -2 -1 5 -5 7 -7 -4 -8 -10 11 12 29 -13 15 -15 -3 20 -19 -12 21 25 23 -23 -24 27 -9 -16 -17 -11
right_child=1 16 3 4 -6 6 8 26 9 10 19 13 -14 14 17 28 -18 18 -20 -21 -22 22 24 -25 -26 -27 -28 -29 -30 -31
leaf_value=55.667067674658753 -120.89084953204537 -15.738747061189803 -57.074129130505867 -91.32979247819128 5.2145512618204028 64.622094236914791 35.144357789786326 4.6272071082016506 -37.228396209125044 -8.7782821256722947 8.9206923527504056 -21.855990215551074 -64.502127940619175 56.052831816463524 23.956373122642773 0.25095052896249315 30.529301885348644 -1.083712286236642 48.789561986211517 47.569825383736379 23.516369842943561 -45.162796066056416 3.4548242383312662 -12.106487719505619 -21.661465086877591 -11.147289674673505 -19.17994566960121 3.3839827059301113 16.869209585616833 5.7035037247735829
leaf_weight=12.999999999999998 10.999999999999998 14.000000000000002 10.999999999999998 10.000000000000002 13.999999999999998 9.9999999999999982 17 13.000000000000002 18 10.000000000000002 10.000000000000002 15.999999999999998 9.9999999999999982 17 13.000000000000002 23 9.9999999999999982 13.000000000000002 9.9999999999999982 11.999999999999998 10.999999999999998 10.000000000000002 30 10.999999999999998 11.999999999999998 9.9999999999999982 9.9999999999999982 17 9.9999999999999982 13.999999999999998
leaf_count=13 11 14 11 10 14 10 17 13 18 10 10 16 10 17 13 23 10 13 10 12 11 10 30 11 12 10 10 17 10 14
internal_value=-1.26424 -35.6677 1.95108 0.0146271 -35.1185 2.51411 5.30485 -22.4095 3.27661 1.31483 4.00018 1.5751 -19.2756 5.07122 7.38038 22.5978 3.563 1.82036 20.6591 30.0621 -1.98784 -4.72168 -11.8139 -27.9175 -3.73848 6.44937 -5.74288 12.3237 5.30469 -0.336279
internal_weight=410 35 375 362 24 338 304 34 294 277 259 237 34 203 187 50 24 137 23 22 114 103 63 21 42 40 23 30 33 24
internal_count=410 35 375 362 24 338 304 34 294 277 259 237 34 203 187 50 24 137 23 22 114 103 63 21 42 40 23 30 33 24
is_linear=0
shrinkage=0.03


Tree=193
num_leaves=31
num_cat=0
split_feature=19 22 29 17 29 12 12 29 1 29 10 16 10 20 30 25 16 29 17 1 20 29 29 2 1 3 21 4 29 22
split_gain=4.83857e+07 2.59699e+07 8.83706e+07 4.30613e+07 8.92852e+07 3.52159e+07 3.05558e+07 6.96294e+07 6.60529e+07 7.82067e+07 2.52331e+07 2.72122e+07 1.87475e+07 1.79067e+07 1.76514e+07 2.55423e+07 1.49318e+07 1.37415e+07 1.0261e+07 7.63454e+06 6.87916e+06 1.1718e+07 6.0033e+06 4.87435e+06 3.36938e+06 1.58551e+06 2.2199e+06 1.56482e+06 1.48231e+06 561827
threshold=21594174.265500005 -0.87322439853274625 32.285839286721725 52332.119800143781 12806.415000000003 58311.892000000007 46938.529833333341 0.73598419398967929 55107.090000000004 1.0053703463594095 19461.649285714284 51297.302879385439 50486.071428571435 -1.0000000180025095e-35 9.5000000000000018 0.6830127018922193 48730.257992438455 2.0271744677712724 47692.879831538121 50139.635000000002 -1.0000000180025095e-35 33560.245000000003 34766.000000000007 45809.820000000007 42029.805000000008 40927.200000000004 -1.0000000180025095e-35 53025.730000000003 78174.335000000021 0.52828508881293679
decision_type=2 2 2 2 2 2 2 2 2 2 2 2 2 2 2 2 2 2 2 2 2 2 2 2 2 2 2 2 2 2
left_child=1 2 -1 5 -5 6 8 -8 10 -10 -3 16 18 -14 17 19 24 -9 -11 -16 22 -22 -19 -4 27 -23 -27 -12 -25 -24
right_child=-2 3 23 4 -6 -7 7 14 9 12 11 -13 13 -15 15 -17 -18 20 -20 -21 21 25 29 28 -26 26 -28 -29 -30 -31
leaf_value=72.601548959326564 -50.70277908190954 40.477731875922728 -16.497441358020929 -109.68048783487343 4.402792386919538 -49.627841617061883 81.372082468879668 -33.798135421525181 -107.67765539368585 -19.656813688792621 15.242116581453816 -32.638875230450488 -6.5953845579232713 -60.937068125617948 29.259290097364726 64.574717348013351 38.504687470812812 -25.633178345002737 17.491539794186814 -3.7143439955725346 39.012175238310398 9.7539733886718754 6.2467489423794955 -2.3363412217750441 -12.99729054863773 -11.080496921776739 6.470070277583976 -0.80734346304366833 10.661108759544074 -3.320839162973257
leaf_weight=19 17 19 17 10.000000000000002 15.999999999999998 11.999999999999998 11.999999999999998 9.9999999999999982 9.9999999999999982 12.000000000000002 12.000000000000002 15.999999999999998 10.000000000000002 11.999999999999998 10.000000000000002 9.9999999999999982 13.999999999999998 10.999999999999998 14.999999999999998 17 9.9999999999999982 19 11.000000000000002 18 9.9999999999999982 11.999999999999993 14.000000000000007 9.9999999999999982 13.999999999999998 10.999999999999998
leaf_count=19 17 19 17 10 16 12 12 10 10 12 12 16 10 12 10 10 14 11 15 17 10 19 11 18 10 12 14 10 14 11
internal_value=-1.22666 0.919709 17.7722 -2.60854 -39.6017 0.614345 2.72334 12.2742 -7.30585 -31.437 10.2797 1.00029 -15.7837 -36.3073 6.1043 23.7436 12.7236 -0.564166 0.975345 8.52962 3.22947 9.72334 -7.59199 -3.54055 1.4019 3.17864 -1.63591 7.96162 3.3578 1.46627
internal_weight=410 393 68 325 26 299 287 147 140 59 81 62 49 22 135 37 46 98 27 27 88 55 33 49 32 45 26 22 32 22
internal_count=410 393 68 325 26 299 287 147 140 59 81 62 49 22 135 37 46 98 27 27 88 55 33 49 32 45 26 22 32 22
is_linear=0
shrinkage=0.03


Tree=194
num_leaves=30
num_cat=0
split_feature=19 22 29 30 12 14 23 29 29 29 22 22 14 16 14 15 16 30 4 2 11 0 12 11 29 11 2 8 3
split_gain=4.55338e+07 2.444e+07 8.31613e+07 3.22811e+07 2.85399e+07 3.57184e+07 8.97899e+07 4.27684e+07 3.50994e+07 1.15128e+07 3.54478e+07 1.11665e+07 1.95736e+07 1.57869e+07 1.45644e+07 9.63095e+06 7.1471e+06 6.76555e+06 1.47331e+07 4.58716e+06 4.50433e+06 1.96732e+06 2.34512e+06 1.90557e+06 2.20444e+06 1.45731e+06 1.43497e+06 1.13952e+06 424021
threshold=21594174.265500005 -0.87322439853274625 32.285839286721725 13.500000000000002 54670.526500000007 70229.404694509562 1.0000000180025095e-35 0.48628610801958011 29854.990000000005 1.9072875616446696 -0.25033082153100961 -0.25033082153100961 24261.303290986136 51740.900776468632 63099.12885675126 55627.969975701584 47394.921645916504 8.5000000000000018 41587.085000000006 45809.820000000007 50942.379642857159 42029.805000000008 47255.555333333345 52269.351785714294 29854.990000000005 44601.249642857154 87392.215000000011 12624109.160000002 56699.250000000007
decision_type=2 2 2 2 2 2 2 2 2 2 2 2 2 2 2 2 2 2 2 2 2 2 2 2 2 2 2 2 2
left_child=1 2 -1 4 5 7 -7 -3 -6 10 -9 17 -13 14 20 -15 -12 23 -19 -4 21 22 -14 24 -11 28 -21 -10 -23
right_child=-2 3 19 -5 8 6 -8 9 27 11 16 12 13 15 -16 -17 -18 18 -20 26 -22 25 -24 -25 -26 -27 -28 -29 -30
leaf_value=70.429218814879889 -49.1861572265625 52.77664191585847 -16.003969412884754 -47.010610646963961 68.982475926325861 7.6848466476905362 -98.105924943472829 -55.914672699517624 10.510085664793499 -13.551177693836719 -11.434961083123294 -34.404719496962102 2.244826735311479 -6.0483997945710408 40.309994597933184 -41.290534165326285 21.973180254767918 -5.455818984757606 42.161411001673791 9.2129298861774878 -15.939410578179681 1.2641825802593305 22.77731614753381 9.9777421846164476 4.1638446908542486 -7.6999677349422972 -3.5002578735351562 -2.184887730266174 9.4150727975422424
leaf_weight=19 17 12.999999999999998 17 13.999999999999998 10.999999999999998 18.000000000000004 11.999999999999998 13.999999999999998 15.000000000000002 10.000000000000002 12.000000000000002 18 10.000000000000002 19.000000000000004 9.9999999999999982 10.999999999999998 10.999999999999998 10.000000000000002 13.999999999999998 17 10.999999999999998 12.000000000000002 9.9999999999999982 19 17 11.999999999999998 14.999999999999998 10.999999999999998 10.999999999999998
leaf_count=19 17 13 17 14 11 18 12 14 15 10 12 18 10 19 10 11 11 10 14 17 11 12 10 19 17 12 15 11 11
internal_value=-1.19027 0.891885 17.2404 -2.53086 -0.521318 -3.86224 -34.7243 -0.0613863 24.1914 -3.04573 -18.3695 -0.119184 -5.52636 -0.608577 6.66592 -19.0177 4.55585 9.45635 22.3508 -3.43458 1.54167 5.04919 12.5423 2.71184 -2.4102 0.755645 3.25746 5.14525 5.1744
internal_weight=410 393 68 325 311 274 30 244 37 231 37 194 124 106 76 30 23 70 24 49 66 55 20 46 27 35 32 26 23
internal_count=410 393 68 325 311 274 30 244 37 231 37 194 124 106 76 30 23 70 24 49 66 55 20 46 27 35 32 26 23
is_linear=0
shrinkage=0.03


Tree=195
num_leaves=31
num_cat=0
split_feature=29 14 3 29 16 16 3 29 3 15 19 4 29 11 14 2 29 1 0 6 16 29 16 14 0 24 0 14 22 20
split_gain=7.63663e+07 2.93597e+07 8.03614e+07 2.90214e+07 6.89964e+07 2.57693e+07 1.79109e+07 3.43183e+07 3.9726e+07 1.91091e+07 3.52314e+07 1.82068e+07 1.29746e+07 3.60501e+07 2.2391e+07 2.05985e+07 9.70363e+06 8.76734e+06 8.72423e+06 5.02298e+06 4.81456e+06 3.2263e+06 1.77083e+06 1.72493e+06 1.39885e+06 955649 1.50073e+06 1.39673e+06 916409 757244
threshold=0.37358695828773819 76621.946615672539 33041.265000000007 1.0053703463594095 49842.013845013651 60216.797140095288 17114.705000000005 6857.5300000000016 -24763.654999999995 52564.925964738635 2675844.8885000008 -39164.154999999992 20942.990000000002 51293.698928571437 33696.901254264718 62410.760000000009 3.0201460719841715 65293.415000000008 64022.775000000009 7417855.8400000008 49740.997618909787 34766.000000000007 52076.685749068616 41400.765282756438 71189.940000000017 0.25000000000000011 48800.580000000009 27264.233662270217 -0.05058416099371614 1.0000000180025095e-35
decision_type=2 2 2 2 2 2 2 2 2 2 2 2 2 2 2 2 2 2 2 2 2 2 2 2 2 2 2 2 2 2
left_child=-1 3 -3 4 -2 6 7 8 -5 10 -8 -12 13 14 -13 -15 -11 18 19 -18 -19 -14 25 24 -9 27 -27 -23 -29 -28
right_child=1 2 -4 5 -6 -7 9 23 -10 16 11 12 21 15 -16 -17 17 20 -20 -21 -22 22 -24 -25 -26 26 29 28 -30 -31
leaf_value=-74.601350675084277 -71.341371996157633 99.331542331069215 -8.8881385589314394 -3.5070284259853062 16.650561637521903 45.565578755105676 55.093552914548169 11.362587397958523 -87.981775448927223 -36.118349627594448 -31.56260250920084 12.616671794356259 -10.68773793936624 -35.877961240742529 68.99665351943716 22.051632331399354 6.3211135507744025 24.407230394458328 -37.27302276839071 -19.31053081844852 -2.518297797784038 2.5571229203839163 -7.3164786723122663 -6.3512950219840638 -2.3501719168408424 8.7606620661681998 2.5128781416549004 18.952791408117978 7.0180040782956912 -7.5699556048639218
leaf_weight=11.999999999999998 15.999999999999998 10.000000000000002 15.999999999999998 10.000000000000002 15.999999999999998 11.999999999999998 13.999999999999998 17.000000000000004 9.9999999999999982 9.9999999999999982 10.999999999999998 11.000000000000002 13.999999999999998 11.000000000000002 14.999999999999998 10.999999999999998 16.000000000000004 11.000000000000002 9.9999999999999982 11.999999999999998 12.999999999999998 15.999999999999998 9.9999999999999982 15.999999999999998 10.999999999999998 24 17.000000000000004 14 10 10.999999999999998
leaf_count=12 16 10 16 10 16 12 14 17 10 10 11 11 14 11 15 11 16 11 10 12 13 16 10 16 11 24 17 14 10 11
internal_value=-0.204587 2.06472 32.8456 -0.108273 -27.3881 2.48577 0.888368 -13.3277 -45.8585 4.37618 9.38581 5.7145 8.22365 21.3326 45.2136 -6.92884 -8.77148 -4.33515 -13.2939 -4.67872 9.84766 2.79239 4.64693 1.49431 5.98085 5.95057 3.26399 9.43469 14.0049 -1.45467
internal_weight=407 395 26 369 32 337 325 64 20 261 189 175 164 48 26 22 72 62 38 28 24 116 102 44 28 92 52 40 24 28
internal_count=407 395 26 369 32 337 325 64 20 261 189 175 164 48 26 22 72 62 38 28 24 116 102 44 28 92 52 40 24 28
is_linear=0
shrinkage=0.03


Tree=196
num_leaves=31
num_cat=0
split_feature=0 16 30 4 30 11 3 0 7 8 22 1 5 12 4 11 3 11 30 3 5 12 12 30 0 5 3 5 0 6
split_gain=5.21023e+07 3.72119e+07 1.077e+08 6.06937e+07 8.58564e+07 6.91197e+07 4.79004e+07 3.72043e+07 2.71058e+07 3.48645e+07 2.14026e+07 2.07722e+07 1.93422e+07 1.40572e+07 2.59316e+07 1.01634e+07 9.0242e+06 7.6784e+06 7.35958e+06 6.45939e+06 5.46248e+06 5.45678e+06 7.43716e+06 6.77103e+06 3.72615e+06 2.57247e+06 2.46233e+06 2.53111e+06 2.00209e+06 648683
threshold=120940.16500000002 47394.921645916504 11.500000000000002 44641.500000000007 12.500000000000002 23156.239642857148 49707.610000000008 55791.415000000008 11037862.315000003 7365540.1350000007 -0.87322439853274625 34153.360000000008 15791519.115000002 46876.580166666674 76501.760000000024 45527.477142857148 -21468.479999999996 46786.571428571428 8.5000000000000018 73602.960000000006 6040231.9500000011 54670.526500000007 53656.972833333341 7.5000000000000009 21859.955000000005 6869097.0250000013 71508.345000000016 19116069.830000002 67239.700000000026 15080519.200000001
decision_type=2 2 2 2 2 2 2 2 2 2 2 2 2 2 2 2 2 2 2 2 2 2 2 2 2 2 2 2 2 2
left_child=1 2 13 5 8 -3 7 -7 9 10 -5 -8 -10 14 19 18 -15 -13 20 25 -12 22 24 -23 -18 -1 27 28 -26 -27
right_child=-2 3 -4 4 -6 6 11 -9 12 -11 15 17 -14 16 -16 -17 21 -19 -20 -21 -22 23 -24 -25 26 29 -28 -29 -30 -31
leaf_value=-18.670754054055283 -50.025407056200869 -74.892604406839581 -79.289288562763474 56.332526090457961 108.99573947280199 3.1174994280957797 -50.547476622702057 68.914660609453577 68.417476224351191 -29.024129401019405 23.153526097214559 -21.105327626778372 20.896870170052594 -21.338617842944696 -43.383331748816971 -16.894051121953709 23.788648648499361 12.10840985857207 39.024108499555446 21.469576548106634 -4.8696398329460751 7.0268465353841574 -18.717761092380158 35.433802124549601 -5.1399390034291921 5.2784731281337436 -5.6413622986042622 18.784962653434995 12.676539275895303 -5.0434217017715897
leaf_weight=9.9999999999999982 18 11.999999999999998 17 10.999999999999998 9.9999999999999982 19 12.999999999999998 12.999999999999998 12.999999999999998 18 12.000000000000002 12.000000000000002 19 9.9999999999999982 17 9.9999999999999982 10.999999999999998 12.999999999999998 9.9999999999999982 9.9999999999999982 12.999999999999998 18.000000000000004 10.999999999999998 12.999999999999998 13.000000000000002 10.000000000000002 14.999999999999998 13.999999999999998 9.9999999999999982 11.999999999999998
leaf_count=10 18 12 17 11 10 19 13 13 13 18 12 12 19 10 17 10 11 13 10 10 13 18 11 13 13 10 15 14 10 12
internal_value=-0.198601 2.11314 -7.3331 11.225 25.1856 -8.52749 2.89473 29.9134 17.2313 7.24439 18.9176 -19.8673 40.2787 -0.282144 -12.1809 9.71938 5.82508 -3.84449 17.3365 0.485222 8.60085 8.42102 3.98896 18.9773 7.96533 -6.09565 4.59845 8.75173 2.61705 -0.350321
internal_weight=407 389 191 198 116 82 70 32 106 74 56 38 32 174 59 45 115 25 35 42 25 105 74 31 63 32 52 37 23 22
internal_count=407 389 191 198 116 82 70 32 106 74 56 38 32 174 59 45 115 25 35 42 25 105 74 31 63 32 52 37 23 22
is_linear=0
shrinkage=0.03


Tree=197
num_leaves=31
num_cat=0
split_feature=29 14 2 29 16 16 12 22 29 29 20 17 29 24 15 10 20 16 29 10 2 4 10 23 11 5 0 25 13 4
split_gain=6.97589e+07 2.66284e+07 4.78518e+07 2.70036e+07 6.37588e+07 2.34805e+07 2.01759e+07 1.80879e+07 3.16249e+07 5.95549e+07 7.2849e+07 1.33565e+07 2.38751e+07 4.24986e+07 2.91941e+07 3.24451e+06 2.74233e+06 2.41956e+06 2.95013e+06 2.15436e+06 2.29551e+06 1.77686e+06 2.02725e+06 1.69001e+06 1.06225e+06 1.03579e+06 984884 864501 818704 796244
threshold=0.37358695828773819 76621.946615672539 56916.210000000006 1.0053703463594095 49842.013845013651 60216.797140095288 59244.048666666677 -0.05058416099371614 32.285839286721725 2.3954351829683938 1.0000000180025095e-35 40021.436199372176 12806.415000000003 0.25000000000000011 53594.260733261814 51197.872142857152 0.6078576107927941 48499.539074122644 76586.755000000019 27957.640714285717 62045.810000000005 89481.960000000006 67065.815000000017 -0.050649168838713086 44601.249642857154 15791519.115000002 59157.110000000008 -0.24999999999999994 49714.082500000011 48042.525000000001
decision_type=2 2 2 2 2 2 2 2 2 2 2 2 2 2 2 2 2 2 2 2 2 2 2 2 2 2 2 2 2 2
left_child=-1 3 -3 4 -2 6 7 8 9 -5 -11 -9 13 14 -13 16 29 25 -19 20 -14 22 23 24 27 -17 -25 -21 -27 -10
right_child=1 2 -4 5 -6 -7 -8 11 15 10 -12 12 19 -15 -16 17 -18 18 -20 21 -22 -23 -24 26 -26 28 -28 -29 -30 -31
leaf_value=-71.297775483823898 -68.659347477137487 71.874732449410942 -9.4132551171313761 -14.151188517062462 15.927071145316152 43.531525267011396 -33.037240336978947 22.309510765202415 8.1315710023392054 14.649529319585751 113.76178020303179 30.659306738842481 19.802956652285442 -61.116982947690332 -31.65834744273555 7.6024774791907701 -3.5891908930635998 -2.2228084955189029 -22.520254619085964 9.1222635346839915 -0.49646038226227257 10.428391300030608 9.3581077177133132 -15.516795006867866 -8.1494398747094614 -7.5141395030674571 -3.5006800637316347 -3.0406080900733139 4.0837346774428633 18.120446728472182
leaf_weight=11.999999999999998 15.999999999999998 13.000000000000002 12.999999999999998 15.999999999999998 15.999999999999998 11.999999999999998 14.999999999999998 14.999999999999998 15.000000000000002 15.000000000000002 11.999999999999998 13.000000000000002 10.000000000000002 18 13.999999999999998 17 12.999999999999998 18.000000000000004 9.9999999999999982 10.999999999999993 9.9999999999999982 9.9999999999999982 9.9999999999999982 16.000000000000014 10.999999999999998 12.000000000000002 9.9999999999999982 10 9.9999999999999982 13.999999999999998
leaf_count=12 16 13 13 16 16 12 15 15 15 15 12 13 10 18 14 17 13 18 10 11 10 10 10 16 11 12 10 10 10 14
internal_value=-0.192345 1.97657 31.2907 -0.0928821 -26.4073 2.40936 0.884541 2.53098 9.91766 31.6882 58.8283 -4.57608 -7.40306 -25.4796 -1.65234 1.31868 7.85097 -2.779 -9.49912 0.906168 9.67732 -1.3476 -3.08576 -5.23746 -0.618047 2.05169 -10.9108 3.33695 -2.24507 12.9767
internal_weight=407 395 26 369 32 337 325 310 152 43 27 158 143 45 27 109 42 67 28 98 20 78 68 58 32 39 26 21 22 29
internal_count=407 395 26 369 32 337 325 310 152 43 27 158 143 45 27 109 42 67 28 98 20 78 68 58 32 39 26 21 22 29
is_linear=0
shrinkage=0.03


Tree=198
num_leaves=29
num_cat=0
split_feature=29 30 30 1 29 15 1 29 3 6 17 29 11 29 29 14 6 22 3 13 13 25 30 29 3 5 30 25
split_gain=6.56533e+07 3.10202e+07 4.75549e+07 1.06803e+08 2.54377e+07 1.26569e+08 1.433e+07 2.48662e+07 4.22962e+07 7.95859e+06 7.80164e+06 1.94475e+07 6.16704e+06 4.69294e+06 1.75335e+07 1.37196e+07 4.51254e+06 4.16519e+06 5.14241e+06 2.80729e+06 2.10249e+06 1.82932e+06 1.73336e+06 2.78794e+06 1.29885e+06 971089 823960 875203
threshold=0.37358695828773819 14.500000000000002 11.500000000000002 60183.490000000013 0.71562937656960035 52316.942819453034 29283.360000000004 17114.705000000005 75253.420000000027 1654838.6650000003 51231.137864221433 28604.970000000005 52832.781071428581 3.7519468051421385 32.285839286721725 36206.660114122569 10602080.995000003 -0.87322439853274625 37137.240000000005 55443.143083333336 47731.107583333338 -0.9330127018922193 9.5000000000000018 51604.580000000009 35132.160000000011 14706349.430000002 7.5000000000000009 -1.0000000180025095e-35
decision_type=2 2 2 2 2 2 2 2 2 2 2 2 2 2 2 2 2 2 2 2 2 2 2 2 2 2 2 2
left_child=-1 2 4 -4 5 -2 7 8 -6 -8 13 -12 -13 15 -15 -11 -17 -9 -19 21 -20 -16 23 24 -23 -26 -25 -28
right_child=1 -3 3 -5 6 -7 9 17 -10 10 11 12 -14 14 19 16 -18 18 20 -21 -22 22 -24 26 25 -27 27 -29
leaf_value=-69.167718531185159 -41.453852867012571 49.311703377244875 13.838558641568881 -93.116374049392647 -65.830619152994231 105.70370659806609 -18.419854495733109 -14.115789149905634 13.70970850702542 -24.558128978274862 54.810857769980352 16.626672230136688 -12.700151403626398 36.3095703695422 14.090753304780417 -2.1029597068596559 22.932752376572225 -7.5158353207048423 6.1403480664026686 17.612249873234674 22.175997363561869 2.8193801879882812 -8.3989304266243341 11.73414726557694 -14.053927871894039 -2.2217491040284605 8.9435317131780874 -0.41786539122814237
leaf_weight=11.999999999999998 10.000000000000002 11.999999999999998 19 14.999999999999998 15.000000000000002 10.999999999999998 11.999999999999998 11.999999999999998 9.9999999999999982 18 9.9999999999999982 18.000000000000004 9.9999999999999982 15.999999999999998 9.9999999999999982 14.000000000000002 11.999999999999998 17 17.000000000000004 10.999999999999998 12.999999999999998 17 15.999999999999998 19 12.000000000000002 12.999999999999998 16.999999999999986 19.000000000000014
leaf_count=12 10 12 19 15 15 11 12 12 10 18 10 18 10 16 10 14 12 17 17 11 13 17 16 19 12 13 17 19
internal_value=-0.186414 1.91771 0.426537 -33.4149 3.72772 35.6967 1.6758 -9.00796 -34.0506 5.35491 6.58834 19.0098 6.14884 4.151 6.67766 -4.46041 9.47382 1.62319 5.65238 3.12729 13.1145 1.82526 0.734067 2.24409 -3.57368 -7.91791 6.68597 4.00907
internal_weight=407 395 383 34 349 21 328 84 25 244 232 38 28 194 150 44 26 59 47 134 30 123 113 97 42 25 55 36
internal_count=407 395 383 34 349 21 328 84 25 244 232 38 28 194 150 44 26 59 47 134 30 123 113 97 42 25 55 36
is_linear=0
shrinkage=0.03


Tree=199
num_leaves=31
num_cat=0
split_feature=29 30 30 1 29 15 1 29 10 7 29 29 14 14 2 13 2 11 13 30 29 10 4 23 13 29 25 1 16 13
split_gain=6.17892e+07 2.91942e+07 4.47543e+07 1.00511e+08 2.39406e+07 1.19123e+08 1.34859e+07 2.34011e+07 2.43355e+07 7.90084e+06 5.94322e+06 2.75607e+07 2.22938e+07 3.53321e+07 5.95482e+06 5.59514e+06 4.03046e+06 2.99707e+06 2.88902e+06 3.27547e+06 2.22647e+06 1.98288e+06 1.26872e+06 1.14968e+06 1.11e+06 1.45727e+06 890454 844429 840385 647714
threshold=0.37358695828773819 14.500000000000002 11.500000000000002 60183.490000000013 0.71562937656960035 52316.942819453034 29283.360000000004 17114.705000000005 30641.922142857144 1487273.175 32.285839286721725 5.8369807468758159 41791.287824770588 50539.421624839211 73602.960000000006 45621.865666666672 14431.305000000002 25789.980714285717 55443.143083333336 9.5000000000000018 66409.170000000013 60025.747857142858 76557.895000000004 0.75486518014148152 42097.727416666676 34766.000000000007 -1.0000000180025095e-35 73485.585000000006 45979.798635902807 51198.779500000011
decision_type=2 2 2 2 2 2 2 2 2 2 2 2 2 2 2 2 2 2 2 2 2 2 2 2 2 2 2 2 2 2
left_child=-1 2 4 -4 5 -2 7 8 -6 -8 11 12 14 -14 15 -11 -9 -12 19 20 22 -22 24 26 -19 -26 -18 -24 -23 -27
right_child=1 -3 3 -5 6 -7 9 16 -10 10 17 -13 13 -15 -16 -17 23 18 -20 -21 21 28 27 -25 25 29 -28 -29 -30 -31
leaf_value=-67.101292476416617 -40.216424469449613 47.838485249246297 13.424490680844764 -90.332165517205013 -4.5459269205729154 102.54694552184229 -19.595145702793584 -15.734745629154034 -63.745481929541619 -14.773508733990544 19.203299098228339 59.715113135949885 71.031377217306982 -8.5793617362406707 -27.68285877740205 12.508035147996134 6.9880657452894868 5.227839029508571 17.086273262403669 -10.786702805410792 17.370812744951721 10.090323183429771 1.219292384180529 13.638341318536128 -13.155587844532059 -4.0024805285973457 -2.1992356223743044 12.803881730606305 -1.2760045631924557 4.2406485283511799
leaf_weight=11.999999999999998 10.000000000000002 11.999999999999998 19 14.999999999999998 13.000000000000002 10.999999999999998 10.999999999999998 9.9999999999999982 11.999999999999998 13.000000000000002 9.9999999999999982 9.9999999999999982 10.000000000000002 9.9999999999999982 9.9999999999999982 13.999999999999998 19.999999999999996 14.999999999999998 10.999999999999998 18 14.999999999999998 10.000000000000002 13.000000000000002 10.999999999999998 11.999999999999998 25 18.000000000000004 9.9999999999999982 13.999999999999998 12.999999999999998
leaf_count=12 10 12 19 15 13 11 11 10 12 13 10 10 10 10 10 14 20 15 11 18 15 10 13 11 12 25 18 10 14 13
internal_value=-0.180738 1.86053 0.413907 -32.4159 3.61642 34.6303 1.62579 -8.73853 -33.0322 5.1949 6.36919 13.9077 5.82601 31.3039 -7.96948 -0.630551 1.57467 3.32328 2.2995 1.17224 2.87079 8.83254 0.225136 5.11964 -1.91803 -4.06487 2.63901 6.27292 3.4711 -1.1806
internal_weight=407 395 383 34 349 21 328 84 25 244 233 67 57 20 37 27 59 166 156 145 127 39 88 49 65 50 38 23 24 38
internal_count=407 395 383 34 349 21 328 84 25 244 233 67 57 20 37 27 59 166 156 145 127 39 88 49 65 50 38 23 24 38
is_linear=0
shrinkage=0.03


Tree=200
num_leaves=31
num_cat=0
split_feature=29 27 16 4 29 30 24 29 22 30 10 29 10 2 20 4 30 30 4 29 29 16 1 21 23 2 29 13 13 4
split_gain=8.11636e+07 2.78757e+07 3.85146e+07 2.25433e+07 3.09089e+07 2.89799e+07 4.92255e+07 4.6511e+07 1.49208e+07 2.25268e+07 1.19692e+07 1.84092e+07 2.62152e+07 1.69257e+07 1.41031e+07 1.17542e+07 1.17307e+07 9.80731e+06 8.33899e+06 4.75392e+06 4.4796e+06 3.62195e+06 2.38128e+06 1.85873e+06 1.72333e+06 1.2973e+06 1.17908e+06 830226 1.16289e+06 824581
threshold=0.37358695828773819 1.0000000180025095e-35 61970.865192031029 74883.980000000025 0.91656783527364716 10.500000000000002 -0.5 32.285839286721725 -0.05058416099371614 8.5000000000000018 43254.637857142858 33560.245000000003 48431.235000000008 73602.960000000006 -1.0000000180025095e-35 52681.130000000005 11.500000000000002 9.5000000000000018 54454.580000000009 2.2784295271125132 37635.530000000006 50331.094440542765 32605.680000000004 1.0000000180025095e-35 0.24936651517469852 48153.225000000006 59357.150000000009 42097.727416666676 48966.912416666666 37529.295000000006
decision_type=2 2 2 2 2 2 2 2 2 2 2 2 2 2 2 2 2 2 2 2 2 2 2 2 2 2 2 2 2 2
left_child=-1 2 3 5 -5 10 -7 -8 17 20 14 12 -12 18 15 21 -9 22 -14 -16 -10 -2 -6 25 -24 -21 27 -13 -29 -28
right_child=1 -3 -4 4 8 6 7 16 9 -11 11 26 13 -15 19 -17 -18 -19 -20 23 -22 -23 24 -25 -26 -27 29 28 -30 -31
leaf_value=-79.988339136736414 22.671127429806798 -42.522467884285319 59.016231733641469 -59.765599492770512 -12.624875788902168 -33.599461768990132 75.326970234067403 -6.6707180067040435 -17.202602466184693 -45.298420330297162 -59.802581317608173 6.475842519906851 29.357789127862262 -36.254237966408013 -18.161929913421172 44.978546000635895 34.396628947277783 32.051733786811653 -8.4157697720764979 7.6218569340052911 7.5522081900769331 -1.6394598775319922 10.278933062511452 13.256016723024487 -5.3880357884649017 -5.40273792587708 9.8358461776217396 -11.293262688081651 1.889179332390972 2.4250887492094613
leaf_weight=10.999999999999998 11.000000000000002 11.999999999999998 10.999999999999998 9.9999999999999982 9.9999999999999982 9.9999999999999982 19 13.000000000000002 10.000000000000002 15.999999999999998 10.999999999999998 10.999999999999998 10.000000000000002 10.999999999999998 9.9999999999999982 14.999999999999998 11.999999999999998 10.999999999999998 10.999999999999998 12.000000000000002 19 10.999999999999998 17.000000000000004 14.999999999999998 9.9999999999999982 15.999999999999998 31 10.000000000000002 14.999999999999998 24
leaf_count=11 11 12 11 10 10 10 19 13 10 16 11 11 10 11 10 15 12 11 11 12 19 11 17 15 10 16 31 10 15 24
internal_value=0.227841 2.42157 3.80266 2.20103 -9.7846 6.64271 26.3595 40.0092 -4.38107 -16.7826 1.88474 -3.79826 -19.9623 -6.19525 10.3435 24.5432 13.0709 7.25073 9.59865 0.416684 -0.99885 10.5397 -0.155842 4.75337 4.47712 0.182867 3.84645 -0.374676 -3.39581 6.6072
internal_weight=415 404 392 381 103 278 54 44 93 45 224 134 43 32 90 37 25 48 21 53 29 22 37 43 27 28 91 36 25 55
internal_count=415 404 392 381 103 278 54 44 93 45 224 134 43 32 90 37 25 48 21 53 29 22 37 43 27 28 91 36 25 55
is_linear=0
shrinkage=0.03


Tree=201
num_leaves=31
num_cat=0
split_feature=17 30 10 16 30 0 30 30 16 4 12 10 23 20 1 16 30 0 12 0 0 11 23 17 23 2 5 28 4 4
split_gain=4.64579e+07 8.01754e+07 1.03446e+08 3.8748e+07 5.92489e+07 1.56692e+08 4.3566e+07 2.07435e+07 1.9156e+07 1.70898e+07 3.31661e+07 1.35767e+07 1.22466e+07 1.40221e+07 1.04149e+07 8.934e+06 1.76947e+07 1.37024e+07 5.65699e+06 5.21054e+06 7.95203e+06 5.56464e+06 5.46852e+06 5.15504e+06 4.97525e+06 5.04586e+06 3.90054e+06 4.28294e+06 2.67218e+06 1.15408e+06
threshold=52421.529338944041 7.5000000000000009 55975.010000000009 47394.921645916504 10.500000000000002 68227.74500000001 11.500000000000002 4.5000000000000009 51794.161367961126 92819.765000000029 46978.993000000009 19461.649285714284 0.43813463158589139 -1.0000000180025095e-35 5285.5150000000021 46994.772841901744 9.5000000000000018 57703.840000000004 36378.608000000015 59815.805000000015 8535.985000000006 43064.327500000007 0.60896546470132462 46995.279944693189 -0.52625006705264832 35994.895000000011 15791519.115000002 1.0000000180025095e-35 39538.755000000005 53025.730000000003
decision_type=2 2 2 2 2 2 2 2 2 2 2 2 2 2 2 2 2 2 2 2 2 2 2 2 2 2 2 2 2 2
left_child=3 -2 -3 6 7 8 9 -5 -6 15 -11 -9 14 -14 -13 16 19 -18 -16 20 -1 -22 28 26 25 -20 -21 -28 -23 -26
right_child=1 2 -4 4 5 -7 -8 11 -10 10 -12 12 13 -15 18 -17 17 -19 24 23 21 22 -24 -25 29 -27 27 -29 -30 -31
leaf_value=-11.499779660682979 19.571696155332646 -140.05158791613218 -3.7461425325763753 40.331996716027973 28.842769202234994 148.48592142133569 -49.946325413077822 23.735962689016745 -22.843161967263292 -66.45646189219913 3.9590046157076504 -25.957264601294671 -47.14033380568835 -3.1884722558137408 -12.645630504211148 -25.118396406031362 5.4826867174746363 55.114567110431722 8.3378207442404229 14.603477899197539 28.091112088609016 9.1749659749717161 19.225730662751406 -19.87934581381462 -5.6476258747613182 35.954085019487053 -14.852073357048935 8.6310775506550339 -9.7654111912523192 6.9191718244177149
leaf_weight=19 14.999999999999998 10.000000000000002 9.9999999999999982 12.999999999999998 18.000000000000004 9.9999999999999982 18 19 9.9999999999999982 10.000000000000002 14.999999999999998 9.9999999999999982 11.000000000000002 15.999999999999998 10.999999999999998 9.9999999999999982 10.000000000000002 9.9999999999999982 12.999999999999995 10.999999999999998 12.999999999999998 11.000000000000002 17 18 10.000000000000009 10.999999999999998 19 11.000000000000002 17 19
leaf_count=19 15 10 10 13 18 10 18 19 10 10 15 10 11 16 11 10 10 10 13 11 13 11 17 18 10 11 19 11 17 19
internal_value=0.220692 -32.8278 -72.0782 3.26855 13.8573 46.8679 -5.39625 4.41169 10.3757 -1.18584 -24.2836 0.505144 -3.87459 -21.1488 2.43819 2.29901 4.06402 30.3742 6.89178 0.185135 5.32382 10.8402 5.8309 -6.52011 10.9548 21.0437 -0.638006 -6.24155 -2.32146 2.58353
internal_weight=415 35 20 380 171 38 209 133 28 191 25 120 101 27 74 166 156 20 64 136 77 58 45 59 53 24 41 30 28 29
internal_count=415 35 20 380 171 38 209 133 28 191 25 120 101 27 74 166 156 20 64 136 77 58 45 59 53 24 41 30 28 29
is_linear=0
shrinkage=0.03


Tree=202
num_leaves=31
num_cat=0
split_feature=29 12 0 29 9 12 29 14 0 10 16 0 11 29 13 0 29 6 2 29 4 3 3 15 15 10 5 14 12 21
split_gain=7.4321e+07 2.62172e+07 2.48881e+07 5.5932e+07 4.54748e+07 2.46259e+07 3.11699e+07 3.15079e+07 1.7519e+07 1.74274e+07 1.80264e+07 2.20376e+07 1.20507e+07 2.1429e+07 2.19341e+07 7.74333e+06 1.58836e+07 1.33011e+07 6.83933e+06 6.40288e+06 4.80442e+06 3.02369e+06 3.2165e+06 2.32363e+06 2.24277e+06 1.94356e+06 1.24859e+06 1.14306e+06 753711 613492
threshold=0.37358695828773819 59244.048666666677 34999.410000000011 0.71562937656960035 1581420.5000000002 52831.623166666672 35669.69000000001 37789.715325643709 38975.890000000007 24780.751428571431 59942.545713965759 102553.38500000002 62171.128928571437 17114.705000000005 47326.691500000008 15580.789999999997 12806.415000000003 18235842.98 39538.755000000005 12806.415000000003 91434.375000000015 65228.990000000013 76326.985000000015 39727.16698597536 58083.630164595474 49768.320714285728 13541694.285000002 24534.495501873094 49499.602666666666 1.0000000180025095e-35
decision_type=2 2 2 2 2 2 2 2 2 2 2 2 2 2 2 2 2 2 2 2 2 2 2 2 2 2 2 2 2 2
left_child=-1 2 3 -2 -4 8 7 -7 -6 -10 11 12 13 14 18 17 -17 19 -11 -5 21 27 -23 -8 26 -18 -21 -15 29 -29
right_child=1 -3 4 15 5 6 23 -9 9 10 -12 -13 -14 20 -16 16 25 -19 -20 24 -22 22 -24 -25 -26 -27 -28 28 -30 -31
leaf_value=-76.546313587033367 -59.753868602146611 -39.516557996026393 56.19854681289091 20.585108278024247 31.693175159340282 16.804231414104471 15.794248953632925 90.380455996385251 31.41814034999102 10.764622748076022 -41.607624347393326 32.559893854591138 26.075740483981455 14.447441925399604 -53.286447542850098 -35.664088488812972 11.39838196832514 35.29590530078935 -20.804314796946869 3.0080007793218102 -19.376290164776698 -18.025110905850088 3.0124359554219464 -0.18369264667536936 -17.457744245386834 -4.6837673669573903 -9.8453050755742773 -2.9702776817240317 10.198446576348665 5.8960690528896773
leaf_weight=10.999999999999998 15.999999999999998 12.999999999999998 17 10.999999999999998 14.999999999999998 11.000000000000002 12.999999999999998 9.9999999999999982 12.999999999999998 10.000000000000002 10.999999999999998 14.999999999999998 9.9999999999999982 12.999999999999998 15.999999999999998 13.999999999999998 14.000000000000002 11.999999999999998 15.999999999999998 21.000000000000004 9.9999999999999982 11.000000000000002 15.999999999999998 22 9.9999999999999982 12.999999999999998 9.9999999999999982 14.000000000000002 12.999999999999998 13.999999999999998
leaf_count=11 16 13 17 11 15 11 13 10 13 10 11 15 10 13 16 14 14 12 16 21 10 11 16 22 10 13 10 14 13 14
internal_value=0.214063 2.31329 3.70892 -7.59523 8.77533 5.57831 23.1235 51.972 0.58623 -1.98553 -4.56357 -1.97221 -5.60458 -7.99546 -25.7068 0.377416 -9.79431 6.89624 -8.66506 0.314855 0.18865 2.61454 -5.57589 5.76504 -5.14195 3.66078 -1.1474 6.71112 4.24353 1.4655
internal_weight=415 404 391 121 270 253 56 21 197 182 169 158 143 133 42 105 41 64 26 52 91 81 27 35 41 27 31 54 41 28
internal_count=415 404 391 121 270 253 56 21 197 182 169 158 143 133 42 105 41 64 26 52 91 81 27 35 41 27 31 54 41 28
is_linear=0
shrinkage=0.03


Tree=203
num_leaves=31
num_cat=0
split_feature=29 12 30 14 3 29 8 11 30 29 17 10 12 15 29 1 10 14 30 16 10 3 10 14 25 22 1 2 29 22
split_gain=6.99482e+07 2.46737e+07 4.64793e+07 2.18155e+07 4.41703e+07 2.87863e+07 5.32463e+07 3.91848e+07 1.36664e+07 4.08938e+07 1.141e+07 1.73916e+07 6.83861e+06 7.62188e+06 7.17445e+06 8.83206e+06 2.49629e+07 1.35727e+07 7.79699e+06 9.26189e+06 3.64202e+06 2.26991e+06 1.8553e+06 3.96818e+06 1.62589e+06 1.13183e+06 925192 836152 1.008e+06 821234
threshold=0.37358695828773819 59244.048666666677 14.500000000000002 76621.946615672539 49208.640000000007 1.0053703463594095 14480592.775000002 41646.645000000011 10.500000000000002 4.1122073779126174 46913.943682038553 60025.747857142858 54717.941833333338 43556.388738142829 38515.255000000012 28114.625000000004 32460.462857142858 23851.254348922772 6.5000000000000009 48344.130084033859 39120.188571428575 34999.410000000011 57329.899285714295 43734.034498211113 -0.9330127018922193 0.95291462550664241 73485.585000000006 28604.970000000005 80893.050000000017 0.25033082153100911
decision_type=2 2 2 2 2 2 2 2 2 2 2 2 2 2 2 2 2 2 2 2 2 2 2 2 2 2 2 2 2 2
left_child=-1 2 3 5 -5 6 7 -2 12 -10 -11 -12 14 -14 15 16 -7 -17 20 -20 -19 -22 24 26 -16 27 -24 29 -29 -26
right_child=1 -3 -4 4 -6 8 -8 -9 9 10 11 -13 13 -15 22 17 -18 18 19 -21 21 -23 23 -25 25 -27 -28 28 -30 -31
leaf_value=-74.260314223345574 36.093089680651893 -38.335603595602102 67.279939566085574 77.070661994592442 -9.8925366708056401 11.648192243433705 -84.105206754314352 -42.125803834388691 71.262107370860534 23.401618241564616 10.532533103070298 -39.226728148958571 -1.4835452945753071 30.965830318407075 16.43864565607327 -35.106620686089805 -51.297055720186776 9.2876219253194812 -0.3645677763840246 37.982841400601963 -0.0086067027096295209 -17.124709902785895 -2.2953928234070302 -18.935232543945311 4.7638078316250718 -4.4654649931808992 7.1846050471149976 1.0735264463773975 11.583574938418259 15.72914681413055
leaf_weight=10.999999999999998 12.000000000000002 12.999999999999998 9.9999999999999982 10.000000000000002 10.999999999999998 10.000000000000002 9.9999999999999982 10.999999999999998 9.9999999999999982 17 17.000000000000004 9.9999999999999982 13.000000000000002 12.999999999999998 9.9999999999999982 9.9999999999999982 12.999999999999998 10.999999999999998 13.000000000000002 9.9999999999999982 11.000000000000002 19 19 9.9999999999999982 14.000000000000002 12.999999999999998 18 45 9.9999999999999982 10.999999999999998
leaf_count=11 12 13 10 10 11 10 10 11 10 17 17 10 13 13 10 10 13 11 13 10 11 19 19 10 14 13 18 45 10 11
internal_value=0.207698 2.24423 3.59816 1.91812 31.6032 0.182336 -26.5 -1.32618 2.87869 16.6611 4.18499 -7.93527 0.149947 14.7694 -1.39162 -7.74762 -23.9637 -2.69472 2.39309 16.3544 -5.44927 -10.8593 2.7198 -2.21773 4.97283 3.73177 2.31997 5.06578 2.99323 9.61032
internal_weight=415 404 391 381 21 360 33 23 327 54 44 27 273 26 247 97 23 74 64 23 41 30 150 47 103 93 37 80 55 25
internal_count=415 404 391 381 21 360 33 23 327 54 44 27 273 26 247 97 23 74 64 23 41 30 150 47 103 93 37 80 55 25
is_linear=0
shrinkage=0.03


Tree=204
num_leaves=31
num_cat=0
split_feature=29 27 16 0 29 14 30 29 23 29 25 4 1 11 1 0 30 1 29 10 16 21 29 4 16 23 14 24 13 2
split_gain=6.58327e+07 2.57452e+07 3.60956e+07 2.25487e+07 5.79982e+07 4.43756e+07 7.58428e+07 4.34968e+07 3.79809e+07 1.76242e+07 2.81099e+07 1.84936e+07 1.37796e+07 2.52224e+07 1.20925e+07 1.35245e+07 6.98725e+06 4.25804e+06 5.09261e+06 4.19227e+06 3.25356e+06 2.84196e+06 2.73808e+06 2.44277e+06 2.24528e+06 1.67146e+06 1.29589e+06 854735 841970 684036
threshold=0.37358695828773819 1.0000000180025095e-35 61970.865192031029 36304.475000000013 0.71562937656960035 41090.096768460688 12.500000000000002 12806.415000000003 1.0000000180025095e-35 6.711850151100716 0.25000000000000017 58592.835000000006 31752.875000000004 45673.326785714293 72915.470000000016 95272.540000000023 8.5000000000000018 69819.690000000017 25171.050000000007 50486.071428571435 53624.12485178974 1.0000000180025095e-35 78174.335000000021 52058.60500000001 52076.685749068616 1.0000000180025095e-35 43734.034498211113 -1.0000000180025095e-35 47898.276250000003 51204.400000000009
decision_type=2 2 2 2 2 2 2 2 2 2 2 2 2 2 2 2 2 2 2 2 2 2 2 2 2 2 2 2 2 2
left_child=-1 2 3 4 -2 9 7 8 -7 10 11 -5 13 23 15 20 -16 18 -14 24 27 -21 29 -6 25 28 -19 -11 -9 -20
right_child=1 -3 -4 5 12 6 -8 19 -10 14 -12 -13 17 -15 16 -17 -18 26 22 21 -22 -23 -24 -25 -26 -27 -28 -29 -30 -31
leaf_value=-72.042585857960958 -63.78746751550819 -41.015118021984811 56.956019143497237 18.307606843018441 -9.9295838990362473 13.788101941206323 95.15467472335331 9.8792106913333075 78.887544592589251 7.9917708166222354 -60.09350250370769 -34.992630004882805 29.910430293296699 -56.711841116378551 5.5580325237645667 -37.755367529570165 33.527042562386086 -13.058180419010895 5.9409298825518499 -21.351326782778909 -15.504746938107617 -0.26422050760989363 17.158807123258867 9.6000542953301249 -5.940476722278814 16.743237092910711 1.836821101262019 -0.18459187223818732 -0.76756578743259773 -3.1245351987464405
leaf_weight=10.999999999999998 14.999999999999998 11.999999999999998 10.999999999999998 14.000000000000002 11.000000000000002 19 10.999999999999998 12.000000000000002 13.999999999999998 19.999999999999993 11.999999999999998 9.9999999999999982 9.9999999999999982 9.9999999999999982 21 9.9999999999999982 12.999999999999998 10.000000000000002 14.000000000000002 11.000000000000002 9.9999999999999982 11.999999999999998 13.999999999999998 11.999999999999998 12.999999999999998 13.999999999999998 10.999999999999998 27.000000000000007 14.999999999999998 15.999999999999998
leaf_count=11 15 12 11 14 11 19 11 12 14 20 12 10 10 10 21 10 13 10 14 11 10 12 14 12 13 14 11 27 15 16
internal_value=0.201515 2.17723 3.50451 1.95402 -8.61383 6.99287 20.2279 12.6954 41.4836 -4.69959 -22.7068 -3.9274 -0.924857 -17.0649 1.72689 -5.66775 16.2856 6.1834 10.6383 0.338687 -0.0101825 -10.3738 6.22934 0.258514 4.90679 8.34921 -5.27021 3.29951 3.97385 1.10886
internal_weight=415 404 392 381 123 258 121 110 33 137 36 24 108 33 101 67 34 75 54 77 57 23 44 23 54 41 21 47 27 30
internal_count=415 404 392 381 123 258 121 110 33 137 36 24 108 33 101 67 34 75 54 77 57 23 44 23 54 41 21 47 27 30
is_linear=0
shrinkage=0.03


Tree=205
num_leaves=31
num_cat=0
split_feature=29 14 29 22 30 3 6 15 14 30 14 30 29 29 11 22 29 12 5 11 29 1 14 20 1 15 14 10 3 30
split_gain=4.73023e+07 1.306e+08 1.21665e+08 7.22033e+07 7.20163e+07 6.14e+07 2.2106e+07 1.77766e+07 1.56843e+07 9.80112e+06 9.42207e+06 1.87991e+07 1.5396e+07 3.50192e+07 1.26355e+07 9.26924e+06 7.23495e+06 3.21516e+06 1.75019e+06 2.01576e+06 1.48325e+06 1.34783e+06 1.88698e+06 2.4274e+06 1.21964e+06 1.08946e+06 1.00386e+06 618250 506010 460929
threshold=2.9128661964864033 70229.404694509562 0.48628610801958011 -0.25033082153100961 13.500000000000002 40078.865000000005 1654838.6650000003 52198.197562823218 39981.58670614352 3.5000000000000004 23329.328736777945 9.5000000000000018 32.285839286721725 6.2595914749359158 42734.238928571438 0.34685948904333835 104819.83000000002 56864.549333333336 21366801.750000004 63986.70678571429 44641.500000000007 55791.415000000008 65600.229089509565 0.87837969732492682 74883.980000000025 55540.109238197118 20404.705518925872 46344.567142857144 76533.169999999998 7.5000000000000009
decision_type=2 2 2 2 2 2 2 2 2 2 2 2 2 2 2 2 2 2 2 2 2 2 2 2 2 2 2 2 2 2
left_child=1 2 -1 5 6 -4 -2 15 -7 -8 11 26 13 14 -12 -5 17 18 19 20 27 22 23 28 -23 -26 -11 -14 29 -22
right_child=4 -3 3 7 -6 8 9 -9 -10 10 12 -13 16 -15 -16 -17 -18 -19 -20 -21 21 24 -24 -25 25 -27 -28 -29 -30 -31
leaf_value=79.947943325700422 -37.328781829483205 -95.319340430117066 -114.10436962753978 -1.3990549115992299 70.351027475811833 0.76152153878190365 -19.46628840382148 -22.287748775244747 -48.780066411821672 7.281170074583037 32.302261124795926 -42.741179960777316 -12.527703245362233 71.887571784631518 -10.597024514741985 34.974332864263538 21.641857950428712 15.51095468367653 11.569468317420235 -13.780440464304453 5.2122496598431844 12.939225443232525 -12.414792008205776 -12.630543039805852 -2.0553252663199353 10.154099524199072 -4.4407957959530959 -2.4285494285995037 9.4707759714838264 -0.73684055105654778
leaf_weight=12.999999999999998 12.999999999999998 17 9.9999999999999982 10.000000000000002 13.999999999999998 11.000000000000002 17 11.999999999999998 11.999999999999998 19.000000000000004 10.000000000000002 10.999999999999998 10.000000000000002 9.9999999999999982 15.999999999999998 17 17 12.999999999999998 10.999999999999998 9.9999999999999982 22 13.999999999999998 10.999999999999998 9.9999999999999982 19.000000000000004 9.9999999999999982 9.9999999999999982 11.999999999999998 9.9999999999999982 25
leaf_count=13 13 17 10 10 14 11 17 12 12 19 10 11 10 10 16 17 17 13 11 10 22 14 11 10 19 10 10 12 10 25
internal_value=-1.79859 -19.5426 -4.34014 -19.6037 3.96759 -52.228 0.858485 8.03289 -25.136 2.59442 3.98678 -9.44354 6.32403 24.328 5.93303 21.525 2.97767 1.17946 0.0390477 -0.793446 0.119235 1.42275 -0.928467 0.965199 5.68388 2.16505 3.23843 -7.03707 3.3594 2.05042
internal_weight=416 102 85 72 314 33 300 39 23 287 270 40 230 36 26 27 194 177 164 153 143 121 78 67 43 29 29 22 57 47
internal_count=416 102 85 72 314 33 300 39 23 287 270 40 230 36 26 27 194 177 164 153 143 121 78 67 43 29 29 22 57 47
is_linear=0
shrinkage=0.03


Tree=206
num_leaves=31
num_cat=0
split_feature=29 14 29 30 3 20 6 23 25 30 14 30 29 29 11 29 16 29 10 10 14 3 14 4 1 29 15 17 23 25
split_gain=4.45181e+07 1.22902e+08 1.14504e+08 6.7775e+07 4.69045e+07 2.24603e+07 2.08045e+07 1.94126e+07 2.22889e+07 9.22364e+06 8.86789e+06 1.76928e+07 1.44912e+07 3.29593e+07 1.1892e+07 6.80862e+06 2.25126e+06 2.12526e+06 1.60083e+06 1.63697e+06 1.72e+06 1.2668e+06 944741 784520 772466 1.16561e+06 666025 471950 230074 159249
threshold=2.9128661964864033 70229.404694509562 0.48628610801958011 13.500000000000002 25249.850000000002 0.87837969732492682 1654838.6650000003 0.43813463158589139 -0.68301270189221952 3.5000000000000004 23329.328736777945 9.5000000000000018 32.285839286721725 6.2595914749359158 42734.238928571438 104819.83000000002 59427.114536473295 48407.975000000006 68714.420714285734 58106.400000000016 65600.229089509565 49208.640000000007 20404.705518925872 80208.835000000006 52838.025000000001 75872.645000000004 46704.054095588894 43727.111291254965 -0.52625006705264832 -0.24999999999999994
decision_type=2 2 2 2 2 2 2 2 2 2 2 2 2 2 2 2 2 2 2 2 2 2 2 2 2 2 2 2 2 2
left_child=1 2 -1 6 -4 7 -2 8 -6 -8 11 22 13 14 -12 16 17 23 19 20 24 -21 -11 26 27 -26 -14 -19 -29 -30
right_child=3 -3 4 -5 5 -7 9 -9 -10 10 12 -13 15 -15 -16 -17 -18 18 -20 21 -22 -23 -24 -25 25 -27 -28 28 29 -31
leaf_value=77.558695615571111 -36.213209025065105 -92.468146109930572 -66.126451937146356 68.248010373370079 21.778674498600751 -44.981261350881994 -18.884012221171357 25.843343587559975 -34.559972048225276 7.0633082412359265 31.338014790549192 -41.464746280169592 -11.757350734289851 69.741673347131524 -10.280104742317556 20.99450628554716 -12.646427007575532 8.7137420922814801 15.309251426582904 3.129014095801899 -4.4278619962673247 -9.4001533989890458 -4.3082347243579466 1.3832327099457329 5.6800819307478276 18.222234734582681 -1.6186972860080091 5.7705930097070803 -2.0649827983044946 3.153572930862647
leaf_weight=12.999999999999998 12.999999999999998 17 14.999999999999998 13.999999999999998 9.9999999999999947 10.999999999999998 17 19 17.000000000000007 19.000000000000004 10.000000000000002 10.999999999999998 14.000000000000002 9.9999999999999982 15.999999999999998 17 9.9999999999999982 14.999999999999998 9.9999999999999982 14.000000000000002 14.999999999999998 14.999999999999998 9.9999999999999982 13.999999999999998 17.000000000000004 10.999999999999998 9.9999999999999982 10.999999999999988 10.999999999999989 10.000000000000021
leaf_count=13 13 17 15 14 10 11 17 19 17 19 10 11 14 10 16 17 10 15 10 14 15 15 10 14 17 11 10 11 11 10
internal_value=-1.74488 -18.9588 -4.21118 3.84902 -19.0188 -6.57492 0.832864 2.64807 -13.6921 2.51693 3.86764 -9.16173 6.13511 23.6021 5.75629 2.88857 1.14415 1.97347 3.81009 2.83775 4.83447 -3.35661 3.14142 -4.25819 6.68865 10.6311 -7.54506 4.33118 2.26647 0.421632
internal_weight=416 102 85 314 72 57 300 46 27 287 270 40 230 36 26 194 177 167 129 119 90 29 29 38 75 28 24 47 32 21
internal_count=416 102 85 314 72 57 300 46 27 287 270 40 230 36 26 194 177 167 129 119 90 29 29 38 75 28 24 47 32 21
is_linear=0
shrinkage=0.03


Tree=207
num_leaves=31
num_cat=0
split_feature=29 15 16 1 21 5 2 0 0 29 23 4 2 2 29 4 29 29 21 5 29 21 15 23 5 10 8 5 10 0
split_gain=4.40851e+07 1.93406e+08 3.23271e+07 2.30918e+07 1.11325e+07 3.4373e+07 1.05809e+07 1.07819e+07 1.0559e+07 9.3196e+06 8.8301e+06 1.10416e+07 1.55646e+07 1.73173e+07 2.67636e+07 1.26272e+07 2.30368e+07 8.46058e+06 6.83996e+06 6.63645e+06 5.19678e+06 4.41528e+06 4.1055e+06 4.73538e+06 4.07094e+06 3.5665e+06 3.49383e+06 2.77721e+06 1.99194e+06 1.44219e+06
threshold=0.56841701361305397 54459.350536635553 61970.865192031029 108816.73000000003 -0.56174490092936669 2946927.3500000006 90404.325000000012 90404.325000000012 59815.805000000015 0.91656783527364716 0.94924387643636254 48574.275000000001 65054.950000000004 37258.665000000008 29854.990000000005 12737.505000000003 33560.245000000003 48407.975000000006 1.0000000180025095e-35 16035082.835000003 21859.955000000005 1.0000000180025095e-35 56162.022465149981 0.60896546470132462 11337831.710000003 60632.633571428574 15374251.845000001 7417855.8400000008 52156.999285714293 36304.475000000013
decision_type=2 2 2 2 2 2 2 2 2 2 2 2 2 2 2 2 2 2 2 2 2 2 2 2 2 2 2 2 2 2
left_child=1 -1 3 4 5 -2 7 8 22 -6 11 15 13 21 -15 26 -17 -10 -12 -16 -14 -13 23 -7 -23 27 28 -18 -11 -22
right_child=2 -3 -4 -5 9 6 -8 -9 17 10 18 12 20 14 19 16 25 -19 -20 -21 29 24 -24 -25 -26 -27 -28 -29 -30 -31
leaf_value=35.359678229145025 62.119558926705103 -122.48362447804418 51.509722209947675 -33.659382225734042 -26.009537883500609 -0.4997371839192099 -20.270046969919441 35.471067204194902 -33.891489023237071 -7.0162578880588864 -35.640589193628905 -13.812894347618364 -27.57760428812966 63.656283674568961 0.70327091375546424 -43.667734138721237 -8.105430398058532 3.4080239877661231 -2.2122898947599245 31.13769007440823 -10.397183876555426 -6.892248155412628 28.584015712453358 22.39368674250559 16.492712821848581 -14.768351945843134 21.278690816395315 12.264267971507733 7.5863004188837966 3.8767270230771698
leaf_weight=15.000000000000002 9.9999999999999982 12.999999999999998 10.999999999999998 18 13.999999999999998 25 13.999999999999998 10.999999999999998 10.000000000000002 14.999999999999998 11.000000000000002 12.999999999999998 9.9999999999999982 12.999999999999998 18.000000000000004 18 10.000000000000002 11.999999999999998 10.999999999999998 9.9999999999999982 11.000000000000002 11.000000000000002 9.9999999999999982 11.999999999999998 17 13.999999999999998 9.9999999999999982 14.999999999999998 19 14.999999999999998
leaf_count=15 10 13 11 18 14 25 14 11 10 15 11 13 10 13 18 18 10 12 11 10 11 11 10 12 17 14 10 15 19 15
internal_value=-1.69256 -38.0124 0.93302 -0.549328 1.11524 9.38505 3.74496 7.95762 3.54891 -2.25872 -0.873898 0.947826 7.17854 14.3952 28.1691 -6.33157 -15.6456 -13.5847 -18.9694 11.6088 -9.25656 0.603731 11.5748 6.94536 7.30985 -2.67292 5.73837 4.11647 1.14315 -2.1706
internal_weight=416 28 388 377 359 104 94 80 69 255 241 219 118 82 41 101 57 22 22 28 36 41 47 37 28 39 44 25 34 26
internal_count=416 28 388 377 359 104 94 80 69 255 241 219 118 82 41 101 57 22 22 28 36 41 47 37 28 39 44 25 34 26
is_linear=0
shrinkage=0.03


Tree=208
num_leaves=31
num_cat=0
split_feature=29 15 30 27 7 29 3 30 29 10 12 30 15 17 29 29 29 15 14 14 5 17 15 30 29 4 3 15 15 10
split_gain=4.14905e+07 1.82018e+08 5.08439e+07 3.13165e+07 2.21375e+07 1.39695e+07 2.48846e+07 1.39265e+07 2.79343e+07 1.25308e+07 2.39975e+07 2.13655e+07 8.14748e+06 6.05228e+06 1.39058e+07 2.82392e+07 6.35908e+06 6.31494e+06 5.05253e+06 4.85683e+06 4.3717e+06 1.64392e+06 1.57816e+06 2.4759e+06 1.68812e+06 1.28337e+06 1.14038e+06 864394 650180 630393
threshold=0.56841701361305397 54459.350536635553 14.500000000000002 1.0000000180025095e-35 22276771.115000006 0.91656783527364716 49707.610000000008 5.5000000000000009 12806.415000000003 65303.012857142865 46938.529833333341 12.500000000000002 47168.199241971561 43029.307032504898 32.285839286721725 3.2772196089076209 54029.004999999997 36585.349147870926 41791.287824770588 35004.566980715885 5061235.6800000006 52072.368953380319 51359.367050821173 9.5000000000000018 82821.965000000011 72132.530000000013 37137.240000000005 38824.377980245212 55540.109238197118 57329.899285714295
decision_type=2 2 2 2 2 2 2 2 2 2 2 2 2 2 2 2 2 2 2 2 2 2 2 2 2 2 2 2 2 2
left_child=1 -1 3 4 5 6 -2 8 -7 11 -11 13 19 16 15 18 17 -9 -15 -12 -10 22 24 26 29 -22 -24 -18 -28 -16
right_child=2 -3 -4 -5 -6 7 -8 9 20 10 12 -13 -14 14 21 -17 27 -19 -20 -21 25 -23 23 -25 -26 -27 28 -29 -30 -31
leaf_value=34.302414721111909 6.7787606079653884 -118.82319602527836 64.334133061887982 -43.356510707310264 37.728321674116138 -53.191855998059026 -58.49682166256121 -1.3041659877311045 -16.395350366351249 -48.887658422133498 1.920004731069971 49.50189764677588 23.011525995591104 -6.1371700108608334 4.0541158417271754 57.026486743641911 11.52472610322598 -34.207062297080874 19.570036322249415 -24.109443004095731 -1.8047603571526356 12.349585776493466 -7.2776794295505152 -16.417127808528157 13.232478804944671 10.196854364983389 -0.63003179282624233 0.46566825435803177 9.6703055092651908 -2.8374509218170885
leaf_weight=15.000000000000002 11.000000000000002 12.999999999999998 10.999999999999998 14.999999999999998 13.999999999999998 11.999999999999998 9.9999999999999982 11.000000000000002 12.999999999999998 10.999999999999998 18.000000000000004 9.9999999999999982 10.999999999999998 16.000000000000004 32 13.999999999999998 11.000000000000002 9.9999999999999982 11.999999999999998 9.9999999999999982 15.999999999999998 12.999999999999998 10.999999999999998 9.9999999999999982 13.999999999999998 15.999999999999998 11.000000000000002 14.999999999999998 10.999999999999998 19
leaf_count=15 11 13 11 15 14 12 10 11 13 11 18 10 11 16 32 14 11 10 12 10 16 13 11 10 14 16 11 15 11 19
internal_value=-1.64182 -36.8767 0.905323 -0.95367 0.809098 -0.681364 -24.37 0.843415 -12.6245 3.68845 -9.86164 6.76956 1.1942 4.72339 7.45773 22.3196 -4.7574 -17.0162 4.89545 -7.40263 -1.75952 2.29198 1.07619 -3.38015 4.02455 4.20259 0.589309 5.15764 4.53039 1.4864
internal_weight=416 28 388 377 362 348 21 327 57 270 50 220 39 210 163 42 47 21 28 28 45 121 108 43 65 32 33 26 22 51
internal_count=416 28 388 377 362 348 21 327 57 270 50 220 39 210 163 42 47 21 28 28 45 121 108 43 65 32 33 26 22 51
is_linear=0
shrinkage=0.03


Tree=209
num_leaves=31
num_cat=0
split_feature=17 29 16 29 29 11 4 2 23 1 23 30 16 25 0 3 29 5 3 30 14 11 3 29 3 2 12 11 1 4
split_gain=4.08794e+07 1.1468e+08 2.21676e+07 7.04838e+07 4.64319e+07 1.17528e+08 3.88747e+07 1.42411e+07 3.51414e+07 1.40831e+07 1.32585e+07 2.11637e+07 3.56122e+07 1.8196e+07 1.28856e+07 8.47637e+06 7.58451e+06 6.32348e+06 4.60718e+06 4.90218e+06 4.15825e+06 4.10309e+06 4.20714e+06 5.62747e+06 3.22197e+06 1.17381e+06 1.35572e+06 736801 702475 546515
threshold=52421.529338944041 6.049204822479922 47737.225613972412 0.71562937656960035 32.285839286721725 49169.17857142858 18165.125 80689.72500000002 -0.52625006705264832 44692.845000000008 0.94924387643636254 9.5000000000000018 40733.144284918679 0.6830127018922193 46780.430000000008 4061.6199999999994 32461.295000000006 17875642.485000003 12387.110000000004 9.5000000000000018 47662.412958626737 58288.555357142868 93781.24500000001 34766.000000000007 56699.250000000007 47454.455000000009 51123.966500000002 42841.076428571439 53489.755000000012 53686.595000000008
decision_type=2 2 2 2 2 2 2 2 2 2 2 2 2 2 2 2 2 2 2 2 2 2 2 2 2 2 2 2 2 2
left_child=2 -2 3 -1 5 6 -4 10 -9 -8 11 15 -13 -14 -3 -5 -6 -10 -18 25 -21 22 23 24 -17 -20 29 -25 -29 -27
right_child=1 14 4 7 16 -7 9 8 17 -11 -12 12 13 -15 -16 21 18 -19 19 20 -22 -23 -24 27 -26 26 -28 28 -30 -31
leaf_value=-69.825833402749055 -99.303400744237919 32.424750473920021 -48.469943191756059 -26.640017768518245 -25.790149785382713 94.833342700651798 40.192523578631111 -59.158246533405723 -12.758872478903326 -0.87971300144132181 -25.249709028485174 -10.366075292378168 23.298643784107497 76.794887131911054 -11.606809638012415 -4.4523278022879964 15.118273512225283 14.310396861138743 9.096339401961071 1.0251145547895284 -24.280171453401284 15.666373493944095 17.707836481350569 -3.2472394782806111 -28.530991147169424 -8.7329307731540684 8.092015586611371 1.2176711324497314 9.7347206550136569 0.58509489600338149
leaf_weight=13.999999999999998 13.999999999999998 11.000000000000002 9.9999999999999982 9.9999999999999982 10.999999999999998 18 15.000000000000002 11.999999999999998 15.000000000000002 14.999999999999998 12.999999999999998 14.999999999999998 12.000000000000002 10.999999999999998 12.999999999999998 10.000000000000002 15.999999999999998 15.999999999999998 17 10.000000000000002 13.999999999999998 17 9.9999999999999982 15.999999999999998 9.9999999999999982 13.000000000000002 10.999999999999998 23 13.999999999999998 9.9999999999999982
leaf_count=14 14 11 10 10 11 18 15 12 15 15 13 15 12 11 13 10 16 16 17 10 14 17 10 16 10 13 11 23 14 10
internal_value=-1.59285 -31.2323 1.39051 -4.83308 9.86901 31.2881 2.61011 -0.356771 -15.684 19.6891 3.74043 6.29453 25.5801 48.9949 8.59978 -0.376349 -2.31986 1.21291 0.529809 -2.5904 -13.7561 2.26202 -0.49123 -2.99467 -16.5328 2.67238 -0.548246 2.12482 4.44913 -4.68913
internal_weight=416 38 378 218 160 58 40 204 43 30 161 148 38 23 24 110 102 31 91 75 24 100 83 73 20 51 34 53 37 23
internal_count=416 38 378 218 160 58 40 204 43 30 161 148 38 23 24 110 102 31 91 75 24 100 83 73 20 51 34 53 37 23
is_linear=0
shrinkage=0.03


Tree=210
num_leaves=31
num_cat=0
split_feature=3 29 29 16 29 29 0 29 29 3 0 16 17 1 29 3 0 15 15 5 15 0 11 3 5 29 20 11 4 2
split_gain=5.00476e+07 1.10367e+08 5.81676e+07 2.84443e+07 2.26502e+07 6.83939e+07 1.21161e+07 4.0908e+07 1.89386e+07 3.34482e+07 1.44787e+07 1.055e+07 1.94102e+07 1.29436e+07 9.61732e+06 8.60068e+06 6.16246e+06 7.06303e+06 3.73711e+06 3.51685e+06 3.39303e+06 3.87831e+06 3.51585e+06 3.13294e+06 2.81197e+06 3.29516e+06 1.60246e+06 1.57221e+06 1.02127e+06 1.93182e+06
threshold=79697.49500000001 0.71562937656960035 0.48628610801958011 60576.292190807981 12806.415000000003 2.0271744677712724 81658.680000000008 32.285839286721725 2.9128661964864033 4061.6199999999994 38975.890000000007 51673.369092669142 50423.293107997109 61222.825000000004 60272.075000000019 56058.430000000008 7339.6649999999981 57489.869957651754 44532.720013469116 12624109.160000002 51626.651035350827 39304.555 39316.610714285729 56058.430000000008 19116069.830000002 29854.990000000005 1.0000000180025095e-35 26719.117857142861 37174.580000000009 56646.380000000012
decision_type=2 2 2 2 2 2 2 2 2 2 2 2 2 2 2 2 2 2 2 2 2 2 2 2 2 2 2 2 2 2
left_child=2 -2 -1 6 5 -3 8 -8 9 -4 -11 12 16 -14 -9 26 18 20 -10 -16 21 23 -22 -18 25 -23 -13 -6 -29 -30
right_child=1 4 3 -5 27 -7 7 14 11 10 -12 15 13 -15 19 -17 17 -19 -20 -21 22 24 -24 -25 -26 -27 -28 28 29 -31
leaf_value=72.690727434115161 -113.97557245510727 16.545170627783857 -64.490997777049884 52.327916751690758 12.045729862042327 -91.65387217962919 52.426218805844478 -20.990682940616782 -26.388652186607235 13.318502375084583 -23.670727759834346 1.9587962338304892 10.262828384048634 54.474745777181901 -3.9315995401926154 -35.406744088699561 4.3681736831348452 26.007415530889361 -2.4017677008469329 18.703284190982259 1.8934066333989981 -15.709439328073085 -21.727461823420736 26.52929241301247 14.473836779238573 2.4398471812578157 -12.022403846835694 -8.1655640437685211 -4.4341603690549318 9.7874888372579676
leaf_weight=10.999999999999998 9.9999999999999982 11.000000000000002 10.999999999999998 9.9999999999999982 9.9999999999999982 9.9999999999999982 17 15.999999999999998 10.000000000000002 19 19 19.000000000000004 13.000000000000002 10.999999999999998 11.000000000000002 9.9999999999999982 12.000000000000002 11.999999999999998 13.999999999999998 13.999999999999998 13.000000000000002 12.999999999999998 9.9999999999999982 10.999999999999998 9.9999999999999982 29 11.999999999999998 12.999999999999998 20 14.999999999999998
leaf_count=11 10 11 11 10 10 10 17 16 10 19 19 19 13 11 11 10 12 12 14 14 13 13 10 11 10 29 12 13 20 15
internal_value=-0.396283 -20.3353 5.03282 2.66651 -8.41748 -35.0735 1.0353 13.373 -1.85224 -18.5491 -5.18291 2.26268 5.78158 30.5977 -2.86391 -11.2885 1.32714 4.33307 -12.4304 8.75597 1.66716 4.75838 -8.40139 15.0015 0.217703 -3.18979 -3.46393 1.25574 -1.00237 1.6661
internal_weight=416 89 327 316 79 21 306 58 248 49 38 199 158 24 41 41 134 110 24 25 98 75 23 23 52 42 31 58 48 35
internal_count=416 89 327 316 79 21 306 58 248 49 38 199 158 24 41 41 134 110 24 25 98 75 23 23 52 42 31 58 48 35
is_linear=0
shrinkage=0.03


Tree=211
num_leaves=31
num_cat=0
split_feature=3 30 14 1 14 2 20 2 13 4 12 16 14 10 17 10 30 12 20 25 12 4 5 5 10 10 12 4 10 24
split_gain=4.71036e+07 8.99357e+07 2.6432e+07 1.89766e+07 5.8389e+07 8.26735e+07 1.73086e+07 1.41796e+07 2.19746e+07 1.30108e+07 2.59919e+07 1.2149e+07 2.02646e+07 1.86765e+07 1.79791e+07 1.71125e+07 1.28025e+07 1.14323e+07 1.11339e+07 8.90291e+06 8.22019e+06 1.2128e+07 6.61756e+06 5.81057e+06 5.74443e+06 6.10194e+06 2.19052e+06 1.94291e+06 1.63914e+06 1.98431e+06
threshold=79697.49500000001 10.500000000000002 88477.834312310748 78161.070000000022 43126.704343859012 54138.695000000007 0.6078576107927941 31252.500000000004 46299.354833333338 89481.960000000006 46978.993000000009 52076.685749068616 57784.180196814552 43575.276428571429 49117.972890568351 45981.255000000012 9.5000000000000018 37003.689000000006 1.0000000180025095e-35 0.6830127018922193 46281.670166666678 53686.595000000008 18235842.98 18017260.795000006 33466.682142857149 57115.711428571434 46687.720500000003 36831.805 57940.080714285716 1.0000000180025095e-35
decision_type=2 2 2 2 2 2 2 2 2 2 2 2 2 2 2 2 2 2 2 2 2 2 2 2 2 2 2 2 2 2
left_child=2 7 3 9 6 -6 19 8 -2 11 -11 13 17 14 16 -15 22 -13 23 26 -20 -22 27 28 -9 -26 -5 -1 -17 -30
right_child=1 -3 -4 4 5 -7 -8 24 -10 10 -12 12 -14 15 -16 18 -18 -19 20 -21 21 -23 -24 -25 25 -27 -28 -29 29 -31
leaf_value=-18.965074271586396 -59.001088930955547 -86.581556396864571 50.491021842438705 -13.138605233447038 6.416803802743841 105.60906370316428 -32.499400742283065 21.163912287233099 3.7949541006515273 -53.531373529711189 4.0540911923405707 27.088259375273282 -43.812515241250225 -39.673354419309696 48.236188656409858 4.5781346223792241 36.213269929371435 -12.458074074091874 -7.630453012950384 29.180696615158698 45.962048707067694 3.3391993574087051 18.375642293716368 -24.013704896247248 -11.349609986983518 12.330186058120471 4.7166777994284841 -1.3950103102059199 3.4520180702209458 -14.017833538666313
leaf_weight=10.000000000000002 10.000000000000002 14.999999999999998 10.999999999999998 11.000000000000002 18.000000000000004 12.999999999999998 13.999999999999998 10.999999999999998 9.9999999999999982 12.000000000000002 17 10.000000000000002 12.999999999999998 9.9999999999999982 13.999999999999998 22 11.999999999999998 19 9.9999999999999982 10.999999999999998 12.000000000000002 11.999999999999998 11.999999999999998 12.999999999999998 28 14.999999999999998 13.999999999999998 12.999999999999998 10.000000000000002 13.999999999999998
leaf_count=10 10 15 11 11 18 13 14 11 10 12 17 10 13 10 14 22 12 19 10 11 12 12 12 13 28 15 14 13 10 14
internal_value=-0.384592 -19.7282 4.88241 3.28703 15.8043 48.1166 -4.25739 -6.12759 -27.6719 -1.02988 -19.8255 1.62027 -12.7668 5.30752 18.4555 -2.48435 9.54288 1.20175 1.53364 6.75546 15.1951 24.7019 0.360131 -6.34528 1.87001 -3.08449 -3.15019 -9.05874 -1.33138 -6.74669
internal_weight=416 89 327 316 81 31 50 74 20 235 29 206 42 164 61 103 47 29 93 36 34 24 35 59 54 43 25 23 46 24
internal_count=416 89 327 316 81 31 50 74 20 235 29 206 42 164 61 103 47 29 93 36 34 24 35 59 54 43 25 23 46 24
is_linear=0
shrinkage=0.03


Tree=212
num_leaves=31
num_cat=0
split_feature=3 29 29 30 16 13 30 0 29 6 3 16 17 1 21 29 7 15 29 10 21 30 3 21 10 29 10 1 3 25
split_gain=4.43294e+07 1.03012e+08 5.30772e+07 4.20853e+07 2.60215e+07 1.35697e+07 1.12534e+07 1.18389e+07 3.2303e+07 7.86104e+06 7.23342e+06 7.60846e+06 2.04173e+07 1.19966e+07 8.52535e+06 1.44764e+07 1.15797e+07 8.12928e+06 2.03326e+07 6.42992e+06 6.12473e+06 5.67607e+06 5.34957e+06 5.23086e+06 4.85385e+06 4.96369e+06 2.73919e+06 2.1775e+06 1.68072e+06 1.12291e+06
threshold=79697.49500000001 0.71562937656960035 0.48628610801958011 10.500000000000002 60576.292190807981 55408.026000000005 2.5000000000000004 81658.680000000008 12806.415000000003 11789539.090000002 -62119.399999999994 51983.433812123716 50493.368722297098 61222.825000000004 -0.56174490092936669 17.53280127413025 19801884.685000002 49921.231454392742 38515.255000000012 33466.682142857149 -0.22252093395631442 11.500000000000002 56058.430000000008 -0.22252093395631442 57115.711428571434 34766.000000000007 51052.531428571434 37174.580000000009 49208.640000000007 -0.5
decision_type=2 2 2 2 2 2 2 2 2 2 2 2 2 2 2 2 2 2 2 2 2 2 2 2 2 2 2 2 2 2
left_child=2 -2 -1 19 5 6 -4 10 -9 23 -8 12 14 -14 15 -12 17 20 -19 -3 -16 27 26 -10 25 -21 -22 -13 -20 -17
right_child=1 3 4 -5 -6 -7 7 8 9 -11 11 21 13 -15 16 29 -18 18 28 24 22 -23 -24 -25 -26 -27 -28 -29 -30 -31
leaf_value=69.366185087316168 -109.60462227437033 20.115020464153897 -28.789755380687428 -56.8519511431113 49.97550905142257 -25.936101025732874 -22.174968366504206 50.296409557711691 3.0261054764932647 14.590983617587352 39.437119508482105 -14.532180330646565 9.3768080525014561 50.973165019814893 -18.412690528781944 8.4281086138824879 18.472178594527705 -49.350410198343212 4.6226425192662779 -25.60763784555288 -15.996653497041141 -29.87889451268893 17.940966514967752 -27.606826235643069 10.970652321788751 -1.4595505217592157 5.2181287646788279 3.0756467858367649 -10.41541262655163 -3.9658842236976923
leaf_weight=10.999999999999998 9.9999999999999982 13.999999999999998 9.9999999999999982 12.999999999999998 9.9999999999999982 15.999999999999998 11.999999999999998 17 10.000000000000002 19 11.999999999999998 10.000000000000002 13.000000000000002 11.999999999999998 12.999999999999991 10.000000000000002 17 12.999999999999998 12.000000000000002 10.999999999999998 10.000000000000009 9.9999999999999982 17 9.9999999999999982 15.999999999999998 25 11.999999999999998 17 14.999999999999998 19
leaf_count=11 10 14 10 13 10 16 12 17 10 19 12 10 13 12 13 10 17 13 12 11 10 10 17 10 16 25 12 17 15 19
internal_value=-0.373029 -19.1384 4.73651 -7.62491 2.47613 0.915951 2.40166 3.52058 15.8515 0.791856 0.435003 1.71974 4.3334 29.4049 0.146407 11.7995 -4.24027 -8.44489 -18.6035 2.10702 -0.620174 -10.6314 5.32665 -12.321 -2.75595 -8.86342 -4.43936 -3.46058 -3.73564 0.315057
internal_weight=416 89 327 79 316 306 290 280 56 39 224 212 175 25 150 41 109 92 40 66 52 37 39 20 52 36 22 27 27 29
internal_count=416 89 327 79 316 306 290 280 56 39 224 212 175 25 150 41 109 92 40 66 52 37 39 20 52 36 22 27 27 29
is_linear=0
shrinkage=0.03


Tree=213
num_leaves=31
num_cat=0
split_feature=3 29 29 30 14 29 17 29 24 15 22 16 22 22 30 1 25 14 29 10 14 10 10 29 1 29 25 3 5 13
split_gain=4.1721e+07 9.69545e+07 4.99546e+07 3.96073e+07 2.50097e+07 2.15155e+07 2.11771e+07 6.10217e+07 1.99634e+07 2.05254e+07 1.32212e+07 8.81561e+06 6.46141e+06 9.74018e+06 8.93138e+06 2.32243e+07 9.50958e+06 6.98437e+06 6.85993e+06 1.17688e+07 6.31416e+06 6.05134e+06 4.568e+06 4.67169e+06 3.57811e+06 3.13524e+06 1.62218e+06 1.00049e+06 923025 1.49693e+06
threshold=79697.49500000001 0.71562937656960035 0.48628610801958011 10.500000000000002 88477.834312310748 0.91656783527364716 50423.293107997109 17114.705000000005 -0.5 59869.787365636737 0.52828508881293679 57393.57095708316 -0.81970999721622462 -0.61132034890850717 9.5000000000000018 55107.090000000004 1.0000000180025095e-35 32392.779177181303 17114.705000000005 48024.303571428572 36206.660114122569 33466.682142857149 57115.711428571434 34766.000000000007 44692.845000000008 53025.730000000003 0.6830127018922193 53686.595000000008 19424806.555000003 42706.951583333343
decision_type=2 2 2 2 2 2 2 2 2 2 2 2 2 2 2 2 2 2 2 2 2 2 2 2 2 2 2 2 2 2
left_child=2 -2 -1 21 5 -4 8 -8 10 12 -7 24 20 17 18 -16 -17 -14 19 -15 27 -3 23 -23 -9 -26 28 -10 29 -20
right_child=1 3 4 -5 -6 6 7 11 9 -11 -12 -13 13 14 15 16 -18 -19 26 -21 -22 22 -24 -25 25 -27 -28 -29 -30 -31
leaf_value=67.294616312570696 -106.33284292648086 19.513717613355968 -30.900911418883091 -55.15292709175197 48.968742359218311 -54.501478576660126 63.050783262478078 -5.414536065478341 -4.1983674262886597 -32.49142165580065 -5.7466959369716353 -23.812373141465681 8.2390371749650146 5.9387107052020145 40.638906572928391 -23.226063047602949 16.297544200384792 43.702549242617472 9.6246366632942344 -40.004122993127616 -24.317646377388087 -24.842884764520289 10.642557753803574 -1.4158514399728375 2.7805856920376844 24.457224726380154 -6.3850621566229444 9.1901948693972901 12.003488667805987 -1.5326252103512916
leaf_weight=10.999999999999998 9.9999999999999982 13.999999999999998 18 12.999999999999998 9.9999999999999982 10.000000000000002 19 13.999999999999998 10.000000000000002 14.999999999999998 9.9999999999999982 10.999999999999998 10.000000000000002 10.000000000000002 18 12.000000000000002 9.9999999999999982 9.9999999999999982 18 9.9999999999999982 12.999999999999998 10.999999999999998 15.999999999999998 25 12.000000000000002 11.999999999999998 13.999999999999998 9.9999999999999982 12.999999999999998 27
leaf_count=11 10 14 18 13 10 10 19 14 10 15 10 11 10 10 18 12 10 10 18 10 13 11 16 25 12 12 14 10 13 27
internal_value=-0.362071 -18.567 4.59487 -7.39716 2.40198 0.872439 2.86329 17.4891 -1.66035 1.20037 -30.1992 -0.223962 3.94017 6.55249 3.59177 15.4169 -5.26457 26.0356 -1.55519 -17.0752 -8.08404 2.0439 -2.67373 -8.59864 6.62658 13.6472 2.76478 2.50214 4.97696 2.93601
internal_weight=416 89 327 79 316 306 288 68 220 200 20 49 185 152 132 40 22 20 92 20 33 66 52 36 38 24 72 20 58 45
internal_count=416 89 327 79 316 306 288 68 220 200 20 49 185 152 132 40 22 20 92 20 33 66 52 36 38 24 72 20 58 45
is_linear=0
shrinkage=0.03


Tree=214
num_leaves=31
num_cat=0
split_feature=2 29 29 21 14 29 1 8 13 29 21 0 14 0 14 14 29 6 0 21 0 0 22 14 29 25 19 29 14 30
split_gain=2.35175e+07 9.63645e+07 4.74318e+07 2.54929e+07 3.07189e+07 4.94415e+07 2.93892e+07 2.67659e+07 2.03643e+07 1.68319e+07 1.81614e+07 1.28477e+07 1.10828e+07 9.12213e+06 1.20923e+07 1.81919e+07 1.43341e+07 8.59575e+06 8.39121e+06 8.30085e+06 4.82668e+06 4.16078e+06 3.79228e+06 2.79188e+06 2.28934e+06 2.0478e+06 1.69744e+06 1.51447e+06 4.65987e+06 672919
threshold=48649.560000000005 0.58773320620013603 0.51474644881789655 -0.22252093395631442 53501.517312160584 31256.185000000001 108816.73000000003 2946927.3500000006 53029.399833333337 33560.245000000003 0.81174490092936691 102553.38500000002 29746.294774847709 76513.24500000001 56221.890482187489 45090.867741803115 40927.200000000004 12431654.095000001 64743.465000000004 -0.22252093395631442 36616.900000000001 25249.850000000002 -0.34685948904333841 31238.857657151533 17114.705000000005 -0.68301270189221952 14412272.544500003 75872.645000000004 47808.779227744955 7.5000000000000009
decision_type=2 2 2 2 2 2 2 2 2 2 2 2 2 2 2 2 2 2 2 2 2 2 2 2 2 2 2 2 2 2
left_child=1 -1 -2 4 12 -6 7 -5 11 10 18 13 17 14 15 20 -16 -4 -9 -15 22 -14 -3 25 -23 -22 -26 29 -29 -11
right_child=2 8 3 6 5 -7 -8 9 -10 27 -12 -13 21 19 16 -17 -18 -19 -20 -21 23 24 -24 -25 26 -27 -28 28 -30 -31
leaf_value=-90.514358229261205 66.51219985064337 0.59651973760016608 2.3219573799220985 42.861322216534504 94.770932530645069 4.5527685268291291 -55.039708721103942 3.8908332095582057 -40.209058202846407 2.746348470735458 -52.427092606793792 31.454712083221018 13.352893573134692 1.1550443877035108 -44.508542456555702 44.742099568381235 -0.59030180714671443 35.634947022092696 -30.320130852087217 -35.164942056283181 10.583422018467697 -19.850625733120946 21.237398664527962 -13.020309862752599 -9.8134613898901417 -5.4190378145776039 6.1118651888263757 19.9993920322839 -6.7674915427592257 -4.5649668218489001
leaf_weight=11.999999999999998 10.999999999999998 15.999999999999998 13.000000000000002 10.999999999999998 10.000000000000002 11.999999999999998 9.9999999999999982 18.000000000000004 11.999999999999998 26 11.999999999999998 10.999999999999998 9.9999999999999982 10.000000000000002 10.000000000000002 9.9999999999999982 20 14.999999999999998 9.9999999999999982 12.999999999999998 12.999999999999995 10.999999999999998 15.999999999999998 19 15.000000000000002 16.000000000000007 9.9999999999999982 14.000000000000002 9.9999999999999982 20
leaf_count=12 11 16 13 11 10 12 10 18 12 26 12 11 10 10 10 10 20 15 10 13 13 11 16 19 15 16 10 14 10 20
internal_value=-0.351418 -8.59809 5.81677 2.86158 14.6017 45.6829 -5.74416 -1.6491 -2.65096 -6.11759 -21.6288 0.287748 5.33675 -2.11987 1.19989 6.69843 -15.2794 20.1999 -8.35964 -19.4054 1.918 -3.7225 10.934 -4.09779 -8.47761 1.76035 -3.44385 2.75507 8.85564 -0.433989
internal_weight=416 178 238 227 96 22 131 121 166 110 40 154 74 143 120 90 30 28 28 23 80 46 32 48 36 29 25 70 24 46
internal_count=416 178 238 227 96 22 131 121 166 110 40 154 74 143 120 90 30 28 28 23 80 46 32 48 36 29 25 70 24 46
is_linear=0
shrinkage=0.03


Tree=215
num_leaves=31
num_cat=0
split_feature=10 29 29 30 10 0 30 10 12 25 29 29 29 12 5 16 29 2 29 0 12 12 20 10 21 12 2 22 20 29
split_gain=6.08819e+07 2.16103e+07 5.48446e+07 3.17796e+07 1.35065e+07 3.91261e+07 2.65114e+07 1.44002e+07 1.32164e+07 1.28632e+07 2.46479e+07 1.03907e+07 1.84731e+07 9.54724e+06 6.37344e+06 6.85399e+06 1.12416e+07 1.49709e+07 1.1202e+07 6.49909e+06 5.48193e+06 3.49548e+06 2.56134e+06 2.16319e+06 1.94866e+06 2.58556e+06 2.26219e+06 1.18798e+06 1.00488e+06 939426
threshold=1.0000000180025095e-35 0.41152408773038568 0.6678216696711986 14.500000000000002 65303.012857142865 51266.125000000007 12.500000000000002 63561.312857142861 51513.906833333334 0.25000000000000017 5.4700838722087957 32.285839286721725 2.0271744677712724 47115.593166666673 1817330.8650000002 47520.318027011403 12806.415000000003 55107.090000000004 32.285839286721725 40078.865000000005 50455.934666666675 54670.526500000007 -1.0000000180025095e-35 45112.712142857148 -0.22252093395631442 36297.57883333334 43815.415000000008 -0.34685948904333841 0.6078576107927941 53392.785000000011
decision_type=2 2 2 2 2 2 2 2 2 2 2 2 2 2 2 2 2 2 2 2 2 2 2 2 2 2 2 2 2 2
left_child=-1 -2 -3 4 6 -6 7 8 9 14 -11 12 -10 -7 -4 16 17 -16 19 -17 -15 -22 -12 -18 26 -26 -20 -13 -27 -29
right_child=1 2 3 -5 5 13 -8 -9 11 10 22 27 -14 20 15 18 23 -19 24 -21 21 -23 -24 -25 25 28 -28 29 -30 -31
leaf_value=-71.129628204759953 39.816585126061653 -53.593858807247749 -20.99649991879518 51.542107565694259 -67.270893518248599 -27.783681636070135 45.983550949413249 31.399805573211314 1.4465796526740573 -55.548247901631584 -16.227177242779618 10.013232039047729 57.718302530317153 24.099041377964301 0.80020697294776078 42.258179075326474 7.6083142765981702 -51.042354572353076 14.853935061926141 10.58545308231883 -14.796788898312663 7.4239915664013827 1.9327952858031265 -4.6268194944272416 -16.240283473794371 6.8857969299886221 -1.3653588692972978 -8.0473436270187104 -5.9614971787182238 3.1014247790085165
leaf_weight=10.999999999999998 11.999999999999998 17 12.999999999999998 10.999999999999998 9.9999999999999982 9.9999999999999982 11.999999999999998 12.999999999999998 11.000000000000002 11.999999999999998 11.000000000000002 13.999999999999998 9.9999999999999982 9.9999999999999982 10.000000000000002 10.000000000000002 25 9.9999999999999982 12.999999999999988 13.999999999999998 11.000000000000002 14.999999999999998 19 27 12.000000000000012 12 19 10.000000000000002 10 21
leaf_count=11 12 17 13 11 10 10 12 13 11 12 11 14 10 10 10 10 25 10 13 14 11 15 19 27 12 12 19 10 10 21
internal_value=-1.65527 0.244929 -0.971371 1.42101 -0.100511 -13.6463 2.36418 0.588359 -0.832305 -4.40789 -19.3067 10.9182 28.3161 -1.92843 -0.827681 0.796783 -6.09994 -25.1837 6.31449 23.8428 5.28216 -1.98746 -4.74178 1.25711 -0.072685 -5.07003 5.23662 2.77681 1.04584 -0.50212
internal_weight=415 404 392 375 364 56 308 296 283 217 42 66 21 46 175 162 72 20 90 24 36 26 30 52 66 34 32 45 22 31
internal_count=415 404 392 375 364 56 308 296 283 217 42 66 21 46 175 162 72 20 90 24 36 26 30 52 66 34 32 45 22 31
is_linear=0
shrinkage=0.03


Tree=216
num_leaves=31
num_cat=0
split_feature=10 16 10 30 30 2 17 5 1 10 16 12 4 3 12 1 3 15 5 15 16 4 12 16 12 4 17 4 1 1
split_gain=5.72998e+07 2.08614e+07 4.56762e+07 7.98552e+07 3.76708e+07 4.5536e+07 4.4975e+07 2.75862e+07 4.2062e+07 5.16695e+07 2.12025e+07 1.45513e+07 1.31047e+07 1.02246e+07 1.15025e+07 9.37633e+06 7.52162e+06 6.79226e+06 8.3806e+06 6.3762e+06 6.10495e+06 5.23186e+06 4.4497e+06 7.0683e+06 4.86513e+06 3.07886e+06 2.66126e+06 2.59957e+06 2.97658e+06 1.46133e+06
threshold=1.0000000180025095e-35 47394.921645916504 63561.312857142861 10.500000000000002 10.500000000000002 32828.695000000007 43578.264131656899 1817330.8650000002 82635.310000000012 50029.77714285715 47770.071803986706 46824.557833333332 89481.960000000006 49707.610000000008 49829.355500000005 56916.210000000006 64545.240000000005 50426.260220342287 6327547.6550000003 45405.718054422578 57562.799086804975 64922.42500000001 54670.526500000007 40733.144284918679 53656.972833333341 41587.085000000006 46995.279944693189 64237.265000000007 51131.535000000011 79697.49500000001
decision_type=2 2 2 2 2 2 2 2 2 2 2 2 2 2 2 2 2 2 2 2 2 2 2 2 2 2 2 2 2 2
left_child=-1 4 7 20 11 -6 -7 -3 10 -10 -9 12 16 15 17 21 26 19 -19 -15 -4 25 24 -24 27 -12 -2 28 -13 -30
right_child=1 2 3 -5 5 6 -8 8 9 -11 13 22 -14 14 -16 -17 -18 18 -20 -21 -22 -23 23 -25 -26 -27 -28 -29 29 -31
leaf_value=-69.005396971551534 8.6562209774932501 -38.010353747713204 18.183826640114845 97.05626745114381 5.8399387252665003 -16.077066716673141 -100.06175295881215 -39.659271848053358 93.112123722816534 -0.98248532670655397 7.0302671312097686 -7.0566233095088204 -43.572730323449889 -2.8477161010465997 -31.587165095888331 28.920574080977079 -23.312268634175144 -25.721785945145676 8.3889230213719266 30.196397200627111 -14.883557419278727 21.945282631489764 1.9629682291333914 30.610092278413994 -16.035519454058477 -11.589322315562853 -9.5255674612468173 14.815255641186329 14.887395325250043 0.62954197800505696
leaf_weight=10.999999999999998 21 14.999999999999998 10.000000000000002 12.999999999999998 15.999999999999998 11.000000000000002 11.999999999999998 11.999999999999998 10.000000000000002 10.999999999999998 14.999999999999998 20 9.9999999999999982 11.000000000000002 12.999999999999998 18 14.999999999999998 14.000000000000002 11.999999999999998 9.9999999999999982 9.9999999999999982 9.9999999999999982 16.000000000000004 14.999999999999998 10.999999999999998 17 10.999999999999998 19 14.000000000000002 11.999999999999998
leaf_count=11 21 15 10 13 16 11 12 12 10 11 15 20 10 11 13 18 15 14 12 10 10 10 16 15 11 17 11 19 14 12
internal_value=-1.60582 0.237633 7.08772 39.3268 -6.54504 -33.026 -60.0172 0.745218 4.55596 43.9392 -1.72382 -0.239594 -12.4768 2.08466 -6.66962 10.8372 -5.82133 0.248713 -9.9925 12.9219 1.65425 3.06201 6.28206 15.8515 2.3709 -2.86404 2.40112 5.49576 1.6345 8.32069
internal_weight=415 404 201 33 203 39 23 168 153 21 132 164 57 120 60 60 47 47 26 21 20 42 107 31 76 32 32 65 46 26
internal_count=415 404 201 33 203 39 23 168 153 21 132 164 57 120 60 60 47 47 26 21 20 42 107 31 76 32 32 65 46 26
is_linear=0
shrinkage=0.03


Tree=217
num_leaves=31
num_cat=0
split_feature=12 1 29 29 5 10 30 0 13 30 0 29 13 14 0 1 18 23 29 20 30 20 20 1 1 22 1 2 13 0
split_gain=5.50371e+07 2.63845e+07 4.81184e+07 4.38822e+07 2.86836e+07 1.98589e+07 3.13512e+07 2.00062e+07 1.90345e+07 3.38505e+07 4.01737e+07 1.61477e+07 2.26666e+07 1.45542e+07 1.09575e+07 5.56162e+06 4.33224e+06 4.26437e+06 3.12422e+06 8.2187e+06 4.82072e+06 2.47628e+06 2.60232e+06 1.87949e+06 1.46823e+06 1.34533e+06 969296 935799 792702 1.38134e+06
threshold=22534.418500000003 72915.470000000016 0.51474644881789655 1.0053703463594095 2004509.9550000003 65303.012857142865 9.5000000000000018 94617.660000000018 55311.013583333341 10.500000000000002 55502.855000000003 17114.705000000005 49135.264916666674 39497.634070844484 56916.210000000006 52017.505000000012 7209450.5350000011 -0.91424293627231534 80689.725000000006 1.0000000180025095e-35 10.500000000000002 0.87837969732492682 -0.60785761079279388 13433.185000000001 89382.47500000002 -0.34685948904333841 37977.05000000001 67504.315000000017 50759.727500000001 11100.835000000001
decision_type=2 2 2 2 2 2 2 2 2 2 2 2 2 2 2 2 2 2 2 2 2 2 2 2 2 2 2 2 2 2
left_child=-1 2 -2 -3 -4 7 -7 11 9 17 -11 12 13 15 16 -6 -15 -5 23 20 -20 22 24 -13 -19 26 -25 -24 29 -27
right_child=1 3 4 8 5 6 -8 -9 -10 10 -12 18 -14 14 -16 -17 -18 21 19 -21 -22 -23 27 25 -26 28 -28 -29 -30 -31
leaf_value=-56.026679550598708 -56.602295651863571 72.401447444175588 48.257223227486676 18.2795705154229 30.906595531862155 -0.520527383379223 -63.778336521006217 31.873971343708927 -32.455577246822529 1.0918465173066545 84.08954611385569 7.5303618979298879 -44.772609037248266 -17.737951842350736 -40.043798137997193 -0.69067945604893688 10.12004194117304 0.37225248292944885 10.546553724394068 30.740175327918337 -14.361331169853381 -14.083987364617945 3.263485132167939 -3.9399892751606678 -14.894932715572526 1.3650990500378954 7.0497711942466665 13.974837138318366 1.0581537966906283 -11.979823527470586
leaf_weight=15.999999999999998 14.999999999999998 9.9999999999999982 9.9999999999999982 11.999999999999998 10.000000000000002 17.000000000000004 11.999999999999998 15.999999999999998 9.9999999999999982 10.000000000000002 10.999999999999998 23 17 10.000000000000002 11.999999999999998 9.9999999999999982 9.9999999999999982 13.000000000000002 19.000000000000004 11.999999999999998 10.999999999999998 10.999999999999998 22 11.999999999999995 9.9999999999999982 10.000000000000005 18 10.999999999999998 11.999999999999998 23
leaf_count=16 15 10 10 12 10 17 12 16 10 10 11 23 17 10 12 10 10 13 19 12 11 11 22 12 10 10 18 11 12 23
internal_value=-1.55789 0.633073 -4.42637 12.3932 -1.45167 -3.41782 -26.7609 -0.403883 6.9075 10.8581 44.6633 -2.88195 -14.7544 -4.90716 -17.4442 15.1456 -3.81845 1.84929 2.97265 9.81304 1.40496 -1.10488 1.45487 0.0375462 -6.28357 -2.26374 2.65463 6.84968 -5.54195 -7.93996
internal_weight=415 399 279 120 264 254 29 225 110 100 21 209 69 52 32 20 20 79 140 42 30 67 56 98 23 75 30 33 45 33
internal_count=415 399 279 120 264 254 29 225 110 100 21 209 69 52 32 20 20 79 140 42 30 67 56 98 23 75 30 33 45 33
is_linear=0
shrinkage=0.03


Tree=218
num_leaves=31
num_cat=0
split_feature=10 0 17 1 14 22 19 5 0 20 17 1 10 12 17 1 16 12 3 25 0 13 2 2 23 3 15 21 16 14
split_gain=5.20234e+07 1.97102e+07 5.75501e+07 2.64318e+07 4.20616e+07 6.32206e+07 3.10881e+07 2.67607e+07 2.45752e+07 2.25253e+07 1.92058e+07 4.66963e+07 1.78575e+07 1.53393e+07 1.14226e+07 1.8746e+07 1.72496e+07 1.21407e+07 1.97353e+07 1.06417e+07 8.47975e+06 7.98751e+06 7.51433e+06 7.11531e+06 6.02467e+06 5.70634e+06 4.89611e+06 2.95798e+06 1.79548e+06 2.43535e+06
threshold=1.0000000180025095e-35 7339.6649999999981 45697.845211782005 74883.980000000025 43126.704343859012 0.34685948904333835 1411062.1950000001 16714832.250000002 96626.97500000002 0.87837969732492682 51199.081978497656 51266.125000000007 49768.320714285728 52077.510333333346 50493.368722297098 56646.380000000012 47032.451230703758 49829.355500000005 59991.750000000007 0.25000000000000017 64022.775000000009 52236.78808333334 51530.05000000001 45809.820000000007 1.0000000180025095e-35 34678.480000000003 49420.182474748661 -0.22252093395631442 40166.562988321726 30047.153376810307
decision_type=2 2 2 2 2 2 2 2 2 2 2 2 2 2 2 2 2 2 2 2 2 2 2 2 2 2 2 2 2 2
left_child=-1 2 -2 6 9 -6 -3 -7 10 19 13 12 -12 14 15 17 -17 20 -19 28 25 -15 -10 -22 -4 -8 -27 -26 -5 -30
right_child=1 3 24 4 5 7 8 -9 22 -11 11 -13 -14 21 -16 16 -18 18 -20 -21 23 -23 -24 -25 27 26 -28 -29 29 -31
leaf_value=-65.732558679364928 -66.447474969502693 46.655971516742959 19.537034256156833 9.6219622782806855 85.465039404753213 -14.33541383832414 -9.7669610209848674 48.09735536148299 45.281473279355154 -39.059578117957479 -28.432230437268558 -79.091313572706667 21.346160043423598 26.732094183493786 20.892819294131179 -52.877480936496042 -7.2825969002000797 1.747945318578189 -55.231805875408106 28.408685882514881 0.4462609038955862 -0.094625449916812404 8.4974718577826192 -33.164396536528166 3.1227306311665051 5.5277648361685534 27.378301404633977 -18.199954223632805 3.6050090208820902 -15.105419858560522
leaf_weight=10.999999999999998 14.999999999999998 10.999999999999998 12.999999999999998 9.9999999999999982 15.999999999999998 16.000000000000004 12.999999999999998 9.9999999999999982 10.000000000000002 10.999999999999998 14.000000000000002 10.999999999999998 11.999999999999998 19 10.999999999999998 16.000000000000004 13.999999999999998 12.000000000000002 9.9999999999999982 15.999999999999998 13.000000000000002 21 9.9999999999999982 9.9999999999999982 13.999999999999998 27 13.999999999999998 10.000000000000002 13.000000000000002 11.999999999999998
leaf_count=11 15 11 13 10 16 16 13 10 10 11 14 11 12 19 11 16 14 12 10 16 13 21 10 10 14 27 14 10 13 12
internal_value=-1.51115 0.245375 -16.9858 2.79294 15.4838 38.6447 -2.53106 9.72342 -4.82337 -0.224386 -7.75792 -27.4281 -5.46071 -3.70812 -8.38916 -10.8932 -31.6474 -4.59125 -24.2185 8.18188 1.0286 12.6655 26.9565 -14.2073 3.12883 7.52511 13.0132 -5.78109 -1.09199 -5.38822
internal_weight=415 404 52 352 104 42 248 26 237 62 217 37 26 180 140 129 30 99 22 51 77 40 20 23 37 54 41 24 35 25
internal_count=415 404 52 352 104 42 248 26 237 62 217 37 26 180 140 129 30 99 22 51 77 40 20 23 37 54 41 24 35 25
is_linear=0
shrinkage=0.03


Tree=219
num_leaves=31
num_cat=0
split_feature=11 0 16 30 0 30 0 24 1 0 0 13 16 15 4 11 25 15 13 15 10 12 16 3 14 17 16 3 2 6
split_gain=5.01228e+07 6.14645e+07 2.80081e+07 5.1943e+07 1.28613e+08 3.65215e+07 5.2588e+07 2.55442e+07 2.54508e+07 2.21659e+07 2.44457e+07 2.41342e+07 2.18223e+07 1.17381e+07 1.04521e+07 8.96951e+06 8.71023e+06 9.8423e+06 9.1132e+06 9.50441e+06 6.77015e+06 7.29282e+06 9.27355e+06 4.94987e+06 3.58033e+06 3.48848e+06 1.51521e+06 1.04137e+06 842723 1.24041e+06
threshold=25410.033571428576 51131.535000000011 47394.921645916504 10.500000000000002 64929.600000000006 10.500000000000002 51870.350000000013 -1.0000000180025095e-35 63190.055000000008 21859.955000000005 32461.295000000002 42460.154916666674 51794.161367961126 52714.065897905246 97337.480000000025 44601.249642857154 -0.24999999999999994 39727.16698597536 51198.779500000011 54683.736131133301 30323.69071428572 54670.526500000007 40733.144284918679 71508.345000000016 46565.845945021385 48120.34300178488 40563.744272235876 43353.165000000008 33308.945000000007 19116069.830000002
decision_type=2 2 2 2 2 2 2 2 2 2 2 2 2 2 2 2 2 2 2 2 2 2 2 2 2 2 2 2 2 2
left_child=1 8 5 9 12 13 -7 -8 -1 11 -11 -4 -5 20 16 -15 24 -18 19 -19 -2 23 -23 25 27 28 -25 -12 -22 -30
right_child=2 -3 3 4 -6 6 7 -9 -10 10 14 -13 -14 15 -16 -17 17 18 -20 -21 21 22 -24 26 -26 -27 -28 -29 29 -31
leaf_value=27.221809106585614 28.096281045942163 -74.372422230474825 4.5924739468482221 30.004071277607213 133.85821310014865 -75.635130852480657 -40.604577044586627 22.037005474049845 -36.295200911564613 -48.531937955030749 5.4172522763477193 63.250084264954516 -24.124135026888606 -30.613279979180021 29.58135924837482 3.2295916355497112 11.59885496084126 -47.549888286371328 2.4945983800413383 -8.6282920609659204 -0.74808368148090676 0.71230147555205292 37.477229501543 -22.120457845659388 18.303087505447529 -13.040227482221782 -6.5718879184503658 -6.710918677662292 3.7781419599298012 14.007030822183482
leaf_weight=13.000000000000002 9.9999999999999982 18 17.000000000000004 17.000000000000004 9.9999999999999982 14.999999999999998 10 14 9.9999999999999982 9.9999999999999982 15.000000000000002 9.9999999999999982 10.999999999999998 17.000000000000004 9.9999999999999982 11.999999999999998 11.999999999999998 13.000000000000002 10.999999999999998 9.9999999999999982 15.999999999999998 14.000000000000002 10.999999999999998 10.000000000000002 15.999999999999998 10.999999999999998 12.999999999999998 10.999999999999998 32 15.999999999999998
leaf_count=13 10 18 17 17 10 15 10 14 10 10 15 10 11 17 10 12 12 13 11 10 16 14 11 10 16 11 13 11 32 16
internal_value=-1.46611 -32.9341 1.98753 10.8351 41.7943 -5.62834 -31.6713 -4.09381 -0.413109 2.10841 -3.97245 26.3943 8.73432 0.649098 0.596862 -16.6279 -2.71176 -11.7244 -19.9611 -30.6829 4.42109 2.48564 16.9314 -1.20625 7.16144 2.52899 -13.3655 0.283071 5.21305 7.1988
internal_weight=415 41 374 173 38 201 39 24 23 135 108 27 28 162 98 29 88 46 34 23 133 123 25 98 42 75 23 26 64 48
internal_count=415 41 374 173 38 201 39 24 23 135 108 27 28 162 98 29 88 46 34 23 133 123 25 98 42 75 23 26 64 48
is_linear=0
shrinkage=0.03


Tree=220
num_leaves=31
num_cat=0
split_feature=17 29 30 29 1 29 3 10 10 29 10 10 1 30 12 11 3 2 13 13 29 10 15 10 11 4 3 6 29 11
split_gain=3.52816e+07 8.69978e+07 7.4349e+07 1.61238e+08 2.78734e+07 4.11394e+07 1.57482e+07 1.31415e+07 1.61811e+07 1.50033e+07 1.25057e+07 2.07471e+07 1.18795e+07 3.36627e+07 9.74378e+06 8.70357e+06 7.16432e+06 5.00167e+06 5.15218e+06 1.12896e+07 7.76531e+06 5.3044e+06 5.41666e+06 5.18272e+06 5.0614e+06 6.15625e+06 4.24999e+06 2.2629e+06 2.67177e+06 1.96864e+06
threshold=52332.119800143781 0.41152408773038568 7.5000000000000009 11.030744040625212 106407.83500000001 33560.245000000003 111155.90000000001 17720.783571428576 22796.857142857145 31256.185000000001 65303.012857142865 67065.815000000017 -20461.674999999996 12.500000000000002 56483.678000000007 47252.461785714295 64545.240000000005 -37814.669999999998 50965.439000000006 49639.675500000005 32461.295000000006 43870.914285714287 39413.344147185024 39429.778571428578 44431.136071428577 51204.400000000009 30453.02 12624109.160000002 66167.185000000012 42734.238928571438
decision_type=2 2 2 2 2 2 2 2 2 2 2 2 2 2 2 2 2 2 2 2 2 2 2 2 2 2 2 2 2 2
left_child=1 -1 -2 -4 6 -6 7 9 -9 -3 12 -12 15 14 17 -10 27 -14 19 21 -20 23 -23 26 -24 -26 -19 -13 -29 -28
right_child=2 4 3 -5 5 -7 -8 8 10 -11 11 16 13 -15 -16 -17 -18 18 20 -21 -22 22 24 -25 25 -27 29 28 -30 -31
leaf_value=80.212613510195155 16.332846836750107 48.308040140635903 -153.77854441173034 16.29666301670359 -79.099574530302547 4.844464946764087 28.442926951657292 -32.034617678918565 -0.63897085616837657 -1.3736335881023485 -53.311309267869632 13.868105145354763 -16.867633097639704 52.424691379911174 25.039319335014369 -40.173792654009006 -27.010257286811939 -11.47736903147084 -25.038369786627936 32.445229867788456 1.4964401818053965 4.4575080228655528 -1.2869701018700233 25.073832053699711 -38.420351256185484 -5.9076044341557701 1.2147787521134554 -14.505166045231599 7.3729577818913237 19.592913462781258
leaf_weight=11.999999999999998 17 10.000000000000002 10.000000000000002 9.9999999999999982 10.000000000000002 10.999999999999998 17 15.999999999999998 10.000000000000002 11.999999999999998 9.9999999999999982 10.000000000000002 15.999999999999998 11.999999999999998 13.999999999999998 9.9999999999999982 9.9999999999999982 11.999999999999998 15.999999999999998 10.999999999999998 26 40 24 12.999999999999998 10.000000000000002 10.999999999999998 10.000000000000002 10.000000000000002 9.9999999999999982 10.999999999999998
leaf_count=12 17 10 10 10 10 11 17 16 10 12 10 10 16 12 14 10 10 12 16 11 26 40 24 13 10 11 10 10 10 11
internal_value=-1.81883 0.878527 -29.7765 -68.9124 -1.69107 -35.2218 0.319771 -1.11569 -2.69713 21.2673 -1.10618 -14.7759 1.67467 3.63734 0.889991 -20.4573 -5.08757 -0.806298 0.594543 3.32495 -8.62981 0.86829 -3.57239 9.06887 -10.7071 -21.4443 2.73549 2.25277 -3.575 10.8651
internal_weight=421 384 37 20 372 21 351 334 312 22 296 50 246 226 214 20 40 200 184 142 42 131 85 46 45 21 33 30 20 21
internal_count=421 384 37 20 372 21 351 334 312 22 296 50 246 226 214 20 40 200 184 142 42 131 85 46 45 21 33 30 20 21
is_linear=0
shrinkage=0.03


Tree=221
num_leaves=31
num_cat=0
split_feature=17 29 30 29 12 3 7 10 10 29 23 29 11 0 12 29 29 29 13 12 6 16 14 10 10 7 10 17 6 13
split_gain=3.32074e+07 8.18775e+07 6.99748e+07 1.51755e+08 1.70468e+07 1.47671e+07 1.05618e+07 1.29437e+07 1.5832e+07 1.31309e+07 7.61977e+06 2.18161e+07 6.7595e+06 7.39073e+06 8.2683e+06 1.5176e+07 1.17372e+07 1.93048e+07 1.49568e+07 5.36741e+06 4.53571e+06 3.35965e+06 2.73067e+06 5.61224e+06 2.58626e+06 2.07854e+06 1.92385e+06 1.74303e+06 537509 448531
threshold=52332.119800143781 0.41152408773038568 7.5000000000000009 11.030744040625212 59244.048666666677 111155.90000000001 1487273.175 17720.783571428576 22796.857142857145 31256.185000000001 0.75486518014148152 6857.5300000000016 31932.978571428575 3524.7749999999983 51856.566666666673 32.285839286721725 22664.140000000003 1.6026184225363709 48134.409250000004 47115.593166666673 11789539.090000002 39567.243744647109 42823.728415751168 46705.908571428568 50852.296428571433 16290705.730000002 64008.683571428577 46586.032778558059 17730034.115000006 47489.206833333345
decision_type=2 2 2 2 2 2 2 2 2 2 2 2 2 2 2 2 2 2 2 2 2 2 2 2 2 2 2 2 2 2
left_child=1 -1 -2 -4 5 6 -3 9 -9 -8 12 -12 -10 -14 16 -16 17 20 -19 24 -15 -17 26 -24 -13 -21 28 -23 29 -18
right_child=2 4 3 -5 -6 -7 7 8 10 -11 11 19 13 14 15 21 22 18 -20 25 -22 27 23 -25 -26 -27 -28 -29 -30 -31
leaf_value=77.816219244359431 15.844297504145377 -28.202697964372302 -149.18814045920294 15.810195968400183 -35.32156410655756 27.709442259886554 46.866008434010958 -32.24655467156952 21.307954712167529 -0.56820091834435082 -41.426901949758935 -1.8923662644698898 19.456314028742725 -10.709932670308579 30.196193653016575 -17.094656577039117 1.4404309875237014 -14.284117014163003 -58.599644907610291 1.3863959339177492 16.586739605788864 10.273720016352756 5.7025884343289768 -24.132071423886423 -22.530517817255273 17.888483565081202 14.137271931797166 -3.3872961701370601 -3.9941357021418087 8.9485447157674756
leaf_weight=11.999999999999998 17 12.999999999999998 10.000000000000002 9.9999999999999982 12.999999999999998 15.999999999999998 10.000000000000002 14.999999999999998 14.999999999999998 10.999999999999998 14.999999999999998 12.000000000000002 17 10.000000000000002 19 9.9999999999999982 25 16.000000000000004 11.999999999999998 16.000000000000004 11.999999999999998 14.999999999999998 13.000000000000002 9.9999999999999982 9.9999999999999982 11.999999999999998 14.999999999999998 19 10.999999999999998 9.9999999999999982
leaf_count=12 17 13 10 10 13 16 10 15 15 11 15 12 17 10 19 10 25 16 12 16 12 15 13 10 10 12 15 19 11 10
internal_value=-1.76471 0.852162 -28.8881 -66.8553 -1.64067 -0.416282 -1.73212 -0.685222 -2.2355 22.0772 -0.699105 -9.76021 1.87439 0.50757 -1.13212 7.82756 -5.34586 -16.8462 -33.3471 -0.228308 4.18301 -1.85493 1.50551 -7.29321 -11.3032 8.478 4.82631 2.64586 1.77808 3.59531
internal_weight=421 384 37 20 372 359 343 330 309 21 294 65 229 214 197 63 134 50 28 50 22 44 84 23 22 28 61 34 46 35
internal_count=421 384 37 20 372 359 343 330 309 21 294 65 229 214 197 63 134 50 28 50 22 44 84 23 22 28 61 34 46 35
is_linear=0
shrinkage=0.03


Tree=222
num_leaves=31
num_cat=0
split_feature=17 4 1 0 13 1 14 11 0 0 14 10 3 3 11 30 17 1 30 10 3 13 22 10 23 16 12 3 1 1
split_gain=3.12552e+07 6.7947e+07 3.02101e+07 3.81458e+07 1.78059e+07 2.51911e+07 2.58781e+07 6.67672e+07 1.75343e+07 1.4725e+07 1.69704e+07 1.80871e+07 2.08794e+07 1.30967e+07 1.03847e+07 1.26009e+07 1.32127e+07 1.27903e+07 8.87082e+06 1.23593e+07 4.80015e+06 3.56962e+06 5.32908e+06 4.61524e+06 2.96183e+06 2.4186e+06 2.29341e+06 1.92708e+06 1.79486e+06 1.40049e+06
threshold=52332.119800143781 55263.075000000004 106407.83500000001 54138.695000000007 36097.248333333344 72915.470000000016 51666.491472010654 47252.461785714295 35132.160000000011 102553.38500000002 70229.404694509562 65303.012857142865 60272.075000000012 34678.480000000003 50736.320714285721 10.500000000000002 47105.336990572388 50139.635000000002 10.500000000000002 51052.531428571434 66072.970000000016 44586.557833333332 0.68808263497567124 27957.640714285717 -0.34552334190817774 47940.038820452726 52077.510333333346 60272.075000000012 80977.315000000017 28114.625000000004
decision_type=2 2 2 2 2 2 2 2 2 2 2 2 2 2 2 2 2 2 2 2 2 2 2 2 2 2 2 2 2 2
left_child=2 -2 4 -4 8 9 20 -8 -1 10 11 14 -13 -10 18 16 -16 -18 21 -20 24 22 25 -23 -7 -6 29 -27 -26 -25
right_child=1 -3 3 -5 5 6 7 -9 13 -11 -12 12 -14 -15 15 -17 17 -19 19 -21 -22 23 -24 26 28 27 -28 -29 -30 -31
leaf_value=-1.3510162881046432 -69.710637079381542 11.543661823422889 -76.365392041562174 4.4676145044387185 -8.9242872799668351 -9.4944688178825896 -2.8511838474492905 100.10174050402284 17.122217332071326 21.215835464657761 -34.154217267234564 -2.5267082828214793 -58.626858384145322 65.730734150445272 12.017250441987706 -39.918234984799199 -41.723690172250819 1.1761498111417923 46.006270360234943 -1.0960487024107974 20.599428037117264 20.671890638901242 -24.787030883333575 4.6910305709321021 16.24082632491837 15.172492725493136 10.532798301104293 -2.9916577011791627 0.41317801647239111 -8.7378847783006091
leaf_weight=14.999999999999998 18 19 10.000000000000002 10.999999999999998 15.999999999999998 18 13.000000000000002 9.9999999999999982 10.000000000000002 19 18 13.000000000000002 10.999999999999998 9.9999999999999982 23 10.999999999999998 12.000000000000002 12.999999999999998 10.000000000000002 9.9999999999999982 12.999999999999998 13.999999999999998 9.9999999999999982 11.000000000000002 10.000000000000002 11.000000000000002 14.999999999999998 9.9999999999999982 18 19
leaf_count=15 18 19 10 11 16 18 13 10 10 19 18 13 11 10 23 11 12 13 10 10 13 14 10 11 10 11 15 10 18 19
internal_value=-1.71217 -28.0262 0.826618 -34.1143 2.85241 0.68047 15.0754 42.031 23.1766 -4.11994 -6.24476 -3.83348 -28.3077 41.5298 -0.651659 -11.0334 -4.37927 -19.458 4.21207 22.5111 4.54065 0.750432 -5.41455 5.66195 -0.0151356 -0.15236 0.974424 6.53634 6.08478 -3.81434
internal_weight=421 37 384 21 363 328 82 23 35 246 227 209 24 20 185 59 48 25 126 20 59 106 47 59 46 37 45 21 28 30
internal_count=421 37 384 21 363 328 82 23 35 246 227 209 24 20 185 59 48 25 126 20 59 106 47 59 46 37 45 21 28 30
is_linear=0
shrinkage=0.03


Tree=223
num_leaves=31
num_cat=0
split_feature=17 30 10 1 20 13 1 14 11 17 14 23 10 30 1 16 30 1 10 8 23 20 10 17 12 22 5 14 4 20
split_gain=2.94133e+07 6.5309e+07 6.50644e+07 2.84335e+07 3.16056e+07 1.67587e+07 2.37095e+07 2.43562e+07 6.28404e+07 1.38734e+07 1.19062e+07 2.41743e+07 1.38075e+07 2.55003e+07 1.13381e+07 1.93548e+07 1.23372e+07 1.10318e+07 6.97558e+06 5.54534e+06 6.4656e+06 4.4054e+06 4.31649e+06 3.61898e+06 3.42696e+06 6.12544e+06 7.45898e+06 6.1108e+06 3.35472e+06 2.06607e+06
threshold=52332.119800143781 7.5000000000000009 51966.82 106407.83500000001 0.6078576107927941 36097.248333333344 72915.470000000016 51666.491472010654 47252.461785714295 45697.845211782005 70229.404694509562 1.0000000180025095e-35 65303.012857142865 9.5000000000000018 -20461.674999999996 46377.74879111888 11.500000000000002 34884.790000000001 24288.57714285715 6040231.9500000011 1.0000000180025095e-35 -0.60785761079279388 70303.636428571437 48698.961251326597 56483.678000000007 0.52828508881293679 18235842.98 47257.805651574141 87392.215000000011 0.87837969732492682
decision_type=2 2 2 2 2 2 2 2 2 2 2 2 2 2 2 2 2 2 2 2 2 2 2 2 2 2 2 2 2 2
left_child=3 -2 -3 5 -5 9 10 21 -9 -1 12 -12 14 22 15 -7 18 -11 -16 20 -20 -8 -14 29 25 27 -27 28 -21 -23
right_child=1 2 -4 4 -6 6 7 8 -10 17 11 -13 13 -15 16 -17 -18 -19 19 24 -22 23 -24 -25 -26 26 -28 -29 -30 -31
leaf_value=-5.4003688026877006 16.025853838878643 -117.77777901265152 -9.6398582800110759 5.5193810989607597 -68.066924959070548 13.419407631034275 16.278971035273994 -2.7659761582297828 97.113629560328235 14.816528196849264 6.8379397264167405 -59.014307824889222 -15.271999757681307 -59.952172555496432 19.297349633359488 -41.132990726457365 30.508649642781428 55.537456714859637 -0.9558988007786432 -2.7110084701775383 -32.497579318373951 11.514204173221767 12.533070634016349 -15.859648831397699 16.169003709157305 -27.57367925474227 4.6156036566896557 25.899028857786263 13.336757314244773 -4.5628221161064042
leaf_weight=10.999999999999998 17 10.000000000000002 9.9999999999999982 10.000000000000002 10.999999999999998 10.000000000000002 19 13.000000000000002 9.9999999999999982 12.000000000000002 10.000000000000002 9.9999999999999982 10.000000000000005 9.9999999999999982 17 13.999999999999998 13.999999999999998 11.999999999999998 14.000000000000002 53 9.9999999999999982 15.999999999999998 9.9999999999999982 10.999999999999998 12.999999999999998 14.000000000000002 11.999999999999998 9.9999999999999982 14.999999999999998 13.000000000000002
leaf_count=11 17 10 10 10 11 10 19 13 10 12 10 10 10 10 17 14 14 12 14 53 10 16 10 11 13 14 12 10 15 13
internal_value=-1.66086 -27.1878 -63.8677 0.801986 -33.0959 2.76731 0.660207 14.6255 40.7764 22.4848 -3.99691 -26.1532 -2.03082 -20.9666 0.872122 -18.4222 3.56892 35.2501 1.17296 -1.01831 -14.1385 4.40514 -1.37288 -1.24821 1.6779 -0.140391 -12.7367 4.06386 0.836138 4.31181
internal_weight=421 37 20 384 21 363 328 82 23 35 246 20 226 30 196 24 172 24 158 141 24 59 20 40 117 104 26 78 68 29
internal_count=421 37 20 384 21 363 328 82 23 35 246 20 226 30 196 24 172 24 158 141 24 59 20 40 117 104 26 78 68 29
is_linear=0
shrinkage=0.03


Tree=224
num_leaves=31
num_cat=0
split_feature=17 29 4 5 1 29 3 10 10 29 10 10 1 30 12 0 0 3 3 29 12 29 10 29 10 6 1 0 25 5
split_gain=2.76842e+07 7.39539e+07 6.45753e+07 2.40205e+07 2.30871e+07 3.67992e+07 1.35698e+07 1.12248e+07 1.35171e+07 1.28602e+07 1.04928e+07 1.87029e+07 9.89634e+06 3.05156e+07 9.23389e+06 8.07587e+06 6.66274e+06 5.46547e+06 8.72115e+06 9.61101e+06 5.09112e+06 4.69459e+06 4.21186e+06 5.04749e+06 3.95626e+06 3.72224e+06 3.55956e+06 3.37706e+06 1.77528e+06 1.71568e+06
threshold=52332.119800143781 0.41152408773038568 46772.705000000009 7327735.290000001 106407.83500000001 33560.245000000003 111155.90000000001 17720.783571428576 22796.857142857145 31256.185000000001 65303.012857142865 67065.815000000017 -20461.674999999996 12.500000000000002 56483.678000000007 52838.025000000001 -9834.5850000000028 -56370.900000000001 27755.075000000001 6857.5300000000016 47255.555333333345 51904.395000000011 43254.637857142858 4.1122073779126174 40323.093571428566 19424806.555000003 55107.090000000004 54430.460000000006 -0.5 15612432.08
decision_type=2 2 2 2 2 2 2 2 2 2 2 2 2 2 2 2 2 2 2 2 2 2 2 2 2 2 2 2 2 2
left_child=1 -1 -2 -4 6 -6 7 9 -9 -3 12 -12 20 14 16 -13 21 -18 19 -19 -10 -14 24 -24 25 27 -25 -20 -28 -17
right_child=2 4 3 -5 5 -7 -8 8 10 -11 11 15 13 -15 -16 29 17 18 22 -21 -22 -23 23 26 -26 -27 28 -29 -30 -31
leaf_value=73.923222078821951 -83.424208727318216 44.627979682808466 27.142541417023455 -31.976949096265415 -73.606614229572315 5.7812684624443218 26.344629826014341 -29.369107904166814 -3.5801512988645623 -1.3683763052912667 -50.209964547228452 -27.700308626089523 29.855914807675475 49.688427379813923 24.130879622761466 12.129596580410395 17.586867685447448 -37.979307714001884 -17.282728807958534 -5.1813615287001511 -33.83461203503964 0.81855185209815173 -19.211911841361751 4.6075295080894811 23.311659263496967 14.650145098806798 0.25195787358580773 6.1776263586536242 -14.478531624200775 -2.4911489639916247
leaf_weight=11.999999999999998 11.999999999999998 10.000000000000002 14.000000000000002 10.999999999999998 10.000000000000002 10.999999999999998 17 15.999999999999998 10.000000000000002 11.999999999999998 9.9999999999999982 9.9999999999999982 10.000000000000002 11.999999999999998 13.999999999999998 12.000000000000002 10.999999999999998 12.999999999999998 11.000000000000002 21 9.9999999999999982 9.9999999999999982 17 42 9.9999999999999982 12.999999999999998 12.000000000000002 10.999999999999998 19 18
leaf_count=12 12 10 14 11 10 11 17 16 10 12 10 10 10 12 14 12 11 13 11 21 10 10 17 42 10 13 12 11 19 18
internal_value=-1.6114 0.777956 -26.3766 1.11806 -1.59119 -32.1075 0.238891 -1.09359 -2.55515 19.5928 -1.10103 -13.6224 1.44621 3.2376 0.621879 -4.42426 -1.02937 -2.8559 -4.1913 -17.7591 -18.754 15.3755 -0.76891 -4.51523 6.72043 1.95358 -1.08191 -5.56514 -8.78518 3.3676
internal_weight=421 384 37 25 372 21 351 334 312 22 296 50 246 226 214 40 200 180 169 34 20 20 135 90 45 35 73 22 31 30
internal_count=421 384 37 25 372 21 351 334 312 22 296 50 246 226 214 40 200 180 169 34 20 20 135 90 45 35 73 22 31 30
is_linear=0
shrinkage=0.03


Tree=225
num_leaves=30
num_cat=0
split_feature=0 1 1 2 20 7 17 3 3 30 12 17 0 0 20 2 17 12 10 1 3 0 5 10 3 13 3 10 17
split_gain=3.26793e+07 2.51711e+07 3.59568e+07 4.10257e+07 3.13718e+07 1.7738e+07 2.62132e+07 4.38075e+07 2.60965e+07 1.73788e+07 1.70962e+07 1.44538e+07 1.42461e+07 1.2614e+07 1.70372e+07 1.80136e+07 2.3087e+07 1.11573e+07 9.5215e+06 9.28219e+06 6.52791e+06 6.3568e+06 5.10213e+06 4.88965e+06 3.44044e+06 3.34461e+06 2.41313e+06 2.37228e+06 2.09821e+06
threshold=120940.16500000002 106407.83500000001 78161.070000000022 78381.74500000001 0.6078576107927941 21849410.805000003 51199.081978497656 79697.49500000001 51131.535000000011 12.500000000000002 54162.959833333349 49023.429518820798 -20461.674999999996 44692.845000000008 -1.0000000180025095e-35 34963.450000000004 47239.060753240752 49360.041333333349 42399.390714285721 33560.245000000003 56058.430000000008 35132.160000000011 6526955.3000000007 41440.55000000001 50517.605000000003 45100.219583333346 45619.195000000007 57675.105000000003 43329.64463327967
decision_type=2 2 2 2 2 2 2 2 2 2 2 2 2 2 2 2 2 2 2 2 2 2 2 2 2 2 2 2 2
left_child=1 2 5 10 -3 6 9 8 -8 11 23 12 -1 20 19 -16 17 -17 24 -15 22 -22 -14 -4 -13 -20 -25 -27 -21
right_child=-2 4 3 -5 -6 -7 7 -9 -10 -11 -12 18 13 14 15 16 -18 -19 25 28 21 -23 -24 26 -26 27 -28 -29 -30
leaf_value=-35.139623485850265 -39.767083947489574 5.3868815863310378 16.560446291886191 72.584191160083307 -69.640571799207081 32.08957940244126 -33.033701582780971 -79.76866691930968 18.063045092272265 34.011654838474314 44.252455855494702 39.935171554337671 -17.624376553420699 28.097553745977475 1.9430423976868154 -35.619606524500341 -70.165267875291633 6.4668702652205274 -7.2963145765901594 -15.461561282713015 7.2026844174843117 36.730500451842346 7.8794225273244178 4.7621583048238776 15.5356046857877 0.67503765675816574 -13.25857448894716 20.841026135345 2.0237371276472218
leaf_weight=13.999999999999998 19 10.000000000000002 13.999999999999998 11.999999999999998 9.9999999999999982 12.999999999999998 19 9.9999999999999982 17 12.999999999999998 10.999999999999998 10.000000000000002 12.000000000000002 10.999999999999998 19 13.000000000000002 10.999999999999998 9.9999999999999982 18 10.000000000000002 19.000000000000004 9.9999999999999982 17 12.000000000000002 10.999999999999998 11.000000000000002 14.999999999999998 9.9999999999999982 15.999999999999998
leaf_count=14 19 10 14 12 10 13 19 10 17 13 11 10 12 11 19 13 11 10 18 10 19 10 17 12 11 11 15 10 16
internal_value=-1.42874 0.503324 2.33496 22.7033 -32.207 -2.10207 -3.68932 -24.3864 -8.9131 0.366341 11.1336 -1.61109 -6.26951 -3.5276 -10.5562 -21.4544 -34.5131 -17.3468 10.9614 5.06263 7.37852 17.4304 -2.68604 2.20504 27.2217 2.18215 -5.25536 10.3046 -4.71815
internal_weight=397 378 358 64 20 294 281 46 36 235 52 222 162 148 90 53 34 23 60 37 58 29 29 41 21 39 27 21 26
internal_count=397 378 358 64 20 294 281 46 36 235 52 222 162 148 90 53 34 23 60 37 58 29 29 41 21 39 27 21 26
is_linear=0
shrinkage=0.03


Tree=226
num_leaves=31
num_cat=0
split_feature=29 27 10 29 29 0 10 30 10 10 12 2 0 30 3 13 25 29 1 29 3 21 30 29 4 12 29 23 3 2
split_gain=5.15115e+07 2.77266e+07 2.32385e+07 1.6015e+07 4.59829e+07 1.12115e+07 1.01227e+07 2.84091e+07 2.07289e+07 1.35931e+07 7.43644e+06 6.38784e+06 6.11317e+06 9.85911e+06 1.10028e+07 5.66369e+06 4.80582e+06 6.09285e+06 4.29572e+06 5.22514e+06 3.81887e+06 3.74301e+06 2.80509e+06 2.74636e+06 2.2761e+06 2.00088e+06 1.10285e+06 1.11733e+06 1.39778e+06 530556
threshold=0.37358695828773819 1.0000000180025095e-35 7045.4614285714288 0.48628610801958011 0.6678216696711986 -61310.959999999992 65303.012857142865 13.500000000000002 67065.815000000017 63561.312857142861 54670.526500000007 67504.315000000017 54518.790000000008 4.5000000000000009 -9985.1099999999988 48476.53133333334 -0.5 32461.295000000006 88318.750000000015 3.0201460719841715 53025.730000000003 -0.22252093395631442 10.500000000000002 21859.955000000005 56646.380000000012 51123.966500000002 80689.725000000006 0.8698606264137535 12387.110000000004 51204.400000000009
decision_type=2 2 2 2 2 2 2 2 2 2 2 2 2 2 2 2 2 2 2 2 2 2 2 2 2 2 2 2 2 2
left_child=-1 2 -2 -4 -5 -6 7 9 -8 10 12 -12 18 -14 -15 -10 24 -18 19 21 -17 -7 23 -21 -16 -19 27 28 -25 -30
right_child=1 -3 3 4 5 6 8 -9 15 -11 11 -13 13 14 16 20 17 25 -20 22 -22 -23 -24 26 -26 -27 -28 -29 29 -31
leaf_value=-65.251004843042978 46.88672160817616 -44.348817538819368 37.986743528451491 -58.015549123930235 -29.606126415195746 32.490792866607194 -46.017273685403538 49.897774977308082 -19.488338840541555 31.527009408753958 28.118064402642641 -2.4173630899457788 -33.007260038626136 21.362050582505628 11.414367772244855 -3.4111175268626281 -28.463853607890762 -11.705264466808686 -10.002711795373637 -13.187233033331271 17.330233696845678 7.1221518503594714 16.228576144143258 9.3099077480942452 -6.6696254532366854 4.6896193318776955 11.160723873589543 10.311922648415635 0.35557318860151632 -6.639754351951237
leaf_weight=10.999999999999998 9.9999999999999982 11.999999999999998 9.9999999999999982 11.999999999999998 9.9999999999999982 10.000000000000002 10.999999999999998 11.999999999999998 9.9999999999999982 13.999999999999998 16.000000000000004 9.9999999999999982 10.999999999999998 13.999999999999998 13.000000000000002 17 15.999999999999998 17.000000000000004 18 10.999999999999998 14.999999999999998 10.999999999999998 11.999999999999998 9.9999999999999982 11.999999999999998 10.999999999999998 11.999999999999998 9.9999999999999982 19 20
leaf_count=11 10 12 10 12 10 10 11 12 10 14 16 10 11 14 13 17 16 17 18 11 15 11 12 10 12 11 12 10 19 20
internal_value=-1.38596 0.442244 1.88513 0.642549 -0.417587 1.61158 2.55619 4.83953 -9.45689 2.80548 1.21023 16.3916 -0.531833 -6.38601 -2.84014 0.161775 -7.76265 -13.7253 3.60655 5.74012 6.32326 19.2509 2.71311 0.726554 2.73806 -5.26754 2.88997 1.19976 -0.668478 -3.23568
internal_weight=397 386 374 364 354 342 332 279 53 267 253 26 227 94 83 42 69 44 133 115 32 21 94 82 25 28 71 59 49 39
internal_count=397 386 374 364 354 342 332 279 53 267 253 26 227 94 83 42 69 44 133 115 32 21 94 82 25 28 71 59 49 39
is_linear=0
shrinkage=0.03


Tree=227
num_leaves=31
num_cat=0
split_feature=29 27 10 29 29 0 10 30 10 10 30 29 16 30 29 29 3 0 25 13 29 16 30 21 29 13 1 0 24 10
split_gain=4.84808e+07 2.60947e+07 2.18718e+07 1.50732e+07 4.32763e+07 1.05521e+07 9.52733e+06 2.67369e+07 1.95091e+07 1.27925e+07 5.72706e+06 1.58266e+07 5.41635e+06 7.03099e+06 4.49239e+06 1.41874e+07 1.00897e+07 1.21202e+07 5.73351e+06 3.67376e+06 3.53301e+06 2.66338e+06 2.61732e+06 1.55381e+06 695583 644142 946765 541137 445932 539925
threshold=0.37358695828773819 1.0000000180025095e-35 7045.4614285714288 0.48628610801958011 0.6678216696711986 -61310.959999999992 65303.012857142865 13.500000000000002 67065.815000000017 63561.312857142861 5.5000000000000009 12806.415000000003 51390.930907592738 10.500000000000002 32.285839286721725 3.2772196089076209 22565.245000000003 55791.415000000008 0.25000000000000017 37632.559583333343 68227.74500000001 57191.70138504888 10.500000000000002 -0.22252093395631442 47983.345000000008 38302.290916666672 73777.530000000013 11100.835000000001 -1.0000000180025095e-35 48024.303571428572
decision_type=2 2 2 2 2 2 2 2 2 2 2 2 2 2 2 2 2 2 2 2 2 2 2 2 2 2 2 2 2 2
left_child=-1 2 -2 -4 -5 -6 7 9 -8 10 11 -7 13 20 15 16 -12 18 -18 -13 -10 22 24 -21 -16 -26 27 -27 -29 -30
right_child=1 -3 3 4 5 6 8 -9 12 -11 14 19 -14 -15 21 -17 17 -19 -20 23 -22 -23 -24 -25 25 26 -28 28 29 -31
leaf_value=-63.302333144796371 45.487118052012882 -43.023873812726919 36.852809803521453 -56.282303945454323 -28.722363426436235 -41.483549257534648 -44.643001566753128 48.407051814542271 -16.865863724608911 30.584564123459131 -21.904282925237755 -15.551750242888037 -19.059536748857639 25.554035309321197 -6.6722147357997601 34.441884762772887 39.291084420734926 -10.253444678761134 8.6450981813318588 11.85613392268386 7.7165974267467634 12.699826157050625 -11.304712460735651 -1.1557582754543447 -5.1467673116140231 -2.1163936558054455 -3.6937361999690701 8.7461696660437624 6.5142891146799773 -1.4996569710216301
leaf_weight=10.999999999999998 9.9999999999999982 11.999999999999998 9.9999999999999982 11.999999999999998 9.9999999999999982 9.9999999999999982 10.999999999999998 11.999999999999998 10.000000000000002 13.999999999999998 11.999999999999998 9.9999999999999982 9.9999999999999982 10.999999999999998 9.9999999999999982 15.999999999999998 11.000000000000002 15.999999999999998 10.999999999999998 15.999999999999995 10.999999999999998 13.999999999999998 19 17.000000000000004 10.999999999999998 9.9999999999999982 17 21.999999999999979 18.000000000000025 12.999999999999998
leaf_count=11 10 12 10 12 10 10 11 12 10 14 12 10 10 11 10 16 11 16 11 16 11 14 19 17 11 10 17 22 18 13
internal_value=-1.34454 0.429067 1.82884 0.623357 -0.405133 1.56341 2.47982 4.695 -9.17465 2.72172 1.17416 -7.58943 0.156723 6.18217 3.49783 9.90118 2.02159 9.59598 24.0224 0.331944 -4.00159 0.341423 -1.10508 5.16143 0.818307 1.64465 2.58111 4.2759 5.48285 3.1566
internal_weight=397 386 374 364 354 342 332 279 53 267 253 53 42 32 200 66 50 38 22 43 21 134 120 33 101 91 80 63 53 31
internal_count=397 386 374 364 354 342 332 279 53 267 253 53 42 32 200 66 50 38 22 43 21 134 120 33 101 91 80 63 53 31
is_linear=0
shrinkage=0.03


Tree=228
num_leaves=31
num_cat=0
split_feature=29 27 10 29 29 0 30 24 0 29 29 12 0 10 23 6 21 15 16 3 3 29 16 29 16 10 17 15 17 12
split_gain=4.56282e+07 2.45587e+07 2.05857e+07 1.41868e+07 4.07289e+07 9.93137e+06 8.98282e+06 2.84134e+07 3.45238e+07 1.71059e+07 2.56364e+07 5.28147e+06 6.29557e+06 6.3789e+06 6.09166e+06 3.7284e+06 3.7066e+06 2.94257e+06 4.60202e+06 2.88394e+06 2.70492e+06 2.2782e+06 2.23079e+06 3.9074e+06 2.57052e+06 2.64074e+06 1.68253e+06 1.13715e+06 468847 343272
threshold=0.37358695828773819 1.0000000180025095e-35 7045.4614285714288 0.48628610801958011 0.6678216696711986 -61310.959999999992 10.500000000000002 -0.5 79283.990000000005 3.482951500646299 79283.99000000002 54670.526500000007 93240.910000000018 51197.872142857152 -0.97450428989597182 19116069.830000002 0.81174490092936691 38396.252431795117 44104.021538511828 59991.750000000007 93781.24500000001 22664.140000000003 48197.754451368048 40927.200000000004 51983.433812123716 48431.235000000008 44224.617132805164 38535.821339389215 51700.701421805519 48532.577166666677
decision_type=2 2 2 2 2 2 2 2 2 2 2 2 2 2 2 2 2 2 2 2 2 2 2 2 2 2 2 2 2 2
left_child=-1 2 -2 -4 -5 -6 11 -8 9 -9 -11 12 14 -14 -7 16 20 -13 -19 -12 22 -17 23 26 25 -24 -16 -25 -26 -23
right_child=1 -3 3 4 5 6 7 8 -10 10 19 17 13 -15 15 21 -18 18 -20 -21 -22 29 24 27 28 -27 -28 -29 -30 -31
leaf_value=-61.411856507176182 44.129294449535763 -41.738511163861915 35.75272635844216 -54.600841658342915 -27.864978568233656 -18.264083724243694 -24.434757838455145 -23.702631526206854 72.351864088827099 61.07517098953474 13.536989328230929 1.1909458356169311 -31.579254865844209 -3.0360548360606443 -2.8474350630347396 21.828573373647835 -12.785146247683548 32.49949573118294 3.7328996914536203 -7.2936601250419786 13.343890543079059 1.682356673751134 18.536951810177236 7.8190994141174475 -5.0755086925221269 -0.54307800655451288 -18.363486018698236 -3.3499689387324638 3.0115646191497341 9.2068193578008373
leaf_weight=10.999999999999998 9.9999999999999982 11.999999999999998 9.9999999999999982 11.999999999999998 9.9999999999999982 14.999999999999998 14.999999999999998 9.9999999999999982 9.9999999999999982 9.9999999999999982 13.000000000000002 17 12.000000000000002 17 10.000000000000002 10.999999999999998 19 10.000000000000002 9.9999999999999982 10.999999999999998 14.999999999999998 12.000000000000002 16.000000000000004 18 18.000000000000004 10.999999999999998 17 14.999999999999998 9.9999999999999982 9.9999999999999982
leaf_count=11 10 12 10 12 10 15 15 10 10 10 13 17 12 17 10 11 19 10 10 11 15 12 16 18 18 11 17 15 10 10
internal_value=-1.30449 0.416146 1.7741 0.604595 -0.393199 1.51653 2.40557 12.0355 22.1793 10.7073 20.8478 -0.12271 -1.84349 -14.8811 0.079039 1.59544 -0.426418 10.3763 18.1614 3.99429 1.38408 10.7112 -0.181018 -4.17979 4.18111 10.777 -12.6327 2.74486 -2.18705 5.11569
internal_weight=397 386 374 364 354 342 332 69 54 44 34 263 226 29 197 182 149 37 20 24 130 33 115 60 55 27 27 33 28 22
internal_count=397 386 374 364 354 342 332 69 54 44 34 263 226 29 197 182 149 37 20 24 130 33 115 60 55 27 27 33 28 22
is_linear=0
shrinkage=0.03


Tree=229
num_leaves=30
num_cat=0
split_feature=0 12 4 30 22 15 12 12 30 24 4 22 4 17 3 4 3 13 0 5 13 17 16 2 0 24 12 4 3
split_gain=2.96099e+07 1.68586e+07 1.4702e+07 2.11152e+07 1.76787e+07 8.52786e+07 3.02039e+07 1.6653e+07 2.58765e+07 1.39352e+07 1.10761e+07 1.98711e+07 1.12235e+07 1.12848e+07 1.40368e+07 1.12283e+07 1.60951e+07 1.49363e+07 1.00585e+07 9.15807e+06 6.45707e+06 5.50674e+06 5.31824e+06 5.24948e+06 2.4834e+06 2.27316e+06 2.34677e+06 2.04247e+06 1.90426e+06
threshold=120940.16500000002 59244.048666666677 93240.910000000018 8.5000000000000018 -0.87322439853274625 44138.577142328279 31956.744166666667 54519.098500000015 9.5000000000000018 -0.93301270189221908 76501.760000000024 1.0000000180025095e-35 51204.400000000009 48608.780062001977 71508.345000000016 29283.360000000004 65228.990000000013 48580.878750000003 64022.775000000009 6170969.7850000011 42309.180916666672 49023.429518820798 46994.772841901744 71508.345000000016 51266.125000000007 0.25000000000000011 45374.591833333332 64922.42500000001 89382.47500000002
decision_type=2 2 2 2 2 2 2 2 2 2 2 2 2 2 2 2 2 2 2 2 2 2 2 2 2 2 2 2 2
left_child=1 2 4 19 5 25 -6 9 -9 -8 12 -12 15 23 -15 16 17 20 21 -4 -11 22 -17 27 -21 -1 -27 -14 -18
right_child=-2 -3 3 -5 6 -7 7 8 -10 10 11 -13 13 14 -16 18 28 -19 -20 24 -22 -23 -24 -25 -26 26 -28 -29 -30
leaf_value=-12.415739295294669 -37.758833673432115 -32.930598046313754 -24.890519828227028 -46.436787823424943 -37.654692869661844 89.94664536947036 -29.158062068895362 3.2725481085064114 64.005388857713385 17.116066868913485 13.250214085643643 -41.440929715386751 -7.8864109670083344 11.576512099501166 53.455510730664265 1.4865981865607967 -23.670459007149301 43.465271343624885 -32.945104051908984 19.707977581455687 -12.328568791102498 14.635965449130373 -26.34806223865008 21.018712455924899 -0.42603219321410574 -6.3785120160747839 11.668379501940091 6.9002964157598754 -5.1466288651993022
leaf_weight=11.999999999999998 19 12.999999999999998 9.9999999999999982 12.999999999999998 17 11.999999999999998 12.999999999999998 17.000000000000004 9.9999999999999982 17.000000000000004 11.000000000000002 12.999999999999998 19 18.000000000000004 11.999999999999998 14.000000000000002 10.000000000000002 13.999999999999998 13.999999999999998 11.000000000000002 10.999999999999998 10.999999999999998 10.999999999999998 12.999999999999998 10.999999999999998 12.000000000000002 13.999999999999998 14.999999999999998 9.9999999999999982
leaf_count=12 19 13 10 13 17 12 13 17 10 17 11 13 19 18 12 14 10 14 14 11 11 11 11 13 11 12 14 15 10
internal_value=-1.26535 0.573735 1.77139 -14.2749 4.02977 20.4061 0.993897 3.59777 25.8429 0.935029 2.77811 -16.3987 5.21696 14.0299 28.3892 -0.845489 7.68209 18.2232 -11.4168 -1.15707 5.54717 -3.0106 -10.7888 4.84394 9.66283 -1.64336 3.34279 -1.36231 -14.4445
internal_weight=397 378 365 45 320 50 270 253 27 226 213 24 189 77 30 112 62 42 50 32 28 36 25 47 22 38 26 34 20
internal_count=397 378 365 45 320 50 270 253 27 226 213 24 189 77 30 112 62 42 50 32 28 36 25 47 22 38 26 34 20
is_linear=0
shrinkage=0.03


Tree=230
num_leaves=31
num_cat=0
split_feature=29 29 16 29 2 29 9 20 1 11 10 12 0 12 14 1 1 0 16 4 17 11 29 14 16 14 1 24 4 6
split_gain=3.33052e+07 2.15087e+07 1.87848e+07 2.05765e+07 7.43106e+06 1.1755e+07 1.12963e+07 2.00884e+07 7.09173e+06 8.73209e+06 6.16549e+06 1.50227e+07 7.5827e+06 7.75018e+06 6.79134e+06 5.19239e+06 7.70729e+06 4.8053e+06 4.70207e+06 4.2518e+06 3.78106e+06 3.58763e+06 3.50003e+06 3.07675e+06 2.256e+06 3.06304e+06 1.66985e+06 1.32501e+06 1.07564e+06 1.92452e+06
threshold=0.37358695828773819 0.48628610801958011 61970.865192031029 0.71562937656960035 -18615.414999999997 27301.705000000002 1581420.5000000002 1.0000000180025095e-35 -20461.674999999996 50109.914642857148 63644.446428571428 46938.529833333341 102553.38500000002 54519.098500000015 36206.660114122569 21925.385000000006 29283.360000000004 51604.580000000009 43831.614191282235 76557.895000000004 51970.35244834287 59432.043214285724 53392.785000000011 26995.996416915765 50254.873955467301 36206.660114122569 51131.535000000011 1.0000000180025095e-35 41587.085000000006 18705487.540000003
decision_type=2 2 2 2 2 2 2 2 2 2 2 2 2 2 2 2 2 2 2 2 2 2 2 2 2 2 2 2 2 2
left_child=-1 -2 3 -3 5 -5 7 -6 9 -8 12 -12 13 15 21 17 -17 -10 23 20 24 -13 -15 -18 25 -20 -7 -26 -25 -30
right_child=1 2 -4 4 6 26 8 -9 10 -11 11 14 -14 22 -16 16 18 -19 19 -21 -22 -23 -24 28 27 -27 -28 -29 29 -31
leaf_value=-50.348406015801743 43.721714043940885 -35.472590387419018 39.834720829061794 -35.660977081045566 -5.7473458792658736 -6.544955394278821 -0.84595157893623874 48.00879965157344 0.72208084157138941 -35.425748067827364 -30.542484347619741 22.986200109021414 28.30840533244659 33.674717051947276 -13.556637893879532 -23.554746078554523 -18.803687079022037 24.341795299209167 -1.7154523600308742 19.790968736309871 19.609780627578051 2.5489935747281769 9.6182566593296777 -8.0319110794320849 -1.5112728011942351 17.793831258230078 10.353738767709304 -15.415905966687557 -4.1674888202521796 12.384354423409075
leaf_weight=10.999999999999998 10.999999999999998 13.999999999999998 10.999999999999998 11.999999999999998 12.000000000000002 11.000000000000002 19.000000000000004 12.999999999999998 15.000000000000002 9.9999999999999982 15.999999999999998 12.999999999999998 11.999999999999998 10.000000000000002 14.999999999999998 11.999999999999998 11.999999999999998 15.999999999999998 21 15.999999999999998 9.9999999999999982 19 11.999999999999998 14.999999999999998 16.000000000000004 10.999999999999998 9.9999999999999982 9.9999999999999982 17.000000000000004 9.9999999999999982
leaf_count=11 11 14 11 12 12 11 19 13 15 10 16 13 12 10 15 12 12 16 21 16 10 19 12 15 16 11 10 10 17 10
internal_value=1.03178 2.44731 1.2777 0.153528 1.52468 -12.0418 2.87477 22.2459 1.29395 -12.8105 2.76731 -5.48305 5.18557 3.81207 3.07122 1.76587 -0.545439 12.9325 1.46318 5.90183 2.62166 10.8745 20.6046 -5.44047 -0.321692 5.00816 1.50752 -6.87853 -1.60459 1.97438
internal_weight=412 401 390 379 365 33 332 25 307 29 278 63 215 203 47 181 150 31 138 84 68 32 22 54 58 32 21 26 42 27
internal_count=412 401 390 379 365 33 332 25 307 29 278 63 215 203 47 181 150 31 138 84 68 32 22 54 58 32 21 26 42 27
is_linear=0
shrinkage=0.03


Tree=231
num_leaves=31
num_cat=0
split_feature=12 21 29 29 1 5 10 3 1 16 30 0 17 12 10 5 16 22 30 30 1 1 17 15 3 29 23 3 3 16
split_gain=3.27104e+07 7.32599e+07 3.465e+07 2.1706e+07 1.1601e+07 1.18472e+07 9.19122e+06 1.76488e+07 7.75457e+06 1.2133e+07 9.00972e+06 9.69519e+06 8.21904e+06 5.6469e+06 6.60223e+06 5.65246e+06 4.86152e+06 4.59076e+06 6.95914e+06 5.31095e+06 2.92961e+06 5.80121e+06 8.31534e+06 2.47595e+06 2.4157e+06 2.09655e+06 2.07545e+06 930204 1.38532e+06 2.06065e+06
threshold=31956.744166666667 1.0000000180025095e-35 0.48628610801958011 0.71562937656960035 107547.12000000001 2217647.0950000002 65303.012857142865 60272.075000000012 -20461.674999999996 46377.74879111888 11.500000000000002 45914.200000000004 49870.058603446283 56483.678000000007 27957.640714285717 15167910.320000002 47940.038820452726 0.52828508881293679 6.5000000000000009 10.500000000000002 77239.040000000023 56916.210000000006 47385.786203344549 40582.779731218667 65631.425000000017 48407.975000000006 1.0000000180025095e-35 22565.245000000003 66072.970000000016 45167.022847405788
decision_type=2 2 2 2 2 2 2 2 2 2 2 2 2 2 2 2 2 2 2 2 2 2 2 2 2 2 2 2 2 2
left_child=1 -1 -2 -4 5 -5 8 16 9 -7 13 -12 -11 14 15 25 23 19 -19 20 21 27 -23 -8 -22 -10 -20 -16 -29 -30
right_child=2 -3 3 4 -6 6 7 -9 10 12 11 -13 -14 -15 17 -17 -18 18 26 -21 24 22 -24 -25 -26 -27 -28 28 29 -31
leaf_value=10.390258851708552 45.133107097547423 -86.279368103787107 -36.61428566088621 32.031351973244504 25.555924387053238 15.303153103501042 0.87689089195750558 -35.044274655339457 -3.8339063825650435 -44.258952263220017 1.8741629073868926 42.654284899267132 -5.8100534239811683 22.686706575417418 -4.0358635836712251 32.606471411861584 -15.537394293185272 -30.009274572268868 4.6775370086043448 -19.12046426801539 3.2241119972403109 0.98864915243671425 33.660512789797522 19.879763702848063 -16.205264380614679 14.266413619805173 -12.014451547337872 8.4941830024033944 -9.8162361424544731 7.043258298676589
leaf_weight=17.000000000000004 17 11.999999999999998 12.999999999999998 10.999999999999998 19 10.000000000000002 16.000000000000004 18 11.000000000000002 10.000000000000002 10.000000000000002 10.999999999999998 9.9999999999999982 11.999999999999998 21 9.9999999999999982 10.999999999999998 10.999999999999998 17.000000000000004 9.9999999999999982 12.000000000000002 14.000000000000002 13.999999999999998 9.9999999999999982 10.999999999999998 11.999999999999998 10.999999999999998 25 13.000000000000002 12.999999999999998
leaf_count=17 17 12 13 11 19 10 16 18 11 10 10 11 10 12 21 10 11 11 17 10 12 14 14 10 11 12 11 25 13 13
internal_value=1.00099 -29.6906 3.32847 1.38083 2.78507 1.48609 0.441051 -10.7243 2.73402 -11.6272 4.54631 23.2858 -25.0969 2.72787 1.5543 13.8348 1.13839 -0.805177 -9.84917 1.84953 3.56148 5.78169 17.3555 8.20982 -6.08319 5.6202 -1.88976 1.27185 3.4592 -1.38915
internal_weight=412 29 383 366 353 334 323 55 268 30 238 21 20 217 205 33 37 172 39 133 123 100 28 26 23 23 28 72 51 26
internal_count=412 29 383 366 353 334 323 55 268 30 238 21 20 217 205 33 37 172 39 133 123 100 28 26 23 23 28 72 51 26
is_linear=0
shrinkage=0.03


Tree=232
num_leaves=31
num_cat=0
split_feature=29 29 16 29 2 29 5 20 1 2 10 1 30 0 20 14 0 0 29 0 15 10 29 14 14 0 22 1 30 29
split_gain=3.24453e+07 1.9707e+07 1.80854e+07 1.82629e+07 6.78636e+06 1.05546e+07 1.01661e+07 1.87987e+07 6.3319e+06 8.23808e+06 5.49292e+06 9.8112e+06 1.36286e+07 6.94219e+06 7.44149e+06 6.10232e+06 8.35794e+06 6.81513e+06 7.06985e+06 4.83946e+06 4.65155e+06 4.38698e+06 1.1189e+07 3.9078e+06 2.64419e+06 1.79296e+06 2.03989e+06 1.48623e+06 1.29554e+06 1.27033e+06
threshold=0.37358695828773819 0.48628610801958011 61970.865192031029 0.71562937656960035 -18615.414999999997 27301.705000000002 2630829.9650000003 1.0000000180025095e-35 -20461.674999999996 45518.325000000004 63644.446428571428 94809.22500000002 9.5000000000000018 102553.38500000002 0.87837969732492682 39182.790397234516 84591.330000000016 59815.805000000015 22664.140000000003 51266.125000000007 46644.406391420991 38647.887142857144 28604.970000000005 41400.765282756438 28570.986808927995 40078.865000000005 -0.05058416099371614 51131.535000000011 8.5000000000000018 48407.975000000006
decision_type=2 2 2 2 2 2 2 2 2 2 2 2 2 2 2 2 2 2 2 2 2 2 2 2 2 2 2 2 2 2
left_child=-1 -2 3 -3 5 -5 7 -6 9 -8 13 12 24 14 15 17 20 19 -19 25 21 -17 -23 -16 -12 26 -10 -7 29 -22
right_child=1 2 -4 4 6 27 8 -9 10 -11 11 -13 -14 -15 23 16 -18 18 -20 -21 28 22 -24 -25 -26 -27 -28 -29 -30 -31
leaf_value=-49.741556048501124 41.876008599052597 -33.418045391476447 39.080970729638004 -33.90806754337801 -5.9741761480624227 -6.2847398291885561 -32.489554720226977 46.026423096930841 -1.8025043018632552 0.41642904519374346 8.5798662128638554 15.092232477776356 -34.512308152813773 27.027236463617978 -2.1678959356290148 4.0197001057286412 36.926082477284901 -31.67600826434235 -1.5101013588801897 25.456961435346457 -2.2154176807086725 47.66751991385842 4.7365010795751541 -26.045243174994166 -8.9243731061988889 -8.1125526048479024 13.824854179711828 9.6577224275959068 -7.6364847140074845 9.5920151623332259
leaf_weight=10.999999999999998 10.999999999999998 13.999999999999998 10.999999999999998 11.999999999999998 12.000000000000002 11.000000000000002 11.000000000000002 12.999999999999998 14.999999999999998 18 15.000000000000002 15.999999999999998 15.999999999999998 11.999999999999998 16.000000000000004 17 9.9999999999999982 9.9999999999999982 23 9.9999999999999982 14.999999999999998 10.000000000000002 11.999999999999998 9.9999999999999982 15.999999999999998 10.999999999999998 15.000000000000002 9.9999999999999982 10.999999999999998 18
leaf_count=11 11 14 11 12 12 11 11 13 15 18 15 16 16 12 16 17 10 10 23 10 15 10 12 10 16 11 15 10 11 18
internal_value=0.970973 2.36812 1.24857 0.145519 1.43729 -11.5273 2.72748 21.104 1.22783 -12.0996 2.62002 -5.16735 -12.0729 4.90258 3.58838 5.79029 11.0821 -0.0715836 -10.6854 6.7999 7.94798 15.4845 24.3144 -11.3839 -0.454403 2.22394 6.02118 1.31182 1.2579 4.22977
internal_weight=412 401 390 379 365 33 332 25 307 29 278 63 47 215 203 177 93 84 33 51 83 39 22 26 31 41 30 21 44 33
internal_count=412 401 390 379 365 33 332 25 307 29 278 63 47 215 203 177 93 84 33 51 83 39 22 26 31 41 30 21 44 33
is_linear=0
shrinkage=0.03


Tree=233
num_leaves=31
num_cat=0
split_feature=12 22 29 29 1 5 30 12 29 12 23 7 30 17 16 16 16 1 0 29 1 29 29 17 15 6 4 24 29 4
split_gain=3.16784e+07 6.9078e+07 3.2922e+07 1.93301e+07 1.07149e+07 1.07802e+07 6.63866e+06 5.5979e+06 5.41326e+06 5.37072e+06 7.02571e+06 5.88686e+06 1.3409e+07 5.60756e+06 4.5781e+06 4.20048e+06 3.44567e+06 3.09962e+06 3.97371e+06 3.80828e+06 2.90241e+06 4.38755e+06 2.61255e+06 2.60438e+06 2.32332e+06 2.10992e+06 1.53846e+06 1.03655e+06 692619 613051
threshold=31956.744166666667 -0.43982890882219972 0.48628610801958011 0.71562937656960035 107547.12000000001 2217647.0950000002 13.500000000000002 54670.526500000007 25171.050000000007 52506.844333333334 -0.97450428989597182 15080519.200000001 10.500000000000002 52522.611480654814 40924.105175375771 43140.908443835084 45881.393927953999 51604.580000000009 66167.185000000012 28604.970000000005 3524.7749999999983 17.53280127413025 2.0271744677712724 47291.203372025389 32576.367668002229 3856660.2100000004 73652.145000000004 -0.24999999999999994 81953.060000000012 66167.185000000012
decision_type=2 2 2 2 2 2 2 2 2 2 2 2 2 2 2 2 2 2 2 2 2 2 2 2 2 2 2 2 2 2
left_child=1 -1 -2 -4 5 -5 7 9 -9 10 -7 13 17 14 -12 -11 23 18 24 -19 -18 22 -22 -16 -13 -23 28 -10 -27 -26
right_child=2 -3 3 4 -6 6 -8 8 27 15 11 12 -14 -15 16 -17 20 19 -20 -21 21 25 -24 -25 29 26 -28 -29 -30 -31
leaf_value=25.788686684256263 43.981324566704089 -68.082211599042324 -34.521364795202494 30.548126818799322 24.54312741737666 -19.366725088099141 -19.041335552633797 31.027188676862572 11.104165130153667 -2.7527200907963842 -21.283884473947374 -4.6915998245175938 41.494991587169125 17.811362716521337 -0.9220138281241228 -27.138309161156009 -14.56107078694901 26.086679103040037 -13.402243655601852 1.6702517687532417 -2.0006492387002965 -7.500062258302953 -23.175600519654974 18.046037301249889 6.6797213426276789 0.022639974202395857 14.997297332890298 -0.42837709311488675 9.2963455883424668 17.226065393704083
leaf_weight=12.000000000000002 17 17 12.999999999999998 10.999999999999998 19 13.999999999999998 14.999999999999998 9.9999999999999982 14 15.000000000000002 10.999999999999998 11.999999999999998 9.9999999999999982 12.999999999999998 13.000000000000002 10.999999999999998 18 11.000000000000002 13.999999999999998 11.999999999999998 10.000000000000002 13.999999999999998 10.999999999999998 12.999999999999998 10.000000000000002 26 11.999999999999998 14 9.9999999999999982 9.9999999999999982
leaf_count=12 17 17 13 11 19 14 15 10 14 15 11 12 10 13 13 11 18 11 14 12 10 14 11 13 10 26 12 14 10 10
internal_value=0.942002 -29.2616 3.23248 1.33402 2.65918 1.41079 0.413926 1.36436 12.1371 -0.153776 1.22835 2.4859 9.11862 -0.986063 -2.76264 -13.102 -1.1507 4.39974 -0.0995037 13.3789 -3.65823 -1.28642 -13.121 8.57845 5.73227 2.72941 5.7177 5.34741 2.60799 11.9827
internal_weight=412 29 383 366 353 334 323 308 38 270 244 230 79 151 138 26 127 69 46 23 101 83 21 26 32 62 48 28 36 20
internal_count=412 29 383 366 353 334 323 308 38 270 244 230 79 151 138 26 127 69 46 23 101 83 21 26 32 62 48 28 36 20
is_linear=0
shrinkage=0.03


Tree=234
num_leaves=31
num_cat=0
split_feature=29 29 30 7 10 29 20 30 6 4 29 29 10 1 21 30 0 29 0 29 2 30 30 6 29 0 14 0 13 30
split_gain=3.13825e+07 1.79273e+07 1.75139e+07 1.20743e+07 9.654e+06 2.21395e+07 9.94463e+06 6.37536e+06 3.82627e+06 3.23676e+06 4.81116e+06 1.01258e+07 1.55798e+07 5.843e+06 9.00724e+06 6.50027e+06 4.38155e+06 4.09766e+06 2.53662e+06 2.40065e+06 4.58541e+06 2.22393e+06 1.58757e+06 1.2419e+06 1.0025e+06 1.07682e+06 924576 660312 604629 573412
threshold=0.37358695828773819 0.48628610801958011 14.500000000000002 1487273.175 17720.783571428576 0.71562937656960035 -0.60785761079279388 3.5000000000000004 22276771.115000006 7170.0049999999992 3.7519468051421385 32.285839286721725 60025.747857142858 53489.755000000012 1.0000000180025095e-35 6.5000000000000009 95272.540000000023 49026.955000000009 26378.745000000006 90908.395000000019 35994.895000000011 9.5000000000000018 9.5000000000000018 10602080.995000003 37145.670000000006 48407.975000000006 27211.307837523982 63467.000000000007 38938.108416666677 6.5000000000000009
decision_type=2 2 2 2 2 2 2 2 2 2 2 2 2 2 2 2 2 2 2 2 2 2 2 2 2 2 2 2 2 2
left_child=-1 -2 3 -3 6 -6 -5 -7 9 17 13 12 -12 14 -11 -15 18 -9 21 22 -21 28 24 -17 -20 -26 -19 -27 -13 -29
right_child=1 2 -4 4 5 7 -8 8 -10 10 11 16 -14 15 -16 23 -18 26 19 20 -22 -23 -24 -25 25 27 -28 29 -30 -31
leaf_value=-48.961039575084833 39.969823997808255 -24.584915975531523 36.824725873638478 40.493010404422797 -41.849618005536797 -20.082998163373638 2.4145223814397516 26.031471992606544 20.36606318915068 -38.55712703860182 46.949950930219956 5.0443583596346047 -0.69736786024426223 -17.708903689837562 -1.710034372614718 3.7210484983694481 -14.505816542997387 10.943712465795452 -5.0021657307942711 -4.0861890974087931 20.470186210801394 -15.817918823368814 -9.9731258790884425 18.331036866600833 10.375181493303453 -3.1967151695322764 0.13085428556599221 9.8147089962506175 -3.8660435473159409 1.6524999849169357
leaf_weight=10.999999999999998 10.999999999999998 17 11.999999999999998 11.000000000000002 10.999999999999998 11.999999999999998 13.999999999999998 9.9999999999999982 9.9999999999999982 11.000000000000002 11.000000000000002 11.000000000000002 13.999999999999998 10.999999999999998 12.999999999999998 11.000000000000002 17 11.000000000000002 12.999999999999998 11.000000000000002 18 11.999999999999998 9.9999999999999982 9.9999999999999982 18 15.999999999999998 20 10.999999999999998 18 26
leaf_count=11 11 17 12 11 11 12 14 10 10 11 11 11 14 11 13 11 17 11 13 11 18 12 10 10 18 16 20 11 18 26
internal_value=0.913966 2.28804 1.22023 0.0852123 1.25021 -0.0892263 19.2164 1.33042 2.15446 1.55016 0.322866 2.4427 20.3193 -7.47031 -18.6433 0.925464 -0.0313771 9.3829 1.47299 3.62691 11.1647 -4.98533 1.29672 10.7052 2.64351 4.04595 3.97912 1.88865 -0.483371 4.08907
internal_weight=412 401 390 378 361 336 25 325 313 303 262 206 25 56 24 32 181 41 164 123 29 41 94 21 84 71 31 53 29 37
internal_count=412 401 390 378 361 336 25 325 313 303 262 206 25 56 24 32 181 41 164 123 29 41 94 21 84 71 31 53 29 37
is_linear=0
shrinkage=0.03


Tree=235
num_leaves=31
num_cat=0
split_feature=29 4 30 20 29 7 30 7 10 0 10 10 2 0 29 29 0 4 20 29 23 30 29 30 13 15 11 15 11 4
split_gain=7.1639e+07 1.4625e+07 4.33262e+07 1.48623e+07 3.5675e+07 2.27821e+07 2.7049e+07 1.25405e+07 1.07678e+07 1.13764e+07 1.08064e+07 8.27823e+06 7.43972e+06 6.49222e+06 4.78788e+06 9.22235e+06 1.06895e+07 4.47501e+06 4.22306e+06 3.23597e+06 2.05212e+06 1.74221e+06 1.52333e+06 1.42759e+06 1.0737e+06 1.37445e+06 515051 499679 346691 207013
threshold=0.37358695828773819 74883.980000000025 10.500000000000002 0.87837969732492682 25171.050000000007 1487273.175 13.500000000000002 20137317.865000006 43254.637857142858 74542.735000000015 45248.262857142872 74703.940714285724 20942.990000000002 55791.415000000008 22664.140000000003 5.4700838722087957 59815.805000000015 48042.525000000001 -0.60785761079279388 9.7443340864407606 -0.34552334190817774 7.5000000000000009 70262.375000000015 10.500000000000002 52790.421583333344 50426.260220342287 60032.020357142865 37970.210878485908 57999.497142857152 89481.960000000006
decision_type=2 2 2 2 2 2 2 2 2 2 2 2 2 2 2 2 2 2 2 2 2 2 2 2 2 2 2 2 2 2
left_child=-1 3 7 5 -5 -2 8 12 9 13 -10 14 -3 17 15 16 -12 21 -19 -14 -21 -7 -6 24 25 27 29 28 -16 -22
right_child=1 2 -4 4 22 6 -8 -9 10 -11 11 -13 19 -15 23 -17 -18 18 -20 20 26 -23 -24 -25 -26 -27 -28 -29 -30 -31
leaf_value=-80.4071506784923 -35.813576801476529 -22.609835184494418 -56.057752519271695 57.628629057114303 -5.2679286128964229 -6.1410257799872019 51.665534745401402 30.523635818709188 -32.152179735278651 32.530432998799832 17.973051360039289 23.589314763686236 -13.575935955705313 -10.43001365811806 2.8496851955424374 -35.486557269204255 -20.539076748776687 34.377376590557937 8.8440815535304367 11.286332163718273 -6.826698239788203 8.8377348877662829 9.0318620707654294 -10.222836386267817 10.942921880465834 7.7235302530775316 4.2690320826288479 -5.9655532671710629 -3.8974895080290231 -1.0076942115887257
leaf_weight=9.9999999999999982 13.999999999999998 17 14.999999999999998 14.999999999999998 17.000000000000004 13.000000000000002 9.9999999999999982 9.9999999999999982 10.999999999999998 15.999999999999998 12.000000000000002 10.999999999999998 12.999999999999998 19 18.000000000000004 10.999999999999998 13.999999999999998 10.000000000000002 13.999999999999998 17.999999999999993 11.000000000000009 14.999999999999998 10.999999999999998 9.9999999999999982 9.9999999999999982 17 9.9999999999999982 19 10.999999999999998 10.999999999999998
leaf_count=10 14 17 15 15 17 13 10 10 11 16 12 11 13 19 18 11 14 10 14 18 11 15 11 10 10 17 10 19 11 11
internal_value=-1.29116 0.68175 -8.94353 4.07414 20.3785 1.32132 3.48552 -1.0644 1.38907 9.71903 -3.64523 -1.27632 -5.0295 4.55915 -3.52705 -12.527 -2.76387 10.0407 19.5323 -0.271434 3.19784 1.88476 0.355932 0.395636 1.8173 0.406026 -1.36244 -2.19093 0.288109 -3.92608
internal_weight=413 403 105 298 43 255 241 90 231 87 144 133 80 71 122 37 26 52 24 63 50 28 28 85 75 65 32 48 29 22
internal_count=413 403 105 298 43 255 241 90 231 87 144 133 80 71 122 37 26 52 24 63 50 28 28 85 75 65 32 48 29 22
is_linear=0
shrinkage=0.03


Tree=236
num_leaves=31
num_cat=0
split_feature=29 0 29 8 12 14 0 16 1 14 29 0 14 1 10 22 22 29 10 21 10 13 15 11 13 2 29 1 13 11
split_gain=6.7426e+07 1.24751e+07 2.74494e+07 2.19406e+07 3.33192e+07 1.72923e+07 1.48475e+07 2.33039e+07 8.21473e+06 1.20627e+07 2.0289e+07 1.32117e+07 1.31758e+07 6.45007e+06 5.63811e+06 4.57329e+06 6.35872e+06 5.74746e+06 3.91267e+06 3.85154e+06 5.13291e+06 3.70479e+06 2.78766e+06 8.0104e+06 2.48995e+06 2.14358e+06 1.61813e+06 1.45135e+06 732609 692179
threshold=0.37358695828773819 35132.160000000011 0.71562937656960035 2946927.3500000006 39494.11316666667 76621.946615672539 38975.890000000007 59619.367941573451 72915.470000000016 35131.063825722929 21859.955000000005 90404.325000000012 65600.229089509565 5285.5150000000021 32460.462857142858 -0.95291462550664219 0.25033082153100911 6857.5300000000016 41055.526428571429 -0.22252093395631442 42399.390714285721 49086.937333333342 43556.388738142829 42933.903571428578 47731.107583333338 51204.400000000009 60272.075000000019 98800.645000000004 47629.961083333343 56564.645714285725
decision_type=2 2 2 2 2 2 2 2 2 2 2 2 2 2 2 2 2 2 2 2 2 2 2 2 2 2 2 2 2 2
left_child=-1 2 -2 4 -3 6 -5 8 9 10 -8 12 14 -4 -11 -15 18 -18 -17 -16 -21 -20 26 -24 -12 28 27 -10 -19 -26
right_child=1 3 13 5 -6 -7 7 -9 22 11 24 -13 -14 15 19 16 17 25 21 20 -22 -23 23 -25 29 -27 -28 -29 -30 -31
leaf_value=-78.006935871181199 -45.182800333523666 2.5716624547900246 -24.927443660906889 30.661527436355062 67.034833548771388 37.956301852265092 -42.157775887855685 -44.73450896750748 -5.3125684152437929 23.130019649107062 -12.189848508023797 26.721566320514398 -34.529756141776467 -17.072013278818723 -12.989233675170862 23.790966340740379 -25.30301050499304 1.1031551304148199 -4.620310153010303 -12.384628497308739 14.117267572598193 16.621304102053585 -3.2936957418671273 28.687785464647575 -1.7502108251496984 -8.1224817320357925 13.132587443217972 8.3540971574740155 12.578360805226794 8.2883713012367348
leaf_weight=9.9999999999999982 14.999999999999998 18.000000000000004 9.9999999999999982 12.999999999999998 11.999999999999998 10.999999999999998 17 10.999999999999998 19.000000000000004 9.9999999999999982 17 17 9.9999999999999982 11.999999999999998 16.999999999999989 13.999999999999998 9.9999999999999982 10.000000000000002 17.000000000000004 10.000000000000012 19 12.999999999999998 12.000000000000002 17 14.000000000000002 14.999999999999998 10.999999999999998 10.999999999999998 9.9999999999999982 10.999999999999998
leaf_count=10 15 18 10 13 12 11 17 11 19 10 17 17 10 12 17 14 10 10 17 10 19 13 12 17 14 15 11 11 10 11
internal_value=-1.25255 0.661469 -7.16291 4.22122 28.4256 1.27627 -0.441075 -2.2607 -0.0468402 -4.19284 -14.5577 3.17926 -2.90031 -2.00705 2.77357 0.273505 2.6205 -5.30609 10.7241 -1.67205 4.9731 4.59673 8.36062 15.4712 -3.34937 0.435261 3.31848 -0.295895 6.85782 2.67449
internal_weight=413 403 126 277 30 247 236 223 212 142 59 83 66 111 56 101 89 45 44 46 29 30 70 29 42 35 41 30 20 25
internal_count=413 403 126 277 30 247 236 223 212 142 59 83 66 111 56 101 89 45 44 46 29 30 70 29 42 35 41 30 20 25
is_linear=0
shrinkage=0.03


Tree=237
num_leaves=31
num_cat=0
split_feature=29 0 30 8 16 14 0 16 8 21 17 14 29 17 0 21 10 10 3 29 22 29 22 8 13 17 3 17 10 3
split_gain=6.34606e+07 1.17407e+07 4.77859e+07 2.06491e+07 3.14996e+07 1.62749e+07 1.39733e+07 2.19328e+07 9.87017e+06 1.15591e+07 1.00123e+07 6.22368e+06 1.14306e+07 9.44271e+06 1.34139e+07 7.95932e+06 6.13378e+06 9.567e+06 6.03631e+06 1.01603e+07 5.98047e+06 3.91719e+06 3.22132e+06 2.37377e+06 2.30641e+06 1.7994e+06 1.21856e+06 1.10452e+06 884963 875123
threshold=0.37358695828773819 35132.160000000011 11.500000000000002 2946927.3500000006 51538.335670122047 76621.946615672539 38975.890000000007 59619.367941573451 8896331.4500000011 -0.56174490092936669 50423.293107997109 35131.063825722929 4.1122073779126174 47491.413414078816 90404.325000000012 1.0000000180025095e-35 74703.940714285724 65303.012857142865 73277.485000000015 17114.705000000005 0.34685948904333835 39106.810000000005 -0.34685948904333841 17875642.485000003 50759.727500000001 49486.904940958608 51266.125000000007 41507.336047736724 60762.508571428574 54454.580000000009
decision_type=2 2 2 2 2 2 2 2 2 2 2 2 2 2 2 2 2 2 2 2 2 2 2 2 2 2 2 2 2 2
left_child=-1 2 8 4 -3 6 -5 11 9 -2 23 12 -8 14 15 -13 17 20 19 -15 21 -14 -11 26 -17 -24 -10 -25 -23 -21
right_child=1 3 -4 5 -6 -7 7 -9 10 22 -12 13 16 18 -16 24 -18 -19 -20 29 -22 28 25 27 -26 -27 -28 -29 -30 -31
leaf_value=-75.678371873542446 -36.426376272003033 2.4384165671393476 -53.652512267887417 29.745207196816626 65.116481619553937 36.822765947574936 -27.885348461520287 -43.398545459384827 3.4105908458588874 -12.167163898788878 31.954477191793501 -9.6835868234709483 23.845630850720759 -37.002771724871735 38.647092359006614 27.107307081080183 19.90557903660908 -22.309368692232869 9.8687244034870165 3.6095400128076074 -18.254254047906219 -0.99616028792193145 -1.7587203273993788 2.7236719843166965 8.7252317972272344 14.873574578584128 -9.9100282825184873 16.822483848457903 9.7468405766273616 -7.4102823399903848
leaf_weight=9.9999999999999982 10.999999999999998 18.000000000000004 17 12.999999999999998 11.999999999999998 10.999999999999998 17 10.999999999999998 11.000000000000002 15.999999999999998 12.999999999999998 19 9.9999999999999982 9.9999999999999982 13.999999999999998 10.000000000000002 10.999999999999998 19 18 14.000000000000002 9.9999999999999982 22 14.000000000000002 10.000000000000002 15.999999999999998 9.9999999999999982 13.999999999999998 9.9999999999999982 9.9999999999999982 11.999999999999998
leaf_count=10 11 18 17 13 12 11 17 11 11 16 13 19 10 10 14 10 11 19 18 14 10 22 14 10 16 10 14 10 10 12
internal_value=-1.21518 0.6417 -6.94887 4.09508 27.5763 1.23811 -0.427946 -2.19319 0.35645 -9.26592 8.81819 -0.0454505 -5.53557 4.7648 13.0565 5.06096 -0.887911 -4.12118 -4.29838 -11.3858 2.53955 7.50628 -1.76064 2.10633 15.8337 5.18792 -4.05385 9.79745 2.371 -1.48099
internal_weight=413 403 126 277 30 247 236 223 109 51 58 212 99 113 59 45 82 71 54 36 52 42 40 45 26 24 25 20 32 26
internal_count=413 403 126 277 30 247 236 223 109 51 58 212 99 113 59 45 82 71 54 36 52 42 40 45 26 24 25 20 32 26
is_linear=0
shrinkage=0.03


Tree=238
num_leaves=31
num_cat=0
split_feature=29 4 30 4 30 30 4 30 29 7 1 10 29 4 29 29 30 0 14 24 25 29 12 29 15 29 25 0 29 2
split_gain=5.97287e+07 1.32404e+07 3.88035e+07 1.32144e+07 4.11688e+07 2.26269e+07 1.46917e+07 1.26929e+07 3.35368e+07 1.14226e+07 8.7747e+06 1.29515e+07 1.8125e+07 1.08965e+07 6.57818e+06 5.97651e+06 5.79842e+06 5.11953e+06 4.76278e+06 3.20414e+06 2.60088e+06 6.17612e+06 2.41103e+06 2.17853e+06 1.99357e+06 1.89416e+06 1.83872e+06 1.25257e+06 857753 785028
threshold=0.37358695828773819 74883.980000000025 10.500000000000002 46772.705000000009 11.500000000000002 12.500000000000002 43815.415000000008 10.500000000000002 11.030744040625212 20137317.865000006 54430.460000000006 43254.637857142858 35669.69000000001 53025.730000000003 3.7519468051421385 31256.185000000001 8.5000000000000018 93240.910000000018 47257.805651574141 0.25000000000000011 1.0000000180025095e-35 5.4700838722087957 51053.923666666677 37635.530000000006 41235.851744946784 80689.725000000006 -0.68301270189221952 62045.810000000005 65293.415000000008 54138.695000000007
decision_type=2 2 2 2 2 2 2 2 2 2 2 2 2 2 2 2 2 2 2 2 2 2 2 2 2 2 2 2 2 2
left_child=-1 3 9 5 10 6 7 17 -9 14 11 15 -13 -12 -3 -5 27 20 23 -20 22 -22 25 -16 -23 26 29 -15 -25 -2
right_child=1 2 -4 4 -6 -7 -8 8 -10 -11 13 12 -14 16 18 -17 -18 -19 19 -21 21 24 -24 28 -26 -27 -28 -29 -30 -31
leaf_value=-73.419316351591632 -0.32503267047049 -21.394359671405333 -53.123011855825624 23.259041659631457 63.993544329251485 -41.171975796648077 -33.675502333000523 62.4944211933947 -6.3612947818844807 29.06828589403807 36.074781125090837 -49.732451538541397 1.6694693806015439 -6.3439032970984996 17.627779654602502 -2.2601095206576707 24.415177233941954 -17.247714056917779 -24.283106408190367 -0.8463569848246163 -24.277910078817335 10.65318640015054 19.347292908625814 -2.9969269828013312 -3.6465761204513401 15.137421644979447 6.9238353301067708 6.6233076794654524 6.8309809466137041 -11.490963608471315
leaf_weight=9.9999999999999982 12.999999999999991 17 14.999999999999998 15.999999999999998 11.999999999999998 11.999999999999998 9.9999999999999982 11.000000000000002 14.999999999999998 9.9999999999999982 14.999999999999998 10.000000000000002 15.999999999999998 17.000000000000004 9.9999999999999982 17 10.999999999999998 13.999999999999998 10 11 9.9999999999999982 14.999999999999998 9.9999999999999982 17 21 9.9999999999999982 22.000000000000011 10.999999999999998 14.999999999999998 9.9999999999999982
leaf_count=10 13 17 15 16 12 12 10 11 15 10 15 10 16 17 10 17 11 14 10 11 10 15 10 17 21 10 22 11 15 10
internal_value=-1.17877 0.622689 -8.53564 3.85051 11.2804 -1.51963 1.44769 3.7841 22.834 -1.07904 5.65673 -2.34112 -18.158 14.3892 -4.86325 10.1293 6.0131 -0.185824 -0.38905 -12.0379 1.97292 -3.48367 5.83422 5.44275 2.31817 3.36196 0.731292 -1.24692 1.61337 -5.19418
internal_weight=413 403 105 298 125 173 161 151 26 90 113 59 26 54 80 33 39 125 63 21 111 46 65 42 36 55 45 28 32 23
internal_count=413 403 105 298 125 173 161 151 26 90 113 59 26 54 80 33 39 125 63 21 111 46 65 42 36 55 45 28 32 23
is_linear=0
shrinkage=0.03


Tree=239
num_leaves=31
num_cat=0
split_feature=29 23 30 29 5 10 0 0 29 7 30 29 10 15 22 1 14 0 1 0 11 10 6 10 29 12 12 29 23 12
split_gain=5.6216e+07 1.39756e+07 2.47148e+07 1.55734e+07 1.18556e+07 4.62427e+07 1.76122e+07 1.58377e+07 1.57004e+07 1.46254e+07 1.23636e+07 7.03678e+06 1.89305e+07 7.86781e+06 1.16338e+07 6.12169e+06 5.74684e+06 5.5442e+06 3.49373e+06 6.70396e+06 3.44455e+06 3.15671e+06 2.95027e+06 3.76117e+06 2.42774e+06 1.2038e+06 689091 648740 628725 822768
threshold=0.37358695828773819 0.75486518014148152 10.500000000000002 0.48628610801958011 5300820.1050000014 60025.747857142858 76586.755000000019 89071.48000000001 0.84499823192235823 4214825.995000001 8.5000000000000018 9.7443340864407606 62616.558571428577 49921.231454392742 -0.75778426208340921 3524.7749999999983 61564.397580754325 89481.960000000006 80977.315000000017 55502.855000000003 60804.328214285728 52156.999285714293 6040231.9500000011 48431.235000000008 80689.725000000006 48881.904500000011 53838.394333333345 49822.600000000006 -0.52625006705264832 47115.593166666673
decision_type=2 2 2 2 2 2 2 2 2 2 2 2 2 2 2 2 2 2 2 2 2 2 2 2 2 2 2 2 2 2
left_child=-1 3 17 -2 5 6 9 8 -6 16 -9 12 13 14 -10 -13 21 22 20 -20 24 -5 -3 -24 26 -26 28 -25 29 -17
right_child=1 2 -4 4 7 -7 -8 10 11 -11 -12 15 -14 -15 -16 18 -18 -19 19 -21 -22 -23 23 27 25 -27 -28 -29 -30 -31
leaf_value=-71.227694337759445 40.223376829232734 -10.315136109111464 -46.590996172759027 -13.982229732352993 -38.86276352826286 72.627685968199771 -29.310516547365307 5.2848842361346398 -10.048301682516792 39.888759717505998 44.19369222028223 -17.244514296996634 -44.393973693214505 -20.2750823214385 28.096658316425884 1.3843299651814402 20.182389009915862 -22.491033859598151 -2.09213221795958 30.982644694746885 -11.451711355191524 6.858818471917199 14.708960819995308 -8.4837438764615261 19.37070495122158 4.9713983478830812 -5.6580594834450366 1.3986368847989485 -0.91704556712822161 12.342053905885608
leaf_weight=9.9999999999999982 9.9999999999999982 15.999999999999998 13.999999999999998 16.000000000000004 10.999999999999998 9.9999999999999982 11.999999999999998 22 15.999999999999998 11.999999999999998 10.999999999999998 13.999999999999998 11.999999999999998 13.999999999999998 13.000000000000002 15.999999999999991 10.999999999999998 10.999999999999998 11.000000000000002 10.999999999999998 15.999999999999998 10.999999999999998 19 11.000000000000002 11.000000000000002 9.9999999999999982 11.999999999999998 12.999999999999998 27.000000000000011 9.9999999999999982
leaf_count=10 10 16 14 16 11 10 12 22 16 12 11 14 12 14 13 16 11 11 11 11 16 11 19 11 11 10 12 13 27 10
internal_value=-1.14358 0.604102 -10.2793 3.47111 2.2754 12.9322 3.25316 -0.964158 -4.08442 11.0899 18.3017 -2.09268 -11.1612 -1.8462 7.07009 1.52433 1.95507 -2.98888 3.64949 14.478 1.30798 -5.49445 0.663076 4.75523 3.68715 12.542 0.818915 -3.13901 2.28935 5.61444
internal_weight=413 403 84 319 309 72 62 237 204 50 33 193 55 43 29 138 38 70 124 22 102 27 59 43 86 21 65 24 53 26
internal_count=413 403 84 319 309 72 62 237 204 50 33 193 55 43 29 138 38 70 124 22 102 27 59 43 86 21 65 24 53 26
is_linear=0
shrinkage=0.03


Tree=240
num_leaves=31
num_cat=0
split_feature=16 16 30 0 22 7 10 5 16 23 4 21 5 3 16 12 4 13 4 14 22 3 17 3 24 14 0 21 17 5
split_gain=3.64941e+07 2.36891e+07 3.65699e+07 4.2058e+07 2.10809e+07 4.41518e+07 1.75508e+07 2.94638e+07 2.27542e+07 1.51834e+07 1.20652e+07 7.77198e+06 9.99596e+06 7.77288e+06 7.00047e+06 6.50338e+06 1.66208e+07 6.47745e+06 5.97146e+06 4.69357e+06 3.60625e+06 3.18707e+06 2.41899e+06 3.30901e+06 2.22636e+06 2.14555e+06 1.94528e+06 1.52353e+06 1.52207e+06 693004
threshold=61970.865192031029 47394.921645916504 11.500000000000002 52321.74500000001 -0.87322439853274625 5626913.0450000009 43254.637857142858 7209450.5350000011 48070.915148312626 0.24936651517469852 14365.275 -0.22252093395631442 3581191.9700000002 43353.165000000008 52076.685749068616 46824.557833333332 89481.960000000006 48980.749666666678 64922.42500000001 47257.805651574141 -0.15123342103804657 -21468.479999999996 41619.835882263716 51266.125000000007 0.25000000000000011 29746.294774847709 59815.805000000015 -0.56174490092936669 44035.247112317891 13403944.360000001
decision_type=2 2 2 2 2 2 2 2 2 2 2 2 2 2 2 2 2 2 2 2 2 2 2 2 2 2 2 2 2 2
left_child=1 2 15 -4 5 -3 7 10 -8 -9 -6 13 -13 -10 18 16 17 20 -12 -14 25 -17 26 24 -24 -1 -23 -25 -29 -30
right_child=-2 4 3 -5 6 -7 8 9 11 -11 14 12 19 -15 -16 21 -18 -19 -20 -21 -22 22 23 27 -26 -27 -28 28 29 -31
leaf_value=6.9258046468098948 55.027673809344947 67.005283150403599 -81.519907122726735 1.697266444875233 -28.127948018760161 -3.538089904058014 -49.032044527423906 21.056686748996849 3.8861068668555578 67.670282870620028 29.838949434273598 -16.331413158572097 6.2855232265508043 -25.711182933818559 -9.5835135415779735 -14.703250862235452 -39.306479192713397 14.029072017923145 0.32326986735762514 30.553533532153597 -19.017172530747512 5.7088864226839409 22.259454769256696 8.9255876774011647 5.6150484002705818 -11.5165031546977 -10.93644186562457 5.1646867178513061 -1.8552392931126827 -12.766216889118176
leaf_weight=12.999999999999998 10.999999999999998 14.999999999999998 12.000000000000002 9.9999999999999982 10.999999999999998 17 9.9999999999999982 17.000000000000004 14.999999999999998 9.9999999999999982 14.000000000000002 10.999999999999998 16.000000000000004 17 13.999999999999998 9.9999999999999982 13.999999999999998 14.999999999999998 10.999999999999998 12.999999999999998 18.000000000000004 10.000000000000002 14.000000000000002 14.999999999999998 14.999999999999998 9.9999999999999982 17 13.999999999999998 10.000000000000002 10.999999999999998
leaf_count=13 11 15 12 10 11 17 10 17 15 10 14 11 16 17 14 10 14 15 11 13 18 10 14 15 15 10 17 14 10 11
internal_value=1.24783 -0.241532 -7.24547 -43.7758 7.3857 29.5821 2.91061 13.1921 -6.7461 38.4142 -0.452604 -0.843104 7.96864 -11.853 7.37928 -2.91407 -10.1319 -2.80966 16.8786 17.1982 -8.97976 1.44398 2.97352 5.62219 13.6748 -1.10018 -4.77235 0.942699 -2.48639 -7.58726
internal_weight=410 399 208 22 191 32 159 77 82 27 50 72 40 32 39 186 70 56 25 29 41 116 106 79 29 23 27 50 35 21
internal_count=410 399 208 22 191 32 159 77 82 27 50 72 40 32 39 186 70 56 25 29 41 116 106 79 29 23 27 50 35 21
is_linear=0
shrinkage=0.03


Tree=241
num_leaves=31
num_cat=0
split_feature=16 16 30 0 22 7 10 6 21 12 15 4 6 11 11 12 4 13 15 14 3 3 3 10 2 22 22 30 16 13
split_gain=3.4347e+07 2.22942e+07 3.44174e+07 3.95826e+07 1.98391e+07 4.15509e+07 1.65179e+07 2.98697e+07 2.18652e+07 1.63603e+07 1.60323e+07 1.14625e+07 9.95085e+06 6.41851e+06 9.3316e+06 6.12027e+06 1.5642e+07 6.09587e+06 4.64268e+06 4.46224e+06 4.41417e+06 2.99959e+06 2.27034e+06 3.16351e+06 1.73427e+06 2.54702e+06 4.48118e+06 1.51452e+06 1.36213e+06 1.29028e+06
threshold=61970.865192031029 47394.921645916504 11.500000000000002 52321.74500000001 -0.87322439853274625 5626913.0450000009 43254.637857142858 7296752.705000001 -0.22252093395631442 49640.338500000013 65961.560864081024 14365.275 3461941.0300000007 28319.497857142862 39162.507142857154 46824.557833333332 89481.960000000006 48980.749666666678 32682.525117416768 48695.638101333665 57166.380000000012 -21468.479999999996 78161.070000000022 57115.711428571434 35509.170000000006 -0.81970999721622462 0.25033082153100911 8.5000000000000018 40733.144284918679 41655.274583333339
decision_type=2 2 2 2 2 2 2 2 2 2 2 2 2 2 2 2 2 2 2 2 2 2 2 2 2 2 2 2 2 2
left_child=1 2 15 -4 5 -3 7 11 9 29 -9 -6 -10 -13 -15 16 17 18 -1 27 -20 -17 24 28 -23 -26 -27 -14 -24 -8
right_child=-2 4 3 -5 6 -7 8 10 12 -11 -12 13 19 14 -16 21 -18 -19 20 -21 -22 22 23 -25 25 26 -28 -29 -30 -31
leaf_value=4.5707798143557934 53.384314323874072 65.001803274566555 -79.08445932855247 1.646601799352845 -27.287927767378171 -3.4322585206577152 0.88791142135723655 64.650203087517809 -18.394826065604367 -46.232159808862988 16.528825194260168 -6.9575396618885019 -0.35246784449702456 32.876721343451109 -5.0167232776755712 -14.264346620929773 -38.131479918999176 13.609597744102096 -5.7473124038341412 30.263101821519523 -30.759193738013909 -0.20499302971171823 -18.839370256395469 8.9564989189216995 -1.4951478028212575 25.136913802244951 3.0242615954267662 15.370791846918303 -3.1814010278502503 -13.622421644392055
leaf_weight=14.999999999999998 10.999999999999998 14.999999999999998 12.000000000000002 9.9999999999999982 10.999999999999998 17 11.000000000000002 12.000000000000002 9.9999999999999982 15.999999999999998 12.999999999999998 17 11.000000000000002 14.000000000000002 9.9999999999999982 9.9999999999999982 13.999999999999998 14.999999999999998 15.000000000000002 11.999999999999998 10.999999999999998 28 10.000000000000005 10.999999999999998 13.999999999999998 15.999999999999998 17 10.999999999999998 9.9999999999999982 10.999999999999998
leaf_count=15 11 15 12 10 11 17 11 12 10 16 13 17 11 14 10 10 14 15 15 12 11 28 10 11 14 16 17 11 10 11
internal_value=1.2105 -0.234387 -7.02898 -42.468 7.16487 28.6976 2.82358 12.7979 -6.54464 -23.1995 39.71 -0.166336 7.84915 7.13456 17.1102 -2.82699 -9.82896 -2.72563 -8.71123 15.5836 -16.368 1.40076 2.88463 -3.94008 5.70625 9.22432 13.7674 7.52619 -11.0378 -6.38169
internal_weight=410 399 208 22 191 32 159 77 82 38 25 52 44 41 24 186 70 56 41 34 26 116 106 31 75 47 33 22 20 22
internal_count=410 399 208 22 191 32 159 77 82 38 25 52 44 41 24 186 70 56 41 34 26 116 106 31 75 47 33 22 20 22
is_linear=0
shrinkage=0.03


Tree=242
num_leaves=31
num_cat=0
split_feature=16 29 16 29 4 29 22 20 29 20 29 6 11 4 25 14 12 22 4 4 24 29 11 23 29 29 14 16 10 24
split_gain=3.23262e+07 2.83002e+07 1.84875e+07 4.32453e+07 1.61492e+07 2.65539e+07 2.094e+07 1.59327e+07 1.25496e+07 3.6099e+07 2.96966e+07 1.21858e+07 1.08636e+07 9.47661e+06 6.02696e+06 5.52039e+06 2.7382e+06 2.45328e+06 3.44026e+06 2.52482e+06 4.23598e+06 2.34898e+06 2.68162e+06 2.24594e+06 2.14002e+06 2.11398e+06 1.5926e+06 735599 646398 915325
threshold=61970.865192031029 0.41152408773038568 48344.130084033859 0.73598419398967929 18165.125 32.285839286721725 -0.81970999721622462 0.6078576107927941 12806.415000000003 0.87837969732492682 5.8369807468758159 3297475.4150000005 39316.610714285729 56646.380000000012 -0.24999999999999994 70055.947914056902 46978.993000000009 1.0000000180025095e-35 82310.590000000011 28114.625000000004 0.25000000000000011 33560.245000000003 58463.51785714287 0.60896546470132462 87417.72500000002 91783.200000000026 45811.652156182681 52076.685749068616 44334.47214285715 -1.0000000180025095e-35
decision_type=2 2 2 2 2 2 2 2 2 2 2 2 2 2 2 2 2 2 2 2 2 2 2 2 2 2 2 2 2 2
left_child=1 -1 3 -3 11 6 -6 12 9 10 13 -4 -8 14 -5 21 -15 19 25 20 -10 -7 23 26 28 -19 -23 -13 -21 -30
right_child=-2 2 4 8 5 15 7 -9 17 -11 -12 27 -14 16 -16 -17 -18 18 -20 24 -22 22 -24 -25 -26 -27 -28 -29 29 -31
leaf_value=49.4769771746735 51.79003373228047 -67.782998520580676 -35.865443255792513 3.8790527343749996 68.287846784449329 -15.509005225945382 24.17830260265832 50.660629135815057 7.5616402385073593 -61.973792998127912 -48.797519834440756 5.5375522613525368 -16.248203881725466 -19.942298297028032 33.933422313389428 16.76993523713584 1.7126798603869131 -3.6145822977052147 -19.763789618193211 10.937275129136207 -16.683485020839328 5.2381008758723162 -12.623247456550597 15.018818538976468 20.204384260035273 10.438531987993548 -9.1931377780140675 -5.0928362205846982 8.8014635825920813 -1.0887779900693548
leaf_weight=9.9999999999999982 10.999999999999998 9.9999999999999982 11.999999999999998 11.999999999999998 9.9999999999999982 10.999999999999998 13.000000000000002 9.9999999999999982 14.000000000000002 11.999999999999998 10.999999999999998 14.000000000000002 10.999999999999998 10.000000000000002 12.000000000000002 15.999999999999998 10.999999999999998 48 9.9999999999999982 11.999999999999998 11.999999999999998 16.000000000000004 11.999999999999998 10.999999999999998 9.9999999999999982 11.999999999999998 11.999999999999998 9.9999999999999982 13.999999999999991 21.000000000000007
leaf_count=10 11 10 12 12 10 11 13 10 14 12 11 14 11 10 12 16 11 48 10 12 12 16 12 11 10 12 12 10 14 21
internal_value=1.17427 -0.22747 -1.51141 -6.91971 6.39533 11.6046 30.2251 18.9464 -4.151 -14.8692 -4.72912 -11.2499 5.65423 6.08536 18.9455 1.08808 -8.62209 0.61596 -3.51924 4.10349 -3.63896 -2.9691 -0.25187 3.566 7.63523 -0.797608 -0.952078 1.10684 4.94232 2.87423
internal_weight=410 399 389 231 158 122 44 34 221 68 56 36 24 45 24 78 21 153 70 83 26 62 51 39 57 60 28 24 47 35
internal_count=410 399 389 231 158 122 44 34 221 68 56 36 24 45 24 78 21 153 70 83 26 62 51 39 57 60 28 24 47 35
is_linear=0
shrinkage=0.03


Tree=243
num_leaves=31
num_cat=0
split_feature=16 16 30 0 22 7 10 6 16 23 4 16 4 21 6 12 14 12 4 0 22 5 8 2 17 12 23 30 4 4
split_gain=3.04242e+07 1.99369e+07 3.20454e+07 3.68043e+07 1.84506e+07 3.86579e+07 1.55121e+07 2.75558e+07 2.11543e+07 1.19741e+07 1.0258e+07 6.47737e+06 7.19007e+06 6.47503e+06 9.3579e+06 5.9008e+06 5.80642e+06 5.60163e+06 1.43308e+07 5.65487e+06 5.94568e+06 1.88254e+06 3.90141e+06 3.53391e+06 3.46091e+06 1.60283e+06 1.71402e+06 1.11041e+06 968482 796085
threshold=61970.865192031029 47394.921645916504 11.500000000000002 52321.74500000001 -0.87322439853274625 5626913.0450000009 43254.637857142858 7296752.705000001 48070.915148312626 0.24936651517469852 15315.099999999997 51983.433812123716 64922.42500000001 -0.22252093395631442 3461941.0300000007 50929.976666666676 48695.638101333665 46824.557833333332 89481.960000000006 64295.365000000013 -0.15123342103804657 13724055.115000002 17730034.115000006 45518.325000000004 49870.058603446283 48646.445000000007 0.60896546470132462 8.5000000000000018 44641.500000000007 54454.580000000009
decision_type=2 2 2 2 2 2 2 2 2 2 2 2 2 2 2 2 2 2 2 2 2 2 2 2 2 2 2 2 2 2
left_child=1 2 17 -4 5 -3 7 10 -8 -9 -6 12 -12 15 -15 28 27 18 19 20 -1 24 23 -23 -19 -24 -27 -16 -10 -26
right_child=-2 4 3 -5 6 -7 8 9 13 -11 11 -13 -14 14 16 -17 -18 21 -20 -21 -22 22 25 -25 29 26 -28 -29 -30 -31
leaf_value=1.0774202567379492 50.243362965303305 62.559564407323279 -76.150012283008593 1.6957531146149136 -24.464302977882475 -3.4487137109303405 -47.260834571496758 21.039352186336068 -7.4355413693100623 63.470371417145216 33.477806693983261 -6.9251935219485032 -0.067323800341575923 -17.826573623472182 -0.81962377064263581 -27.430100937206216 34.226057046918719 22.096383748481522 -36.380471122986052 11.340436526480804 -22.933492706869249 -22.140964156661283 -5.908047871999611 -1.3683387696273683 6.6005572198451228 2.1982991005427621 15.397490515658014 13.296582387098624 5.7351355289345349 -3.8789005520700033
leaf_weight=22 10.999999999999998 14.999999999999998 12.000000000000002 9.9999999999999982 11.999999999999998 17 9.9999999999999982 15.000000000000002 10.000000000000002 9.9999999999999982 12.000000000000002 17 10.999999999999998 9.9999999999999982 10.000000000000005 11.999999999999998 9.9999999999999982 9.9999999999999982 13.999999999999998 18 15.999999999999998 12.000000000000002 10.999999999999998 19 13.000000000000002 24 13.999999999999998 9.9999999999999982 9.9999999999999982 12.999999999999998
leaf_count=22 11 15 12 10 12 17 10 15 10 10 12 17 11 10 10 12 10 10 14 18 16 12 11 19 13 24 14 10 10 13
internal_value=1.13922 -0.220652 -6.646 -40.842 6.7765 27.542 2.58993 12.2559 -6.48854 38.1046 -0.196076 7.10585 17.4691 -0.796857 7.24615 -10.8462 15.6195 -2.59143 -9.29017 -2.49118 -9.04929 1.45317 -1.11113 -9.43206 7.14525 4.15739 7.075 6.25404 -0.852323 1.36344
internal_weight=410 399 208 22 191 32 159 77 82 25 52 40 23 72 40 32 30 186 70 56 38 116 80 31 36 49 38 20 20 26
internal_count=410 399 208 22 191 32 159 77 82 25 52 40 23 72 40 32 30 186 70 56 38 116 80 31 36 49 38 20 20 26
is_linear=0
shrinkage=0.03


Tree=244
num_leaves=31
num_cat=0
split_feature=16 29 16 29 30 3 6 20 29 0 2 16 11 14 15 5 15 17 5 15 13 29 4 5 20 3 14 5 13 10
split_gain=2.86342e+07 2.58009e+07 1.61445e+07 4.01885e+07 3.68312e+07 1.49857e+07 1.1259e+07 1.26083e+07 3.82095e+07 7.24944e+06 7.35865e+06 6.42632e+06 5.05378e+06 4.54955e+06 1.39254e+07 3.74111e+06 3.41962e+06 2.87794e+06 2.86602e+06 2.92872e+06 3.3826e+06 2.84485e+06 4.21265e+06 2.48515e+06 2.21665e+06 1.7509e+06 830336 538522 532178 283631
threshold=61970.865192031029 0.41152408773038568 48344.130084033859 0.73598419398967929 13.500000000000002 106191.79000000002 2166981.3950000005 0.6078576107927941 25171.050000000007 64022.775000000009 62045.810000000005 51673.369092669142 48341.463214285723 23538.549760927966 36473.400643983776 5128757.5700000012 50797.735035142257 50423.293107997109 21849410.805000003 54459.350536635553 48781.409500000002 21859.955000000005 44641.500000000007 15937499.260000002 0.87837969732492682 34678.480000000003 26995.996416915765 10226276.325000001 52790.421583333344 46705.908571428568
decision_type=2 2 2 2 2 2 2 2 2 2 2 2 2 2 2 2 2 2 2 2 2 2 2 2 2 2 2 2 2 2
left_child=1 -1 3 -3 13 6 -4 9 -9 11 -11 16 25 14 27 -15 -8 18 19 21 -21 22 -17 -24 -10 -13 -23 -5 29 -28
right_child=-2 2 5 4 -6 -7 7 8 24 10 -12 12 -14 15 -16 17 -18 -19 -20 20 -22 26 23 -25 -26 -27 28 -29 -30 -31
leaf_value=47.244824583138985 48.742878688622383 -65.16673870940707 -23.071233017143161 6.4581951901131127 -59.935248622609599 41.399076410549782 5.3792196756576578 62.369656762309447 9.6641263832333912 -23.235633289156937 4.8429122284797339 -3.3135815122234273 -17.858406041568738 -12.013225898848345 -37.20314833494637 -24.696101724616 26.876850508376211 14.446044732922704 15.011069295416233 -1.5643558139714713 22.505508849158215 7.5950873459785422 -10.783815125213268 9.0651577849886298 -8.0305393396421909 13.356056923701844 0.63321448887620013 -2.1871948649450554 3.7442946130218924 -4.519454387418941
leaf_weight=9.9999999999999982 10.999999999999998 9.9999999999999982 12.999999999999998 12.000000000000002 9.9999999999999982 9.9999999999999982 12.000000000000002 12.999999999999998 11 19 14.999999999999998 10.000000000000002 11.999999999999998 18 11.999999999999998 10.999999999999998 14.999999999999998 15.999999999999998 11.999999999999998 11.000000000000002 9.9999999999999982 13.999999999999998 13.000000000000002 9.9999999999999982 15 12.999999999999998 15.999999999999998 13.999999999999998 18 24
leaf_count=10 11 10 13 12 10 10 12 13 11 19 15 10 12 18 12 11 15 16 12 11 10 14 13 10 15 13 16 14 18 24
internal_value=1.10519 -0.214071 -1.44001 -6.49398 -3.82496 5.94874 3.54028 6.11046 20.4828 0.264076 -10.8591 6.36773 -2.11694 -1.15214 -10.5442 0.913307 17.35 2.41784 1.0286 -0.297961 9.92372 -2.32673 -9.47183 -2.15288 -0.540154 6.11692 1.05157 1.80772 -0.53308 -2.46017
internal_weight=410 399 389 231 221 158 148 135 39 96 34 62 35 211 38 173 27 155 139 127 21 106 34 23 26 23 72 26 58 40
internal_count=410 399 389 231 221 158 148 135 39 96 34 62 35 211 38 173 27 155 139 127 21 106 34 23 26 23 72 26 58 40
is_linear=0
shrinkage=0.03


Tree=245
num_leaves=31
num_cat=0
split_feature=19 22 18 12 12 11 22 30 10 1 1 11 17 5 13 30 15 1 20 5 12 15 1 23 30 6 17 2 9 12
split_gain=2.1506e+07 1.65666e+07 5.3611e+07 7.04372e+07 2.209e+07 1.54064e+07 2.50534e+07 1.27589e+07 9.91949e+06 7.05568e+06 6.99325e+06 1.01564e+07 7.20155e+06 5.74988e+06 1.99251e+07 4.81104e+06 4.92297e+06 4.55663e+06 3.52434e+06 3.00692e+06 2.94668e+06 2.62415e+06 4.03515e+06 2.43255e+06 1.9094e+06 1.82252e+06 1.43081e+06 1.32667e+06 1.07563e+06 820753
threshold=21594174.265500005 -0.87322439853274625 5753413.3850000007 42910.805500000009 58311.892000000007 25410.033571428576 0.81970999721622506 12.500000000000002 17720.783571428576 74883.980000000025 64295.365000000013 42841.076428571439 51296.790453953661 11337831.710000003 48722.852250000011 3.5000000000000004 50426.260220342287 49376.000000000007 -0.60785761079279388 12004880.350000001 53195.25716666667 47797.504580259221 55107.090000000004 0.60896546470132462 7.5000000000000009 18138388.225000005 47130.454661160431 37051.980000000003 7271183.1050000014 39799.013166666678
decision_type=2 2 2 2 2 2 2 2 2 2 2 2 2 2 2 2 2 2 2 2 2 2 2 2 2 2 2 2 2 2
left_child=1 2 3 -1 5 6 -3 8 -7 10 12 -12 15 28 -15 -10 21 19 -4 27 -16 22 23 25 -20 -17 -25 -18 29 -11
right_child=-2 4 18 -5 -6 7 -8 -9 9 13 11 -13 -14 14 20 16 17 -19 24 -21 -22 -23 -24 26 -26 -27 -28 -29 -30 -31
leaf_value=101.50021248338624 -33.762356625554148 5.4598164580470705 -15.295547214140527 -6.1748575239039178 -42.155039778586733 20.558088197482853 -52.301471678415929 26.457702439831145 -20.743297286531817 -5.509697264244112 1.3367916961214428 -39.554731403841515 -22.624865981352286 50.211488934417261 -6.8550541718334728 -15.917354923659831 -4.5463992520155392 -24.875556649734722 8.9317421044008878 -15.962762411316827 13.033425464889042 16.132877038349616 20.063745071638873 11.260960418487262 -4.5193600928099675 0.27717528069156339 -1.8563067358159508 9.1458709469665305 -10.471675738166359 5.257570205891251
leaf_weight=12.000000000000002 17 14.000000000000002 14.999999999999998 9.9999999999999982 11.999999999999998 19 12.999999999999998 17 9.9999999999999982 11.000000000000002 10.000000000000002 11.999999999999998 14.999999999999998 9.9999999999999982 17.000000000000004 12.000000000000002 11.000000000000002 9.9999999999999982 18 9.9999999999999982 10.999999999999998 15.999999999999998 9.9999999999999982 16.000000000000004 20 12.999999999999998 13.999999999999998 14.999999999999998 10.999999999999998 14.999999999999998
leaf_count=12 17 14 15 10 12 19 13 17 10 11 10 12 15 10 17 12 11 10 18 10 11 16 10 16 20 13 14 15 11 15
internal_value=-0.767041 0.642829 13.3435 52.654 -2.29874 -0.759295 -22.3964 1.29411 -0.306726 -1.90263 -5.21774 -21.0068 -2.92633 5.78679 13.9755 -0.762087 0.818781 -7.01449 -3.00835 -2.02547 0.967582 5.26889 2.58433 -0.609077 1.85558 -7.51245 5.14667 3.35538 -2.63071 0.700356
internal_weight=416 399 75 22 324 312 27 285 268 249 174 22 152 75 38 137 127 46 53 36 28 81 65 55 38 25 30 26 37 26
internal_count=416 399 75 22 324 312 27 285 268 249 174 22 152 75 38 137 127 46 53 36 28 81 65 55 38 25 30 26 37 26
is_linear=0
shrinkage=0.03


Tree=246
num_leaves=31
num_cat=0
split_feature=29 20 1 5 29 10 3 30 10 14 24 21 30 29 29 3 1 11 13 0 16 13 10 17 3 16 0 16 10 14
split_gain=2.24892e+07 1.09787e+08 1.71432e+07 1.93723e+07 6.85197e+06 6.10976e+06 1.69233e+07 1.39447e+07 8.40313e+06 5.96423e+06 4.18808e+06 5.79268e+06 5.31506e+06 8.99426e+06 3.89859e+06 5.59579e+06 5.86899e+06 2.79862e+06 2.74693e+06 4.16479e+06 2.32235e+06 2.09035e+06 1.03312e+06 1.11447e+06 899832 748996 602175 426510 552463 364685
threshold=0.56841701361305397 -1.0000000180025095e-35 108816.73000000003 2004509.9550000003 0.73598419398967929 65303.012857142865 60272.075000000012 12.500000000000002 64008.683571428577 28570.986808927995 0.68301270189221941 0.81174490092936691 9.5000000000000018 62196.32 37145.670000000006 91783.200000000026 26939.810000000001 58868.49642857143 50252.542083333341 70821.805000000008 47970.125810441219 52212.062750000012 26743.804285714283 51781.658638724708 66072.970000000016 40563.744272235876 53104.145000000011 50331.094440542765 55588.337142857148 45300.494796257321
decision_type=2 2 2 2 2 2 2 2 2 2 2 2 2 2 2 2 2 2 2 2 2 2 2 2 2 2 2 2 2 2
left_child=1 -1 3 -2 -5 7 9 8 10 17 12 18 14 -14 15 16 -6 -7 19 24 26 -20 -16 25 29 -24 -18 28 -27 -12
right_child=2 -3 -4 4 5 6 -8 -9 -10 -11 11 -13 13 -15 22 -17 20 -19 21 -21 -22 -23 23 -25 -26 27 -28 -29 -30 -31
leaf_value=38.468189751923958 31.669458254115781 -101.7934962030667 -27.737777786043541 25.046367656650826 -28.523137112321521 24.601428063236057 -33.049568882147028 31.921324210331356 27.143701399618116 -11.567956319916684 7.387413457614266 -23.147155693915987 27.892311060393656 -2.5066416616254896 9.4265222142607872 13.197728307923272 -5.6444847420080357 2.1730417621669482 13.063733235966689 -18.730213816354702 5.7761158268481365 -4.8629102109083489 5.8104696432221363 9.8503218718089496 -7.6550258807281937 1.964846926194461 -16.086222156126109 -6.4842238590635093 -6.232751802188246 -0.51585294488328615
leaf_weight=10.000000000000002 19 9.9999999999999982 18 9.9999999999999982 12.999999999999998 10.000000000000002 18 12.999999999999998 9.9999999999999982 14.999999999999998 10.000000000000005 14.999999999999998 17 18 18 9.9999999999999982 10.000000000000002 9.9999999999999982 14.000000000000002 17 11.999999999999998 9.9999999999999982 14.999999999999998 11.999999999999998 9.9999999999999982 28 9.9999999999999982 12.999999999999998 9.9999999999999982 10.999999999999998
leaf_count=10 19 10 18 10 13 10 18 13 10 15 10 15 17 18 18 10 10 10 14 17 12 10 15 12 10 28 10 13 10 11
internal_value=-0.74415 -31.7416 0.825188 2.18882 0.624368 -0.0788904 -9.45446 1.60116 0.202964 2.71001 -0.788666 -6.21977 1.75268 12.2773 -0.690055 -7.05506 -11.5653 13.4206 -2.67962 -6.82081 -4.64248 5.59972 2.95834 1.4606 -0.270199 -0.071109 -10.8924 -1.80498 -0.197771 3.25622
internal_weight=416 20 396 378 359 349 53 296 283 35 273 87 186 35 151 55 45 20 72 48 32 24 96 78 31 66 20 51 38 21
internal_count=416 20 396 378 359 349 53 296 283 35 273 87 186 35 151 55 45 20 72 48 32 24 96 78 31 66 20 51 38 21
is_linear=0
shrinkage=0.03


Tree=247
num_leaves=31
num_cat=0
split_feature=29 11 27 5 2 30 29 21 29 2 22 29 17 29 29 4 0 4 29 5 10 10 2 15 30 4 14 15 29 15
split_gain=2.11667e+07 1.03759e+08 1.64764e+07 1.31531e+07 6.64814e+06 1.47383e+07 1.42949e+07 4.3842e+06 1.25811e+07 4.76098e+06 1.17622e+07 9.22499e+06 2.23127e+07 8.74888e+06 2.2848e+07 9.8512e+06 5.71372e+06 3.79865e+06 3.24859e+06 2.38663e+06 1.79053e+06 1.32764e+06 1.13682e+06 815532 680389 660488 656308 618715 589583 461108
threshold=0.56841701361305397 37882.932500000003 1.0000000180025095e-35 1285449.3200000003 -18615.414999999997 13.500000000000002 27301.705000000002 0.81174490092936691 12806.415000000003 64363.615000000013 -0.97827272159715761 6.711850151100716 47155.249116463725 32.285839286721725 3.2772196089076209 60272.075000000012 95272.540000000023 65228.990000000013 1.7539170611738182 15612432.08 65073.841428571432 25717.802142857145 36497.30000000001 55627.969975701584 9.5000000000000018 39185.150000000001 41607.278813667355 46704.054095588894 52550.825000000004 53488.653346008294
decision_type=2 2 2 2 2 2 2 2 2 2 2 2 2 2 2 2 2 2 2 2 2 2 2 2 2 2 2 2 2 2
left_child=1 -1 3 -2 6 7 -5 9 -9 13 -11 12 -12 14 15 18 20 23 -6 -19 21 -15 -10 27 29 -24 -8 28 -13 -23
right_child=2 -3 -4 4 5 -7 26 8 22 10 11 17 -14 16 -16 -17 -18 19 -20 -21 -22 24 25 -25 -26 -27 -28 -29 -30 -31
leaf_value=-98.895792035914141 32.68582592722786 37.460786642957082 -35.317855261893293 -41.834905368178639 3.2067032386516692 33.371256229795257 5.3345207652826394 -30.241795029751088 -5.5733360952405784 26.811523762008179 -56.094818955037105 -12.027315646498945 2.4846485277936128 10.229625254663928 56.524826061191838 24.523510214973523 -20.505976138897797 0.47903074505685372 -19.494654060477639 19.444422726178058 11.488527710982193 -0.14624175818173679 11.372357256877468 -12.928901865944933 -6.0870699573666167 1.199134697202104 -4.6014038914469024 0.99288561658775343 -2.4919501498076415 6.0048048202677551
leaf_weight=10.000000000000002 11.999999999999998 9.9999999999999982 10.999999999999998 9.9999999999999982 13.000000000000002 12.999999999999998 13.000000000000002 14.999999999999998 9.9999999999999982 10.999999999999998 10.000000000000002 10.000000000000002 13.999999999999998 12.999999999999998 9.9999999999999982 14.999999999999998 9.9999999999999982 13.000000000000002 9.9999999999999982 10.999999999999998 19 50 12.000000000000002 9.9999999999999982 13.999999999999998 10.999999999999998 10.999999999999998 17 13.999999999999998 13.999999999999998
leaf_count=10 12 10 11 10 13 13 13 15 10 11 10 10 14 13 10 15 10 13 10 11 19 50 12 10 14 11 11 17 14 14
internal_value=-0.721895 -30.7941 0.800599 1.83701 0.840304 2.10926 -11.7965 0.857695 -7.51017 2.3036 -2.54754 -5.82155 -21.9893 5.47975 16.2972 5.65059 1.14779 -0.636655 -6.68433 9.19386 3.12474 1.37311 2.85251 -5.26725 -0.108587 6.52006 0.780457 -3.38508 -6.48176 1.20294
internal_weight=416 20 396 385 373 339 34 326 48 278 110 99 24 168 48 38 120 75 23 24 110 91 33 51 78 23 24 41 24 64
internal_count=416 20 396 385 373 339 34 326 48 278 110 99 24 168 48 38 120 75 23 24 110 91 33 51 78 23 24 41 24 64
is_linear=0
shrinkage=0.03


Tree=248
num_leaves=31
num_cat=0
split_feature=29 11 27 5 4 6 29 0 23 6 13 4 4 29 4 23 30 30 12 0 23 29 6 29 29 22 10 29 4 29
split_gain=1.99217e+07 9.76569e+07 1.55069e+07 1.2379e+07 5.23892e+06 1.03362e+07 2.52685e+07 1.91243e+07 9.0169e+06 1.09794e+07 7.14087e+06 5.02367e+06 6.93924e+06 2.07085e+07 5.02677e+06 4.0987e+06 8.9722e+06 6.4523e+06 2.91971e+06 2.43361e+06 2.66489e+06 2.18993e+06 1.92755e+06 3.88743e+06 3.0992e+06 1.24653e+06 1.16333e+06 606818 648411 440015
threshold=0.56841701361305397 37882.932500000003 1.0000000180025095e-35 1285449.3200000003 22169.155000000002 5128757.5700000012 6857.5300000000016 55107.090000000004 -0.25065253225872081 12273934.195000002 48580.878750000003 30906.225000000002 48574.275000000001 12806.415000000003 52058.60500000001 -0.91424293627231534 9.5000000000000018 10.500000000000002 42623.228166666675 63467.000000000007 -0.050649168838713086 52550.825000000004 13647993.945000002 27301.705000000002 22664.140000000003 0.34685948904333835 37502.747857142858 62023.465000000004 62644.860000000008 62196.32
decision_type=2 2 2 2 2 2 2 2 2 2 2 2 2 2 2 2 2 2 2 2 2 2 2 2 2 2 2 2 2 2
left_child=1 -1 3 -2 8 6 7 -6 9 18 21 -7 13 -13 -14 16 -16 22 -5 20 -8 -10 23 -17 -24 29 -15 28 -26 -25
right_child=2 -3 -4 4 5 11 19 -9 10 -11 -12 12 14 26 15 17 -18 -19 -20 -21 -22 -23 24 25 27 -27 -28 -29 -30 -31
leaf_value=-95.943675482450971 31.709319827764357 36.342555532882457 -34.263112353847035 -17.514739641502707 11.814826760363218 16.776110545820572 15.762438401179525 70.484518005598829 -17.386522277555851 -44.546555863565473 16.931276026591036 -35.665863601804716 17.872351501812442 10.615122643941666 -3.3884940537107338 -15.930138475649821 33.232271883380939 -20.422507220803702 5.3610292690903387 -13.605352304942571 -4.4733050227589448 -1.1339200515033365 16.036615355228662 8.9687265633688256 -2.5377902130582428 -6.3047406485466535 -0.80757817131565912 -3.9877472822025535 7.4469010349694518 1.1411056075353345
leaf_weight=10.000000000000002 11.999999999999998 9.9999999999999982 10.999999999999998 10.000000000000005 10.000000000000002 14.999999999999998 10 9.9999999999999982 10.999999999999998 9.9999999999999982 18 19 15.999999999999998 11.999999999999998 15.000000000000002 15.999999999999998 9.9999999999999982 14.999999999999998 9.9999999999999982 9.9999999999999982 14 23 14.999999999999998 14.000000000000002 10.000000000000002 11.999999999999998 24 18 13.999999999999998 11.999999999999998
leaf_count=10 12 10 11 10 10 15 10 10 11 10 18 19 16 12 15 16 10 15 10 10 14 23 15 14 10 12 24 18 14 12
internal_value=-0.700464 -29.8749 0.776577 1.78203 0.815101 2.70249 14.5409 41.2523 -5.88039 -18.963 1.67822 0.00262482 -1.13424 -10.3714 1.91013 0.213408 11.2969 -1.98931 -6.09201 -1.20914 3.9735 -6.40992 0.509739 -3.55023 4.35576 1.67645 3.00943 0.169925 3.28999 5.3651
internal_weight=416 20 396 385 373 291 54 20 82 30 52 237 222 55 167 151 25 126 20 34 24 34 111 54 57 38 36 42 24 26
internal_count=416 20 396 385 373 291 54 20 82 30 52 237 222 55 167 151 25 126 20 34 24 34 111 54 57 38 36 42 24 26
is_linear=0
shrinkage=0.03


Tree=249
num_leaves=31
num_cat=0
split_feature=2 1 29 5 29 17 29 29 2 30 29 21 17 29 30 0 29 0 29 30 29 30 2 15 10 15 4 0 2 0
split_gain=1.90852e+07 2.00395e+07 3.91828e+07 2.22106e+07 5.12075e+07 1.94815e+07 2.29398e+07 1.94395e+07 6.08998e+06 9.85474e+06 6.73779e+06 6.28897e+06 7.6919e+06 1.9492e+07 5.99012e+07 5.55363e+06 7.18392e+06 4.46222e+06 7.41057e+06 1.30986e+07 2.69778e+06 2.55001e+06 1.74336e+06 1.41582e+06 1.3686e+06 854293 561364 538234 888801 399153
threshold=124645.52500000001 106407.83500000001 33560.245000000003 2004509.9550000003 12806.415000000003 52332.119800143781 28604.970000000005 0.48628610801958011 -18615.414999999997 12.500000000000002 38515.255000000012 1.0000000180025095e-35 42553.346559511432 32.285839286721725 8.5000000000000018 44692.845000000008 28604.970000000005 21859.955000000005 22664.140000000003 6.5000000000000009 1.6026184225363709 9.5000000000000018 37655.56500000001 37376.449707375687 55776.372857142858 45150.672267734757 72132.530000000013 64743.465000000004 63190.055000000008 67239.700000000026
decision_type=2 2 2 2 2 2 2 2 2 2 2 2 2 2 2 2 2 2 2 2 2 2 2 2 2 2 2 2 2 2
left_child=1 3 -3 4 -1 7 -7 -5 10 11 -9 12 15 14 20 -10 -17 22 19 -19 -14 29 -13 26 25 -25 -15 28 -27 -20
right_child=-2 2 -4 5 -6 6 -8 8 9 -11 -12 17 13 23 -16 16 -18 18 21 -21 -22 -23 -24 24 -26 27 -28 -29 -30 -31
leaf_value=80.621388443904095 -39.578991969354547 -71.374108932267333 6.2446751387518065 39.706559633120456 -15.202186050699718 -60.160777393739586 -2.3199298109963675 -32.137638558914396 7.7438334279040575 25.027127160758614 -1.4694015672002141 16.302714515799899 7.3974881755771884 2.4137491875708692 77.973034308422569 -35.947738226136146 -0.032556465490540455 -47.713735643073669 -1.2941875580160374 -5.3476804875952046 -14.084177989010357 -14.176951910944894 0.53978949851654134 -6.0613488471370998 -10.635788204313808 10.414722081520376 10.769333955486474 -2.1738321545480308 -0.69981462787295767 3.9735600822432868
leaf_weight=10.000000000000002 10.999999999999998 10.000000000000002 13.999999999999998 11.999999999999998 9.9999999999999982 10.000000000000002 15.999999999999998 10.000000000000002 11.999999999999998 15.999999999999998 18 10.000000000000002 10.000000000000002 15.000000000000002 12.999999999999998 10.000000000000002 9.9999999999999982 10.000000000000002 28 19 10.999999999999998 11.999999999999998 17 12.999999999999998 11.999999999999998 14.000000000000002 13.999999999999998 12.999999999999998 11.999999999999998 24
leaf_count=10 11 10 14 12 10 10 16 10 12 16 18 10 10 15 13 10 10 10 28 19 11 12 17 13 12 14 14 13 12 24
internal_value=-0.679513 0.381772 -26.1776 2.05802 32.7912 0.351048 -24.6392 2.29398 0.898104 2.1679 -12.4601 0.852725 4.765 8.07684 27.4967 -8.37094 -18.035 -4.33087 -7.44725 -20.0136 -3.86154 -1.74192 6.39725 0.966145 -1.52594 0.584533 6.45907 2.80475 5.29344 1.13856
internal_weight=416 405 24 381 20 361 26 335 323 295 28 279 159 127 34 32 20 120 93 29 21 64 27 93 64 52 29 39 26 52
internal_count=416 405 24 381 20 361 26 335 323 295 28 279 159 127 34 32 20 120 93 29 21 64 27 93 64 52 29 39 26 52
is_linear=0
shrinkage=0.03


Tree=250
num_leaves=31
num_cat=0
split_feature=11 27 16 22 15 3 30 14 23 30 16 14 13 9 16 3 13 22 20 23 5 16 12 12 22 7 15 11 16 23
split_gain=2.94338e+07 2.84294e+07 3.0117e+07 1.62921e+07 3.64196e+07 1.39673e+07 3.76153e+07 2.27029e+07 4.75515e+07 1.77357e+07 1.2274e+07 8.71408e+06 1.01086e+07 2.41874e+07 5.14436e+06 1.49242e+07 4.86157e+06 4.41335e+06 4.2296e+06 3.48725e+06 3.20738e+06 3.11113e+06 2.84368e+06 4.36041e+06 1.49887e+06 1.19733e+06 1.05756e+06 744808 726845 373154
threshold=-1770201.5682142854 1.0000000180025095e-35 59942.545713965759 -0.6880826349756709 44138.577142328279 43353.165000000008 13.500000000000002 70229.404694509562 1.0000000180025095e-35 10.500000000000002 51538.335670122047 63560.433812055642 49135.264916666674 8733630.535000002 48344.130084033859 -21468.479999999996 50759.727500000001 -0.05058416099371614 -0.8783796973249266 1.0000000180025095e-35 6708372.7500000009 51282.346954697721 35355.103166666675 39092.953000000001 -1.0000000180025095e-35 13403944.360000001 52714.065897905246 58463.51785714287 55343.838377396096 1.0000000180025095e-35
decision_type=2 2 2 2 2 2 2 2 2 2 2 2 2 2 2 2 2 2 2 2 2 2 2 2 2 2 2 2 2 2
left_child=-1 2 3 4 10 9 7 11 -9 14 18 12 13 22 15 -5 -14 -18 -2 26 -20 -16 -7 -24 -25 -19 -17 29 -23 -22
right_child=1 -3 -4 5 -6 6 -8 8 -10 -11 -12 -13 16 -15 21 19 17 25 20 -21 27 28 23 24 -26 -27 -28 -29 -30 -31
leaf_value=-51.417077272329749 -19.182893565163681 -44.842584529754035 53.203038901713349 -37.091885919700374 56.215976014595434 14.051749482795371 -64.517049077731457 5.6395829587644508 -77.587552487472593 31.640041946050683 34.348500949233326 20.741243148518496 21.630833774706058 -41.275246773996663 17.457643763576517 -0.14675011788645095 18.538702756967115 -12.926211046816691 -12.408660595233624 11.550391206215686 -1.3703355765441636 -4.1652430490834069 -21.014571801940004 8.154874134955012 -4.2899110508715976 0.00014248369803389024 -11.765095342738993 10.584670344825364 5.8775927927146174 5.8284161903680003
leaf_weight=9.9999999999999982 9.9999999999999982 11.999999999999998 9.9999999999999982 10.999999999999998 13.999999999999998 9.9999999999999982 9.9999999999999982 14.000000000000002 10.999999999999998 19 9.9999999999999982 15.999999999999998 14.999999999999998 17 18 17.000000000000004 9.9999999999999982 10.000000000000002 10.999999999999998 19 12.000000000000002 12.000000000000002 9.9999999999999982 15.999999999999984 19.000000000000014 18 11.999999999999998 17 13.999999999999998 13.999999999999998
leaf_count=10 10 12 10 11 14 10 10 14 11 19 10 16 15 17 18 17 10 10 11 19 12 12 10 16 19 18 12 17 14 14
internal_value=-0.697274 0.552007 1.93309 0.598132 11.9362 -2.75145 -8.15797 -4.74444 -31.0621 5.04826 3.52659 -0.0688216 -2.73974 -10.0563 0.130011 -5.65795 7.19985 1.48247 -1.31239 1.57676 2.01165 7.88875 -0.378082 -3.59675 1.40265 -4.63122 -4.96632 5.71069 1.24334 2.50966
internal_weight=418 408 396 386 88 298 176 166 25 122 74 141 125 72 103 59 53 38 64 48 54 44 55 45 35 28 29 43 26 26
internal_count=418 408 396 386 88 298 176 166 25 122 74 141 125 72 103 59 53 38 64 48 54 44 55 45 35 28 29 43 26 26
is_linear=0
shrinkage=0.03


Tree=251
num_leaves=31
num_cat=0
split_feature=11 27 22 15 29 3 12 30 30 29 3 1 11 29 3 1 29 3 4 3 29 1 20 12 21 4 29 2 24 24
split_gain=2.77026e+07 2.67558e+07 1.80839e+07 5.21589e+07 1.51791e+07 1.11438e+07 1.06071e+07 3.2626e+07 1.04938e+07 3.5136e+07 1.91067e+07 1.30403e+07 1.15383e+07 1.11683e+07 5.30901e+06 1.36561e+07 1.33175e+07 4.47419e+06 3.9466e+06 5.4629e+06 5.34211e+06 2.73026e+06 1.95082e+06 1.86628e+06 1.25117e+06 1.21952e+06 1.13812e+06 1.11652e+06 1.34118e+06 577638
threshold=-1770201.5682142854 1.0000000180025095e-35 -0.6880826349756709 44138.577142328279 0.37358695828773819 93781.24500000001 52831.623166666672 9.5000000000000018 9.5000000000000018 1.1007565827145689 14329.090000000002 55107.090000000004 47856.10071428572 84824.135000000024 1.0000000180025095e-35 53489.755000000012 0.73598419398967929 66836.000000000015 60272.075000000012 52681.130000000005 12806.415000000003 39304.555 0.6078576107927941 46687.720500000003 1.0000000180025095e-35 57757.615000000005 48407.975000000006 76513.24500000001 0.25000000000000011 0.93301270189221952
decision_type=2 2 2 2 2 2 2 2 2 2 2 2 2 2 2 2 2 2 2 2 2 2 2 2 2 2 2 2 2 2
left_child=-1 2 3 5 -4 17 8 24 14 -10 -11 12 -12 -13 15 -6 -16 21 20 23 -18 -2 -21 -20 26 -26 -8 28 -23 -22
right_child=1 -3 4 -5 6 -7 7 -9 9 10 11 13 -14 -15 16 -17 18 -19 19 22 29 27 -24 -25 25 -27 -28 -29 -30 -31
leaf_value=-49.882239862698228 -8.9367999022034379 -43.502887766984479 -37.8378147409923 64.689647059900011 -31.681192018637869 31.209796349711009 -13.882558031224487 52.983916868012521 -64.66192882025419 26.589335021429637 16.988504227968015 -49.606366118751602 -24.002988672968165 -6.681190499263022 31.059153839871549 10.950817748321883 -17.646016236553042 -16.376836354537367 -12.006585112614413 27.275169987052802 2.0095838129702694 4.2577067978080647 8.9213762084049968 4.1243202455156061 11.270038411154671 -3.5141150310857969 0.082734678449673874 -0.3939291071594998 18.495174439028915 -5.0923352120936594
leaf_weight=9.9999999999999982 12.999999999999998 11.999999999999998 9.9999999999999982 14.999999999999998 14.000000000000002 10.999999999999998 10.000000000000002 12.999999999999998 9.9999999999999982 13.999999999999998 16.000000000000004 12.000000000000002 9.9999999999999982 9.9999999999999982 13.999999999999998 12.999999999999998 19 13.999999999999998 10.000000000000002 11.000000000000002 49 13.000000000000002 9.9999999999999982 18 10.000000000000002 9.9999999999999982 10.999999999999998 11.999999999999998 10.999999999999998 12.999999999999998
leaf_count=10 13 12 10 15 14 11 10 13 10 14 16 12 10 10 14 13 19 14 10 11 49 13 10 18 10 10 11 12 11 13
internal_value=-0.676673 0.53531 1.87512 13.7778 -1.57718 3.42115 -0.350118 11.6703 -3.02318 -12.6265 -4.18835 -13.1835 1.20674 -30.1543 1.02283 -11.1724 3.31252 -1.45173 0.313624 7.03014 -3.75128 2.82493 18.5772 -1.64785 -1.47767 3.88763 -6.58458 7.07872 10.8081 0.517568
internal_weight=418 408 396 89 307 74 297 54 243 72 62 48 26 22 171 27 144 63 130 49 81 49 21 28 41 20 21 36 24 62
internal_count=418 408 396 89 307 74 297 54 243 72 62 48 26 22 171 27 144 63 130 49 81 49 21 28 41 20 21 36 24 62
is_linear=0
shrinkage=0.03


Tree=252
num_leaves=31
num_cat=0
split_feature=0 29 16 29 12 30 29 21 29 10 11 0 4 20 5 14 14 20 13 29 0 4 1 29 12 14 13 13 20 22
split_gain=3.0301e+07 2.35009e+07 3.20006e+07 6.32098e+07 4.67153e+07 3.62491e+07 1.80092e+07 8.15205e+06 1.56904e+07 5.61964e+06 4.21489e+06 4.22853e+06 6.23128e+06 5.11245e+06 5.18078e+06 3.78209e+06 3.81422e+06 3.61465e+06 3.39886e+06 3.25618e+06 2.96368e+06 2.94019e+06 2.66786e+06 8.14195e+06 2.41418e+06 1.40267e+06 1.27283e+06 788805 520726 459685
threshold=120940.16500000002 0.41152408773038568 52449.252766309037 6857.5300000000016 40466.411333333344 13.500000000000002 0.6678216696711986 0.81174490092936691 12806.415000000003 19461.649285714284 56564.645714285725 59815.805000000015 76557.895000000004 -0.60785761079279388 9993833.1850000024 70055.947914056902 47808.779227744955 0.6078576107927941 51045.420000000006 29854.990000000005 35132.160000000011 95766.660000000018 75350.60000000002 35669.69000000001 48065.631333333346 45518.348658745854 48528.566250000011 52522.466583333335 1.0000000180025095e-35 -0.43982890882219972
decision_type=2 2 2 2 2 2 2 2 2 2 2 2 2 2 2 2 2 2 2 2 2 2 2 2 2 2 2 2 2 2
left_child=1 -1 5 4 -4 6 -3 9 -9 -8 11 12 17 24 25 16 29 19 -16 -11 -19 -14 23 -12 -13 -15 -10 -25 -21 -5
right_child=-2 2 3 15 -6 -7 7 8 26 10 22 13 21 14 18 -17 -18 20 -20 28 -22 -23 -24 27 -26 -27 -28 -29 -30 -31
leaf_value=40.702868547110718 -37.62028203048105 -36.729520977502574 19.955615981485824 -1.5863716743170577 107.73575202600279 -51.590940286765317 23.48565821861153 -33.070006639375457 -4.396379057698228 -16.514563288651114 35.824400306815527 -4.7273262783413008 22.028712465616259 3.5186221681792147 -34.047237135068002 15.388060571057764 -16.467587638297349 -2.2918735246217117 -10.911161124112917 -3.411933557647874 17.995680145010414 2.6330854123064094 -1.5431399782127309 -2.45275404485642 15.596544735467253 -10.679509431197928 8.8949140943242124 8.8868658212515026 4.5860819973162741 6.090100914897441
leaf_weight=12.999999999999998 19 12.999999999999998 12.000000000000002 13.999999999999998 9.9999999999999982 13.999999999999998 9.9999999999999982 19 12.000000000000002 19 9.9999999999999982 11.000000000000002 17.000000000000004 13.000000000000002 12.000000000000002 10.999999999999998 14.999999999999998 14.000000000000002 10.999999999999998 27 11.999999999999998 11.999999999999998 15.999999999999998 11.000000000000002 9.9999999999999982 11.999999999999998 13.999999999999998 10.999999999999998 9.9999999999999982 14.000000000000002
leaf_count=13 19 13 12 14 10 14 10 19 12 19 10 11 17 13 12 11 15 14 11 27 12 12 16 11 10 12 14 11 10 14
internal_value=-0.656642 1.10802 -0.230579 17.2083 60.0095 -4.50799 -2.27276 -0.68373 -12.3859 1.53101 0.563147 -1.54368 2.08159 -7.37291 -12.7702 -0.268672 -4.2871 -2.14696 -23.0298 -6.4372 7.08818 14.0213 8.45712 13.4519 4.96477 -3.30419 2.76381 3.22435 -1.24704 2.25588
internal_weight=418 399 386 76 22 310 296 283 45 238 228 180 111 69 48 54 43 82 23 56 26 29 48 32 21 25 26 22 37 28
internal_count=418 399 386 76 22 310 296 283 45 238 228 180 111 69 48 54 43 82 23 56 26 29 48 32 21 25 26 22 37 28
is_linear=0
shrinkage=0.03


Tree=253
num_leaves=31
num_cat=0
split_feature=0 29 16 29 12 30 29 0 10 4 4 30 5 6 13 14 6 2 12 0 13 4 29 29 22 0 16 10 13 13
split_gain=2.85152e+07 2.2117e+07 3.01177e+07 5.94916e+07 4.39685e+07 3.41145e+07 1.69491e+07 7.66884e+06 7.0722e+06 6.07446e+06 8.96037e+06 7.61127e+06 5.20084e+06 1.07005e+07 4.27067e+06 4.90574e+06 3.61256e+06 3.14462e+06 2.37995e+06 2.26669e+06 2.11449e+06 2.02101e+06 2.01128e+06 4.51088e+06 1.59478e+06 1.43549e+06 931381 636611 467366 626016
threshold=120940.16500000002 0.41152408773038568 52449.252766309037 6857.5300000000016 40466.411333333344 13.500000000000002 0.6678216696711986 -61310.959999999992 19744.558571428573 48574.275000000001 43815.415000000008 11.500000000000002 17309468.73 19424806.555000003 50252.542083333341 41791.287824770588 5945402.2650000015 40815.385000000002 39092.953000000001 92819.765000000029 42505.966666666682 64545.240000000005 1.7539170611738182 20942.990000000002 -1.0000000180025095e-35 64022.775000000009 41069.737195192276 47510.502857142863 48966.912416666666 43242.706750000005
decision_type=2 2 2 2 2 2 2 2 2 2 2 2 2 2 2 2 2 2 2 2 2 2 2 2 2 2 2 2 2 2
left_child=1 -1 5 4 -4 6 -3 -8 -9 10 12 14 18 -14 19 21 -5 -18 -10 22 -19 -16 -11 -24 25 -20 -23 -26 29 -25
right_child=-2 2 3 16 -6 -7 7 8 9 11 -12 -13 13 -15 15 -17 17 20 24 -21 -22 26 23 28 27 -27 -28 -29 -30 -31
leaf_value=39.486460490610405 -36.494635574460965 -35.631857299804686 19.35943236291655 -15.561847702302543 104.51975671568913 -50.048720205721054 -25.162661689223203 25.029010488026177 -8.6650725516203391 10.66388686880531 -29.267011164522717 27.295787471236142 -38.553125643374294 0.089570465510571767 -7.8235786437988271 27.302722896746733 13.680570233252739 6.3333985134773707 18.650677108764647 -15.129443469845871 -10.796704231886675 12.249457942146007 -15.489248999598281 4.6937896062792825 -5.4020532279178983 4.330735770977836 1.0475543354431427 3.6520178151685134 7.7889844937111015 -2.840619102789431
leaf_weight=12.999999999999998 19 12.999999999999998 12.000000000000002 10.999999999999998 9.9999999999999982 13.999999999999998 10.999999999999998 9.9999999999999982 15.999999999999998 11.999999999999998 12.999999999999998 10.999999999999998 10.000000000000002 18 9.9999999999999982 9.9999999999999982 17 12.000000000000002 9.9999999999999982 10.999999999999998 13.999999999999998 17.000000000000004 18 18 13.000000000000005 17 10.999999999999998 14.999999999999998 9.9999999999999982 22
leaf_count=13 19 13 12 11 10 14 11 10 16 12 13 11 10 18 10 10 17 12 10 11 14 17 18 18 13 17 11 15 10 22
internal_value=-0.636708 1.07517 -0.22342 16.6946 58.2179 -4.37309 -2.20466 -0.663115 0.332118 -0.615108 -5.9001 3.33167 -2.8185 -13.7555 1.4261 8.66169 -0.260517 3.6673 1.50134 -2.39313 -2.89352 3.72672 -0.633536 -2.63357 4.46402 9.65909 7.85842 -0.553794 2.00533 0.551492
internal_weight=418 399 386 76 22 310 296 283 272 262 112 150 99 28 139 48 54 43 71 91 26 38 80 68 55 27 28 28 50 40
internal_count=418 399 386 76 22 310 296 283 272 262 112 150 99 28 139 48 54 43 71 91 26 38 80 68 55 27 28 28 50 40
is_linear=0
shrinkage=0.03


Tree=254
num_leaves=31
num_cat=0
split_feature=0 29 16 29 11 30 29 21 29 14 2 2 29 29 29 3 14 8 14 14 17 16 1 13 11 0 13 1 0 4
split_gain=2.68346e+07 2.08147e+07 2.83454e+07 5.59926e+07 4.18722e+07 3.21055e+07 1.59512e+07 7.61516e+06 1.44608e+07 4.61223e+06 6.73804e+06 1.41656e+07 5.83397e+06 4.62597e+06 1.33347e+07 6.49519e+06 4.28907e+06 3.84305e+06 3.44311e+06 3.47454e+06 2.16851e+06 1.89701e+06 1.44558e+06 1.14098e+06 784996 568594 583863 528454 520301 425907
threshold=120940.16500000002 0.41152408773038568 52449.252766309037 6857.5300000000016 39162.507142857154 13.500000000000002 0.6678216696711986 0.81174490092936691 12806.415000000003 23851.254348922772 35994.895000000011 39538.755000000005 17.53280127413025 21859.955000000005 3.2772196089076209 66072.970000000016 21904.542204653782 9806472.8900000025 70055.947914056902 47808.779227744955 47105.336990572388 46885.151751505262 55107.090000000004 48528.566250000011 57999.497142857152 67239.700000000026 47326.691500000008 35673.915000000008 48407.975000000006 56916.210000000006
decision_type=2 2 2 2 2 2 2 2 2 2 2 2 2 2 2 2 2 2 2 2 2 2 2 2 2 2 2 2 2 2
left_child=1 -1 5 4 -4 6 -3 9 -9 16 12 -12 -11 14 15 17 20 -13 19 29 -8 24 -23 -10 25 26 -15 -14 -29 -5
right_child=-2 2 3 18 -6 -7 7 8 23 10 11 13 27 21 -16 -17 -18 -19 -20 -21 -22 22 -24 -25 -26 -27 -28 28 -30 -31
leaf_value=38.306405218716321 -35.402669373459702 -34.56699729130186 14.970824504869549 -0.60278169415333904 97.73319492253782 -48.552601504071326 4.8960931439266009 -31.810595474843904 -4.1885338237176768 -22.316934003185121 39.3112646629368 -17.075153342060652 -4.4910109272826944 4.125985398933067 37.240568082085971 22.989666019268888 -25.032326553116981 4.8499249538528577 14.685740086827341 -15.712469379450393 -12.875350488121828 -1.0532838837261673 -14.482114407234665 8.3954757799033164 9.0741257121130232 6.2219510945047087 -4.9913919476819526 5.7100054956251558 -2.8986458031099231 7.1052154398676164
leaf_weight=12.999999999999998 19 12.999999999999998 11.000000000000002 18.000000000000004 10.999999999999998 13.999999999999998 16.000000000000004 19 12.000000000000002 13.999999999999998 10.999999999999998 13.000000000000002 14.999999999999998 10.000000000000002 12.999999999999998 9.9999999999999982 9.9999999999999982 15.999999999999998 10.999999999999998 14.999999999999998 9.9999999999999982 18.000000000000004 11.999999999999998 13.999999999999998 13.999999999999998 11.999999999999998 17 17.000000000000004 9.9999999999999982 9.9999999999999982
leaf_count=13 19 13 11 18 11 14 16 19 12 14 11 13 15 10 13 10 10 16 11 15 10 18 12 14 14 12 17 17 10 10
internal_value=-0.617502 1.04316 -0.216615 16.1961 56.4798 -4.24233 -2.13873 -0.643251 -11.9535 1.49731 3.2607 6.6535 -5.58284 3.97892 10.9903 2.20376 -8.38807 -4.99103 -0.252878 -4.087 -1.95067 -0.417729 -6.43998 2.59058 2.99395 0.802495 -1.6132 0.0150889 2.52215 2.15783
internal_weight=418 399 386 76 22 310 296 283 45 238 202 146 56 135 52 39 36 29 54 43 26 83 30 26 53 39 27 42 27 28
internal_count=418 399 386 76 22 310 296 283 45 238 202 146 56 135 52 39 36 29 54 43 26 83 30 26 53 39 27 42 27 28
is_linear=0
shrinkage=0.03


Tree=255
num_leaves=31
num_cat=0
split_feature=19 29 30 30 1 2 17 24 2 29 22 22 21 2 30 15 1 13 15 0 20 3 29 30 1 23 29 29 30 4
split_gain=3.01063e+07 2.29648e+07 1.74128e+07 1.04842e+07 2.63704e+07 7.07738e+06 1.5482e+07 2.27663e+07 8.48922e+06 1.32241e+07 5.33902e+06 7.55796e+06 4.07187e+06 7.53643e+06 1.226e+07 3.66958e+06 3.17668e+06 2.9463e+06 2.83594e+06 2.71147e+06 2.63001e+06 2.40942e+06 4.82684e+06 3.07533e+06 1.85161e+06 2.92421e+06 1.68063e+06 1.22953e+06 975043 974864
threshold=21594174.265500005 0.41152408773038568 14.500000000000002 11.500000000000002 59157.110000000008 52058.60500000001 51612.96129215043 -0.6830127018922193 39538.755000000005 17114.705000000005 -0.75778426208340921 -0.61132034890850717 -0.22252093395631442 90404.325000000012 7.5000000000000009 39727.16698597536 62045.810000000005 33904.591916666679 38396.252431795117 73652.145000000004 -0.8783796973249266 50517.605000000003 17114.705000000005 6.5000000000000009 22296.870000000003 -0.68543205262022666 45809.820000000007 54478.335000000006 7.5000000000000009 27360.400000000001
decision_type=2 2 2 2 2 2 2 2 2 2 2 2 2 2 2 2 2 2 2 2 2 2 2 2 2 2 2 2 2 2
left_child=1 -1 3 5 -5 8 12 -8 10 -10 15 -12 13 14 18 -3 -15 -13 -7 -11 -19 22 -14 -23 -22 28 -27 -25 -26 -24
right_child=-2 2 -4 4 -6 6 7 -9 9 19 11 17 21 16 -16 -17 -18 20 -20 -21 24 23 29 27 25 26 -28 -29 -30 -31
leaf_value=40.97666928959989 -38.870858652780484 -1.7508247680935567 37.632452654946441 11.55758998549987 -41.311748299638317 14.727553017459691 2.4074730565777638 59.163063307369448 -45.31435156295548 0.84487126414615299 28.208794192413784 12.802941623320214 -22.346030496617651 2.8356304846077314 36.66799706747365 -24.882958949852853 -18.678333817667035 -16.027741252842233 -5.8540887724917585 -18.253789218504036 12.304447885769516 -8.0035682023066883 6.8068251937182946 16.226333297900293 0.79168579112524284 -18.013187693126145 -2.8342334541748828 3.3524792488079114 13.237631749395113 -5.1082380383928241
leaf_weight=12.999999999999998 17 14.000000000000002 10.999999999999998 15.999999999999998 18 10.000000000000002 15.000000000000002 10.999999999999998 9.9999999999999982 20.000000000000004 9.9999999999999982 14.999999999999998 13.999999999999998 16.000000000000004 14.999999999999998 10.999999999999998 9.9999999999999982 9.9999999999999982 14.999999999999998 9.9999999999999982 9.9999999999999982 18 10.000000000000002 10.000000000000002 12.999999999999995 10.000000000000009 19 20 9.9999999999999982 15.999999999999998
leaf_count=13 17 14 11 16 18 10 15 11 10 20 10 15 14 16 15 11 10 10 15 10 10 18 10 10 13 10 19 20 10 16
internal_value=0.170527 1.83444 0.514457 -0.576301 -16.4516 1.00412 5.09762 26.4869 -3.54438 -15.5286 0.389617 3.5766 1.47902 7.1091 15.2749 -11.9583 -5.45894 0.730732 2.39153 -5.54113 -1.79145 -2.74518 -8.17829 1.78621 0.515789 -1.7609 -8.09035 7.66362 6.21994 -0.521252
internal_weight=417 400 387 376 34 342 180 26 162 40 122 97 154 66 40 25 26 87 25 30 72 88 40 48 62 52 29 30 23 26
internal_count=417 400 387 376 34 342 180 26 162 40 122 97 154 66 40 25 26 87 25 30 72 88 40 48 62 52 29 30 23 26
is_linear=0
shrinkage=0.03


Tree=256
num_leaves=31
num_cat=0
split_feature=19 4 30 30 29 10 29 4 30 29 14 11 23 0 30 29 0 6 21 29 14 8 6 29 16 29 13 2 6 29
split_gain=2.83323e+07 2.21487e+07 6.03404e+07 5.70372e+07 4.59631e+07 1.45019e+07 1.04586e+07 1.01951e+07 8.74025e+06 2.51647e+07 1.94044e+07 5.40047e+06 4.33877e+06 6.75318e+06 5.90276e+06 5.71634e+06 3.53481e+06 3.33825e+06 3.20811e+06 3.71675e+06 2.11377e+06 2.38327e+06 7.21484e+06 1.42445e+06 1.16698e+06 2.56243e+06 1.56292e+06 2.61487e+06 953789 939019
threshold=21594174.265500005 46772.705000000009 12.500000000000002 12.500000000000002 0.48628610801958011 17019.320714285717 0.71562937656960035 41587.085000000006 10.500000000000002 76513.24500000001 72738.514321720562 29760.061071428576 -0.52625006705264832 94858.460000000006 8.5000000000000018 65293.415000000008 93240.910000000018 19116069.830000002 -0.56174490092936669 34766.000000000007 61932.617456942848 15937499.260000002 19424806.555000003 17114.705000000005 47970.125810441219 37145.670000000006 36865.046500000004 40815.385000000002 11037862.315000003 78174.335000000021
decision_type=2 2 2 2 2 2 2 2 2 2 2 2 2 2 2 2 2 2 2 2 2 2 2 2 2 2 2 2 2 2
left_child=1 3 4 7 -3 -6 -7 8 10 -10 11 -1 14 17 18 -16 20 24 -8 -20 21 23 -23 -13 25 -14 -26 -28 -29 -25
right_child=-2 2 -4 -5 5 6 12 -9 9 -11 -12 16 13 -15 15 -17 -18 -19 19 -21 -22 22 -24 29 26 -27 27 28 -30 -31
leaf_value=21.05867312332084 -37.708151514718956 61.051666183788249 70.615873911188928 -66.559261681567648 35.841405430124766 -29.461337349317727 12.455426218317841 -30.627027141514105 53.242393357006442 -9.9380859375000004 -40.48273132117086 13.908253146405745 -13.642726018244488 -22.390116027241497 32.071498441148066 1.9167202394400067 -17.038319431494802 13.971469594144271 -20.206055644021099 2.3475062933493787 -12.140716653795383 -25.018725101983357 8.2759279298612647 0.74950367081985791 -9.0274931526895763 0.75271849974900662 17.2105891782846 5.570696008027487 -6.9459194183349604 10.716734274264374
leaf_weight=10.999999999999998 17 11.999999999999998 12.999999999999998 12.999999999999998 9.9999999999999982 10.999999999999998 12.999999999999998 9.9999999999999982 10.000000000000002 12.999999999999998 10.999999999999998 13.999999999999998 20 13.999999999999998 13.000000000000002 9.9999999999999982 10.999999999999998 12.999999999999998 10.000000000000002 19 9.9999999999999982 10.000000000000002 13.999999999999998 37 9.9999999999999982 25 9.9999999999999982 10.000000000000002 11.999999999999998 10.999999999999998
leaf_count=11 17 12 13 13 10 11 13 10 10 13 11 14 20 14 13 10 11 13 10 19 10 10 14 37 10 25 10 10 12 11
internal_value=0.165531 1.77967 8.00466 -6.22388 4.14955 0.721018 -1.13637 -1.36311 0.571583 17.5876 -2.46792 1.09148 0.612015 -2.91457 6.7946 18.9933 -0.970099 -0.178172 0.0997015 -5.45098 0.878963 2.39905 -5.62002 5.50524 -2.2993 -5.6533 1.29672 4.53209 -1.25682 3.04244
internal_weight=417 400 225 175 212 200 190 162 152 23 129 118 179 114 65 23 107 100 42 29 96 86 24 62 87 45 42 32 22 48
internal_count=417 400 225 175 212 200 190 162 152 23 129 118 179 114 65 23 107 100 42 29 96 86 24 62 87 45 42 32 22 48
is_linear=0
shrinkage=0.03


Tree=257
num_leaves=31
num_cat=0
split_feature=11 16 1 1 16 11 30 14 14 14 18 17 16 30 30 16 17 14 1 22 20 12 17 8 13 23 17 1 4 13
split_gain=2.71757e+07 2.32282e+07 1.93812e+07 2.3379e+07 3.1883e+07 4.58931e+07 2.10976e+07 1.39939e+07 4.90684e+07 1.29284e+07 1.23609e+07 6.82448e+06 8.79686e+06 1.29883e+07 8.55572e+06 5.34428e+06 9.04633e+06 6.74211e+06 9.10898e+06 3.78335e+06 3.80342e+06 4.80855e+06 3.66516e+06 4.22652e+06 3.15876e+06 2.84716e+06 2.76852e+06 2.57406e+06 795694 563039
threshold=-1770201.5682142854 59942.545713965759 106407.83500000001 85487.47500000002 47394.921645916504 46407.511071428584 8.5000000000000018 70229.404694509562 79711.804672764891 63099.12885675126 7209450.5350000011 40021.436199372176 49616.344712407772 12.500000000000002 11.500000000000002 47737.225613972412 48227.382427957309 23851.254348922772 65704.345000000016 -0.6880826349756709 -0.60785761079279388 43424.24700000001 50065.149310718523 18529074.735000003 48476.53133333334 -0.52625006705264832 46941.334825763952 46780.430000000008 39538.755000000005 50029.132583333347
decision_type=2 2 2 2 2 2 2 2 2 2 2 2 2 2 2 2 2 2 2 2 2 2 2 2 2 2 2 2 2 2
left_child=-1 2 3 7 29 -6 -4 9 -9 11 -11 -2 13 15 19 17 -17 18 -13 27 -21 -22 23 25 -25 -19 28 -14 -27 -5
right_child=1 -3 6 4 5 -7 -8 8 -10 10 -12 12 14 -15 -16 16 -18 22 -20 20 21 -23 -24 24 -26 26 -28 -29 -30 -31
leaf_value=-48.573376100454752 19.781258560669379 46.40581865453008 2.2910678535564983 2.1530906896481561 8.249890362276572 95.189013575084175 -56.389049205521111 -53.343633346346273 17.640703129698451 1.835717844207901 47.869365119934081 3.0393386533890636 -16.558332501803193 -36.99903768824236 30.89328218347886 -1.1588763513297675 -36.456561185224018 5.2978374110195716 -32.429920214072034 -3.7855123359466267 4.8414281044640353 29.999379170965824 14.211767605158286 -2.786971453766323 18.953388566432203 1.8253062555560231 -18.817497299042255 1.7954544209988317 -7.6429951689460056 -7.0514981170585243
leaf_weight=9.9999999999999982 13.999999999999998 9.9999999999999982 11.000000000000002 13.000000000000002 12.000000000000002 9.9999999999999982 10.999999999999998 18 17 11.000000000000002 9.9999999999999982 13.000000000000002 12.000000000000002 10.999999999999998 10.999999999999998 16.000000000000004 10.999999999999998 19.999999999999993 12.999999999999998 15.999999999999998 18.000000000000004 10.999999999999998 19 10.000000000000002 14.999999999999998 15.000000000000005 14.999999999999998 15.999999999999998 17 10.999999999999998
leaf_count=10 14 10 11 13 12 10 11 18 17 11 10 13 12 11 11 16 11 20 13 16 18 11 19 10 15 15 15 16 17 11
internal_value=0.160639 1.36385 0.223595 1.83059 21.851 47.8939 -27.1103 -0.971519 -18.8895 1.16443 23.8181 -0.582207 -1.68654 -5.51661 6.2913 -3.39435 -15.5802 -0.987942 -14.7235 2.56554 7.94947 14.4193 2.23458 -0.24535 10.269 -4.17336 -8.20501 -6.08595 -3.20881 -2.07157
internal_weight=417 407 397 375 46 22 22 329 35 294 21 273 259 175 84 164 27 137 26 73 45 29 111 92 25 67 47 28 32 24
internal_count=417 407 397 375 46 22 22 329 35 294 21 273 259 175 84 164 27 137 26 73 45 29 111 92 25 67 47 28 32 24
is_linear=0
shrinkage=0.03


Tree=258
num_leaves=31
num_cat=0
split_feature=19 4 30 30 29 22 10 9 10 29 13 29 22 29 23 30 22 5 21 29 4 8 22 14 11 14 1 29 14 12
split_gain=2.70554e+07 2.05251e+07 5.73568e+07 5.24849e+07 4.24715e+07 1.71859e+07 1.44701e+07 3.33462e+07 1.33268e+07 9.96578e+06 7.41573e+06 2.11736e+07 1.53736e+07 1.31247e+07 3.96979e+06 5.55954e+06 7.17183e+06 3.54888e+06 2.92425e+06 3.32858e+06 2.71659e+06 1.8819e+06 1.77562e+06 3.2213e+06 1.35351e+06 891070 882149 756563 584575 581526
threshold=21594174.265500005 46772.705000000009 12.500000000000002 12.500000000000002 0.48628610801958011 0.95291462550664241 27957.640714285717 6165397.1150000012 17019.320714285717 0.71562937656960035 46463.90600000001 22664.140000000003 -0.34685948904333841 11.030744040625212 -0.52625006705264832 8.5000000000000018 1.0000000180025095e-35 18947965.825000003 -0.56174490092936669 34766.000000000007 93240.910000000018 2800711.8700000006 0.34685948904333835 45811.652156182681 50942.379642857159 22849.208856387446 73777.530000000013 62023.465000000004 29270.203859543955 51123.966500000002
decision_type=2 2 2 2 2 2 2 2 2 2 2 2 2 2 2 2 2 2 2 2 2 2 2 2 2 2 2 2 2 2
left_child=1 3 4 5 -3 6 7 -1 -6 -10 13 12 -12 -8 15 18 -17 20 -11 -20 22 -15 23 25 -24 -16 -23 -13 -29 -27
right_child=-2 2 -4 -5 8 -7 10 -9 9 14 11 27 -14 21 17 16 -18 -19 19 -21 -22 26 24 -25 -26 29 -28 28 -30 -31
leaf_value=-4.0613372925789113 -36.854432982503489 58.665335272951239 68.76937543496318 -63.848905120498834 34.338928860336985 -33.017248111602669 34.493849173498369 64.85957258993119 -28.758668455926536 11.810764137355759 -8.9067554075326445 -2.6049777956459463 -61.498030295300836 -12.102971644421334 4.0825995886503756 35.789136244484723 2.2823981004137219 9.8492176749489513 -19.24837160252812 2.095229694036048 -16.709062630789617 -1.4292710540200468 -3.1187073104683001 13.126557124346151 -17.414518751601825 -8.8431828265076344 9.1551695240077677 10.487458849600534 1.2523270630751637 -0.69635616160032654
leaf_weight=17.000000000000004 17 11.999999999999998 12.999999999999998 12.999999999999998 9.9999999999999982 13.999999999999998 10.999999999999998 9.9999999999999982 10.999999999999998 12.999999999999998 10.000000000000002 19 9.9999999999999982 11.999999999999998 9.9999999999999982 11.000000000000002 11.999999999999998 17 10.000000000000002 19 14.999999999999998 24 13.000000000000002 12.999999999999998 10.999999999999998 23 9.9999999999999982 11.000000000000002 13.999999999999998 11.999999999999998
leaf_count=17 17 12 13 13 10 14 11 10 11 13 10 19 10 12 10 11 12 17 10 19 15 24 13 13 11 23 10 11 14 12
internal_value=0.155929 1.73328 7.72577 -5.97136 3.9672 -1.3086 1.701 21.5376 0.671471 -1.10907 -2.73242 -9.73788 -35.2902 5.135 0.597625 6.51147 18.3502 -2.77568 0.0142322 -5.28509 -4.99223 -1.91543 -2.84003 0.00181293 -9.69354 -3.80014 1.69267 1.90367 5.32861 -6.05496
internal_weight=417 400 225 175 212 162 148 27 200 190 121 64 20 57 179 65 23 114 42 29 97 46 82 58 24 45 34 44 25 35
internal_count=417 400 225 175 212 162 148 27 200 190 121 64 20 57 179 65 23 114 42 29 97 46 82 58 24 45 34 44 25 35
is_linear=0
shrinkage=0.03


Tree=259
num_leaves=31
num_cat=0
split_feature=11 0 10 6 12 29 29 17 2 17 29 4 29 17 5 29 3 29 3 29 12 11 29 3 24 29 17 12 2 29
split_gain=2.5755e+07 1.66025e+07 3.04699e+07 3.00962e+07 1.61154e+07 3.69199e+07 1.44849e+07 1.42148e+07 2.29931e+07 1.79879e+07 2.38017e+07 1.3582e+07 2.17678e+07 1.29389e+07 8.21638e+06 6.78451e+06 5.27492e+06 4.43982e+06 4.2364e+06 3.56542e+06 3.53087e+06 2.79492e+06 3.42767e+06 2.52397e+06 2.96041e+06 3.08088e+06 1.82908e+06 1.62551e+06 1.15353e+06 971285
threshold=-1770201.5682142854 54430.460000000006 70303.636428571437 2217647.0950000002 31956.744166666667 0.48628610801958011 0.71562937656960035 51700.701421805519 54518.790000000008 47491.413414078816 1.8180836731968724 51904.395000000011 12806.415000000003 49117.972890568351 17875642.485000003 22664.140000000003 106508.27 28604.970000000005 22565.245000000003 45809.820000000007 51123.966500000002 43064.327500000007 4.6893075628024734 66836.000000000015 0.25000000000000011 33560.245000000003 50268.838868158789 49360.041333333349 29854.990000000002 66167.185000000012
decision_type=2 2 2 2 2 2 2 2 2 2 2 2 2 2 2 2 2 2 2 2 2 2 2 2 2 2 2 2 2 2
left_child=-1 2 4 -3 -2 -6 -7 9 -9 10 -5 12 -11 -13 15 -12 18 -16 19 -8 -15 22 -20 24 -23 -26 -14 -25 -24 -17
right_child=1 3 -4 7 5 6 16 8 -10 11 14 13 26 20 17 29 -18 -19 21 -21 -22 23 28 27 25 -27 -28 -29 -30 -31
leaf_value=-47.291693935109606 -32.932531124671584 55.751704679463245 -55.449074635576842 50.213697883004464 56.320863302430105 -32.012172940617347 -22.734481424875376 -0.67652629282464605 60.831412540264978 -53.339581842532098 34.845719898280812 -26.801674367420706 5.0402463542881275 21.529346424113964 -23.407824792434912 2.2400383515620792 -21.343210635968106 0.83639410306608875 21.585267128723796 -0.84229439206836498 1.1934870655426351 -4.9068013830077915 11.422861695982114 -0.67921741521247059 23.532189098756692 3.1621894646166564 -12.297211013097485 -14.948178653059333 -0.12438395753198739 12.877295868972251
leaf_weight=9.9999999999999982 13.999999999999998 10.999999999999998 9.9999999999999982 11.999999999999998 9.9999999999999982 13.999999999999998 11.000000000000002 12.000000000000002 9.9999999999999982 12.999999999999998 9.9999999999999982 9.9999999999999982 10.000000000000002 17.000000000000004 10.000000000000002 19 9.9999999999999982 21 13.999999999999998 17 13.999999999999998 20 11.999999999999998 16.000000000000004 10.000000000000002 20 11.999999999999998 12.999999999999998 22 12.999999999999998
leaf_count=10 14 11 10 12 10 14 11 12 10 13 10 10 10 17 10 19 10 21 14 17 14 20 12 16 10 20 12 13 22 13
internal_value=0.151402 1.32275 -4.45937 7.67066 -1.93452 0.369727 -2.77089 4.76611 27.3562 1.67173 11.1505 -8.92993 -22.6422 2.78897 4.69922 13.3394 -0.280865 -7.00942 1.08444 -9.46799 12.3621 3.41377 9.11916 -0.0563712 4.02635 9.98005 -4.42299 -7.09037 3.9619 6.57477
internal_weight=417 407 213 194 203 189 179 183 22 161 85 76 35 41 73 42 165 31 155 28 31 127 48 79 50 30 22 29 34 32
internal_count=417 407 213 194 203 189 179 183 22 161 85 76 35 41 73 42 165 31 155 28 31 127 48 79 50 30 22 29 34 32
is_linear=0
shrinkage=0.03


Tree=260
num_leaves=31
num_cat=0
split_feature=30 14 30 14 0 2 1 15 17 2 30 10 0 1 16 17 4 16 13 17 16 5 2 0 4 3 11 17 1 1
split_gain=3.60681e+07 3.61218e+07 4.39231e+07 2.46805e+07 1.45296e+07 1.00149e+07 3.0834e+07 4.59196e+07 1.09897e+07 7.1891e+06 6.11992e+06 6.13781e+06 1.33119e+07 7.66736e+06 6.74269e+06 5.03483e+06 4.02066e+06 3.69183e+06 3.68984e+06 5.23248e+06 3.01956e+06 2.87812e+06 2.5309e+06 3.4648e+06 2.92225e+06 2.10201e+06 2.02532e+06 1.81682e+06 1.7655e+06 1.96384e+06
threshold=13.500000000000002 70229.404694509562 10.500000000000002 81549.670045587103 51131.535000000011 76971.480000000025 74883.980000000025 44138.577142328279 52332.119800143781 75253.420000000027 11.500000000000002 19744.558571428573 32461.295000000002 7796.1400000000003 48897.247105700961 42553.346559511432 56646.380000000012 52449.252766309037 48386.518916666675 46353.811306364121 47520.318027011403 19338494.310000002 55791.415000000008 84591.330000000016 87392.215000000011 78161.070000000022 44908.375714285721 47291.203372025389 51131.535000000011 76616.280000000013
decision_type=2 2 2 2 2 2 2 2 2 2 2 2 2 2 2 2 2 2 2 2 2 2 2 2 2 2 2 2 2 2
left_child=1 5 3 4 -3 8 15 -8 9 10 11 12 -1 14 -13 -7 18 20 28 21 27 -20 23 25 -24 26 -18 -17 -15 -30
right_child=-2 2 -4 -5 -6 6 7 -9 -10 -11 -12 13 -14 16 -16 17 22 -19 19 -21 -22 -23 24 -25 -26 -27 -28 -29 29 -31
leaf_value=-6.4326920694379632 44.793311620807366 -5.3854153533480034 -76.636399758455426 18.086329764984221 -56.491895368205959 -18.077180944983635 1.5484486006107561 86.313654420602361 -21.830125887968531 -21.227423868999221 21.414940436532561 1.3474933339588673 42.428883247944839 -3.0971734064991829 -32.646332040847156 11.465538639808763 9.3590443787337048 -10.993085775802383 -4.7635635523380566 28.686164429688368 18.876311414612353 15.977412034663915 -2.4311940050600369 -21.477917190096271 18.467129687408899 -11.119712601421035 -5.2642905294021194 -5.8097463093357957 14.162062536221795 -2.7631071859331269
leaf_weight=10.000000000000002 17 10.000000000000002 10.999999999999998 17 9.9999999999999982 9.9999999999999982 12.000000000000002 10.999999999999998 18 10.999999999999998 15.999999999999998 10.000000000000002 9.9999999999999982 29 10.999999999999998 10.000000000000002 17 9.9999999999999982 12.000000000000002 13.999999999999998 17 11.999999999999998 15.000000000000002 9.9999999999999982 9.9999999999999982 15.999999999999998 17 11.999999999999998 16.000000000000004 9.9999999999999982
leaf_count=10 17 10 11 17 10 10 12 11 18 11 16 10 10 29 11 10 17 10 12 14 17 12 15 10 10 16 17 12 16 10
internal_value=2.07427 0.225609 -24.1483 -8.4614 -31.0158 3.60997 12.7645 42.1876 0.76462 2.42199 3.53327 2.22225 18.043 0.628099 -16.494 1.26852 2.65219 5.23103 6.96106 14.1437 9.3998 5.61858 -2.06354 -5.40398 5.94831 -2.17095 2.05038 2.05085 1.99017 7.65957
internal_weight=411 394 48 37 20 346 82 23 264 246 235 219 20 199 21 59 178 49 93 38 39 24 85 60 25 50 34 22 55 26
internal_count=411 394 48 37 20 346 82 23 264 246 235 219 20 199 21 59 178 49 93 38 39 24 85 60 25 50 34 22 55 26
is_linear=0
shrinkage=0.03


Tree=261
num_leaves=31
num_cat=0
split_feature=30 14 29 30 29 4 14 0 29 14 3 29 2 4 29 25 29 8 4 5 29 29 24 22 30 2 14 4 1 17
split_gain=3.39428e+07 3.39976e+07 5.58803e+07 6.98003e+07 5.04792e+07 6.30925e+06 1.12043e+07 5.34722e+06 1.46604e+07 6.7957e+06 6.52827e+06 1.32007e+07 3.50606e+06 4.22827e+06 4.16842e+06 3.60421e+06 6.80819e+06 3.47893e+06 2.55702e+06 2.12229e+06 2.58847e+06 7.82497e+06 2.03535e+06 1.9764e+06 1.32838e+06 1.31101e+06 1.13477e+06 1.11591e+06 779058 796738
threshold=13.500000000000002 70229.404694509562 9.7443340864407606 8.5000000000000018 0.43082329105051809 92819.765000000029 51019.305612044525 81658.680000000008 12806.415000000003 64768.629462349243 -62119.399999999994 0.73598419398967929 79283.990000000005 85175.165000000023 17114.705000000005 0.25000000000000017 11.030744040625212 11337831.710000003 101960.43000000001 5128757.5700000012 5.8369807468758159 1.8763760727123036 0.25000000000000011 -0.25033082153100961 7.5000000000000009 56916.210000000006 40732.805900721556 34999.410000000011 51131.535000000011 48806.694839059222
decision_type=2 2 2 2 2 2 2 2 2 2 2 2 2 2 2 2 2 2 2 2 2 2 2 2 2 2 2 2 2 2
left_child=1 4 3 -3 -1 7 18 9 -9 10 -6 -12 13 15 -14 19 -17 -10 -7 25 21 -21 -4 -18 -19 26 -13 -16 -22 -30
right_child=-2 2 22 -5 5 6 -8 8 17 -11 11 12 14 -15 27 16 23 24 -20 20 28 -23 -24 -25 -26 -27 -28 -29 29 -31
leaf_value=69.753506150886182 43.453452227192535 -7.8148430181304755 11.434093298590424 -117.22264677588618 -19.206960415345502 -12.094997053004018 -37.198437898550459 34.517288727075119 -10.969126938246323 -19.944624839431935 37.061796455952653 -12.421862794694853 -22.897129172709448 21.661031698856956 -8.5637547848829545 -26.66117719963415 10.642066587250804 16.192285634510544 6.9827929633803381 -0.86133654719994124 0.65513168832530144 30.826006584489893 -5.5928136341607386 -4.6834132205086068 1.098983307229987 7.4427252812172036 1.1845915712382458 3.7915834622120292 10.884862250045051 0.51540294476409454
leaf_weight=9.9999999999999982 17 11.000000000000002 17.000000000000004 9.9999999999999982 11.999999999999998 10.000000000000002 9.9999999999999982 17 13.999999999999998 12.999999999999998 9.9999999999999982 11.000000000000002 9.9999999999999982 10.999999999999998 10.000000000000002 9.9999999999999982 13.000000000000002 10.000000000000002 17 14.000000000000002 31 13.999999999999998 9.9999999999999982 18 10.999999999999998 9.9999999999999982 10.999999999999998 19 20.000000000000004 9.9999999999999982
leaf_count=10 17 11 17 10 12 10 10 17 14 13 10 11 10 11 10 10 13 10 17 14 31 14 10 18 11 10 11 19 20 10
internal_value=2.01214 0.218771 -23.4276 -60.0685 3.50211 1.52026 -10.1577 2.96681 11.7057 1.12505 2.2996 3.46618 1.87312 3.70498 -6.24718 2.47944 -5.20345 0.592297 -0.0923512 5.0838 7.4651 15.009 5.12915 1.75019 8.30766 -1.54048 -5.63138 -0.476285 3.99284 7.43498
internal_weight=411 394 48 21 346 336 37 299 52 247 234 222 212 173 39 162 41 35 27 121 89 28 27 31 21 32 22 29 61 30
internal_count=411 394 48 21 346 336 37 299 52 247 234 222 212 173 39 162 41 35 27 121 89 28 27 31 21 32 22 29 61 30
is_linear=0
shrinkage=0.03


Tree=262
num_leaves=31
num_cat=0
split_feature=30 14 29 1 29 4 14 20 16 16 12 29 14 17 29 10 17 11 2 14 13 6 4 1 29 16 17 1 29 3
split_gain=3.19428e+07 3.19983e+07 5.2896e+07 7.1477e+07 4.75107e+07 5.9382e+06 1.05452e+07 5.05744e+06 1.50937e+07 7.24431e+06 1.15314e+07 9.60367e+06 5.05175e+06 4.00575e+06 6.17249e+06 3.10787e+06 3.60631e+06 2.80654e+06 2.59916e+06 2.52135e+06 3.81268e+06 3.69498e+06 2.40653e+06 2.35092e+06 2.09182e+06 1.74218e+06 1.57693e+06 915050 1.36195e+06 719376
threshold=13.500000000000002 70229.404694509562 5.8369807468758159 35311.740000000013 0.43082329105051809 92819.765000000029 51019.305612044525 0.87837969732492682 49740.997618909787 47737.225613972412 49829.355500000005 51604.580000000009 64213.88028094927 49302.113424740637 1.8763760727123036 74703.940714285724 50996.317007891274 29760.061071428576 54138.695000000007 26780.517353131032 49572.108750000007 18947965.825000003 101960.43000000001 64022.775000000009 22664.140000000003 44359.939320275458 51046.067134903315 56916.210000000006 22664.140000000003 73277.485000000015
decision_type=2 2 2 2 2 2 2 2 2 2 2 2 2 2 2 2 2 2 2 2 2 2 2 2 2 2 2 2 2 2
left_child=1 4 3 -3 -1 7 22 9 25 12 13 -12 15 18 -15 16 19 -4 -11 20 -6 27 -7 26 -23 -9 -16 29 -29 -21
right_child=-2 2 17 -5 5 6 -8 8 -10 10 11 -13 -14 14 23 -17 -18 -19 -20 21 -22 24 -24 -25 -26 -27 -28 28 -30 -31
leaf_value=67.671311836812023 42.153671667373075 -3.1254083889633848 15.67223521098831 -116.42807013668231 2.6342102050781242 -11.733951989928283 -36.088035653954115 -5.5633978799124728 40.883678933297936 -0.2973110885831457 -45.209744638471435 -7.2817498926308462 26.066330679139092 25.820314982142381 2.8482418144264088 19.313641478249387 16.040943338269386 -3.740274045614203 -17.882522749626773 6.0660154507854793 -19.702089566907446 21.773083217510042 6.7739235617897728 12.925540001712626 5.2009363192264164 8.6452904507963364 -11.131017251880143 -13.847491033753347 0.62519452546414955 -2.8837929308202339
leaf_weight=9.9999999999999982 17 10.000000000000002 11.000000000000002 9.9999999999999982 16.000000000000004 10.000000000000002 9.9999999999999982 16.000000000000004 11.999999999999998 18.000000000000004 10.000000000000002 14.999999999999998 9.9999999999999982 10.999999999999998 15.000000000000002 10.999999999999998 15.999999999999998 17 12.999999999999998 19 11.999999999999998 12.000000000000002 17 9.9999999999999982 15.999999999999998 14.999999999999998 13.999999999999998 10.000000000000002 13.999999999999998 13.999999999999998
leaf_count=10 17 10 11 10 16 10 10 16 12 18 10 15 10 11 15 11 16 17 13 19 12 12 17 10 16 15 14 10 14 14
internal_value=1.95178 0.21205 -22.7285 -59.9258 3.39738 1.47468 -9.85467 2.87806 12.3918 1.27794 -4.72409 -22.5129 5.51953 0.77678 6.0278 4.04312 2.73401 3.90041 -7.68868 0.843579 -6.95655 3.41561 -0.089864 0.419383 12.3294 1.31462 -3.90791 -0.970079 -5.42134 2.27051
internal_weight=411 394 48 20 346 336 37 299 43 256 106 25 150 81 50 140 129 28 31 113 28 85 27 39 28 31 29 57 24 33
internal_count=411 394 48 20 346 336 37 299 43 256 106 25 150 81 50 140 129 28 31 113 28 85 27 39 28 31 29 57 24 33
is_linear=0
shrinkage=0.03


Tree=263
num_leaves=31
num_cat=0
split_feature=30 14 29 1 29 15 15 29 29 22 29 14 15 29 15 29 17 17 15 10 24 16 30 5 29 30 0 29 13 23
split_gain=3.00606e+07 3.01161e+07 4.97852e+07 6.72734e+07 4.47168e+07 5.57994e+06 5.3866e+06 7.19849e+06 5.16829e+06 4.52354e+06 7.9576e+06 4.04023e+06 3.20143e+06 5.87345e+06 5.47391e+06 1.2985e+07 1.93529e+07 4.09303e+06 4.7001e+06 6.11279e+06 2.44091e+06 2.03663e+06 1.5113e+06 1.55459e+06 2.44744e+06 1.20734e+06 1.46998e+06 821761 722412 1.14148e+06
threshold=13.500000000000002 70229.404694509562 5.8369807468758159 35311.740000000013 0.43082329105051809 59869.787365636737 55540.109238197118 38515.255000000012 42831.405000000006 0.91777833585891111 0.68435899338801731 61001.428820464214 51882.428374731004 20942.990000000002 43181.029814893154 6857.5300000000016 48608.780062001977 47573.867087758445 36473.400643983776 48218.075714285726 0.25000000000000011 47520.318027011403 7.5000000000000009 18705487.540000003 65293.415000000008 6.5000000000000009 52017.505000000012 33560.245000000003 48476.53133333334 0.60896546470132462
decision_type=2 2 2 2 2 2 2 2 2 2 2 2 2 2 2 2 2 2 2 2 2 2 2 2 2 2 2 2 2 2
left_child=1 4 3 -3 -1 6 9 -8 -7 10 -6 -11 14 -14 17 16 -16 21 27 -20 -4 22 25 24 -24 26 -12 -19 29 -17
right_child=-2 2 20 -5 5 8 7 -9 -10 11 12 -13 13 -15 15 28 -18 18 19 -21 -22 -23 23 -25 -26 -27 -28 -29 -30 -31
leaf_value=65.651272719653676 40.892771003253294 -3.0321123720994625 10.896543331649644 -112.9526061670104 -21.630513711841079 -26.308731715412048 35.558957945410874 2.2725368703387385 0.48992758102688494 2.216184238934408 -6.5616959792464495 28.540175269966692 -25.002417516924126 2.2448780550475131 3.0444987696730732 -9.6034420513998828 59.489920089493936 -6.3982757582593317 0.86791716700765298 -28.550781579508733 -7.207587443217971 14.583870758407416 -18.351126326375923 5.5059085798433243 1.049214883376695 13.438322527655238 8.9774401576687186 3.8167671863849346 4.5743180096468183 3.501764687724497
leaf_weight=9.9999999999999982 17 10.000000000000002 17.000000000000004 9.9999999999999982 13.999999999999998 12.000000000000002 10.000000000000002 13.999999999999998 13.999999999999998 11.000000000000002 10.000000000000002 9.9999999999999982 11.000000000000002 20 12.000000000000002 11.000000000000002 9.9999999999999982 9.9999999999999982 11.000000000000002 14.999999999999998 10.999999999999998 12.999999999999998 10.000000000000002 13.999999999999998 13.999999999999998 12.999999999999998 11.999999999999998 24 28 12.999999999999998
leaf_count=10 17 10 17 10 14 12 10 14 14 11 10 10 11 20 12 11 10 10 11 15 11 13 10 14 14 13 12 24 28 13
internal_value=1.89332 0.205628 -22.05 -58.137 3.29586 1.43055 2.55079 16.187 -11.9054 1.40387 0.340536 14.7894 1.57008 -7.44821 2.84224 9.48615 28.7782 -0.527318 -6.53802 -16.1266 3.78404 3.66756 1.71491 -2.42653 -7.05561 6.20837 1.91533 0.807359 1.30432 -2.51227
internal_weight=411 394 48 20 346 336 310 24 26 286 265 21 251 31 220 74 22 146 60 26 28 86 73 38 24 35 22 34 52 24
internal_count=411 394 48 20 346 336 310 24 26 286 265 21 251 31 220 74 22 146 60 26 28 86 73 38 24 35 22 34 52 24
is_linear=0
shrinkage=0.03


Tree=264
num_leaves=31
num_cat=0
split_feature=30 14 3 12 15 22 25 17 0 17 0 10 21 6 15 11 12 11 15 0 23 6 6 5 23 15 10 12 11 25
split_gain=2.82891e+07 2.83454e+07 3.95668e+07 3.62936e+07 6.418e+06 2.78746e+07 9.74907e+06 8.65509e+06 8.79039e+06 8.555e+06 6.85208e+06 6.55073e+06 4.46099e+06 4.01073e+06 3.19833e+06 3.02425e+06 3.03289e+06 2.83628e+06 2.75486e+06 3.0727e+06 2.86395e+06 2.59805e+06 2.06427e+06 2.05063e+06 1.74447e+06 1.51479e+06 1.25413e+06 1.19537e+06 960759 1.3716e+06
threshold=13.500000000000002 70229.404694509562 38975.890000000007 45374.591833333332 43904.50835410368 -0.6880826349756709 0.6830127018922193 49023.429518820798 -12527.504999999999 52072.368953380319 76513.24500000001 19744.558571428573 0.81174490092936691 17309468.73 32471.835407003757 31342.23785714286 47872.690666666669 57141.077857142867 34149.015289214913 64295.365000000013 1.0000000180025095e-35 19424806.555000003 19801884.685000002 8805807.290000001 -0.91424293627231534 54578.213600832874 60762.508571428574 50215.275000000009 61647.016071428581 -0.68301270189221952
decision_type=2 2 2 2 2 2 2 2 2 2 2 2 2 2 2 2 2 2 2 2 2 2 2 2 2 2 2 2 2 2
left_child=1 4 -3 -4 9 -6 7 8 -7 13 -8 -9 15 18 -15 -10 25 21 28 20 -20 -16 -18 -22 -13 -17 -21 -26 29 -1
right_child=-2 2 3 -5 5 6 10 11 12 -11 -12 24 -14 14 17 16 22 -19 19 26 23 -23 -24 -25 27 -27 -28 -29 -30 -31
leaf_value=5.6035411734035625 39.669586306932736 13.748796711337862 -73.257726052542679 -7.1364273614306457 46.205204917426123 -32.310938137680729 8.7073802437369245 30.016198081452377 13.811999178480827 -27.885394252947904 39.369637833780317 12.460098426286564 -18.965439909622379 -4.2055335073376012 -2.8671416710162974 -19.361939820246899 -2.5333278250456641 24.162865683498222 9.2302155505651715 -9.0795499089938456 -17.683262106951538 16.460281308755832 15.030053802034747 0.22715984899473385 4.2888011669549408 -3.2323252388794494 -24.158495661038067 -8.4987604328055877 8.8238800785470239 -6.6158458745368165
leaf_weight=17 17 18 16.000000000000004 13.999999999999998 14.999999999999998 9.9999999999999982 19.000000000000004 10.999999999999998 12.999999999999998 9.9999999999999982 9.9999999999999982 14.999999999999998 11.999999999999998 14.999999999999998 13.000000000000002 10.000000000000002 15.000000000000002 11.999999999999998 12.999999999999998 10.000000000000002 11.000000000000002 11.999999999999998 9.9999999999999982 11.999999999999998 19.000000000000004 10.999999999999998 9.9999999999999982 9.9999999999999982 14.999999999999998 15.999999999999998
leaf_count=17 17 18 16 14 15 10 19 11 13 10 10 15 12 15 13 10 15 12 13 10 11 12 10 12 19 11 10 10 15 16
internal_value=1.83667 0.199463 -21.392 -42.4643 3.19747 7.12041 3.55433 0.184502 -6.05048 -1.05718 19.3301 9.36408 -2.33168 0.670965 7.46973 1.06465 -2.54895 12.2022 -2.73037 -7.24801 -2.00301 6.42436 4.508 -8.35847 4.17284 -10.9408 -16.6605 -0.127741 2.54226 -0.322056
internal_weight=411 394 48 30 346 180 165 136 81 166 29 55 71 156 52 59 46 37 104 56 36 25 25 23 44 21 20 29 48 33
internal_count=411 394 48 30 346 180 165 136 81 166 29 55 71 156 52 59 46 37 104 56 36 25 25 23 44 21 20 29 48 33
is_linear=0
shrinkage=0.03


Tree=265
num_leaves=31
num_cat=0
split_feature=12 12 30 1 2 14 23 12 14 18 0 12 14 0 2 15 21 24 12 13 11 21 0 14 10 5 11 4 24 5
split_gain=2.52277e+07 1.93674e+07 3.1742e+07 1.54251e+07 2.39653e+07 1.7259e+07 3.41888e+07 1.5631e+07 6.15334e+06 9.02107e+06 8.01959e+06 6.00067e+06 4.58168e+06 1.77531e+07 4.01213e+06 6.39222e+06 2.96685e+06 3.17114e+06 2.5664e+06 2.30396e+06 2.54624e+06 1.56184e+06 3.80951e+06 2.18835e+06 2.02789e+06 1.52374e+06 1.09576e+06 1.05905e+06 243701 191720
threshold=22534.418500000003 59244.048666666677 13.500000000000002 81953.060000000012 78381.74500000001 70229.404694509562 1.0000000180025095e-35 54162.959833333349 63099.12885675126 7209450.5350000011 -30001.600000000002 50062.438166666674 49046.208971004999 36616.900000000001 76513.24500000001 51882.428374731004 0.81174490092936691 0.25000000000000011 50929.976666666676 53779.100083333346 57141.077857142867 1.0000000180025095e-35 49376.000000000007 33817.796060297318 57675.105000000003 14086931.495000003 45366.962857142862 63340.210000000006 0.68301270189221941 11142951.720000001
decision_type=2 2 2 2 2 2 2 2 2 2 2 2 2 2 2 2 2 2 2 2 2 2 2 2 2 2 2 2 2 2
left_child=-1 2 3 5 7 8 -7 11 10 -10 -2 27 14 -14 16 25 19 -18 -15 20 21 22 23 -12 28 -16 -24 -5 -23 -28
right_child=1 -3 -4 4 -6 6 -8 -9 9 -11 12 -13 13 18 15 -17 17 -19 -20 -21 -22 24 26 -25 -26 -27 29 -29 -30 -31
leaf_value=-38.284768816165354 19.237209237513142 -36.132529466231333 45.192118546495401 -1.6374771119649807 50.188142587946743 2.9413545394612242 -65.662818280388322 38.638303819343221 -4.9820552313505688 34.323453492384687 17.190037703240048 -21.962052783707147 -37.832079530633564 9.2886828266682695 -9.0377266072781275 -29.55250560703562 3.0960158049170636 -20.752316358196197 -9.0697573903459219 -9.4527693045085357 14.893832514605183 -0.72626086562427061 -13.593219064295976 0.11332430041981761 18.60713937336503 3.668602105983406 0.5277443387615145 9.1033762397053088 5.8854138274690992 -5.3370267953445651
leaf_weight=14.999999999999998 15.999999999999998 11.999999999999998 14.999999999999998 17 12.999999999999998 16.000000000000004 10.999999999999998 9.9999999999999982 10.000000000000002 10.999999999999998 13.000000000000002 10.999999999999998 14.999999999999998 18.000000000000004 15.999999999999998 9.9999999999999982 10.000000000000002 9.9999999999999982 10.999999999999998 10.999999999999998 19 10.000000000000005 12.999999999999998 13.999999999999998 10.999999999999998 18 10.000000000000002 15.999999999999998 9.9999999999999982 9.9999999999999982
leaf_count=15 16 12 15 17 13 16 11 10 10 11 13 11 15 18 16 10 10 10 11 11 19 10 13 14 11 18 10 16 10 10
internal_value=-0.177475 1.30431 2.50694 0.722365 13.7029 -2.24771 -25.0782 4.88112 0.0739457 15.6392 -1.26314 -2.82612 -2.69936 -11.3946 -0.628779 -8.53212 1.83966 -8.85017 2.32151 3.6095 4.91943 2.82983 0.00328728 8.35202 8.29174 -2.31534 -6.8298 3.5761 2.58601 -2.41064
internal_weight=402 387 375 360 67 293 27 54 266 21 245 44 229 44 185 44 141 20 29 121 110 91 60 27 31 34 33 33 20 20
internal_count=402 387 375 360 67 293 27 54 266 21 245 44 229 44 185 44 141 20 29 121 110 91 60 27 31 34 33 33 20 20
is_linear=0
shrinkage=0.03


Tree=266
num_leaves=31
num_cat=0
split_feature=17 29 12 30 29 21 17 29 29 11 4 23 17 29 3 29 12 10 3 1 14 29 15 29 4 21 30 14 14 25
split_gain=2.69773e+07 7.73215e+07 1.92002e+07 2.50943e+07 1.38099e+07 9.1058e+06 5.1028e+06 1.37059e+07 1.30365e+07 1.2456e+07 4.26881e+06 6.71492e+06 4.95416e+06 7.85906e+06 3.55479e+06 6.23606e+06 3.9582e+06 3.71642e+06 3.02193e+06 2.66837e+06 1.51602e+06 2.14706e+06 1.47965e+06 3.12507e+06 1.01874e+06 956947 1.74672e+06 940180 836368 652774
threshold=52522.611480654814 6.049204822479922 59244.048666666677 13.500000000000002 0.41152408773038568 -1.0000000180025095e-35 49023.429518820798 0.71562937656960035 12806.415000000003 48975.138571428579 48574.275000000001 -0.91424293627231534 47239.060753240752 33560.245000000003 57790.515000000007 33560.245000000003 49432.099666666669 51052.531428571434 57166.380000000012 22565.245000000003 41607.278813667355 20942.990000000002 32682.525117416768 22664.140000000003 78345.895000000019 1.0000000180025095e-35 8.5000000000000018 38384.546724990651 45090.867741803115 -0.5
decision_type=2 2 2 2 2 2 2 2 2 2 2 2 2 2 2 2 2 2 2 2 2 2 2 2 2 2 2 2 2 2
left_child=2 -2 3 4 -1 -3 7 -6 9 18 11 -9 19 -14 16 -16 22 -18 -8 -13 21 -21 -12 -24 -17 26 29 -25 -27 -10
right_child=1 5 -4 -5 6 -7 8 10 25 -11 14 12 13 -15 15 24 17 -19 -20 20 -22 -23 23 27 -26 28 -28 -29 -30 -31
leaf_value=34.828587113462419 -90.942704006557534 23.629928747153375 -35.05305108351331 42.745756872862678 -36.021755389313199 -14.079780371480394 21.62829924626136 -23.846274096940331 6.224076125201055 49.833773507644878 5.1091531326521684 15.218945750161323 -33.512524368513866 2.4395293271393199 26.243833425274719 -3.470594250010425 23.68359072101649 -0.60621581680473235 -0.66844967727344562 13.608581068110167 -7.2270565558606243 -1.7080683168202582 -19.739669028095815 5.4844297266718147 8.1719360176174121 -1.2981045878936195 -12.416686582734998 -6.3663267547506024 8.9319988557662082 -3.1368357240279745
leaf_weight=10.999999999999998 10.999999999999998 12 11.999999999999998 13.999999999999998 9.9999999999999982 11 10.000000000000002 13.999999999999998 11.000000000000002 9.9999999999999982 9.9999999999999982 11.999999999999998 10.000000000000002 11.999999999999998 14.999999999999998 14.000000000000002 10.000000000000002 12.999999999999998 11.999999999999998 11.999999999999998 19 26 12.999999999999998 10.000000000000002 12.999999999999998 16.000000000000004 13.999999999999998 14.999999999999998 12.999999999999998 17
leaf_count=11 11 12 12 14 10 11 10 14 11 10 10 12 10 12 15 14 10 13 12 12 19 26 13 10 13 16 14 15 13 17
internal_value=-0.172267 -25.7198 2.19127 3.45145 1.83689 5.60343 0.735398 -1.76826 6.27565 22.1572 -0.189101 -4.54301 -1.56182 -13.9412 3.85679 10.7694 -0.237036 9.98304 9.4925 2.39249 -0.318794 3.14029 -5.13945 -7.83962 2.13981 -0.8928 -3.78505 -1.62454 3.29528 0.545205
internal_weight=402 34 368 356 342 23 331 228 103 32 218 105 91 22 113 42 71 23 22 69 57 38 48 38 27 71 42 25 29 28
internal_count=402 34 368 356 342 23 331 228 103 32 218 105 91 22 113 42 71 23 22 69 57 38 48 38 27 71 42 25 29 28
is_linear=0
shrinkage=0.03


Tree=267
num_leaves=31
num_cat=0
split_feature=17 29 12 30 29 21 17 29 29 11 30 0 25 11 29 15 5 0 29 10 10 1 15 30 22 22 5 16 12 11
split_gain=2.53903e+07 7.27719e+07 1.80702e+07 2.36163e+07 1.29973e+07 8.56992e+06 4.80272e+06 1.28999e+07 1.22697e+07 1.17234e+07 3.97643e+06 4.0865e+06 7.71473e+06 5.0973e+06 4.19956e+06 8.74841e+06 3.68696e+06 2.3963e+06 2.17876e+06 2.10849e+06 1.48599e+06 1.29916e+06 908962 2.4963e+06 1.11954e+06 735371 612718 571406 393984 337682
threshold=52522.611480654814 6.049204822479922 59244.048666666677 13.500000000000002 0.41152408773038568 -1.0000000180025095e-35 49023.429518820798 0.71562937656960035 12806.415000000003 48975.138571428579 3.5000000000000004 89071.48000000001 0.25000000000000017 31342.23785714286 7.4618367747213172 49921.231454392742 19338494.310000002 31376.975000000002 1.7539170611738182 72297.501428571428 41670.405000000006 16553.110000000004 37970.210878485908 9.5000000000000018 0.15123342103804641 -0.61132034890850717 16035082.835000003 47593.132175307561 47872.690666666669 46786.571428571428
decision_type=2 2 2 2 2 2 2 2 2 2 2 2 2 2 2 2 2 2 2 2 2 2 2 2 2 2 2 2 2 2
left_child=2 -2 3 4 -1 -3 7 -6 9 20 -9 13 -13 17 15 16 18 -12 -15 21 -8 -16 -10 24 -24 26 -23 28 -27 -30
right_child=1 5 -4 -5 6 -7 8 10 22 -11 11 12 -14 14 19 -17 -18 -19 -20 -21 -22 25 23 -25 -26 27 -28 -29 29 -31
leaf_value=33.788454426899214 -88.226769522412312 22.923971282199204 -34.00582104758108 41.467951025911923 -34.946478180387118 -13.659297925854156 2.072768398933885 -17.717986756751976 4.7415779001130822 48.346198557383971 2.8484152608842979 -2.3301593623902437 28.330781344709724 2.0542361472969612 -8.1080197944535435 -30.078701695343774 12.296431183275592 23.607345808797806 -16.257322608703394 13.590365668908873 17.7198889689659 10.383656597568987 -4.8349961228258023 -15.572833590270164 5.0941697399632462 -3.4371306587295245 0.77191283127357213 -6.8697609414698171 5.8856056240529755 -0.58501023580861644
leaf_weight=10.999999999999998 10.999999999999998 12 11.999999999999998 13.999999999999998 9.9999999999999982 11 12.000000000000002 10.999999999999998 19 9.9999999999999982 10.000000000000002 17.000000000000004 12.999999999999998 10.000000000000002 18 13.999999999999998 10.999999999999998 9.9999999999999982 13.999999999999998 9.9999999999999982 9.9999999999999982 10.999999999999988 19 10.999999999999998 22 15.000000000000012 12.999999999999998 11.999999999999998 14.000000000000002 14.999999999999998
leaf_count=11 11 12 12 14 10 11 12 11 19 10 10 17 13 10 18 14 11 10 14 10 10 11 19 11 22 15 13 12 14 15
internal_value=-0.167107 -24.9518 2.12586 3.34838 1.7821 5.43595 0.713502 -1.71543 6.08838 21.4958 -0.183404 0.752439 10.9813 -0.983874 -2.80213 -10.0816 -2.05121 13.2609 -8.6391 0.503704 9.20915 -0.837919 -0.866052 -2.91758 0.492564 0.801896 5.18972 -1.08155 0.503054 2.54349
internal_weight=402 34 368 356 342 23 331 228 103 32 218 207 30 177 157 49 35 20 24 108 22 98 71 52 41 80 24 56 44 29
internal_count=402 34 368 356 342 23 331 228 103 32 218 207 30 177 157 49 35 20 24 108 22 98 71 52 41 80 24 56 44 29
is_linear=0
shrinkage=0.03


Tree=268
num_leaves=31
num_cat=0
split_feature=29 12 30 30 9 29 20 29 11 20 15 13 29 23 6 11 17 11 11 23 3 25 16 15 13 21 13 5 13 12
split_gain=2.54214e+07 1.60595e+07 2.42649e+07 1.0122e+07 5.22811e+07 1.24164e+07 1.03082e+07 3.5605e+06 1.01959e+07 7.01067e+06 1.09883e+07 6.50041e+06 3.97068e+06 3.89109e+06 2.83508e+06 2.75705e+06 1.85008e+06 717531 1.06061e+06 738061 909548 717121 604545 455236 475253 603768 522219 355979 266203 253696
threshold=0.37358695828773819 59244.048666666677 14.500000000000002 11.500000000000002 13683546.680000002 0.71562937656960035 1.0000000180025095e-35 32.285839286721725 57141.077857142867 -1.0000000180025095e-35 43556.388738142829 47326.691500000008 20942.990000000002 -0.52625006705264832 3461941.0300000007 24199.5275 50268.838868158789 54106.379642857144 56071.40214285715 0.43813463158589139 51965.040000000008 -0.9330127018922193 40036.911397601354 60201.360987963038 43140.748333333344 -0.22252093395631442 49293.689749999998 16506902.640000002 47489.206833333345 53339.154166666667
decision_type=2 2 2 2 2 2 2 2 2 2 2 2 2 2 2 2 2 2 2 2 2 2 2 2 2 2 2 2 2 2
left_child=-1 2 3 5 6 -2 -5 8 9 10 -7 13 -9 -11 16 -16 -14 21 -19 29 -21 -17 -23 24 -24 27 28 -26 -27 -20
right_child=1 -3 -4 4 -6 7 -8 12 -10 11 -12 -13 14 -15 15 17 -18 18 19 20 -22 22 23 -25 25 26 -28 -29 -30 -31
leaf_value=-45.035462682387404 26.065251473554476 -32.989881746600766 48.182796922370564 -8.6875150737477735 -61.977712626840862 -8.0304243018064785 32.479959233074261 -18.416649814105138 27.064636072734931 14.487867717822063 26.276754604549858 -22.104787266811474 -2.4259679868280717 -10.793716407889745 16.691478353471897 5.5812708749465667 -17.622365555822597 11.660298249948077 8.9420302149075148 3.3431492684901434 -8.0891424155334217 -7.9582190090195262 4.0743828234944752 -6.8461957675307543 -9.0391838349907729 0.97054839632404211 4.3570533604990507 -1.7071154539612516 -5.938848637822848 2.1784102539517982
leaf_weight=10.999999999999998 19 11.999999999999998 9.9999999999999982 10.000000000000002 12.999999999999998 14.999999999999998 11.999999999999998 10.999999999999998 17 11.999999999999998 19 15.999999999999998 18.000000000000004 10.000000000000002 9.9999999999999982 13.999999999999998 11.999999999999998 10.999999999999998 10.000000000000002 13.000000000000002 11.999999999999998 11.999999999999998 19 9.9999999999999982 10.999999999999988 10.000000000000016 20 12.999999999999998 9.9999999999999982 9.9999999999999982
leaf_count=11 19 12 10 10 13 15 12 11 17 12 19 16 18 10 10 14 12 11 10 13 12 12 19 10 11 10 20 13 10 10
internal_value=-0.162097 1.10592 2.18968 0.936897 -14.4004 2.54602 13.7902 1.12349 6.20423 1.26349 11.1517 -7.58686 -0.878268 2.99782 0.0231178 1.41102 -8.52373 0.533335 3.33204 1.28556 -2.14954 -0.784547 -1.63557 -0.815912 -0.0856875 -1.32292 0.934519 -5.07945 -2.49035 5.57409
internal_weight=402 391 379 369 35 334 22 315 89 72 34 38 226 22 215 185 30 175 56 45 25 119 105 93 83 64 40 24 20 20
internal_count=402 391 379 369 35 334 22 315 89 72 34 38 226 22 215 185 30 175 56 45 25 119 105 93 83 64 40 24 20 20
is_linear=0
shrinkage=0.03


Tree=269
num_leaves=31
num_cat=0
split_feature=29 12 30 30 9 14 20 1 29 15 17 30 0 25 30 29 0 11 1 29 29 0 24 29 29 30 12 9 20 3
split_gain=2.39256e+07 1.51142e+07 2.2838e+07 9.5259e+06 4.9203e+07 1.72192e+07 9.70158e+06 5.36152e+06 8.03525e+06 1.52285e+07 6.36082e+06 4.13611e+06 4.48893e+06 7.61581e+06 4.46603e+06 4.40146e+06 3.07788e+06 2.90008e+06 3.54068e+06 3.17927e+06 1.87415e+06 1.94132e+06 1.88807e+06 1.93459e+06 1.84103e+06 1.42006e+06 1.23813e+06 717649 1.16967e+06 604686
threshold=0.37358695828773819 59244.048666666677 14.500000000000002 11.500000000000002 13683546.680000002 76621.946615672539 1.0000000180025095e-35 69819.690000000017 32.285839286721725 41647.468170879867 52522.611480654814 3.5000000000000004 89071.48000000001 0.25000000000000017 9.5000000000000018 87417.72500000002 40927.200000000004 31342.23785714286 14687.51 48407.975000000006 1.1007565827145689 47983.345000000008 0.68301270189221941 49822.600000000006 37635.530000000006 9.5000000000000018 45572.148166666673 12829582.770000001 1.0000000180025095e-35 43353.165000000008
decision_type=2 2 2 2 2 2 2 2 2 2 2 2 2 2 2 2 2 2 2 2 2 2 2 2 2 2 2 2 2 2
left_child=-1 2 3 5 6 7 -5 10 9 -9 11 -2 14 26 17 16 -16 -13 19 -19 -20 22 -22 -24 -23 27 -14 29 -29 -10
right_child=1 -3 -4 4 -6 -7 -8 8 25 -11 -12 12 13 -15 15 -17 -18 18 20 -21 21 24 23 -25 -26 -27 -28 28 -30 -31
leaf_value=-43.690510096485255 -17.594644760195148 -32.004291452906436 46.744502007783346 -8.4281862600525788 -60.12550543423356 30.96868118434071 31.509603255022608 -1.0422395598452745 5.3046016234085256 42.419259703286599 -23.872241307599513 12.433307533599763 -8.3753719500641282 28.423829079496446 -8.3603226618980244 2.7678418203013564 -31.925314513249184 -24.01908598942542 14.016259805480043 -1.5446082016517373 -1.0210362694119712 -15.585499686625464 20.745299837482499 2.0960398432034162 -0.74840283893705795 -8.8340526736160196 6.1754162870381206 0.79840967882718261 14.675346704739242 -3.282085037231445
leaf_weight=10.999999999999998 11.999999999999998 11.999999999999998 9.9999999999999982 10.000000000000002 12.999999999999998 18 11.999999999999998 15.000000000000002 12.000000000000002 13.999999999999998 10.999999999999998 17 10.000000000000002 12.999999999999998 10.000000000000002 11.999999999999998 9.9999999999999982 10.000000000000002 9.9999999999999982 12.999999999999998 24 9.9999999999999982 10.000000000000002 9.9999999999999982 30 10.999999999999998 10.999999999999998 12.000000000000002 9.9999999999999982 19
leaf_count=11 12 12 10 10 13 18 12 15 12 14 11 17 10 13 10 12 10 10 10 13 24 10 10 10 30 11 11 12 10 19
internal_value=-0.157366 1.07278 2.12416 0.908768 -13.9701 2.46978 13.3781 0.841786 6.89085 19.9761 -1.6819 -0.525153 0.503158 10.4258 -1.53171 -11.5918 -20.1931 0.874137 -0.809994 -11.347 1.77288 0.307862 4.65379 11.4492 -4.4725 0.95064 -0.756966 2.98784 7.12508 0.0449832
internal_weight=402 391 379 369 35 334 22 316 93 29 223 212 200 34 166 32 20 134 117 23 94 84 44 20 40 64 21 53 22 31
internal_count=402 391 379 369 35 334 22 316 93 29 223 212 200 34 166 32 20 134 117 23 94 84 44 20 40 64 21 53 22 31
is_linear=0
shrinkage=0.03


Tree=270
num_leaves=31
num_cat=0
split_feature=11 12 26 29 16 3 30 30 4 25 30 4 29 1 29 29 29 11 11 29 1 2 12 17 3 22 29 15 15 1
split_gain=3.62366e+07 1.25109e+07 1.1414e+07 5.36708e+07 1.09399e+07 8.95541e+06 2.17073e+07 7.38993e+06 1.78546e+07 6.79926e+06 1.23644e+07 4.8692e+06 4.39322e+06 4.05442e+06 5.35634e+06 6.00387e+06 4.87462e+06 2.98054e+06 2.48752e+06 1.69275e+06 1.35909e+06 1.37463e+06 1.3907e+06 805953 802449 679799 429290 334080 480281 499660
threshold=13622.454642857143 59244.048666666677 1.0000000180025095e-35 0.51474644881789655 59619.367941573451 60272.075000000012 12.500000000000002 10.500000000000002 34999.410000000011 1.0000000180025095e-35 10.500000000000002 89481.960000000006 12806.415000000003 28114.625000000004 6857.5300000000016 2.2784295271125132 21859.955000000005 31342.23785714286 45735.745000000003 1.7539170611738182 58385.69000000001 33743.855000000003 48184.520166666676 43329.64463327967 35534.285000000011 0.25033082153100911 48407.975000000006 52403.666030994456 38396.252431795117 69819.690000000017
decision_type=2 2 2 2 2 2 2 2 2 2 2 2 2 2 2 2 2 2 2 2 2 2 2 2 2 2 2 2 2 2
left_child=-1 2 3 -2 5 7 9 13 -9 17 11 12 -11 16 15 18 -5 -7 -15 -19 21 -21 -23 -14 -18 27 -27 28 29 -16
right_child=1 -3 -4 4 -6 6 -8 8 -10 10 -12 -13 23 14 25 -17 24 19 -20 20 -22 22 -24 -25 -26 26 -28 -29 -30 -31
leaf_value=-40.531575504813603 72.194034405608662 -27.036058193513714 -24.72581871295797 -22.096569456994779 32.741359665144728 16.94355133165244 -47.357125307908696 42.002854274356878 -2.8553550215410692 -24.809806163275418 -39.520864959261303 15.668085095419812 5.1705214941679518 14.312367462572464 0.78857380423958845 27.540950056954212 -3.5866994818216527 12.737290425087087 -5.398912944239699 -6.265752265895653 -8.6515972906160172 13.056642641966366 -1.8038208562936353 -5.5410316981877745 7.8945658214056653 1.7523306497051199 -5.0215242397190556 7.6302817443916693 -1.9246247959887886 8.1085618117322955
leaf_weight=19 9.9999999999999982 12.999999999999998 12.999999999999998 11.999999999999998 9.9999999999999982 13.999999999999998 9.9999999999999982 14.999999999999998 17 9.9999999999999982 9.9999999999999982 9.9999999999999982 10.000000000000002 11.000000000000002 19 17 12.000000000000002 9.9999999999999982 11.999999999999998 10.999999999999998 13.999999999999998 13.000000000000002 9.9999999999999982 17 9.9999999999999982 13.999999999999998 21 10.999999999999998 19 14.999999999999998
leaf_count=19 10 13 13 12 10 14 10 15 17 10 10 10 10 11 19 17 12 10 12 11 14 13 10 17 10 14 21 11 19 15
internal_value=-0.130506 1.84269 2.84197 3.82979 1.88868 0.987167 -4.89013 4.97248 18.2047 -1.58105 -9.31761 -2.85622 -7.87718 2.52036 4.79174 14.0491 -6.75897 4.54595 4.03882 1.54141 -0.801888 2.4383 6.60567 -1.57157 1.63813 1.04618 -2.31335 2.88379 1.8924 4.02514
internal_weight=409 390 377 364 354 344 139 205 32 129 57 47 37 173 139 40 34 72 23 58 48 34 23 27 22 99 35 64 53 34
internal_count=409 390 377 364 354 344 139 205 32 129 57 47 37 173 139 40 34 72 23 58 48 34 23 27 22 99 35 64 53 34
is_linear=0
shrinkage=0.03


Tree=271
num_leaves=31
num_cat=0
split_feature=11 0 30 29 16 30 29 29 2 0 12 2 30 2 29 12 10 1 15 22 2 13 1 5 5 23 15 29 0 16
split_gain=3.41007e+07 1.42913e+07 4.76995e+07 3.51231e+07 4.27268e+07 1.23426e+07 2.22409e+07 1.90403e+07 7.41174e+06 3.87669e+06 2.96134e+06 2.28441e+06 5.67039e+06 5.63543e+06 3.90239e+06 2.90722e+06 2.71356e+06 2.94476e+06 2.87412e+06 2.27307e+06 2.03847e+06 1.87166e+06 1.77287e+06 1.6405e+06 1.16609e+06 1.15459e+06 982694 911778 673108 583612
threshold=13622.454642857143 76513.24500000001 13.500000000000002 12806.415000000003 49842.013845013651 4.5000000000000009 20942.990000000002 0.6678216696711986 63190.055000000008 -74215.874999999985 49640.338500000013 84591.330000000016 11.500000000000002 76971.480000000025 33560.245000000003 54717.941833333338 30641.922142857144 14687.51 52403.666030994456 0.15123342103804641 52550.825000000004 52946.603500000005 72915.470000000016 4214825.995000001 7092847.9350000015 -0.52625006705264832 41235.851744946784 28604.970000000005 92145.775000000009 49740.997618909787
decision_type=2 2 2 2 2 2 2 2 2 2 2 2 2 2 2 2 2 2 2 2 2 2 2 2 2 2 2 2 2 2
left_child=-1 2 5 4 8 6 -2 -7 -3 -9 19 12 13 15 -13 16 18 -18 -11 24 -17 23 28 -19 -5 27 -16 -25 -12 -27
right_child=1 3 -4 10 -6 7 -8 9 -10 11 22 14 -14 -15 26 20 17 21 -20 -21 -22 -23 -24 25 -26 29 -28 -29 -30 -31
leaf_value=-39.31881978192667 55.766787583080664 31.527093779151098 -55.416065169907974 -8.7743885552705159 89.195088947353071 -31.593006704559773 1.4960531257393808 -16.977817578102226 -4.931651596524822 19.627195663797362 4.5430811921590575 -20.831134568399456 22.401179029749724 23.734501830143714 8.6525637043056154 1.7292928069385123 -15.071779332208473 -8.7842895542664365 -1.1788376292963136 -19.044854147042798 20.870139734068911 -13.250019642844128 -5.2272671656822078 13.31588595981513 5.6781522039157242 0.79337047913926184 -4.0527848342642248 2.8219380591800052 14.414426474735654 -7.0162206037012158
leaf_weight=19 10.000000000000002 10.000000000000005 13.999999999999998 10.000000000000005 9.9999999999999982 17 21 9.9999999999999982 9.9999999999999982 11.000000000000002 12.000000000000002 9.9999999999999982 12.999999999999998 9.9999999999999982 10.000000000000002 10.000000000000002 14.999999999999998 14.999999999999998 12.999999999999998 9.9999999999999982 9.9999999999999982 9.9999999999999982 9.9999999999999982 10.999999999999984 9.9999999999999982 39.000000000000014 11.999999999999998 23 12.999999999999998 10.999999999999998
leaf_count=19 10 10 14 10 10 17 21 10 10 11 12 10 13 10 10 10 15 15 13 10 10 10 10 11 10 39 12 23 13 11
internal_value=-0.126549 1.78761 -1.47174 11.9042 38.7253 1.22526 19.0644 -0.990157 13.3309 1.24897 -0.494998 2.06993 3.3129 1.91291 -5.34261 0.607334 -0.844727 -2.63247 8.37824 -7.40492 11.3279 -0.914518 5.42991 0.337552 -1.55198 1.97071 1.7289 6.23161 9.69471 -0.930032
internal_weight=409 390 295 95 30 281 31 250 20 233 65 223 191 178 32 168 148 124 24 30 20 109 35 99 20 84 22 34 25 50
internal_count=409 390 295 95 30 281 31 250 20 233 65 223 191 178 32 168 148 124 24 30 20 109 35 99 20 84 22 34 25 50
is_linear=0
shrinkage=0.03


end of trees

feature_importances:
in_out_ratio=2370
n_tx=748
nf_roll7_mean=456
nf_lag1=353
nf_lag3=333
nf_roll7_std=329
nf_roll30_std=327
nf_lag7=303
nf_lag14=298
nf_lag30=281
nf_roll30_mean=258
nf_roll14_mean=243
nf_roll14_std=233
sin_dom=218
nf_roll60_std=204
nf_roll60_mean=189
cos_dom=164
bal_lag1=162
sin_dow=132
cos_dow=90
bal_lag3=81
cos_month=80
sin_month=72
bal_lag7=54
bal_lag14=46
is_op_day=23
bal_roll30_mean=19
bal_lag30=18
is_salary_day=13
bal_roll7_min=11
is_weekend=4

parameters:
[boosting: gbdt]
[objective: regression]
[metric: rmse]
[tree_learner: serial]
[device_type: cpu]
[data_sample_strategy: bagging]
[data: ]
[valid: ]
[num_iterations: 272]
[learning_rate: 0.03]
[num_leaves: 31]
[num_threads: 0]
[seed: 42]
[deterministic: 0]
[force_col_wise: 0]
[force_row_wise: 0]
[histogram_pool_size: -1]
[max_depth: -1]
[min_data_in_leaf: 10]
[min_sum_hessian_in_leaf: 0.001]
[bagging_fraction: 0.85]
[pos_bagging_fraction: 1]
[neg_bagging_fraction: 1]
[bagging_freq: 5]
[bagging_seed: 400]
[bagging_by_query: 0]
[feature_fraction: 0.8]
[feature_fraction_bynode: 1]
[feature_fraction_seed: 30056]
[extra_trees: 0]
[extra_seed: 12879]
[early_stopping_round: 0]
[early_stopping_min_delta: 0]
[first_metric_only: 0]
[max_delta_step: 0]
[lambda_l1: 0]
[lambda_l2: 0.05]
[linear_lambda: 0]
[min_gain_to_split: 0]
[drop_rate: 0.1]
[max_drop: 50]
[skip_drop: 0.5]
[xgboost_dart_mode: 0]
[uniform_drop: 0]
[drop_seed: 17869]
[top_rate: 0.2]
[other_rate: 0.1]
[min_data_per_group: 100]
[max_cat_threshold: 32]
[cat_l2: 10]
[cat_smooth: 10]
[max_cat_to_onehot: 4]
[top_k: 20]
[monotone_constraints: ]
[monotone_constraints_method: basic]
[monotone_penalty: 0]
[feature_contri: ]
[forcedsplits_filename: ]
[refit_decay_rate: 0.9]
[cegb_tradeoff: 1]
[cegb_penalty_split: 0]
[cegb_penalty_feature_lazy: ]
[cegb_penalty_feature_coupled: ]
[path_smooth: 0]
[interaction_constraints: ]
[verbosity: -1]
[saved_feature_importance_type: 0]
[use_quantized_grad: 0]
[num_grad_quant_bins: 4]
[quant_train_renew_leaf: 0]
[stochastic_rounding: 1]
[linear_tree: 0]
[max_bin: 255]
[max_bin_by_feature: ]
[min_data_in_bin: 3]
[bin_construct_sample_cnt: 200000]
[data_random_seed: 175]
[is_enable_sparse: 1]
[enable_bundle: 1]
[use_missing: 1]
[zero_as_missing: 0]
[feature_pre_filter: 1]
[pre_partition: 0]
[two_round: 0]
[header: 0]
[label_column: ]
[weight_column: ]
[group_column: ]
[ignore_column: ]
[categorical_feature: ]
[forcedbins_filename: ]
[precise_float_parser: 0]
[parser_config_file: ]
[objective_seed: 16083]
[num_class: 1]
[is_unbalance: 0]
[scale_pos_weight: 1]
[sigmoid: 1]
[boost_from_average: 1]
[reg_sqrt: 0]
[alpha: 0.9]
[fair_c: 1]
[poisson_max_delta_step: 0.7]
[tweedie_variance_power: 1.5]
[lambdarank_truncation_level: 30]
[lambdarank_norm: 1]
[label_gain: ]
[lambdarank_position_bias_regularization: 0]
[eval_at: ]
[multi_error_top_k: 1]
[auc_mu_weights: ]
[num_machines: 1]
[local_listen_port: 12400]
[time_out: 120]
[machine_list_filename: ]
[machines: ]
[gpu_platform_id: -1]
[gpu_device_id: -1]
[gpu_use_dp: 0]
[num_gpu: 1]

end of parameters

pandas_categorical:[]
