tree
version=v4
num_class=1
num_tree_per_iteration=1
label_index=0
max_feature_idx=32
objective=regression
feature_names=sold_lag1 sold_lag3 sold_lag7 sold_lag14 stock_lag1 stock_lag3 stock_lag7 stock_lag14 sold_roll7_mean sold_roll14_mean sold_roll30_mean sold_roll7_std sold_roll14_std sold_roll30_std sold_ewma7 sold_ewma14 sold_ewma30 stock_roll7_min stock_vs_reorder stock_trend_7d demand_trend_7d demand_accel dayofweek dayofmonth month is_weekend sin_dow cos_dow opening_stock product_id category_enc unit_cost reorder_point
feature_infos=[0:37] [0:37] [0:37] [0:37] [0:585] [0:585] [0:585] [4:585] [0:21.571428571428573] [1:20.357142857142858] [2.1333333333333333:19.366666666666667] [0:12.037639382568404] [0.69929320675306539:9.8994949366116582] [0.80229555708575995:8.7945254653630531] [0.26819214247677881:23.982730622269266] [1.6379878569028525:21.451544594074281] [2.1371087466321312:19.614149588310596] [0:545] [0:9.6458333333333339] [-207:367] [-22:20] [-45:40] [0:6] [1:31] [1:12] [0:1] [-0.97492791218182362:0.97492791218182362] [-0.90096886790241903:1] [0:585] [1:60] [0:4] [26.780000000000001:376.37] [43:195]
tree_sizes=5334 5563 5566 5625 5558 5633 5592 5582 5605 5594 5620 5606 5589 5626 5572 5601 5630 5613 5633 5555 5614 5585 5540 5563 5586 5594 5656 5590 5582 5559 5613 5645 5679 5636 5575 5679 5577 5629 5707 5632 5603 5615 5535 5639 5599 5632 5632 5691 5694 5585 5655 5619 5613 5659 5651 5647 5586 5689 5668 5684 5660 5578 5604 5557 5561 5559 5621 5654 5689 5748 5670 5643 5653 5623 5653 5680 5643 5661 5654 5651 5639 5637 5578 5742 5668 5608 5633 5620 5693 5663 5652 5651 5643 5678 5624 5621 5642 5594 5748 5610 5681 5653 5581 5665 5645 5685 5688 5704 5737 5696 5623 5734 5738 5691

Tree=0
num_leaves=63
num_cat=0
split_feature=3 9 3 22 10 9 3 16 22 22 13 9 16 0 10 26 9 22 10 26 26 26 16 10 0 9 16 15 15 16 9 16 26 16 26 9 13 0 15 0 9 10 10 10 22 20 24 22 24 0 22 5 14 13 24 4 22 16 18 10 10 13
split_gain=288808 65516.9 35043.2 17551.7 16289.9 11889.5 7662.82 4687.85 4259.48 3143.86 3556.06 2581.3 2307.08 1899.59 1700.21 1676.02 1541.55 3282.31 3729.65 1047.12 1088.2 1020.82 983.386 941.111 866.453 836.221 818.588 778.497 613.846 573.682 554.949 547.451 523.23 500.812 491.897 441.956 408.012 406.946 390.991 379.03 376.907 368.469 309.443 307.127 303.108 291.094 288.032 316.228 257.26 242.901 234.447 228.506 224.903 206.539 200.993 200.405 200.112 199.91 192.579 197.01 183.212 224.505
threshold=7.5000000000000009 10.035714285714286 3.5000000000000004 4.5000000000000009 12.616666666666669 7.8214285714285721 5.5000000000000009 5.2471600685632316 4.5000000000000009 4.5000000000000009 3.2652823714829409 14.464285714285717 6.2686551382318312 5.5000000000000009 5.1500000000000012 1.0000000180025095e-35 3.8214285714285716 4.5000000000000009 6.3833333333333337 -0.8783796973249266 1.0000000180025095e-35 1.0000000180025095e-35 9.8539555251671676 11.183333333333335 9.5000000000000018 4.6785714285714297 8.7137999337022745 10.737714855254515 8.5716841553227976 3.3273554245052823 9.2500000000000018 15.836698264477794 1.0000000180025095e-35 6.9003195888582765 1.0000000180025095e-35 17.107142857142861 3.5397577681913899 14.500000000000002 13.585684863636841 8.5000000000000018 5.6071428571428585 4.4500000000000011 6.616666666666668 8.1833333333333353 1.5000000000000002 -5.4999999999999991 6.5000000000000009 1.5000000000000002 6.5000000000000009 3.5000000000000004 1.5000000000000002 168.50000000000003 9.0023071051580548 5.6848255364004148 6.5000000000000009 180.50000000000003 1.5000000000000002 5.4681557194542822 2.1415674148725001 13.91666666666667 13.350000000000003 5.9209835310239018
decision_type=2 2 2 2 2 2 2 2 2 2 2 2 2 2 2 2 2 2 2 2 2 2 2 2 2 2 2 2 2 2 2 2 2 2 2 2 2 2 2 2 2 2 2 2 2 2 2 2 2 2 2 2 2 2 2 2 2 2 2 2 2 2
left_child=2 5 8 4 15 12 16 41 14 10 42 32 40 33 29 27 -4 18 25 -7 26 31 -12 56 -19 -18 -21 -3 -20 -1 -22 58 48 49 -14 50 -16 -11 -5 -15 -2 -8 -9 -26 45 -34 47 -25 60 -10 -23 -33 -32 -39 -46 -37 -17 -27 59 -13 61 -6
right_child=1 3 6 38 11 19 7 9 13 37 22 21 34 39 36 23 17 24 28 20 30 35 -24 46 43 57 -28 -29 -30 -31 52 51 44 -35 -36 55 -38 53 -40 -41 -42 -43 -44 -45 54 -47 -48 -49 -50 -51 -52 -53 -54 -55 -56 -57 -58 -59 -60 -61 -62 -63
leaf_value=7.3065016788502248 7.4249952452628465 7.7126456790800733 7.3365835209607368 7.4515061778949354 7.9154269331576508 7.4099116202831325 7.3714360195613873 7.4597355431268539 7.2299832996630133 7.3858171006477074 7.5634622852499716 7.868574653217622 7.5438836709096861 7.2916435045430301 7.4520471934418238 7.6825296333619368 7.3757867822199854 7.3216804370807003 7.5180294016070874 7.6019302220287335 7.5698263022825643 7.9244033234709947 7.7065922872164077 7.7988353368837044 7.3451504021558751 7.4134459931439984 7.6669137029668732 7.7831242578788453 7.6553943872069246 7.3605082769364341 7.6614141026956633 8.1988973955942637 7.9900114748182816 7.2806584551941445 7.5023698732414195 7.8648929850782618 7.6321037238511575 7.431824129823525 7.5318130169890463 7.339776299054309 7.4690459625261649 7.4096945119988202 7.5054714583812627 7.401404692180078 7.8050504221284225 7.8250271254660664 7.6866862316343996 7.7190954364393223 7.822432133606239 7.255281049189775 7.8536835950079196 8.035616627782149 7.603558713465719 7.5286164590127491 7.7384610887503014 8.0125148433796856 7.640629267212951 7.4535478036040397 7.906934705505396 8.0180211533720058 7.9528353000642928 7.7713782334699637
leaf_weight=669 501 451 1316 160 48 44 782 1164 1542 503 493 19 853 1120 88 292 1178 1051 233 612 1157 114 91 117 250 573 632 574 67 597 142 18 21 606 984 21 26 194 246 344 818 833 297 412 187 110 231 262 101 1028 253 92 456 43 125 66 503 305 95 80 74 29
leaf_count=669 501 451 1316 160 48 44 782 1164 1542 503 493 19 853 1120 88 292 1178 1051 233 612 1157 114 91 117 250 573 632 574 67 597 142 18 21 606 984 21 26 194 246 344 818 833 297 412 187 110 231 262 101 1028 253 92 456 43 125 66 503 305 95 80 74 29
internal_value=7.46749 7.63023 7.3595 7.75042 7.77659 7.54707 7.40622 7.44538 7.28356 7.47682 7.50239 7.88255 7.49267 7.26521 7.34528 7.71321 7.37422 7.3864 7.41704 7.60348 7.60633 7.93368 7.58581 7.68479 7.34427 7.39781 7.63496 7.75214 7.54877 7.33196 7.58602 7.99074 7.82671 7.24783 7.52165 7.89536 7.4932 7.40618 7.50016 7.30294 7.45231 7.39116 7.46903 7.38014 7.80026 7.85187 7.72221 7.7438 7.87306 7.24009 7.87577 8.06299 7.61733 7.44941 7.77847 7.9774 7.65605 7.42737 7.94947 7.98979 7.90665 7.86166
internal_weight=26293 10488 15805 4289 3883 6199 9785 4400 6020 2785 2045 1453 3156 4640 1380 2430 5385 4069 2356 3043 2999 758 584 1405 1713 2056 1244 1025 300 1266 1755 304 695 3176 1837 454 114 740 406 1464 1319 1615 1461 662 443 131 610 379 252 2570 367 110 598 237 312 87 795 878 194 99 151 77
internal_count=26293 10488 15805 4289 3883 6199 9785 4400 6020 2785 2045 1453 3156 4640 1380 2430 5385 4069 2356 3043 2999 758 584 1405 1713 2056 1244 1025 300 1266 1755 304 695 3176 1837 454 114 740 406 1464 1319 1615 1461 662 443 131 610 379 252 2570 367 110 598 237 312 87 795 878 194 99 151 77
is_linear=0
shrinkage=1


Tree=1
num_leaves=63
num_cat=0
split_feature=2 9 3 25 10 9 3 2 9 9 25 16 3 9 10 16 25 16 25 2 16 16 16 2 24 2 9 10 25 24 3 21 2 9 9 2 21 13 16 10 13 24 4 3 15 1 11 29 19 1 4 5 15 24 10 13 20 10 10 17 21 24
split_gain=267651 60430.1 35319.2 16164.8 15118.2 10952.7 8523.6 7233.82 2686.2 2600.87 2406.36 2127.01 2067.77 1971.82 1733.46 1232.69 1061.47 1116.55 1012.48 1002.7 970.816 867.329 522.776 473.191 469.82 451.467 440.102 409.226 351.117 343.163 313.603 286.141 278.513 276.799 259.074 250.59 249.97 239.683 235.147 234.986 229.791 227.347 215.15 199.871 187.396 187.238 186.795 284.793 179.933 178.952 173.779 192.254 172.368 170.781 171.393 169.208 168.023 168.011 166.59 191.049 218.392 165.255
threshold=7.5000000000000009 10.035714285714286 4.5000000000000009 1.0000000180025095e-35 12.450000000000001 7.8214285714285721 8.5000000000000018 3.5000000000000004 14.464285714285717 4.6785714285714297 1.0000000180025095e-35 6.2330986997045459 2.5000000000000004 7.3214285714285721 6.6833333333333345 11.16463158313516 1.0000000180025095e-35 9.5013412097254744 1.0000000180025095e-35 5.5000000000000009 8.8075771800800826 15.836698264477794 5.3265261362021654 5.5000000000000009 8.5000000000000018 2.5000000000000004 5.6785714285714297 12.716666666666667 1.0000000180025095e-35 7.5000000000000009 19.500000000000004 -4.4999999999999991 19.500000000000004 3.8214285714285716 6.1071428571428585 4.5000000000000009 3.5000000000000004 3.2652823714829409 3.2880076424398594 8.2500000000000018 3.3044727612563274 7.5000000000000009 358.50000000000006 12.500000000000002 11.48796111467623 1.5000000000000002 6.0944940022004435 18.500000000000004 -105.49999999999999 1.5000000000000002 191.50000000000003 259.50000000000006 5.062284983311474 7.5000000000000009 7.5833333333333339 4.3317857537154323 -5.4999999999999991 12.183333333333335 13.41666666666667 186.50000000000003 4.5000000000000009 5.5000000000000009
decision_type=2 2 2 2 2 2 2 2 2 2 2 2 2 2 2 2 2 2 2 2 2 2 2 2 2 2 2 2 2 2 2 2 2 2 2 2 2 2 2 2 2 2 2 2 2 2 2 2 2 2 2 2 2 2 2 2 2 2 2 2 2 2
left_child=2 5 7 4 15 11 9 12 24 33 14 26 25 34 22 41 17 39 20 35 53 31 -11 -12 32 52 -2 -5 38 36 -23 42 48 -4 45 -9 -17 -13 -14 -15 -16 43 -10 -3 57 -8 47 -33 -6 -39 -32 -52 -1 54 -7 -30 -34 -31 -50 60 -60 -22
right_child=1 3 6 27 8 18 13 19 21 10 23 37 28 16 40 29 -18 -19 -20 -21 61 30 -24 -25 -26 -27 -28 -29 55 44 50 46 56 -35 -36 -37 -38 49 -40 -41 -42 -43 -44 -45 -46 -47 -48 -49 58 -51 51 -53 -54 -55 -56 -57 -58 -59 59 -61 -62 -63
leaf_value=-0.22706932252701489 -0.042152360382056581 0.19809188893596572 -0.11741987210646056 -0.01286025922427269 0.21515814536184238 0.076321622908404926 -0.1407784461071141 -0.13656198475957415 0.34141816543978315 -0.052591405608625554 -0.10391462418986139 0.039587474869737578 -0.15415882755916724 0.065270751200373817 0.030325895103727827 0.26132255859487896 -0.016597051749100814 0.23163457367285467 -0.052316030008629312 -0.074858629392857853 0.17161145992457649 0.45578757531541914 -0.012865039035898996 -0.054343649726237883 0.2753804269055648 -0.18125927823722932 0.0049933216395682423 0.067344926593295065 -0.17745044724629785 0.24511456495305456 0.46624063126371285 0.59824606022158799 0.52454538430298225 -0.086405220939627464 0.024669460803760632 -0.11032896145868498 0.31276797540852969 -0.052264608288310588 -0.10570373095878838 0.12596009603255406 0.093845785284995514 0.17823345546102418 0.47791475725380367 0.23207134328760021 0.19312823693603157 -0.016542989601125879 0.41509943106578584 0.43825985522632638 0.32697871419726626 0.071850183922007899 0.63848509946377641 0.52435333568379638 -0.2043236141091973 0.084637038979917284 0.1229489804288757 -0.14055913209816276 0.38906398234731937 0.38532939093453539 0.36615916433646795 0.33340892216045331 0.48832676637796985 0.14429983874723151
leaf_weight=1586 568 511 681 172 18 144 21 1559 116 1013 808 1217 454 218 180 342 100 122 48 785 630 125 1112 499 146 636 716 249 1230 112 38 26 18 1434 395 938 282 19 250 193 185 316 23 628 123 244 253 67 299 710 44 65 828 324 1069 241 115 15.999999999999998 64 96 40 832
leaf_count=1586 568 511 681 172 18 144 21 1559 116 1013 808 1217 454 218 180 342 100 122 48 785 630 125 1112 499 146 636 716 249 1230 112 38 26 18 1434 395 938 282 19 250 193 185 316 23 628 123 244 253 67 299 710 44 65 828 324 1069 241 115 16 64 96 40 832
internal_value=-0.00093985 0.154576 -0.10567 0.270016 0.295541 0.0754175 -0.0405027 -0.160862 0.392225 -0.0608491 -0.0410454 0.0240963 -0.190097 0.0525234 -0.0179724 0.231084 0.102956 0.125389 0.129818 -0.114314 0.132735 0.446246 -0.0318054 -0.084996 0.340798 -0.211356 -0.0158625 0.034577 -0.160276 0.268648 0.50379 0.413873 0.355445 -0.0963975 0.0041423 -0.126713 0.284622 0.0504622 -0.136972 0.0937982 0.0625433 0.208475 0.364346 0.216847 0.22883 -0.026445 0.433652 0.483603 0.341897 0.0686059 0.544258 0.570986 -0.219277 0.110518 0.117422 -0.171418 0.407795 0.262944 0.346421 0.375299 0.41359 0.156081
internal_weight=26293 10581 15712 4304 3883 6277 7205 8507 1553 5912 3797 3230 5225 1293 2490 2330 633 533 3047 3282 2999 757 2125 1307 796 3050 1284 421 2175 875 272 485 650 2115 660 2497 624 1946 704 411 365 1455 139 1139 251 265 346 93 517 729 147 109 2414 1537 1213 1471 133 128 499 200 104 1462
internal_count=26293 10581 15712 4304 3883 6277 7205 8507 1553 5912 3797 3230 5225 1293 2490 2330 633 533 3047 3282 2999 757 2125 1307 796 3050 1284 421 2175 875 272 485 650 2115 660 2497 624 1946 704 411 365 1455 139 1139 251 265 346 93 517 729 147 109 2414 1537 1213 1471 133 128 499 200 104 1462
is_linear=0
shrinkage=0.04


Tree=2
num_leaves=63
num_cat=0
split_feature=3 9 3 22 10 9 3 16 22 22 16 9 16 0 26 10 9 22 10 26 26 22 16 0 9 10 16 22 26 16 10 26 16 9 16 9 0 9 9 10 8 0 16 10 22 10 31 17 0 14 19 10 7 5 22 20 16 26 22 26 10 26
split_gain=245607 55647.7 29831.2 14832.4 13884.8 10101 6500.88 3980.95 3640.56 2613.66 3016.66 2485.87 2184.68 1635.65 1482 1465.33 1320.2 2818.92 3187.43 920.695 966.908 918.48 814.242 758.771 712.369 652.045 597.679 597.195 539.346 538.941 503.643 494.902 482.305 457.178 428.087 390.535 358.79 344.001 340.254 339.624 329.369 327.405 308.079 298.472 270.301 267.776 233.425 219.072 210.463 209.478 206.947 206.389 225.243 203.604 199.428 197.637 195.501 187.996 182.776 182.044 181.73 178.045
threshold=7.5000000000000009 10.035714285714286 3.5000000000000004 4.5000000000000009 12.450000000000001 7.9642857142857153 5.5000000000000009 5.2119359534787959 4.5000000000000009 4.5000000000000009 7.2743905947717264 14.464285714285717 6.2686551382318312 5.5000000000000009 1.0000000180025095e-35 5.0833333333333339 3.8214285714285716 4.5000000000000009 6.3833333333333337 -0.8783796973249266 1.0000000180025095e-35 3.5000000000000004 9.8539555251671676 9.5000000000000018 4.6785714285714297 11.183333333333335 8.7137999337022745 1.5000000000000002 1.0000000180025095e-35 10.690303321574602 8.8500000000000032 1.0000000180025095e-35 3.3273554245052823 17.607142857142861 6.9003195888582765 9.2500000000000018 14.500000000000002 7.4642857142857153 12.178571428571429 6.6500000000000012 5.0714285714285721 8.5000000000000018 15.516951024422003 4.4500000000000011 1.5000000000000002 8.1833333333333353 135.37000000000003 119.50000000000001 3.5000000000000004 9.0023071051580548 -109.49999999999999 13.41666666666667 222.50000000000003 222.50000000000003 1.5000000000000002 -2.4999999999999996 7.2034113444123262 1.0000000180025095e-35 1.5000000000000002 1.0000000180025095e-35 11.383333333333335 1.0000000180025095e-35
decision_type=2 2 2 2 2 2 2 2 2 2 2 2 2 2 2 2 2 2 2 2 2 2 2 2 2 2 2 2 2 2 2 2 2 2 2 2 2 2 2 2 2 2 2 2 2 2 2 2 2 2 2 2 2 2 2 2 2 2 2 2 2 2
left_child=2 5 8 4 14 12 16 43 15 10 39 28 40 34 29 32 -4 18 24 -7 26 27 59 -19 -18 58 -21 33 51 -3 -20 56 -1 -13 48 -22 -11 -17 -5 61 -2 -15 -23 -8 47 -25 -29 -27 -10 -37 -44 -6 53 -53 55 -30 -14 -42 -16 -12 -38 -9
right_child=1 3 6 38 11 19 7 9 13 36 22 21 31 41 25 37 17 23 30 20 35 42 -24 45 -26 44 -28 46 54 -31 -32 -33 -34 -35 -36 49 60 -39 -40 -41 57 -43 50 -45 -46 -47 -48 -49 -50 -51 -52 52 -54 -55 -56 -57 -58 -59 -60 -61 -62 -63
leaf_value=-0.14949223793242442 -0.049419244342556644 0.22599837629299557 -0.12168670259160788 -0.026286853722163613 0.34187156671254643 -0.053816262594426297 -0.089536150533393005 0.012717803338001279 -0.22020951353122226 -0.076344521403004656 0.13023965076100436 0.42844610948428496 0.058071501376750594 -0.16300664832326794 0.19695955097496776 -0.01384750359512393 -0.085294549891179877 -0.13576723278753991 0.051630653429202276 0.127321445030077 0.096100718624923018 0.44699951859737164 0.22014380091369873 -0.11373206399384142 -0.037683046709064361 0.37152516040605366 0.18483723164192159 0.29226324974551093 0.40995717115462965 0.28589632258005743 0.1917805322537354 0.03303248915075982 -0.099838243621070466 0.58440392589297396 -0.17329345967190982 0.17914040577654938 -0.046289454702878673 0.155159948297556 0.053742448965819908 0.039166357514116651 0.013625764303220482 -0.11827181366320717 0.4798252944411518 -0.054832744857455824 0.2095077011258982 -0.061205543403456554 0.3836020388398933 0.24955177849442467 -0.19666227308602988 0.12332136477694336 0.61316837066944341 0.44371032779753516 0.45705331887021644 0.27110186218791155 0.28498571504288306 0.30889369542871942 0.095692881416796466 -0.0212662954077644 0.15693323173714405 0.073488697824216048 0.024695800993926112 -0.019287561971075156
leaf_weight=669 330 433 1316 121 173 44 782 429 1542 503 125 263 566 1120 292 96 1178 1051 251 538 1056 63 91 250 878 29 629 57 47 551 49 1085 591 35 606 142 138 24 285 305 510 344 32 807 381 412 252 141 1028 456 57 19 72 28 353 102 364 479 503 331 99 790
leaf_count=669 330 433 1316 121 173 44 782 429 1542 503 125 263 566 1120 292 96 1178 1051 251 538 1056 63 91 250 878 29 629 57 47 551 49 1085 591 35 606 142 138 24 285 305 510 344 32 807 381 412 252 141 1028 456 57 19 72 28 353 102 364 479 503 331 99 790
internal_value=-0.000900929 0.149174 -0.100489 0.259942 0.283995 0.0725319 -0.0573842 -0.021314 -0.17055 0.00729174 0.0303481 0.376651 0.0251972 -0.187517 0.222223 -0.113494 -0.0868552 -0.0755868 -0.0471933 0.127612 0.130444 0.428485 0.11092 -0.114632 -0.0649662 0.194903 0.158337 0.406254 0.327052 0.259566 0.0745847 0.0513938 -0.126214 0.44696 -0.203649 0.110754 -0.0572276 0.0200384 0.0298858 0.00142232 -0.0148218 -0.152505 0.516923 -0.0719173 0.228399 -0.081059 0.36686 0.270577 -0.210799 0.136607 0.56584 0.370525 0.411842 0.341716 0.301692 0.34104 0.0728073 -0.00327184 0.17166 0.089075 -0.016631 -0.00802222
internal_weight=26293 10488 15805 4289 3883 6199 9785 4400 6020 2811 2071 1553 3334 4640 2330 1380 5385 4069 2356 2865 2821 759 547 1713 2056 1346 1167 607 794 984 300 2015 1260 298 3176 1654 740 120 406 1524 1319 1464 152 1589 551 662 309 170 2570 598 89 292 119 47 502 149 930 989 795 456 237 1219
internal_count=26293 10488 15805 4289 3883 6199 9785 4400 6020 2811 2071 1553 3334 4640 2330 1380 5385 4069 2356 2865 2821 759 547 1713 2056 1346 1167 607 794 984 300 2015 1260 298 3176 1654 740 120 406 1524 1319 1464 152 1589 551 662 309 170 2570 598 89 292 119 47 502 149 930 989 795 456 237 1219
is_linear=0
shrinkage=0.04


Tree=3
num_leaves=63
num_cat=0
split_feature=2 16 3 22 16 16 3 2 16 16 22 3 16 16 13 26 16 16 22 16 26 2 16 26 26 0 26 13 22 16 22 2 22 26 16 22 26 22 19 16 16 5 16 22 16 2 0 0 16 15 22 18 1 21 20 18 16 16 26 16 2 31
split_gain=227667 50449.4 29988.9 13731.2 15529.6 7416.38 7236.79 6199.34 2229.33 2170.53 2183.66 1754.53 1754.1 1686.58 1344.79 1205.75 1048.14 952.033 934.067 937.915 888.79 866.242 679.171 600.381 506.247 497.098 453.778 437.282 416.288 415.566 413.25 387.296 342.928 339.065 308.341 296.525 282.903 281.224 271.162 265.059 250.78 246.014 243.262 230.109 223.086 216.05 210.962 206.692 204.155 200.478 195.098 194.772 178.553 177.314 174.787 169.937 168.788 164.598 156.089 155.332 153.978 152.802
threshold=7.5000000000000009 9.4614369234506075 4.5000000000000009 4.5000000000000009 12.40163884625357 7.2034113444123262 8.5000000000000018 3.5000000000000004 15.836698264477794 4.6771018026784068 4.5000000000000009 2.5000000000000004 11.16463158313516 7.2743905947717264 3.1037611591959444 1.0000000180025095e-35 5.7967297120112198 8.1448120349103004 4.5000000000000009 9.5013412097254744 1.0000000180025095e-35 5.5000000000000009 13.926596345300252 1.0000000180025095e-35 1.0000000180025095e-35 11.500000000000002 1.0000000180025095e-35 5.5192973876903109 1.5000000000000002 5.3265261362021654 4.5000000000000009 2.5000000000000004 1.5000000000000002 1.0000000180025095e-35 10.690303321574602 4.5000000000000009 1.0000000180025095e-35 2.5000000000000004 -106.49999999999999 3.982794617025327 14.116214904974724 330.50000000000006 10.499554299159033 1.5000000000000002 6.2686551382318312 4.5000000000000009 3.5000000000000004 7.5000000000000009 3.2880076424398594 6.2305831750369736 1.5000000000000002 4.6930926216640509 6.5000000000000009 10.500000000000002 -8.4999999999999982 3.3144907689186449 8.8075771800800826 8.2402074414324087 1.0000000180025095e-35 8.7586378529171984 5.5000000000000009 373.51000000000005
decision_type=2 2 2 2 2 2 2 2 2 2 2 2 2 2 2 2 2 2 2 2 2 2 2 2 2 2 2 2 2 2 2 2 2 2 2 2 2 2 2 2 2 2 2 2 2 2 2 2 2 2 2 2 2 2 2 2 2 2 2 2 2 2
left_child=2 5 7 4 12 16 9 11 20 39 14 31 15 44 29 42 -2 33 19 57 22 45 55 30 -14 60 38 -5 54 -11 56 46 -17 -7 -27 48 49 -25 -10 -4 61 -24 51 53 -8 -9 -1 -37 -13 -18 -28 -3 -38 -26 -22 -6 -19 -15 -31 -16 -12 -30
right_child=1 3 6 27 8 17 13 21 26 10 25 35 24 18 59 32 36 23 -20 -21 28 -23 41 37 43 34 50 -29 40 58 -32 -33 -34 -35 -36 47 52 -39 -40 -41 -42 -43 -44 -45 -46 -47 -48 -49 -50 -51 -52 -53 -54 -55 -56 -57 -58 -59 -60 -61 -62 -63
leaf_value=-0.21201427225595385 -0.027305496543770333 0.20051777976304375 -0.10209534846277679 -0.01468009641756666 0.35084937039371139 0.099478530682817534 -0.015844871327496048 -0.12589018623942125 0.45158333122600963 -0.046491237358110442 -0.11048154704260579 -0.14250286414024441 0.2876517059580771 0.064535051834845106 0.054869577443538951 0.18856679681001509 0.019024961492569183 0.13302880145277693 -0.016297429072392452 0.21419616281266202 0.48104795534011213 -0.068548043808304204 0.45940012696069049 0.11538555080928546 0.35433098891248732 -0.074916812798894422 0.4920793561267246 0.064009470472802643 0.27899125852327894 0.014672050443145641 -0.060001104904326377 -0.16708246138261335 0.14235706755299946 0.058056314971007536 -0.013905369706780357 -0.1658547718755683 0.022195462081838861 0.071327944194194373 0.5831111087888341 -0.074530371657290762 0.3237030227299677 0.35896134658106443 0.25152334862182968 0.20809602445169126 0.030750818391936493 -0.1015317663909682 -0.18770515825496475 -0.12874466537202506 -0.097353567444100869 0.059735444266571583 0.39247181540256376 0.34289651290230128 -0.020375738990949795 0.24530235495717789 0.34515705159244853 0.25348090427711911 0.17058724829775085 0.11621103349050267 -0.018562853841529423 0.14157914794336152 -0.070330092591447263 0.19781769199276181
leaf_weight=1448 790 524 1019 211 252 564 381 1559 46 866 551 454 355 223 255 380 304 393 100 122 17 785 161 740 30 315 47 243 256 304 14.999999999999998 636 807 722 229 1165 716 339 64 1241 221 55 272 370 289 938 966 306 250 534 115 15.999999999999998 202 133 227 34 381 178 881 38 213 45
leaf_count=1448 790 524 1019 211 252 564 381 1559 46 866 551 454 355 223 255 380 304 393 100 122 17 785 161 740 30 315 47 243 256 304 15 636 807 722 229 1165 716 339 64 1241 221 55 272 370 289 938 966 306 250 534 115 16 202 133 227 34 381 178 881 38 213 45
internal_value=-0.000863745 0.142566 -0.0974548 0.236951 0.258436 0.0617398 -0.0374061 -0.148312 0.361018 -0.0561539 -0.0370851 -0.175376 0.203704 0.0483107 -0.0139775 0.182897 0.0109549 0.102733 0.0956812 0.117095 0.338656 -0.10522 0.380177 0.120971 0.250515 -0.0784892 0.465093 0.0274383 0.311397 -0.0254303 0.147508 -0.194959 0.157167 0.0762307 -0.0492446 -0.147906 0.0281695 0.101553 0.528587 -0.0869639 0.291028 0.434013 0.220485 0.225728 0.00425247 -0.116745 -0.202296 -0.158146 -0.126489 0.0449734 0.421668 0.204803 0.0128246 0.265586 0.354826 0.339374 0.151539 0.0875018 -0.0100346 0.0661665 -0.0993008 0.266932
internal_weight=26293 10581 15712 4881 4427 5700 7205 8507 1540 5912 3652 5225 2887 1293 2344 1999 2546 3154 623 523 1268 3282 502 1868 888 1308 272 454 766 2051 789 3050 1187 1286 544 2175 1756 1079 110 2260 522 216 812 533 670 2497 2414 1471 704 838 162 540 918 163 244 286 774 401 1185 293 764 301
internal_count=26293 10581 15712 4881 4427 5700 7205 8507 1540 5912 3652 5225 2887 1293 2344 1999 2546 3154 623 523 1268 3282 502 1868 888 1308 272 454 766 2051 789 3050 1187 1286 544 2175 1756 1079 110 2260 522 216 812 533 670 2497 2414 1471 704 838 162 540 918 163 244 286 774 401 1185 293 764 301
is_linear=0
shrinkage=0.04


Tree=4
num_leaves=63
num_cat=0
split_feature=2 9 3 22 10 9 3 2 9 10 22 16 3 9 10 26 22 16 26 26 26 2 10 16 15 26 26 16 16 2 9 9 2 8 10 22 19 2 3 22 22 17 9 9 10 26 22 2 10 16 18 4 4 1 23 13 22 16 14 22 13 14
split_gain=209825 47403.7 27638.1 12553.1 11869.2 8589.4 6669.63 5713.39 2117.32 2052.5 1836.72 1665.87 1616.93 1558.01 1415.33 1332 848.005 880.974 806.249 805.05 857.608 798.321 601.007 577.824 520.765 481.844 478.75 436.773 397.546 389.214 382.495 363.279 356.906 354.735 329.745 273.252 249.838 241.631 232.529 214.511 210.072 236.349 208.733 207.026 201.101 199.705 199.426 199.099 188.421 188.135 184.836 249.507 174.24 171.218 163.759 163.506 162 161.129 160.918 159.759 156.968 151.965
threshold=7.5000000000000009 10.035714285714286 4.5000000000000009 4.5000000000000009 12.450000000000001 7.8214285714285721 8.5000000000000018 3.5000000000000004 14.464285714285717 4.5833333333333339 4.5000000000000009 6.2330986997045459 2.5000000000000004 7.3214285714285721 6.6833333333333345 1.0000000180025095e-35 4.5000000000000009 9.5013412097254744 1.0000000180025095e-35 -0.8783796973249266 1.0000000180025095e-35 5.5000000000000009 11.183333333333335 8.8075771800800826 10.737714855254515 1.0000000180025095e-35 1.0000000180025095e-35 5.3265261362021654 15.836698264477794 5.5000000000000009 9.2500000000000018 5.6071428571428585 2.5000000000000004 16.928571428571434 12.716666666666667 4.5000000000000009 -106.49999999999999 17.500000000000004 15.500000000000002 2.5000000000000004 1.5000000000000002 119.50000000000001 3.6071428571428577 6.1071428571428585 13.91666666666667 1.0000000180025095e-35 1.5000000000000002 4.5000000000000009 8.2500000000000018 3.2880076424398594 2.1415674148725001 412.50000000000006 80.500000000000014 1.5000000000000002 15.500000000000002 5.9209835310239018 1.5000000000000002 8.7586378529171984 4.8971610427830745 1.5000000000000002 5.628999211117141 9.0988264327852963
decision_type=2 2 2 2 2 2 2 2 2 2 2 2 2 2 2 2 2 2 2 2 2 2 2 2 2 2 2 2 2 2 2 2 2 2 2 2 2 2 2 2 2 2 2 2 2 2 2 2 2 2 2 2 2 2 2 2 2 2 2 2 2 2
left_child=2 5 7 4 15 11 9 12 25 42 14 31 32 43 27 24 17 48 28 -7 23 47 56 -21 -3 37 52 -11 44 -12 -22 -2 58 -20 -5 49 -30 55 -35 -28 41 -24 -4 53 -10 -16 60 -9 -15 -14 54 -52 -13 -8 -46 -6 -17 -47 -1 -32 -27 -37
right_child=1 3 6 34 8 19 13 21 18 10 29 26 35 16 45 22 -18 -19 33 20 30 -23 40 -25 -26 46 39 -29 36 -31 59 -33 -34 38 -36 61 -38 -39 -40 -41 -42 -43 -44 -45 50 57 -48 -49 -50 -51 51 -53 -54 -55 -56 -57 -58 -59 -60 -61 -62 -63
leaf_value=-0.20242127099728813 -0.039715610173983278 0.20793945078634457 -0.1114811283609726 -0.010947893092550561 0.34339978749425487 -0.049214175271380479 -0.13330077534038309 -0.12085490178738799 0.32290112729217868 -0.047267359000132965 -0.092491326018782974 -0.0598100379475376 -0.13680400449466767 0.057651828541115079 0.11937580260446728 0.18040468513781957 -0.015646183150155205 0.20563533284056881 0.33819145434162173 0.11727981684319233 0.085742717697124077 -0.065806470881630816 0.35742026811156324 0.17183658599653595 0.26675893367039893 0.23687029740520726 0.038740728450937803 -0.011591169726515234 0.43355917636846514 -0.04754447933673811 0.15400649774770334 0.0035825865861699485 -0.16040021329794901 0.32476270507857247 0.061047595255540488 -0.15895471017010179 0.55982304464450316 0.38411683676503222 0.44925099427925946 8.4890733070110117e-05 0.19431517774462542 0.2273058670696283 -0.079820819184189581 0.021723458922624405 0.5320149047647369 0.031334965431388931 0.26111912617042882 -0.09747092773685942 0.11199802932846986 -0.093460980343823441 0.34877852717972407 0.53345493026127089 0.069185302484218114 -0.014500278951886346 0.41246450604075358 0.26053912767354848 0.14281380432381116 0.12259556719550381 -0.1810013565843821 0.11039742080026674 0.33903298262375176 -0.12840341885009848
leaf_weight=1487 523 445 421 172 97 47 21 1559 36 1085 809 17 454 218 65 292 100 122 322 666 1142 785 27 585 534 32 741 1112 46 499 204 761 636 34 249 1127 64 129 97 333 381 142 1621 395 41 265 355 938 193 250 63 14.999999999999998 855 244 39 67 509 35 927 403 116 344
leaf_count=1487 523 445 421 172 97 47 21 1559 36 1085 809 17 454 218 65 292 100 122 322 666 1142 785 27 585 534 32 741 1112 46 499 204 761 636 34 249 1127 64 129 97 333 381 142 1621 395 41 265 355 938 193 250 63 15 855 244 39 67 509 35 927 403 116 344
internal_value=-0.000828146 0.136867 -0.093557 0.239111 0.261604 0.0667573 -0.0359098 -0.14238 0.347271 -0.053908 -0.0367854 0.021309 -0.168362 0.0463795 -0.0170934 0.204491 0.0912092 0.11126 0.395233 0.114932 0.117506 -0.101012 0.178707 0.142805 0.240049 0.301613 0.0446424 -0.0292123 0.445895 -0.0753506 0.0994024 -0.0140538 -0.187162 0.361139 0.0316334 -0.141991 0.507482 0.342613 0.417229 0.0267582 0.21095 0.248304 -0.0863544 0.00337339 0.410721 0.055835 0.277664 -0.112076 0.083198 -0.121431 0.430501 0.384956 0.0666616 -0.0239689 0.474347 0.30974 0.156541 0.042026 -0.194204 0.12508 0.317132 -0.151821
internal_weight=26293 10581 15712 4304 3883 6277 7205 8507 1553 5912 3870 3230 5225 1293 2562 2330 633 533 757 3047 3000 3282 1351 1251 979 796 1946 2197 304 1308 1749 1284 3050 453 421 2175 110 293 131 1074 550 169 2042 660 194 365 503 2497 411 704 158 78 872 265 80 164 801 300 2414 607 148 1471
internal_count=26293 10581 15712 4304 3883 6277 7205 8507 1553 5912 3870 3230 5225 1293 2562 2330 633 533 757 3047 3000 3282 1351 1251 979 796 1946 2197 304 1308 1749 1284 3050 453 421 2175 110 293 131 1074 550 169 2042 660 194 365 503 2497 411 704 158 78 872 265 80 164 801 300 2414 607 148 1471
is_linear=0
shrinkage=0.04


Tree=5
num_leaves=63
num_cat=0
split_feature=2 10 3 25 10 16 3 2 16 16 3 26 10 10 25 25 16 16 10 26 25 26 2 10 16 26 10 27 0 2 10 3 16 26 15 10 27 15 27 25 15 8 18 0 16 0 16 27 2 27 27 17 15 20 2 2 18 2 16 26 26 11
split_gain=197127 43359.9 25106.6 12154 11564.5 7888.24 6392.47 5237.76 2025.52 1827 1433.25 1350.56 1341.42 1260.94 1251.77 1195.64 1053.98 1000.86 905.272 691.012 675.131 706.778 602.104 570.78 424.394 420.224 419.408 399.072 374.721 361.418 315.59 311.843 311.081 307.212 302.902 300.709 272.257 270.5 260.229 251.015 238.505 232.963 228.402 203.587 201.008 191.236 190.373 173.152 171.72 170.133 167.3 234.803 166.219 165.79 164.572 160.709 213.513 156.66 156.022 158.128 146.691 142.302
threshold=7.5000000000000009 9.8500000000000032 4.5000000000000009 1.0000000180025095e-35 12.516666666666667 7.1598544803522683 7.5000000000000009 3.5000000000000004 6.938753162973998 15.836698264477794 2.5000000000000004 1.0000000180025095e-35 4.4500000000000011 8.5833333333333339 1.0000000180025095e-35 1.0000000180025095e-35 9.7076952655349782 5.8874317557128863 5.4166666666666679 1.0000000180025095e-35 1.0000000180025095e-35 1.0000000180025095e-35 5.5000000000000009 11.183333333333335 10.690303321574602 1.0000000180025095e-35 13.816666666666668 1.0000000180025095e-35 11.500000000000002 2.5000000000000004 13.616666666666669 19.500000000000004 7.3641645854557636 1.0000000180025095e-35 14.347784780181707 8.2500000000000018 1.0000000180025095e-35 4.6861212470894893 1.0000000180025095e-35 1.0000000180025095e-35 6.2305831750369736 10.071428571428573 2.0578316610925307 3.5000000000000004 5.2471600685632316 7.5000000000000009 3.2880076424398594 1.0000000180025095e-35 11.500000000000002 1.0000000180025095e-35 1.0000000180025095e-35 119.50000000000001 9.1719360387222473 -8.4999999999999982 4.5000000000000009 18.500000000000004 1.9630765735060216 5.5000000000000009 3.572288260582404 1.0000000180025095e-35 1.0000000180025095e-35 6.4346508140579823
decision_type=2 2 2 2 2 2 2 2 2 2 2 2 2 2 2 2 2 2 2 2 2 2 2 2 2 2 2 2 2 2 2 2 2 2 2 2 2 2 2 2 2 2 2 2 2 2 2 2 2 2 2 2 2 2 2 2 2 2 2 2 2 2
left_child=2 5 7 4 11 18 12 10 37 19 29 24 58 25 17 16 35 44 -2 26 21 52 54 38 -3 -7 48 34 57 43 -5 60 -19 40 -21 -10 -23 -8 -13 46 -20 -30 -28 -1 -14 -41 -12 -35 -6 -27 -25 -52 -15 -29 -9 56 -55 -16 -4 -60 -11 -33
right_child=1 3 6 30 9 13 8 22 15 31 39 23 14 20 28 -17 -18 32 33 27 -22 36 -24 50 -26 49 42 53 41 -31 -32 61 -34 47 -36 -37 -38 -39 -40 45 -42 -43 -44 -45 -46 -47 -48 -49 -50 -51 51 -53 -54 55 -56 -57 -58 -59 59 -61 -62 -63
leaf_value=-0.19617966133584716 -0.039099043671985106 0.20099377441212166 -0.10793187447780044 -0.0052330892150744138 0.20634901039973255 0.10032325713986891 -0.059797343068074611 -0.11432756655984355 0.048819739338980657 0.45269682023081814 -0.13207130548678089 0.13572839626226871 -0.051045092735768613 0.14110046451844857 -0.10447652922888777 -0.016872050683034628 0.20098707806669505 0.0085627394506376086 0.017005881650356408 0.24766660324533191 -0.058514299285373508 0.093869246363707956 -0.065945683894057749 0.18876777910820897 0.25500329390257476 0.04993754897124484 0.43407077145514339 0.45076419510766469 -0.074761248189152835 -0.15209554141237328 0.064275221285350945 0.38633011163380754 0.095510749386601465 -0.0067001518620570782 0.30876298917255296 0.10650640971458999 0.13698820887203439 -0.0032609838086307941 0.18215377584175257 -0.15367240115708403 0.056506964548506088 -0.017182753624914969 0.35450226226441983 -0.17212404012102892 -0.020816880765180637 -0.11811796428945057 -0.088010590244555861 0.026586109462025501 0.32802084852953883 0.083496277747822742 0.36571274173793505 0.21915505112178246 0.17892327496680799 0.24331514592544279 -0.092903605045285817 0.36624479019310402 0.3417357041745761 -0.063599383190799483 -0.064679532816639421 -0.092166661391082455 0.3539515596422656 0.49342145901728457
leaf_weight=1426 471 393 417 232 21 875 158 1545 372 37 457 567 1115 395 554 204 120 489 451 305 31 700 778 398 584 642 115 19 236 617 190 27 76 599 233 237 354 944 296 1149 535 215 127 950 515 310 241 429 230 389 20 155 359 65 921 97 82 207 607 753 84 116
leaf_count=1426 471 393 417 232 21 875 158 1545 372 37 457 567 1115 395 554 204 120 489 451 305 31 700 778 398 584 642 115 19 236 617 190 27 76 599 233 237 354 944 296 1149 535 215 127 950 515 310 241 429 230 389 20 155 359 65 921 97 82 207 607 753 84 116
internal_value=0.00101292 0.133937 -0.0894277 0.230173 0.251862 0.0660738 -0.0347305 -0.136467 0.0253446 0.33682 -0.161546 0.196995 -0.0583137 0.102737 -0.0436153 0.0687123 0.0926636 -0.0255955 0.0108176 0.317188 0.126371 0.129546 -0.0966485 0.172276 0.233303 0.0799277 0.354606 0.294113 -0.0762437 -0.179469 0.0260652 0.432882 0.0202768 0.0224936 0.274183 0.0712863 0.108365 -0.0113734 0.151673 -0.136669 0.0384446 -0.0473268 0.392486 -0.18657 -0.0414976 -0.146128 -0.116876 0.00719 0.317935 0.0626082 0.20327 0.236115 0.159133 0.334756 -0.106331 0.325533 0.298425 -0.09337 -0.0864892 -0.0799056 0.384512 0.473499
internal_weight=26236 10623 15613 4393 3971 6230 7219 8394 2035 1558 5150 2413 5184 3745 3407 933 729 2195 2485 1294 1839 1808 3244 1436 977 1906 493 801 1212 2993 422 264 565 2014 538 609 1054 1102 863 2157 986 451 242 2376 1630 1459 698 1028 251 1031 573 175 754 263 2466 244 147 761 1777 1360 121 143
internal_count=26236 10623 15613 4393 3971 6230 7219 8394 2035 1558 5150 2413 5184 3745 3407 933 729 2195 2485 1294 1839 1808 3244 1436 977 1906 493 801 1212 2993 422 264 565 2014 538 609 1054 1102 863 2157 986 451 242 2376 1630 1459 698 1028 251 1031 573 175 754 263 2466 244 147 761 1777 1360 121 143
is_linear=0
shrinkage=0.04


Tree=6
num_leaves=63
num_cat=0
split_feature=2 9 3 25 9 16 3 2 16 16 3 16 25 16 26 16 25 16 26 9 26 9 2 16 26 16 0 2 16 3 13 9 26 16 26 16 32 25 16 8 26 9 16 0 27 9 3 0 9 1 26 27 9 20 2 13 2 24 14 14 0 26
split_gain=181678 40945.1 23138.5 10746.5 10557.2 7007.6 5891.44 4827.18 1866.82 1594.12 1320.85 1193.81 1101.96 1066.44 1033.02 973.31 946.007 1153.01 845.206 844.142 706.352 585.948 554.891 541.997 476.547 362.538 350.712 333.059 322.954 287.336 286.001 276.402 266.435 245.927 243.435 239.143 231.563 231.313 217.917 214.786 214.532 205.443 198.233 187.605 182.539 178.614 176.714 176.219 175.739 169.876 168.899 161.926 160.938 156.646 151.658 149.495 147.309 145.4 144.179 143.69 213.673 143.533
threshold=7.5000000000000009 9.9642857142857171 4.5000000000000009 1.0000000180025095e-35 12.821428571428575 7.1598544803522683 7.5000000000000009 3.5000000000000004 6.938753162973998 15.836698264477794 2.5000000000000004 4.2034724834146742 1.0000000180025095e-35 8.1448120349103004 1.0000000180025095e-35 9.4101337152699447 1.0000000180025095e-35 5.7280774485613408 -0.8783796973249266 5.6785714285714297 1.0000000180025095e-35 11.392857142857144 5.5000000000000009 10.499554299159033 1.0000000180025095e-35 13.926596345300252 11.500000000000002 2.5000000000000004 7.3153560904607602 19.500000000000004 5.5752428924150577 12.821428571428575 0.6078576107927941 5.8308105198906182 1.0000000180025095e-35 8.9383338801456222 104.50000000000001 1.0000000180025095e-35 6.2330986997045459 10.214285714285717 1.0000000180025095e-35 8.0357142857142865 5.1783889692957468 3.5000000000000004 1.0000000180025095e-35 3.8214285714285716 15.500000000000002 7.5000000000000009 13.821428571428575 17.500000000000004 0.6078576107927941 1.0000000180025095e-35 9.5357142857142865 -8.4999999999999982 4.5000000000000009 5.4128412288625185 5.5000000000000009 7.5000000000000009 7.760734547997191 15.599583820803131 18.500000000000004 -1.0000000180025095e-35
decision_type=2 2 2 2 2 2 2 2 2 2 2 2 2 2 2 2 2 2 2 2 2 2 2 2 2 2 2 2 2 2 2 2 2 2 2 2 2 2 2 2 2 2 2 2 2 2 2 2 2 2 2 2 2 2 2 2 2 2 2 2 2 2
left_child=2 5 7 4 14 19 11 10 33 24 27 -4 15 40 23 41 17 42 -15 -2 35 50 54 -3 25 36 56 43 -19 -11 55 -5 -22 -8 38 -20 48 45 -21 -28 -7 -10 -13 -1 59 -12 -17 -39 -6 -23 -16 -36 58 -46 -9 -26 -18 -27 -34 -32 -61 -43
right_child=1 3 6 31 9 13 8 22 12 29 37 16 -14 18 21 46 26 28 20 34 32 49 -24 -25 30 57 39 -29 -30 -31 44 -33 52 -35 51 -37 -38 47 -40 -41 -42 61 -44 -45 53 -47 -48 -49 -50 -51 -52 -53 -54 -55 -56 -57 -58 -59 -60 60 -62 -63
leaf_value=-0.18833301758851437 -0.032883658127033352 0.18351357067409815 -0.087633919240761873 -0.011720668936789141 0.28955890242555798 0.086250805912688411 -0.029608651444441622 -0.10975476030801602 0.046637402929170298 0.36915862924150949 -0.11974340143026409 -0.054020199265703797 -0.016197498908000856 -0.0548920113417753 0.12558252082226548 0.15894796424172303 -0.10066577275968543 0.00396966078690338 0.12279322575362024 0.013829327533276826 0.073292569798466836 0.20894367788842849 -0.063308194849203026 0.2439532472987925 0.27208015190251467 0.39056046405880601 -0.069850035300077259 -0.14601270423911414 0.088614249405849291 0.45458466310587742 0.26337672403253637 0.054769150376674826 0.15018391041707482 0.0081808459349803544 -0.0051130508477313305 0.16244849980633216 0.32413500305789433 -0.14752603861881231 0.052772784750456617 -0.014207871341903907 0.053762420234125134 0.1972920321943748 -0.024121135412525408 -0.16523980536067903 0.44122650336165448 -0.057717760963459562 0.26660355713508582 -0.11339477028626851 0.14138742811539592 0.12808954123625785 0.16244058640877004 0.028058505954050302 0.14041219788346321 0.31584788878211706 -0.089187864897393096 0.18160637263032472 -0.061056635965962364 0.311234844073564 0.094139463584316602 0.39061807658496778 0.27533339295737791 0.085360308894698866
leaf_weight=1426 559 372 1394 174 32 586 557 1545 347 121 613 1426 204 47 299 108 557 594 499 383 469 517 778 668 63 185 253 617 82 143 264 235 84 545 562 481 201 1149 576 198 734 20 473 950 18 85 32 310 22 46 613 405 219 216 921 57 207 50 609 42 72 222
leaf_count=1426 559 372 1394 174 32 586 557 1545 347 121 613 1426 204 47 299 108 557 594 499 383 469 517 778 668 63 185 253 617 82 143 264 235 84 545 562 481 201 1149 576 198 734 20 473 950 18 85 32 310 22 46 613 405 219 216 921 57 207 50 609 42 72 222
internal_value=0.000973323 0.128582 -0.0858511 0.221792 0.241756 0.0624184 -0.0333415 -0.131009 0.0243313 0.326293 -0.155085 -0.0559816 0.0659654 0.0971009 0.191795 0.0889592 -0.044337 -0.0306063 0.112944 0.0103849 0.116288 0.170232 -0.0927829 0.222356 0.306967 0.337679 -0.0734305 -0.172291 0.0142517 0.415593 0.286362 0.0264817 0.097837 -0.0109188 0.0229453 0.142273 0.304222 -0.131203 0.0372249 -0.0454348 0.0681923 0.0663995 -0.0465757 -0.179108 0.297506 -0.112202 0.183742 -0.140284 0.229603 0.202365 0.150374 0.00877929 0.110447 0.325685 -0.102078 0.229309 -0.089946 0.373831 0.100956 0.279974 0.318129 0.0946968
internal_weight=26236 10623 15613 4410 4001 6213 7219 8394 2035 1486 5150 5184 933 3728 2515 729 3790 2575 2408 2485 2361 1475 3244 1040 1222 490 1215 2993 676 264 732 409 1381 1102 1926 980 255 2157 959 451 1320 589 1899 2376 612 698 140 1459 54 563 912 967 912 234 2466 120 764 235 693 378 114 242
internal_count=26236 10623 15613 4410 4001 6213 7219 8394 2035 1486 5150 5184 933 3728 2515 729 3790 2575 2408 2485 2361 1475 3244 1040 1222 490 1215 2993 676 264 732 409 1381 1102 1926 980 255 2157 959 451 1320 589 1899 2376 612 698 140 1459 54 563 912 967 912 234 2466 120 764 235 693 378 114 242
is_linear=0
shrinkage=0.04


Tree=7
num_leaves=63
num_cat=0
split_feature=2 9 3 22 10 16 3 2 16 9 3 10 22 22 16 26 9 9 10 26 26 26 2 10 16 24 15 22 22 2 10 10 16 10 22 16 9 15 16 9 22 24 4 26 22 17 16 31 16 18 14 14 16 26 22 22 29 9 14 6 3 14
split_gain=167439 37737.3 21324.8 9904.53 9867.57 6458.35 5429.82 4448.79 1720.62 1596.78 1217.27 1148.55 1066.67 1015.68 982.854 953.509 904.855 859.953 781.554 779.01 650.955 573.022 511.38 429.32 420.498 412.015 308.86 334.474 307.707 306.925 301.711 301.307 264.038 259.028 252.234 250.908 250.87 241.461 220.384 219.932 213.159 206.847 197.764 197.709 192.797 219.368 182.571 175.191 168.275 168.102 170.341 167.145 166.371 163.965 162.835 159.614 156.304 155.766 154.875 153.027 148.659 145.405
threshold=7.5000000000000009 9.9642857142857171 4.5000000000000009 4.5000000000000009 12.450000000000001 7.1598544803522683 7.5000000000000009 3.5000000000000004 6.938753162973998 15.821428571428575 2.5000000000000004 4.4500000000000011 4.5000000000000009 4.5000000000000009 8.1448120349103004 1.0000000180025095e-35 10.035714285714286 5.9642857142857153 5.4166666666666679 -0.8783796973249266 1.0000000180025095e-35 1.0000000180025095e-35 5.5000000000000009 11.183333333333335 10.499554299159033 7.5000000000000009 8.3099582250446158 5.5000000000000009 3.5000000000000004 2.5000000000000004 8.2500000000000018 13.816666666666668 6.4876733397796276 13.616666666666669 1.5000000000000002 7.4157710385971463 11.250000000000002 4.6861212470894893 8.9383338801456222 17.750000000000004 4.5000000000000009 6.5000000000000009 184.50000000000003 1.0000000180025095e-35 1.5000000000000002 119.50000000000001 5.2471600685632316 86.000000000000014 3.2880076424398594 2.0578316610925307 16.30143895402782 11.815547620240125 14.800228432477924 1.0000000180025095e-35 1.5000000000000002 1.5000000000000002 53.500000000000007 9.2500000000000018 8.8006603726280712 244.50000000000003 19.500000000000004 5.4339787872531833
decision_type=2 2 2 2 2 2 2 2 2 2 2 2 2 2 2 2 2 2 2 2 2 2 2 2 2 2 2 2 2 2 2 2 2 2 2 2 2 2 2 2 2 2 2 2 2 2 2 2 2 2 2 2 2 2 2 2 2 2 2 2 2 2
left_child=2 5 7 4 15 18 11 10 37 21 29 -4 17 16 43 24 30 46 -2 -16 38 31 -9 54 -3 56 -14 36 39 61 -10 -6 53 -5 -22 -19 -28 -8 -21 55 48 44 -41 -7 45 -25 -13 -18 -12 60 -51 -43 -27 -20 -17 -11 -23 -36 -42 -30 -33 -1
right_child=1 3 6 33 9 14 8 22 13 28 40 12 26 -15 19 23 47 35 32 20 34 25 -24 41 -26 52 27 -29 59 -31 -32 49 -34 -35 57 -37 -38 -39 -40 42 58 51 -44 -45 -46 -47 -48 -49 -50 50 -52 -53 -54 -55 -56 -57 -58 -59 -60 -61 -62 -63
leaf_value=-0.17815964381615743 -0.036410685762987595 0.17617500166736347 -0.079814101416374669 -0.0042212480467130799 0.2946099584897508 0.082801362564811104 -0.056232926762538535 -0.097995417103631174 0.044708754610524551 0.37849544937965812 -0.12200091963392252 -0.046913244144396557 -0.10548161555368359 -0.015549916671602708 -0.052700992391114525 0.16377074284885018 0.0885881557452117 0.0097404464113083518 0.022814697430196748 0.11788248075318226 0.11802232048058969 0.27694480890033946 -0.060776192652276552 0.39312397647377673 0.22974814506895003 0.1972512575516252 -0.051826425909247034 -0.094505202430230431 0.52175749015264705 -0.14017314313277493 0.1009692829608089 0.4449641867635839 0.036996145229855226 0.059585904347024932 0.068667446627197246 0.088693413984975447 0.024802166483867034 -0.0028173251014911903 0.15595190957290819 0.30387383954125158 -0.14239178214845657 0.17991272977950523 0.47009104669688945 0.051612216533797169 0.18536957976835505 0.2269429354843695 -0.018773467082559274 0.22470057657786779 -0.080578563012358856 0.29754574311119769 0.42992388255560571 0.10252570199051488 0.2895394395830625 -0.0078262585046810461 0.12717680544573962 0.30721742726825219 0.35023037773909543 0.10258230361249009 -0.11248303010526307 0.3990800528777273 0.34325361314926639 -0.15595799826068787
leaf_weight=1710 471 372 1777 219 267 586 158 2466 372 112 457 1115 300 204 47 316 19 453 572 499 463 531 778 14.999999999999998 647 156 548 286 35 617 259 53 896 190 564 75 78 944 481 15.999999999999998 1082 138 50 734 236 92 552 79 241 84 20 67 40 546 519 100 53 354 377 36 46 666
leaf_count=1710 471 372 1777 219 267 586 158 2466 372 112 457 1115 300 204 47 316 19 453 572 499 463 531 778 15 647 156 548 286 35 617 259 53 896 190 564 75 78 944 481 16 1082 138 50 734 236 92 552 79 241 84 20 67 40 546 519 100 53 354 377 36 46 666
internal_value=0.000935293 0.123441 -0.0824173 0.212926 0.232092 0.0599223 -0.0320076 -0.125769 0.0233596 0.30909 -0.148883 -0.0537426 -0.0401419 0.0633302 0.0932179 0.180823 0.0854055 -0.0235076 0.00996964 0.108427 0.111638 0.287903 -0.089072 0.159154 0.210212 0.266748 -0.0702615 -0.0586635 0.384865 -0.1654 0.0678169 0.322942 0.0208185 0.0254226 0.093925 0.0209738 -0.0422728 -0.010482 0.136584 0.36545 -0.125956 0.186712 0.430347 0.065465 0.205792 0.250603 -0.0375981 0.198449 -0.107715 0.360033 0.323411 0.154692 0.216234 0.00784936 0.141046 0.345044 0.283658 0.0817577 -0.134673 0.460232 0.398119 -0.171944
internal_weight=26236 10623 15613 4410 4001 6213 7219 8394 2035 1599 5150 5184 3407 933 3728 2402 729 2195 2485 2408 2361 1250 3244 1383 1019 780 1212 912 349 2993 631 470 2014 409 1381 528 626 1102 980 278 2157 548 66 1320 343 107 1667 98 698 203 104 205 196 1118 835 212 584 918 1459 71 99 2376
internal_count=26236 10623 15613 4410 4001 6213 7219 8394 2035 1599 5150 5184 3407 933 3728 2402 729 2195 2485 2408 2361 1250 3244 1383 1019 780 1212 912 349 2993 631 470 2014 409 1381 528 626 1102 980 278 2157 548 66 1320 343 107 1667 98 698 203 104 205 196 1118 835 212 584 918 1459 71 99 2376
is_linear=0
shrinkage=0.04


Tree=8
num_leaves=63
num_cat=0
split_feature=2 9 3 22 10 2 9 3 3 9 9 9 10 26 2 26 22 10 26 26 10 22 10 13 10 9 2 22 22 10 0 22 3 9 13 10 10 9 7 10 10 13 23 24 1 24 0 9 22 10 13 22 10 22 17 1 24 22 9 22 10 22
split_gain=154318 34790.3 19683.3 9218.15 8773.07 6352.11 6161.35 3160.47 1509.88 1417.3 1342.79 1176.77 963.563 928.819 786.212 701.049 578.036 1126.56 525.824 496.401 406.025 402.382 399.642 357.606 352.007 321.516 320.408 311.477 293.682 290.129 286.457 283.745 272.323 265.505 264.422 253.302 241.693 241.097 227.774 223.389 214.148 209.264 255.865 208.44 202.787 194.548 190.739 190.6 240.917 274.868 182.531 181.97 181.14 177.479 199.467 162.274 160.711 156.239 209.057 156.105 262.733 154.95
threshold=7.5000000000000009 10.035714285714286 5.5000000000000009 4.5000000000000009 12.516666666666667 3.5000000000000004 7.8214285714285721 9.5000000000000018 2.5000000000000004 15.821428571428575 4.8214285714285721 6.5357142857142865 8.2500000000000018 1.0000000180025095e-35 5.5000000000000009 -0.8783796973249266 4.5000000000000009 6.616666666666668 1.0000000180025095e-35 1.0000000180025095e-35 8.7500000000000018 4.5000000000000009 11.183333333333335 5.5752428924150577 5.4166666666666679 9.2500000000000018 10.500000000000002 4.5000000000000009 3.5000000000000004 10.516666666666667 4.5000000000000009 3.5000000000000004 3.5000000000000004 9.6071428571428594 4.6735376310632164 4.2166666666666677 13.816666666666668 12.821428571428575 279.50000000000006 8.5833333333333339 4.2833333333333341 7.1541724119366874 4.5000000000000009 6.5000000000000009 9.5000000000000018 7.5000000000000009 7.5000000000000009 3.535714285714286 4.5000000000000009 4.4500000000000011 2.4562844569254101 1.5000000000000002 6.9833333333333343 1.5000000000000002 119.50000000000001 9.5000000000000018 8.5000000000000018 5.5000000000000009 11.250000000000002 4.5000000000000009 5.6500000000000012 4.5000000000000009
decision_type=2 2 2 2 2 2 2 2 2 2 2 2 2 2 2 2 2 2 2 2 2 2 2 2 2 2 2 2 2 2 2 2 2 2 2 2 2 2 2 2 2 2 2 2 2 2 2 2 2 2 2 2 2 2 2 2 2 2 2 2 2 2
left_child=2 6 5 4 13 8 11 10 30 19 -4 24 -9 29 32 -8 17 50 20 26 -17 34 -15 55 -2 44 -6 35 51 -3 61 41 -7 -19 -14 -10 -28 -5 -33 -18 -16 -11 -43 53 -20 -25 -29 -34 49 -49 -12 52 -13 54 -24 56 -21 58 -41 60 -42 -1
right_child=1 3 7 37 9 14 15 12 27 31 16 28 21 22 40 18 39 33 25 23 -22 -23 43 45 -26 -27 36 46 -30 -31 -32 38 47 -35 -36 -37 -38 -39 -40 57 59 42 -44 -45 -46 -47 -48 48 -50 -51 -52 -53 -54 -55 -56 -57 -58 -59 -60 -61 -62 -63
leaf_value=-0.12135292641361856 -0.034954567637015391 0.17596900059971396 -0.063807990925375202 -0.011670161958050129 0.16094068557967967 -0.10372062246491683 -0.048372213248520687 0.022001061540544094 -0.10498407026980285 0.30598326584649466 -0.031517767824028459 0.028152562777253465 0.10542743507287076 0.13582464014993412 -0.075919691847176257 0.099135655730142977 -0.088740454784251702 0.04434982295301939 0.083184050519837419 0.27356102570760898 0.14392247361605515 0.00059066564555799105 0.3775031467463007 0.28337656856027627 0.0067979898301500632 0.11071099176709449 0.2911027205051489 -0.13531713430537584 0.071965573118531537 0.22118325468746766 -0.13758939448769864 0.38523580191140688 -0.10301419151880646 0.21472130803872419 0.19272425842031182 -0.033185646677332009 0.35223820381100679 0.050739701785771509 0.53797729784501469 -0.039316699223530031 -0.046519821799130757 0.50468389123033131 0.35880849959800409 0.14851901357079128 0.042293807755159202 0.22903036821194842 -0.10313754898663 -0.07549333940675583 -0.091067616468774593 -0.032269948054003877 -0.0055412500698911469 0.016517834600338937 0.069101507757428834 0.17965294994495593 0.21935226615671105 0.15305479044189102 0.13778755392703709 -0.075668327526574042 0.018874129028026015 -0.065593551754434654 0.010460201231692008 -0.16857057404876474
leaf_weight=119 471 355 1165 171 22 1175 51 469 836 107 854 381 217 785 473 687 142 492 915 57 616 46 14.999999999999998 476 1028 594 236 1211 407 649 765 45 475 14.999999999999998 75 87 194 235 26 360 532 23 148 214 247 140 393 795 833 335 878 586 317 246 95 65 19 112 136 343 171 2109
leaf_count=119 471 355 1165 171 22 1175 51 469 836 107 854 381 217 785 473 687 142 492 915 57 616 46 15 476 1028 594 236 1211 407 649 765 45 475 15 75 87 194 235 26 360 532 23 148 214 247 140 393 795 833 335 878 586 317 246 95 65 19 112 136 343 171 2109
internal_value=0.000898976 0.118507 -0.0791209 0.205892 0.224697 -0.109771 0.0585413 -0.0133093 -0.139556 0.298365 -0.0273818 0.0194813 0.0591201 0.176031 -0.0777322 0.0986035 -0.0131819 -0.00299953 0.101056 0.2778 0.12032 0.110598 0.154391 0.257861 -0.00632118 0.0867547 0.311125 -0.116774 0.0423543 0.205217 -0.158785 0.369498 -0.0878855 0.0494357 0.127915 -0.098223 0.318765 0.0244524 0.441875 -0.0435723 -0.0535766 0.350854 0.378724 0.179928 0.0744983 0.271068 -0.127441 -0.0802489 -0.0747343 -0.0626851 -0.0183518 0.0329617 0.0467598 0.198757 0.24126 0.2 0.23987 -0.0330071 -0.0233565 -0.0434649 -0.0326575 -0.166055
internal_weight=26236 10623 15613 4323 3917 10652 6300 4961 5520 1558 4154 3190 807 2359 5132 3110 2989 2239 3059 1209 1303 338 1355 757 1499 1756 452 2527 1691 1004 2993 349 3613 507 292 923 430 406 71 750 1519 278 171 570 1162 616 1604 2438 1963 1130 1732 1284 698 356 110 141 76 608 496 1046 703 2228
internal_count=26236 10623 15613 4323 3917 10652 6300 4961 5520 1558 4154 3190 807 2359 5132 3110 2989 2239 3059 1209 1303 338 1355 757 1499 1756 452 2527 1691 1004 2993 349 3613 507 292 923 430 406 71 750 1519 278 171 570 1162 616 1604 2438 1963 1130 1732 1284 698 356 110 141 76 608 496 1046 703 2228
is_linear=0
shrinkage=0.04


Tree=9
num_leaves=63
num_cat=0
split_feature=3 16 3 22 16 16 3 16 22 22 13 16 16 14 16 22 16 15 16 16 26 13 13 0 26 26 0 24 13 16 22 15 14 22 13 26 26 22 22 14 26 14 19 29 4 18 24 24 24 22 22 16 21 26 8 3 16 1 1 31 18 16
split_gain=140540 31617.5 17064 8535.83 9826.25 4540.19 3748.87 2428.62 2044.67 1532.49 2152.84 1336.76 1119.28 1000.83 857.587 1818.81 1928.69 828.737 723.975 644.51 607.76 603.137 552.576 515.053 477.507 447.709 354.326 335.88 324.317 295.082 288.471 259.951 255.516 247.869 243.399 243.146 235.501 229.986 228.301 225.225 219.637 209.849 206.324 205.525 218.864 203.698 193.261 189.116 185.068 178.685 170.358 168.835 164.418 208.447 162.824 201.317 159.301 158.877 204.763 304.436 185.18 157.51
threshold=7.5000000000000009 9.4614369234506075 3.5000000000000004 4.5000000000000009 12.840303133017812 7.1208660400221797 5.5000000000000009 5.2119359534787959 4.5000000000000009 4.5000000000000009 3.2652823714829409 11.16463158313516 15.836698264477794 6.1117044775306697 3.7624050826842086 4.5000000000000009 5.4681557194542822 4.8964603817661585 8.1448120349103004 5.9168725300649436 1.0000000180025095e-35 4.7755363181989141 3.437621471208014 9.5000000000000018 1.0000000180025095e-35 1.0000000180025095e-35 6.5000000000000009 7.5000000000000009 5.5752428924150577 3.3273554245052823 5.5000000000000009 12.330386606984787 11.480218960795368 1.5000000000000002 3.5397577681913899 1.0000000180025095e-35 1.0000000180025095e-35 1.5000000000000002 2.5000000000000004 10.985813538601084 1.0000000180025095e-35 10.498726910794412 -106.49999999999999 42.500000000000007 306.50000000000006 4.4068287037037051 7.5000000000000009 7.5000000000000009 7.5000000000000009 5.5000000000000009 1.5000000000000002 8.4181874181302483 18.500000000000004 1.0000000180025095e-35 16.928571428571434 16.500000000000004 10.499554299159033 26.500000000000004 21.500000000000004 355.67000000000002 2.0673326026305303 4.1788627570760193
decision_type=2 2 2 2 2 2 2 2 2 2 2 2 2 2 2 2 2 2 2 2 2 2 2 2 2 2 2 2 2 2 2 2 2 2 2 2 2 2 2 2 2 2 2 2 2 2 2 2 2 2 2 2 2 2 2 2 2 2 2 2 2 2
left_child=2 5 8 4 11 19 14 61 17 10 -9 20 24 30 -4 16 36 29 48 -2 45 -12 -18 -17 43 46 -15 41 -26 -1 -10 -5 -29 -22 -19 42 -16 -30 -27 -11 -21 -13 -14 57 -45 56 -20 -39 -7 -41 -42 -25 53 -43 -37 -56 -3 58 60 -60 -6 -8
right_child=1 3 6 31 12 18 7 9 13 39 21 27 35 26 15 23 22 34 25 40 33 -23 -24 51 28 38 -28 32 37 -31 -32 -33 -34 -35 -36 54 -38 47 -40 49 50 52 -44 44 -46 -47 -48 -49 -50 -51 -52 -53 -54 -55 55 -57 -58 -59 59 -61 -62 -63
leaf_value=-0.11399656072977213 -0.019311936757383005 0.15475946808861554 -0.093427068472149946 -0.031689066090815912 0.34542621446883653 0.068226341295391152 -0.072003330409785932 -0.0010493901257275725 -0.14159880065646868 -0.066649809316348535 0.075687606535375804 0.27304221485583929 0.35256675579443786 -0.13214820631069218 -0.032724796351975866 -0.104252872028059 0.0084557388010892461 -0.016844236107109438 0.13123672682991158 0.039541207124845275 0.1534411838601305 0.20839722744571793 0.10159192633659771 -0.085501060950521596 0.18115398380830086 0.092091973453428941 -0.0956760033897429 0.20280419563223742 0.30024400312106592 -0.0744876969796823 -0.16833274109881438 0.038046363273095685 0.12973346062334981 0.11404761569805126 0.12327012587385058 0.28144359205758096 -0.063947513284218035 0.26197729513471185 0.053025574654936618 -0.0065708702722218626 0.031674537188383908 0.22956473590196955 0.46774144789668859 0.2835729968598838 0.1183109334925687 0.26187706455245346 0.08804910188638268 0.19266688163620255 0.036899114658432972 -0.068770822266251544 -0.006522246944649486 -0.043818277847276974 0.28162711949676206 0.18342712808889153 0.27199739328389677 0.4025712874030285 0.19384023280070264 0.20146393612288591 0.33245116605246244 0.5067563226497519 0.27587539880147011 -0.045349593093122954
leaf_weight=670 890 510 1284 117 130 929 529 1437 1108 329 537 88 48 1191 564 1075 471 112 574 722 383 61 130 249 84 740 667 149 205 554 1573 317 160 780 24 58 1233 300 355 300 313 265 58 70 15.999999999999998 39 235 82 448 98 463 416 45 397 27 73 253 17 53 24 124 1083
leaf_count=670 890 510 1284 117 130 929 529 1437 1108 329 537 88 48 1191 564 1075 471 112 574 722 383 61 130 249 84 740 667 149 205 554 1573 317 160 780 24 58 1233 300 355 300 313 265 58 70 16 39 235 82 448 98 463 416 45 397 27 73 253 17 53 24 124 1083
internal_value=0.000863817 0.11383 -0.0750062 0.188557 0.205114 0.0496064 -0.0426395 -0.0150882 -0.128753 0.00768184 0.025491 0.16535 0.294236 -0.141645 -0.0648646 -0.0559992 -0.0334061 -0.0857159 0.0801449 0.00764541 0.145541 0.0892608 0.0286185 -0.0871314 0.276484 0.0961273 -0.119062 0.20059 0.255191 -0.0961235 -0.157291 0.0192391 0.165029 0.127035 0.00793954 0.368395 -0.0541515 0.265749 0.0794344 -0.0421631 0.023663 0.214387 0.415987 0.309335 0.253023 0.172357 0.118706 0.247159 0.0580391 -0.0219049 0.00888396 -0.0594393 0.207046 0.201931 0.336211 0.367643 0.167744 0.323169 0.329351 0.387393 0.311602 -0.0541015
internal_weight=26236 10541 15695 4872 4438 5669 9796 4374 5899 2762 2035 3069 1369 4539 5422 4138 2398 1360 3281 2388 1965 598 601 1740 1105 1904 1858 1104 671 1224 2681 434 309 1163 136 264 1797 587 1095 727 1498 795 106 434 86 802 809 382 1377 398 776 665 707 662 158 100 763 348 331 77 254 1612
internal_count=26236 10541 15695 4872 4438 5669 9796 4374 5899 2762 2035 3069 1369 4539 5422 4138 2398 1360 3281 2388 1965 598 601 1740 1105 1904 1858 1104 671 1224 2681 434 309 1163 136 264 1797 587 1095 727 1498 795 106 434 86 802 809 382 1377 398 776 665 707 662 158 100 763 348 331 77 254 1612
is_linear=0
shrinkage=0.04


Tree=10
num_leaves=63
num_cat=0
split_feature=9 26 26 10 16 26 16 16 9 0 9 9 26 26 26 26 16 9 26 24 26 15 15 13 27 15 9 10 24 21 12 24 24 11 10 10 19 10 27 0 19 27 1 26 26 26 9 1 31 23 24 14 24 10 10 24 27 10 15 21 18 7
split_gain=90201.8 57776.8 24959 15669.8 13935.4 3265.53 3096.81 1851.49 1754.71 1401.45 1276.54 1078 721.564 606.067 527.435 516.109 444.597 440.058 418.095 392.439 360.344 349.923 343.824 307.638 295.119 310.316 286.853 286.706 267.962 238.259 291.032 232.196 258.46 222.536 205.839 191.069 186.64 182.193 181.967 181.671 178.632 167.627 165.491 164.4 163.773 162.921 160.796 177.185 167.61 350.021 160.319 157.104 156.251 154.683 152.119 176.818 148.681 144.198 144.062 143.89 143.606 146.784
threshold=8.1785714285714288 -0.60785761079279388 -0.60785761079279388 12.316666666666668 5.2119359534787959 -0.8783796973249266 10.373152454488128 6.5670401201796897 3.8214285714285716 5.5000000000000009 14.464285714285717 12.178571428571429 1.0000000180025095e-35 1.0000000180025095e-35 1.0000000180025095e-35 1.0000000180025095e-35 8.8556281500210776 9.5357142857142865 -1.0000000180025095e-35 7.5000000000000009 1.0000000180025095e-35 11.48796111467623 5.8414091270601665 6.6955121290552251 1.0000000180025095e-35 16.61472332663838 3.035714285714286 15.050000000000002 7.5000000000000009 1.5000000000000002 6.3730200545255364 4.5000000000000009 2.5000000000000004 6.0944940022004435 7.5500000000000007 4.4500000000000011 -94.499999999999986 4.5500000000000007 1.0000000180025095e-35 3.5000000000000004 -97.499999999999986 1.0000000180025095e-35 8.5000000000000018 1.0000000180025095e-35 -0.8783796973249266 1.0000000180025095e-35 14.607142857142859 27.500000000000004 355.67000000000002 16.500000000000004 7.5000000000000009 13.034456401519362 7.5000000000000009 17.383333333333336 7.7166666666666677 8.5000000000000018 1.0000000180025095e-35 9.8166666666666682 16.205748264621267 8.5000000000000018 1.7358531757582816 148.50000000000003
decision_type=2 2 2 2 2 2 2 2 2 2 2 2 2 2 2 2 2 2 2 2 2 2 2 2 2 2 2 2 2 2 2 2 2 2 2 2 2 2 2 2 2 2 2 2 2 2 2 2 2 2 2 2 2 2 2 2 2 2 2 2 2 2
left_child=2 5 9 6 8 11 12 15 26 39 19 57 16 50 54 -6 -3 42 27 23 37 -7 -11 45 53 29 -4 40 -18 30 -26 32 -15 -29 -16 -22 -25 -10 -17 -1 -12 -19 -14 -21 -24 -5 -31 48 -48 -50 -8 -47 59 60 55 -9 -33 -2 -13 -36 -20 -62
right_child=1 3 4 10 7 21 13 14 20 22 18 58 17 31 34 38 28 41 24 43 35 -23 44 36 25 -27 -28 33 -30 46 -32 56 -34 -35 52 -37 -38 -39 -40 -41 -42 -43 -44 -45 -46 51 47 -49 49 -51 -52 -53 -54 -55 -56 -57 -58 -59 -60 -61 61 -63
leaf_value=-0.15889558493450515 -0.050683670322104385 0.098194442908606169 -0.11253247184712752 0.2727077501260583 0.017884800340949424 -0.11547281318487609 0.2101025555267903 0.068982032790121051 -0.045788649461941666 -0.12976365495832964 0.1986606570239707 0.028598190782101244 0.083630947383364282 0.12303869551967486 0.018124036211352865 -0.024189316880840743 0.15804503506528703 0.098246850277335124 0.21007853263058748 0.23385654406219175 -0.071907496924232123 -0.07363429820421101 -0.086921301993506547 0.25222210429362113 0.26433828795982517 0.45069128701513295 -0.083525667338742449 0.51906463966550409 0.10880046181753131 0.16992833634566143 0.49869017298187684 0.12304136966806162 0.19809127336002263 0.37074662431099392 0.053075578262100374 -0.048176931322985547 0.43910729930411635 -0.017126705568911403 0.0023659295374951241 -0.13905778051082951 0.35520772318441074 0.13709440932695796 0.05186976814410036 0.16914964095263313 -0.13549263729275368 0.26221376743154251 0.28354124727757979 0.17701208317477399 0.45127480438971446 0.27281393438979296 0.16747444295841685 0.20775925408189611 0.024960434944690781 0.33871956791839192 0.093179487651706194 0.027829602622383071 0.16351569758604317 -0.020195021623978987 0.083480924035332096 0.12026373037393542 0.18143722984420349 0.28813606655862417
leaf_weight=1647 489 566 809 214 1267 881 504 581 870 589 23 276 938 105 1017 1227 616 469 95 103 1060 504 1033 14.999999999999998 14.999999999999998 26 1688 21 250 17 21 461 251 87 290 1117 22 600 622 1363 25 289 366 168 125 139 140 18 35 37 201 231 282 37 244 235 215 505 106 62 25 144
leaf_count=1647 489 566 809 214 1267 881 504 581 870 589 23 276 938 105 1017 1227 616 469 95 103 1060 504 1033 15 15 26 1688 21 250 17 21 461 251 87 290 1117 22 600 622 1363 25 289 366 168 125 139 140 18 35 37 201 231 282 37 244 235 215 505 106 62 25 144
internal_value=0.000315783 0.0977032 -0.0558649 0.159665 -0.0250641 -0.0568979 0.125696 0.0192513 -0.0670929 -0.133373 0.266821 -0.0132509 0.103989 0.169352 0.0434238 -0.00177948 0.125811 0.0888276 0.304752 0.234215 -0.0494014 -0.100256 -0.104857 0.251803 0.289646 0.317327 -0.0929285 0.363581 0.143845 0.304913 0.402102 0.149777 0.176001 0.400058 0.0292816 -0.0597352 0.364281 -0.0340932 -0.0152555 -0.149918 0.280806 0.113077 0.0747226 0.193828 -0.0921773 0.244612 0.290583 0.299414 0.309709 0.360099 0.197977 0.228287 0.0471707 0.261127 0.0654441 0.0571378 0.135939 -0.0351996 0.0438505 0.0649463 0.250121 0.272481
internal_weight=26378 9650 16728 6889 11971 2761 5231 5827 6144 4757 1658 1376 3494 1737 2711 3116 1432 2062 766 892 3647 1385 1747 621 610 309 2497 156 866 283 36 1032 356 108 1651 2177 37 1470 1849 3010 48 758 1304 271 1158 584 247 230 212 72 705 370 634 301 1060 816 676 994 382 352 264 169
internal_count=26378 9650 16728 6889 11971 2761 5231 5827 6144 4757 1658 1376 3494 1737 2711 3116 1432 2062 766 892 3647 1385 1747 621 610 309 2497 156 866 283 36 1032 356 108 1651 2177 37 1470 1849 3010 48 758 1304 271 1158 584 247 230 212 72 705 370 634 301 1060 816 676 994 382 352 264 169
is_linear=0
shrinkage=0.04


Tree=11
num_leaves=63
num_cat=0
split_feature=2 9 3 22 10 9 3 2 10 16 16 3 10 22 22 9 10 26 22 26 10 2 26 12 16 13 26 19 0 22 9 26 15 1 2 2 16 12 17 3 21 1 31 4 1 4 10 2 9 16 2 3 9 0 16 22 10 22 16 26 26 22
split_gain=119587 26823.4 15624.7 6911.77 5997.29 5377.6 3735.16 3414.66 1129.64 1102.36 1076.97 900.645 866.395 791.241 678.959 695.467 626.452 608.861 582.887 522.067 482.424 471.142 360.215 359.625 333.728 291.957 291.834 291.778 272.35 270.906 267.217 264.853 258.758 257.937 225.314 214.398 204.206 201.016 372.242 198.484 194.479 193.437 185.978 232.75 212.484 219.486 185.091 182.693 179.517 173.418 162.382 158.072 191.094 154.617 140.635 139.946 134.466 134.046 133.004 126.127 125.028 124.457
threshold=7.5000000000000009 10.178571428571429 4.5000000000000009 4.5000000000000009 13.41666666666667 7.9642857142857153 7.5000000000000009 3.5000000000000004 6.6833333333333345 11.16463158313516 6.4876733397796276 2.5000000000000004 4.4833333333333343 4.5000000000000009 4.5000000000000009 9.3928571428571441 6.3166666666666673 1.0000000180025095e-35 4.5000000000000009 1.0000000180025095e-35 16.016666666666669 5.5000000000000009 1.0000000180025095e-35 5.9669418971861576 8.8075771800800826 3.8381029796969535 1.0000000180025095e-35 -110.49999999999999 14.500000000000002 1.5000000000000002 5.6785714285714297 1.0000000180025095e-35 14.347784780181707 9.5000000000000018 1.5000000000000002 26.500000000000004 7.5885460533014699 5.7952706651453108 179.50000000000003 26.500000000000004 -9.4999999999999982 26.500000000000004 355.67000000000002 144.50000000000003 19.500000000000004 350.50000000000006 8.1833333333333353 15.500000000000002 4.8214285714285721 5.2471600685632316 18.500000000000004 16.500000000000004 17.821428571428573 20.500000000000004 3.572288260582404 4.5000000000000009 3.2500000000000004 2.5000000000000004 4.3384684412809422 1.0000000180025095e-35 1.0000000180025095e-35 2.5000000000000004
decision_type=2 2 2 2 2 2 2 2 2 2 2 2 2 2 2 2 2 2 2 2 2 2 2 2 2 2 2 2 2 2 2 2 2 2 2 2 2 2 2 2 2 2 2 2 2 2 2 2 2 2 2 2 2 2 2 2 2 2 2 2 2 2
left_child=2 5 7 4 9 10 12 11 48 26 30 34 54 16 15 46 49 20 19 24 41 -9 -11 37 -7 -21 -3 -22 -15 33 -2 -12 -5 -24 -1 51 -18 38 -19 -29 -39 42 43 -6 45 -44 -10 -35 -8 -14 -40 -25 -53 -45 -4 56 -13 -28 -23 -56 -32 -27
right_child=1 3 6 32 17 18 8 21 14 22 31 55 13 28 -16 -17 36 23 -20 25 27 58 29 35 -26 61 57 39 -30 -31 60 -33 -34 47 -36 -37 -38 40 50 -41 -42 -43 44 53 -46 -47 -48 -49 -50 -51 -52 52 -54 -55 59 -57 -58 -59 -60 -61 -62 -63
leaf_value=-0.15592734446591633 -0.027320188878022879 0.16278449328288452 -0.086578524017903863 -0.0072649809056080199 0.38232870571338495 0.092224808982520182 -0.056350423463000121 -0.083336541247723425 0.033890162193940573 0.21658087506404078 0.057220546985577617 -0.10606043794844151 -0.038337671474711815 -0.066942066561562097 -0.01767648362716804 0.14430730353257809 0.015192119904984749 0.30048992738481933 -0.033075431953869798 0.060191901807407973 0.29852395935275955 -0.068665349388704652 0.18799996851506984 0.23571810207258295 0.13374434319115747 0.10254895735254889 0.13572553195651815 0.48590889776075208 -0.017814302187580539 0.15915978613722001 0.019840532834964151 0.0261829256033916 0.057336877379285243 0.20929853406445731 -0.13296891987434584 0.40125655074617755 0.091188979166295495 0.24947143159297683 0.12712561141934753 0.31824634866684853 0.079334606537285884 0.16645746345919463 0.3618120252664449 0.25336269559380398 0.43384674829857367 0.18086675652286463 0.078833074683785892 0.35861530127474417 -0.0045634801716103943 -0.013230549869872653 0.27806684531912901 0.27283732273532074 0.37780713033824692 0.37489592706969888 -0.046971015433550777 -0.1142805882002126 -0.069881173278735928 0.098690903833789256 -0.034856502142289608 -0.071184185684801837 -0.0077348633300593581 0.072069191470650329
leaf_weight=1061 571 563 435 205 32 603 122 2511 472 573 779 439 1038 1012 198 145 294 63 59 722 35 303 196 176 641 719 523 48 220 552 550 1012 192 26 1963 20 70 15.999999999999998 49 15.999999999999998 33 19 31 183 32 17 213 28 873 765 14.999999999999998 261 32 19 618 1445 265 226 485 782 504 308
leaf_count=1061 571 563 435 205 32 603 122 2511 472 573 779 439 1038 1012 198 145 294 63 59 722 35 303 196 176 641 719 523 48 220 552 550 1012 192 26 1963 20 70 16 49 16 33 19 31 183 32 17 213 28 873 765 15 261 32 19 618 1445 265 226 485 782 504 308
internal_value=0.000304427 0.103813 -0.0697738 0.182772 0.19943 0.0527701 -0.0266975 -0.106671 0.0194599 0.16724 0.0182936 -0.126952 -0.0445383 -0.0325779 0.048865 0.0647414 -0.0180235 0.278252 0.091356 0.0938105 0.31536 -0.0748664 0.192284 0.254098 0.113629 0.0797073 0.14098 0.393322 -0.058173 0.174897 -0.00528425 0.0396864 0.0239798 0.209558 -0.14103 0.271819 0.0298334 0.204725 0.231358 0.444586 0.135325 0.292065 0.299604 0.281196 0.353004 0.298278 0.0478775 0.287279 -0.0109203 -0.0276873 0.162912 0.266211 0.284433 0.264984 -0.0666886 -0.107137 -0.0924565 0.124568 -0.0478662 -0.0605013 0.00665319 0.0934178
internal_weight=26378 10649 15729 4181 3784 6468 7257 8472 2023 2687 3416 5173 5234 3399 1028 830 2167 1097 3052 2993 432 3299 1375 665 1244 1749 1312 99 1232 802 1625 1791 397 250 3024 489 364 176 127 64 49 333 314 234 80 48 685 54 995 1803 64 469 293 202 1835 2149 704 749 788 1400 1054 1027
internal_count=26378 10649 15729 4181 3784 6468 7257 8472 2023 2687 3416 5173 5234 3399 1028 830 2167 1097 3052 2993 432 3299 1375 665 1244 1749 1312 99 1232 802 1625 1791 397 250 3024 489 364 176 127 64 49 333 314 234 80 48 685 54 995 1803 64 469 293 202 1835 2149 704 749 788 1400 1054 1027
is_linear=0
shrinkage=0.04


Tree=12
num_leaves=63
num_cat=0
split_feature=2 10 3 22 10 16 3 2 10 2 16 16 10 22 22 26 22 13 26 24 13 26 15 10 4 3 16 24 0 22 24 26 10 15 11 2 3 26 26 16 22 16 10 26 14 10 16 4 15 22 15 16 13 10 15 22 24 24 14 26 4 4
split_gain=110216 24736.1 14399.8 6330.58 5807.74 4731.5 3442.39 3159.36 1041.13 1014.88 974.26 952.861 798.726 842.952 653.044 657.254 625.761 618.674 586.335 544.234 501.634 458.3 344.457 312.26 311.546 292.518 278.167 277.689 250.992 244.884 234.28 227.202 226.913 218.053 215.079 208.335 206.908 198.377 190.741 187.541 208.66 312.675 180.232 180.197 179.63 186.956 168.294 162.707 157.935 157.529 228.964 153.545 146.826 140.585 139.453 139.371 136.076 132.949 132.511 131.618 130.947 135.67
threshold=7.5000000000000009 9.9500000000000011 4.5000000000000009 4.5000000000000009 12.450000000000001 7.8431456766665706 7.5000000000000009 2.5000000000000004 6.6833333333333345 4.5000000000000009 6.4876733397796276 14.116214904974724 4.6500000000000012 4.5000000000000009 4.5000000000000009 1.0000000180025095e-35 4.5000000000000009 4.0234942210877405 1.0000000180025095e-35 6.5000000000000009 3.1037611591959444 1.0000000180025095e-35 10.737714855254515 16.016666666666669 106.50000000000001 2.5000000000000004 8.8556281500210776 4.5000000000000009 14.500000000000002 2.5000000000000004 2.5000000000000004 1.0000000180025095e-35 5.116666666666668 14.347784780181707 6.5755680544037558 26.500000000000004 3.5000000000000004 1.0000000180025095e-35 1.0000000180025095e-35 3.9256925410213612 4.5000000000000009 5.3265261362021654 8.4500000000000011 1.0000000180025095e-35 13.034456401519362 14.583333333333334 10.748794346448699 154.50000000000003 4.2818052564259306 1.5000000000000002 16.61472332663838 3.572288260582404 5.119772329933217 5.4166666666666679 7.7843634902162808 1.5000000000000002 7.5000000000000009 7.5000000000000009 12.106046762306059 1.0000000180025095e-35 180.50000000000003 350.50000000000006
decision_type=2 2 2 2 2 2 2 2 2 2 2 2 2 2 2 2 2 2 2 2 2 2 2 2 2 2 2 2 2 2 2 2 2 2 2 2 2 2 2 2 2 2 2 2 2 2 2 2 2 2 2 2 2 2 2 2 2 2 2 2 2 2
left_child=2 5 7 4 18 10 12 25 48 36 32 19 51 20 15 26 17 -10 22 24 43 23 -3 47 -6 -1 -7 30 -15 42 -20 -12 -2 -5 -25 44 -9 -34 -21 -11 41 -41 -17 -14 -23 -46 -19 -13 -8 50 -47 -4 -29 -45 -42 -33 -54 -28 -40 -53 -49 -62
right_child=1 3 6 33 11 14 8 9 16 39 31 21 13 28 -16 29 -18 46 27 38 -22 35 -24 34 -26 -27 57 52 -30 -31 -32 55 37 -35 -36 -37 -38 -39 58 40 54 -43 -44 53 45 49 -48 60 -50 -51 -52 59 56 -55 -56 -57 -58 -59 -60 -61 61 -63
leaf_value=-0.14076815344334778 -0.036100369705455007 0.14524837621893347 -0.083116178933134624 -0.0035236359547266855 0.082916431247563885 0.091858555350194215 -0.067503196918321642 -0.10330319432194583 0.041332513939878551 -0.07808579919932418 0.053862651755706495 0.38574369773097417 0.00092950818030145411 -0.064264648807383307 -0.058311852063763658 0.056386442313480924 -0.016969780917563852 0.10046474985841472 0.11544851676062605 0.21698086718063006 0.051100307477671109 0.37432854494337214 0.19459844449908509 0.50921096623292439 0.24863154803508791 -0.11250086937253181 0.1414501268146976 0.11168688189882611 -0.0171020535789921 0.050751969661116281 0.17791248778633914 0.044009582148099698 0.017186510618016321 0.055044596790472307 0.34974556833033738 0.38591478946945423 -0.083230575220140685 -0.013849440844270646 0.20788093542130848 -0.048283961902134687 -0.10195020162030032 0.020756532053163242 0.092817932561597524 -0.041466000952516152 0.17141824787260265 0.26704435838443463 0.18411625185055644 0.16931507042974059 -0.0060269028121023773 0.23848418180153541 0.42428403664633862 -0.043461406680434148 0.18323784432192469 -0.014740748906586701 -0.05593745887596472 0.012901726456193729 0.11558167937685949 0.1005089498201653 0.12810152548760464 -0.066274826552803826 0.31210037537968949 0.23284248855279582
leaf_weight=2408 306 395 435 216 19 624 72 2210 609 546 787 26 480 1012 49 296 198 171 141 103 175 18 538 17 503 779 445 729 220 557 309 376 679 192 82 19 1316 640 45 561 147 129 827 619 51 75 50 17 923 277 19 717 101 642 376 596 92 180 134 934 117 52
leaf_count=2408 306 395 435 216 19 624 72 2210 609 546 787 26 480 1012 49 296 198 171 141 103 175 18 538 17 503 779 445 729 220 557 309 376 679 192 82 19 1316 640 45 561 147 129 827 619 51 75 50 17 923 277 19 717 101 642 376 596 92 180 134 934 117 52
internal_value=0.000293341 0.0996633 -0.0669831 0.173929 0.189693 0.0496177 -0.0256297 -0.102405 0.0186818 -0.0834323 0.017256 0.248928 -0.042757 -0.0300343 0.0863888 0.0888122 0.0469115 0.0621532 0.149233 0.218384 -0.0134339 0.280786 0.173725 0.31846 0.242621 -0.133863 0.110795 0.132565 -0.0558465 0.0724622 0.158375 0.0378842 -0.00507291 0.0240397 0.377635 0.255192 -0.0958147 0.00212594 0.173444 -0.0586061 -0.0498305 -0.0353724 0.083223 -0.0199244 0.249456 0.244038 0.119474 0.290652 -0.0104838 0.253966 0.299265 -0.0619536 0.119949 -0.0278635 -0.0688911 0.0249406 0.151074 0.12968 0.148274 -0.0563718 0.277148 0.287877
internal_weight=26378 10649 15729 4287 3879 6362 7257 8472 2023 5285 3384 1574 5234 3148 2978 2929 1028 830 2305 804 1916 770 933 311 522 3187 1249 1372 1232 1680 450 1759 1625 408 99 459 3526 1319 282 1759 1213 690 1123 1741 440 422 221 212 995 371 94 2086 922 1261 523 972 193 625 179 1651 186 169
internal_count=26378 10649 15729 4287 3879 6362 7257 8472 2023 5285 3384 1574 5234 3148 2978 2929 1028 830 2305 804 1916 770 933 311 522 3187 1249 1372 1232 1680 450 1759 1625 408 99 459 3526 1319 282 1759 1213 690 1123 1741 440 422 221 212 995 371 94 2086 922 1261 523 972 193 625 179 1651 186 169
is_linear=0
shrinkage=0.04


Tree=13
num_leaves=63
num_cat=0
split_feature=3 9 3 25 10 9 3 16 25 25 8 9 16 0 9 16 25 9 16 0 24 3 13 10 25 16 10 9 11 0 24 13 13 24 5 15 9 0 27 13 8 24 10 8 21 9 31 24 24 13 10 24 4 11 16 10 7 17 10 21 7 3
split_gain=101373 22419.1 12578.7 5707.17 5512.52 4243.13 2740.51 1631.14 1564.15 1061.3 1466.86 949.223 856.558 746.891 676.738 641.164 1418.61 1187.88 498.209 443.03 394.102 346.185 328.32 311.004 304.618 324.719 267.424 246.883 240.92 223.335 224.687 217.06 204.896 204.753 202.085 199.188 198.339 190.786 179.334 175.213 174.894 174.344 172.746 169.5 166.38 214.519 163.186 158.984 158.646 146.496 144.443 138.402 136.967 132.543 129.807 129.517 166.891 128.953 128.656 126.212 125.671 123.079
threshold=7.5000000000000009 10.035714285714286 3.5000000000000004 1.0000000180025095e-35 12.450000000000001 7.9642857142857153 5.5000000000000009 5.2119359534787959 1.0000000180025095e-35 1.0000000180025095e-35 8.071428571428573 14.464285714285717 6.2686551382318312 5.5000000000000009 4.3928571428571432 3.9256925410213612 1.0000000180025095e-35 6.6071428571428585 11.16463158313516 9.5000000000000018 6.5000000000000009 18.500000000000004 2.1161665623339396 9.3500000000000032 1.0000000180025095e-35 8.8556281500210776 6.7166666666666677 18.607142857142861 5.0237531028201525 11.500000000000002 6.5000000000000009 6.6955121290552251 3.4525518250029257 4.5000000000000009 164.50000000000003 11.320803896393196 12.178571428571429 9.5000000000000018 1.0000000180025095e-35 3.1416738864293818 4.7857142857142865 5.5000000000000009 2.9833333333333338 14.214285714285717 -3.4999999999999996 16.250000000000004 175.26500000000001 7.5000000000000009 5.5000000000000009 6.0089970096740606 8.3833333333333346 6.5000000000000009 109.50000000000001 6.1913918736689082 4.6484649493086989 14.483333333333336 160.50000000000003 94.500000000000014 8.2500000000000018 1.0000000180025095e-35 128.50000000000003 16.500000000000004
decision_type=2 2 2 2 2 2 2 2 2 2 2 2 2 2 2 2 2 2 2 2 2 2 2 2 2 2 2 2 2 2 2 2 2 2 2 2 2 2 2 2 2 2 2 2 2 2 2 2 2 2 2 2 2 2 2 2 2 2 2 2 2 2
left_child=2 5 8 4 18 12 15 54 14 10 26 20 40 32 42 -4 17 22 33 -18 31 46 -17 -12 25 47 -9 34 -19 49 57 52 -10 -3 44 -11 -5 -15 -37 -16 -2 -14 -1 53 -23 -46 -13 58 61 60 -21 -45 -6 -36 -8 -22 -57 -31 -7 -50 -20 -27
right_child=1 3 6 36 11 24 7 9 13 35 23 21 41 37 39 16 19 28 29 50 55 27 -24 -25 -26 48 -28 -29 -30 30 -32 -33 -34 -35 43 38 -38 -39 -40 -41 -42 -43 -44 51 45 -47 -48 -49 59 -51 -52 -53 -54 -55 -56 56 -58 -59 -60 -61 -62 -63
leaf_value=-0.10342516224197613 -0.040625278638700586 0.14756919887843856 -0.076688675007479098 -0.023982074097838514 0.10873315601060109 0.063530546836533183 -0.053612835272186264 -0.0048217617303101187 -0.13532400200807637 -0.05253676846751313 0.065250551339120902 0.20076901660542062 0.045348869535645521 -0.10292434923282642 -0.023459798393587961 -0.051327332559998988 -0.089497535069977679 0.045837236091944081 0.1037074090971201 -0.069874559197225225 0.16464692973713735 0.25732601861608512 -0.018278501381792097 0.14118844200205563 -0.022119863655271219 0.11218440019618876 0.032214808185130311 0.45598602787548348 0.18442415475845336 0.25251816110417408 0.11353268174815323 0.33685598992826138 -0.10379234270766886 0.11646093463677955 0.29674862935332491 0.0081645000728886152 0.038495400796535482 -0.062228556771731496 -0.055486620819883876 0.07299929944432014 -0.0013753968722902104 0.021801901225885798 -0.071924556734519904 0.28001913244743387 0.31474769680262493 0.48676560552950898 0.26037487392349618 0.045772130977840837 0.070790012841472613 0.086549717863993861 -0.032111441809163581 0.21471981727630521 0.22915959402122199 0.43669758891501614 -0.029784379207741758 0.34714561790819987 0.18548651840679803 0.16128759015699198 0.090246999710371076 0.10277532656477451 0.20606465688549563 0.21600244147615283
leaf_weight=459 217 536 1546 116 15.999999999999998 512 1010 1264 2776 431 262 113 1007 1224 182 989 1054 222 21 278 285 22 937 129 43 532 414 14.999999999999998 22 27 181 30 377 935 35 231 271 218 102 36 1113 1007 715 212 27 22 226 295 373 20 390 72 432 17 575 14.999999999999998 34 361 667 424 285 19
leaf_count=459 217 536 1546 116 16 512 1010 1264 2776 431 262 113 1007 1224 182 989 1054 222 21 278 285 22 937 129 43 532 414 15 22 27 181 30 377 935 35 231 271 218 102 36 1113 1007 715 212 27 22 226 295 373 20 390 72 432 17 575 15 34 361 667 424 285 19
internal_value=0.000282512 0.0964437 -0.0636611 0.16635 0.18075 0.0477358 -0.0358814 -0.0124795 -0.109391 0.00569962 0.0205773 0.238791 0.0171271 -0.120646 -0.0722322 -0.0548929 -0.0462328 -0.024717 0.142154 -0.0733419 0.208629 0.270939 -0.0352519 0.090339 0.0834594 0.0850696 0.00431617 0.295262 0.0584114 0.165715 0.150499 0.231989 -0.131558 0.127807 0.289223 -0.0345857 0.0197618 -0.0967781 -0.011337 -0.00749544 -0.0077834 0.033578 -0.0842498 0.275998 0.351309 0.392855 0.240577 0.0720773 0.0992684 0.192214 -0.0478383 0.263553 0.224888 0.34329 -0.0449721 0.175133 0.235621 0.167705 0.078653 0.0878193 0.199083 0.115807
internal_weight=26378 10535 15843 4326 3939 6209 9856 4418 5987 2833 2069 1573 3344 4595 1392 5438 3892 2170 2366 1722 812 761 1926 391 2865 2822 1678 422 244 895 569 478 3153 1471 407 764 387 1442 333 218 1330 2014 1174 336 71 49 339 1474 1348 326 668 284 448 52 1585 334 49 388 1179 797 306 551
internal_count=26378 10535 15843 4326 3939 6209 9856 4418 5987 2833 2069 1573 3344 4595 1392 5438 3892 2170 2366 1722 812 761 1926 391 2865 2822 1678 422 244 895 569 478 3153 1471 407 764 387 1442 333 218 1330 2014 1174 336 71 49 339 1474 1348 326 668 284 448 52 1585 334 49 388 1179 797 306 551
is_linear=0
shrinkage=0.04


Tree=14
num_leaves=63
num_cat=0
split_feature=2 9 3 25 9 9 3 2 9 16 25 9 3 9 13 26 26 26 25 13 2 3 21 13 16 16 0 13 31 16 18 9 26 9 0 3 26 9 13 14 14 13 16 20 19 21 32 9 3 9 16 26 20 20 26 32 13 2 23 12 19 13
split_gain=93765.8 21028.7 12204.6 5389.8 4656.36 4207.89 2925.74 2716.9 974.145 844.383 829.339 767.164 707.449 651.455 600.398 500.594 449.882 443.392 385.884 380.479 373.371 309.124 319.925 274.873 270.439 260.677 251.31 241.655 237.575 235.099 255.859 234.329 227.493 199.816 193.976 188.603 188.44 173.68 155.037 157.258 152.022 209.603 148.875 148.794 147.667 144.403 138.909 135.152 131.192 130.378 129.77 127.111 126.968 163.877 126.331 124.452 135.727 124.317 122.158 120.775 133.967 119.553
threshold=7.5000000000000009 10.178571428571429 4.5000000000000009 1.0000000180025095e-35 12.750000000000002 7.9642857142857153 8.5000000000000018 3.5000000000000004 4.6785714285714297 6.5670401201796897 1.0000000180025095e-35 14.607142857142859 2.5000000000000004 7.2500000000000009 2.8998612729402868 1.0000000180025095e-35 -0.8783796973249266 1.0000000180025095e-35 1.0000000180025095e-35 4.4801605973014089 5.5000000000000009 16.500000000000004 11.500000000000002 5.119772329933217 10.748794346448699 8.8075771800800826 14.500000000000002 3.8381029796969535 135.37000000000003 15.836698264477794 1.3215534465534466 5.6785714285714297 1.0000000180025095e-35 13.535714285714286 3.5000000000000004 13.500000000000002 1.0000000180025095e-35 15.178571428571429 6.8414725846441007 13.16098265008142 15.599583820803131 5.8562275324653248 13.276078868578773 -1.0000000180025095e-35 113.50000000000001 -3.4999999999999996 114.50000000000001 3.6071428571428577 16.500000000000004 13.392857142857144 7.5885460533014699 1.0000000180025095e-35 3.5000000000000004 1.0000000180025095e-35 0.6078576107927941 186.00000000000003 6.1620827692159885 17.500000000000004 9.5000000000000018 5.3588275187478249 -89.499999999999986 3.1416738864293818
decision_type=2 2 2 2 2 2 2 2 2 2 2 2 2 2 2 2 2 2 2 2 2 2 2 2 2 2 2 2 2 2 2 2 2 2 2 2 2 2 2 2 2 2 2 2 2 2 2 2 2 2 2 2 2 2 2 2 2 2 2 2 2 2
left_child=2 5 7 4 15 9 8 12 47 31 14 38 34 -8 36 24 -7 25 19 51 -9 22 35 54 -3 -18 61 -19 -24 37 43 -2 -11 -5 -1 -13 -10 45 39 42 44 -42 -6 -31 55 -23 -44 -4 59 -46 -16 -15 53 -39 -17 56 -41 -47 -32 -26 -61 -12
right_child=1 3 6 33 11 16 13 20 10 32 26 21 -14 18 50 23 17 27 -20 -21 -22 29 28 -25 48 -27 -28 -29 -30 30 58 -33 -34 -35 -36 -37 -38 52 -40 40 41 -43 46 -45 49 57 -48 -49 -50 -51 -52 -53 -54 -55 -56 -57 -58 -59 -60 60 -62 -63
leaf_value=-0.1344663265564699 -0.024573228084411418 0.13757987318218382 -0.077336803955136965 -0.0057026137452444248 0.20326184621881752 -0.029404353927019438 0.0027768755604088112 -0.073561449988903252 -0.0017197429654980173 0.052824002769594244 -0.087690128002010009 0.23691256782134504 -0.094919164206715298 0.090026249868406669 0.017371797867155786 0.093970656025021151 0.082330235190488196 0.052248852334826568 -0.012740218196098066 0.13950702880318874 -0.04198477889955339 0.23451418172317706 0.16034075916997645 0.15468552750202563 0.180431866989647 0.11901440173589428 -0.014863797404532536 0.082476517227417112 0.34831631474831382 0.12198012426032782 0.39685304591661991 0.006839610815665872 0.023362974248701446 0.051075849241490827 -0.11409365580867213 0.14190624952942879 -0.028122744113109409 0.22037858950541228 0.26673679130734929 0.16177443641587097 0.15304640917949905 0.31072934967706506 0.33402365236803649 0.28222812111759593 0.14720114021657785 0.26306014300071956 0.22564188836658067 -0.052135048834031264 0.15312627276410753 0.24698168138937651 0.064528924937561988 0.042038846819159793 0.16341642106391899 0.31745928652146282 0.12427725852709784 0.23908360901463532 0.084419167931322939 0.36449410158844925 0.31295362719272862 0.14352661427329569 0.25639655646090209 -0.051774492071663937
leaf_weight=1612 571 399 427 206 235 58 645 2511 631 739 179 61 2149 125 388 342 603 722 99 110 788 49 14.999999999999998 359 265 642 274 1027 41 15.999999999999998 38 1135 971 191 1412 76 1376 106 59 181 24 32 31 23 32 35 53 1700 184 65 123 303 38 39 632 26 46 49 131 22 80 877
leaf_count=1612 571 399 427 206 235 58 645 2511 631 739 179 61 2149 125 388 342 603 722 99 110 788 49 15 359 265 642 274 1027 41 16 38 1135 971 191 1412 76 1376 106 59 181 24 32 31 23 32 35 53 1700 184 65 123 303 38 39 632 26 46 49 131 22 80 877
internal_value=0.00027216 0.091927 -0.061781 0.161839 0.176549 0.0467328 -0.0237099 -0.0943912 -0.0354745 0.0162354 -0.0234647 0.231279 -0.112482 0.0311183 -0.00996685 0.140557 0.0808652 0.0830029 0.0598076 0.0731611 -0.0660211 0.261239 0.217594 0.124713 0.162771 0.101257 -0.049015 0.0700032 0.298377 0.277267 0.310609 -0.00367395 0.0360985 0.0216149 -0.124958 0.184365 -0.0198231 0.255222 0.203847 0.19869 0.181994 0.24358 0.21987 0.217017 0.172067 0.290374 0.266013 -0.0571987 0.18098 0.21427 0.028737 0.0560763 0.229519 0.246705 0.113649 0.155801 0.146152 0.322617 0.332054 0.194895 0.232236 -0.0578721
internal_weight=26378 10649 15729 4181 3784 6468 7257 8472 5975 3416 3848 1501 5173 1282 2518 2283 3052 2994 637 538 3299 717 193 1333 950 1245 1330 1749 56 524 208 1706 1710 397 3024 137 2007 316 784 725 406 56 319 39 350 133 84 2127 551 97 511 428 183 145 974 253 227 84 169 367 102 1056
internal_count=26378 10649 15729 4181 3784 6468 7257 8472 5975 3416 3848 1501 5173 1282 2518 2283 3052 2994 637 538 3299 717 193 1333 950 1245 1330 1749 56 524 208 1706 1710 397 3024 137 2007 316 784 725 406 56 319 39 350 133 84 2127 551 97 511 428 183 145 974 253 227 84 169 367 102 1056
is_linear=0
shrinkage=0.04


Tree=15
num_leaves=63
num_cat=0
split_feature=2 10 2 22 9 9 22 16 22 10 16 14 16 26 26 16 9 22 15 16 10 22 10 26 26 16 15 26 16 26 22 22 26 16 22 22 15 2 17 9 10 24 10 9 22 10 24 26 7 32 2 8 10 10 24 15 9 32 24 23 8 15
split_gain=86417.3 20624.3 10853.1 5256.34 4582.93 3455.83 2732.63 2075.86 1925.84 1554.39 1315.34 1137.15 717.45 610.121 564.238 554.712 545.686 438.248 408.391 364.756 346.052 303.622 299.64 287.014 255.621 250.253 242.636 241.862 237.638 234.359 229.757 225.294 217.624 214.503 187.935 192.33 180.856 180.485 177.462 213.086 173.92 168.242 233.53 167.312 162.548 156.131 149.558 149.464 145.518 139.437 149.286 133.445 133.262 127.799 132.499 144.709 127.779 166.359 127.71 125.473 153.527 123.225
threshold=7.5000000000000009 10.516666666666667 4.5000000000000009 4.5000000000000009 7.8214285714285721 13.107142857142859 4.5000000000000009 5.1391014385395053 4.5000000000000009 7.3833333333333337 4.7660215963933652 6.1425802007186352 6.4006651225391176 -0.8783796973249266 1.0000000180025095e-35 15.516951024422003 9.1785714285714288 5.5000000000000009 10.068184070324177 3.2880076424398594 8.0500000000000025 5.5000000000000009 11.450000000000001 1.0000000180025095e-35 1.0000000180025095e-35 3.9256925410213612 7.9194668092141862 1.0000000180025095e-35 9.5416404001829331 1.0000000180025095e-35 2.5000000000000004 5.5000000000000009 1.0000000180025095e-35 7.9266643366313536 3.5000000000000004 1.5000000000000002 12.446779185034957 10.500000000000002 135.50000000000003 17.607142857142861 13.816666666666668 7.5000000000000009 12.716666666666667 5.6785714285714297 2.5000000000000004 6.5833333333333339 6.5000000000000009 1.0000000180025095e-35 244.50000000000003 165.00000000000003 17.500000000000004 15.642857142857144 6.3166666666666673 12.516666666666667 7.5000000000000009 11.931449587416864 13.821428571428575 104.50000000000001 3.5000000000000004 26.500000000000004 15.785714285714286 16.205748264621267
decision_type=2 2 2 2 2 2 2 2 2 2 2 2 2 2 2 2 2 2 2 2 2 2 2 2 2 2 2 2 2 2 2 2 2 2 2 2 2 2 2 2 2 2 2 2 2 2 2 2 2 2 2 2 2 2 2 2 2 2 2 2 2 2
left_child=2 4 6 5 12 14 10 25 9 27 19 31 43 -6 41 24 32 33 -11 -1 -10 36 46 -14 37 -4 -12 52 -19 -18 53 -8 -15 -13 35 38 -22 -7 -17 -40 56 42 -3 -2 -25 -29 -16 -27 59 -26 -51 -36 -9 54 -24 -56 -39 -58 -32 60 -42 -5
right_child=1 3 7 61 13 15 11 8 20 18 26 17 23 16 22 34 29 28 -20 -21 21 -23 30 44 49 47 -28 45 -30 -31 58 -33 -34 -35 51 -37 -38 40 39 -41 48 -43 -44 -45 -46 -47 -48 -49 -50 50 -52 -53 -54 -55 55 -57 57 -59 -60 -61 -62 -63
leaf_value=-0.088155371968429888 -0.023947917534147246 0.18125225578248738 -0.065274144129451706 0.0099440479431327188 -0.034454123668382429 0.10260253903092138 -0.11078825882713991 0.0078968811100976928 -0.076745475706259184 0.058693143649544019 -0.006499049050772171 -0.076782900786309796 0.048420037191626505 0.080768845034311615 0.12748418538234499 0.40581656442434294 0.1115961718489998 -0.10924926688861086 0.15272531065168282 -0.057220952301294079 -0.026259967211530982 -0.064242678260535951 0.17053551789106938 0.027008752666013405 0.20952038745325358 -0.027457471705409648 0.092038835998024815 -0.017383433080039656 -0.07916089089141809 0.082736012121980271 0.19069628774579556 -0.1333109467582215 0.053257279473525848 -0.033395236284830591 0.43037597996449606 0.22942646623044571 0.024159575118425512 0.24661835890347911 0.22056291618271026 0.35298399386449164 0.28732681772892849 0.14656196215341008 0.29343601398935937 0.0033863876599134696 -0.0083445489994866534 0.015109099495205912 0.086795517683316309 -0.049259573447722395 0.30612158800368311 0.13147507854871596 0.22092315789675762 0.30151248444226797 0.048049155787510983 0.20346752621326519 0.14147827753958994 0.015355571624058395 0.087923278560886137 0.21432163337331187 0.10520661363880135 0.14859112243516751 0.15075024208827326 0.060907289109606612
leaf_weight=1044 587 466 926 274 76 14.999999999999998 1279 464 343 526 428 685 782 798 350 21 812 1216 86 1471 626 306 200 654 432 858 44 1078 645 1018 33 1619 1091 249 17 154 139 110 50 33 66 225 32 919 305 303 249 1220 100 88 46 66 185 120 54 20 23 63 191 21 17 105
leaf_count=1044 587 466 926 274 76 15 1279 464 343 526 428 685 782 798 350 21 812 1216 86 1471 626 306 200 654 432 858 44 1078 645 1018 33 1619 1091 249 17 154 139 110 50 33 66 225 32 919 305 303 249 1220 100 88 46 66 185 120 54 20 23 63 191 21 17 105
internal_value=-5.52945e-06 0.0878001 -0.059601 0.165092 0.0478349 0.181474 -0.0895564 -0.0227709 -0.00410379 0.0160597 -0.0585672 -0.105814 0.0129477 0.0776827 0.147469 0.231358 0.0799756 -0.087601 0.0719329 -0.0700659 -0.0417784 -0.0305718 0.130809 0.0304347 0.216009 -0.0479735 0.0027 -0.000786498 -0.0988269 0.0955482 0.150381 -0.123376 0.0648841 -0.0652229 0.275435 0.258262 -0.0170942 0.239988 0.300679 0.273598 0.245108 0.175489 0.188522 -0.00726737 0.0157632 -0.0102523 0.110591 -0.0402603 0.271211 0.198384 0.162338 0.328416 0.0193512 0.168813 0.15356 0.107485 0.217804 0.180682 0.117889 0.237362 0.259592 0.0240808
internal_weight=26423 10683 15740 3641 7042 3262 8680 7060 4056 2642 2987 5693 3247 3795 1940 1322 3719 2795 612 2515 1414 1071 1217 1741 981 3004 472 2030 1861 1830 618 2898 1889 934 341 258 765 415 104 83 400 723 498 1506 959 1381 599 2078 204 566 134 83 649 394 274 74 196 86 224 104 83 379
internal_count=26423 10683 15740 3641 7042 3262 8680 7060 4056 2642 2987 5693 3247 3795 1940 1322 3719 2795 612 2515 1414 1071 1217 1741 981 3004 472 2030 1861 1830 618 2898 1889 934 341 258 765 415 104 83 400 723 498 1506 959 1381 599 2078 204 566 134 83 649 394 274 74 196 86 224 104 83 379
is_linear=0
shrinkage=0.04


Tree=16
num_leaves=63
num_cat=0
split_feature=3 9 3 22 9 9 13 22 10 22 9 14 0 10 9 10 8 26 10 26 26 26 26 8 22 10 26 26 22 10 3 22 0 8 14 24 10 10 20 14 13 22 13 9 12 22 26 10 24 13 10 12 26 8 19 10 12 9 13 13 18 20
split_gain=80214.9 18605.5 9777 4583.06 4730.91 3141.47 2059.08 3153.19 2035.86 1207.49 746.108 645.576 612.931 565.652 523.122 518.049 494.476 327.753 284.826 273.971 269.22 253.858 301.298 245.521 244.235 242.518 223.08 222.751 209.183 203.614 188.601 181.264 174.538 166.726 177.151 166.564 160.628 159.687 159.087 157.275 157.125 154.442 150.173 144.844 142.57 139.082 171.333 135.949 134.703 132.637 125.369 125.068 124.576 123.729 123.529 154.177 181.684 128.712 122.918 120.242 124.319 125.687
threshold=7.5000000000000009 10.035714285714286 3.5000000000000004 4.5000000000000009 12.892857142857144 7.9642857142857153 2.1161665623339396 4.5000000000000009 6.8166666666666673 4.5000000000000009 6.6071428571428585 7.542930474548613 11.500000000000002 11.250000000000002 14.678571428571429 8.8500000000000032 4.5000000000000009 1.0000000180025095e-35 3.6166666666666671 1.0000000180025095e-35 1.0000000180025095e-35 1.0000000180025095e-35 -0.8783796973249266 3.6428571428571437 5.5000000000000009 10.15 1.0000000180025095e-35 1.0000000180025095e-35 5.5000000000000009 13.91666666666667 15.500000000000002 1.5000000000000002 14.500000000000002 16.928571428571434 14.313507433610356 8.5000000000000018 8.2500000000000018 10.516666666666667 -5.4999999999999991 13.773477019246632 4.8759319769330451 2.5000000000000004 2.420221325492331 5.3214285714285721 3.5394169756433764 4.5000000000000009 1.0000000180025095e-35 14.716666666666667 4.5000000000000009 2.0117471105438716 5.0166666666666675 7.1086543756865144 1.0000000180025095e-35 3.2142857142857149 -106.49999999999999 16.016666666666669 7.9567850795096424 15.178571428571429 2.0367316617730924 5.5752428924150577 3.8563492063492069 -6.4999999999999991
decision_type=2 2 2 2 2 2 2 2 2 2 2 2 2 2 2 2 2 2 2 2 2 2 2 2 2 2 2 2 2 2 2 2 2 2 2 2 2 2 2 2 2 2 2 2 2 2 2 2 2 2 2 2 2 2 2 2 2 2 2 2 2 2
left_child=2 5 9 4 13 10 18 8 27 16 23 24 38 17 35 -10 53 32 -4 29 -15 22 -7 -2 49 -14 -12 50 -13 -16 -21 -23 37 34 39 59 -24 -3 -9 51 -17 -22 -29 -25 -18 46 -20 -5 -19 -11 -8 -32 -45 -1 -31 57 -57 -56 -26 60 61 -6
right_child=1 3 6 47 14 21 7 12 15 11 26 28 25 20 19 40 44 48 45 30 41 31 36 43 58 -27 -28 42 -30 54 33 -33 -34 -35 -36 -37 -38 -39 -40 -41 -42 -43 -44 52 -46 -47 -48 -49 -50 -51 -52 -53 -54 -55 55 56 -58 -59 -60 -61 -62 -63
leaf_value=-0.089082101186459983 -0.16588478375744348 0.1106640039105256 -0.072714466255228857 0.0026702993460877241 0.29348905879140691 -0.022369894374933027 -0.018907945971212065 -0.025464122739739015 0.036611123038445062 -0.1123362207881754 0.047549801397090218 -0.042230264070554829 -0.045941496553611988 0.17857369204203091 0.16383082361572768 0.085059172042675435 -0.022728905031615797 0.11662232143279636 -0.03377895527388345 0.17439413955305469 0.15040182552822304 0.079770629370184504 0.0635584768571342 -0.027427995482718456 -0.13521886616339818 -0.0013949066737137083 0.01909878617832626 -0.035029913416035133 -0.088196672038917207 0.24656402509207376 0.16965219334735498 0.051792600053915228 0.20694129725337757 0.28329446873680064 0.19626895421915549 0.13878775998374596 0.097819329749655265 0.15179584690908299 -0.071992993703936262 0.37042708873748775 0.15873394479776951 0.10913968007977133 -0.011588914045134036 0.015065144593130167 0.077884195152506885 -0.10553221536286719 -0.055515239056496725 0.05261501856315607 0.084004052421423947 -0.087119662806383794 0.012144490974632086 0.31995764460784715 -0.010187705766663294 -0.062138704799143546 0.33355906268250912 0.40553840924933587 0.25262885701593929 0.24253258671808176 -0.11569427989000984 0.21171856208175296 0.068243878306004035 0.17002664387226107
leaf_weight=535 14.999999999999998 356 1149 269 14.999999999999998 40 303 128 734 831 826 192 420 376 25 196 220 333 948 99 413 563 294 329 881 366 947 753 918 93 23 1090 49 94 157 75 872 266 1483 20 61 227 1044 623 25 67 1501 129 525 564 663 14.999999999999998 627 561 41 41 19 70 1276 507 17 124
leaf_count=535 15 356 1149 269 15 40 303 128 734 831 826 192 420 376 25 196 220 333 948 99 413 563 294 329 881 366 947 753 918 93 23 1090 49 94 157 75 872 266 1483 20 61 227 1044 623 25 67 1501 129 525 564 663 15 627 561 41 41 19 70 1276 507 17 124
internal_value=-4.39711e-06 0.0851189 -0.0570657 0.148303 0.161245 0.0406871 -0.032473 -0.0183306 0.00455395 -0.0972776 0.0145034 -0.106901 -0.0541702 0.128486 0.219328 0.0537372 -0.063816 0.11309 -0.0562067 0.244245 0.151641 0.071521 0.0854852 -0.00535414 -0.115225 -0.0252038 0.0323565 -0.0130871 -0.080252 0.274234 0.222936 0.0613272 0.134056 0.23842 0.218669 0.195763 0.0891886 0.128279 -0.0682992 0.278828 0.102609 0.135789 -0.021414 -0.00381747 -0.0124265 -0.0486646 -0.0471037 0.0188726 0.096678 -0.10215 0.00240142 0.22972 0.00239691 -0.0752996 0.284615 0.305141 0.357651 0.276443 -0.123676 0.202183 0.171063 0.183566
internal_weight=26423 10604 15819 4378 3980 6226 9816 6151 3754 6003 3367 4662 2397 2545 1435 991 1341 1529 3665 697 1016 2859 1206 1594 3552 786 1773 2763 1110 289 408 1653 671 309 215 738 1166 622 1611 58 257 640 1797 1579 245 2516 2449 398 858 1395 966 38 1250 1096 264 171 60 111 2157 663 156 139
internal_count=26423 10604 15819 4378 3980 6226 9816 6151 3754 6003 3367 4662 2397 2545 1435 991 1341 1529 3665 697 1016 2859 1206 1594 3552 786 1773 2763 1110 289 408 1653 671 309 215 738 1166 622 1611 58 257 640 1797 1579 245 2516 2449 398 858 1395 966 38 1250 1096 264 171 60 111 2157 663 156 139
is_linear=0
shrinkage=0.04


Tree=17
num_leaves=63
num_cat=0
split_feature=3 9 3 22 9 9 13 22 10 22 9 0 0 9 10 9 10 26 5 9 26 10 26 26 26 26 26 10 13 31 9 15 22 0 10 1 13 12 24 13 9 22 5 10 22 13 22 26 20 21 5 18 24 26 11 13 9 24 9 24 9 18
split_gain=73928.8 17148.5 9010.6 4224.04 4367.08 2895.23 1897.69 2906.04 1876.33 1112.83 687.642 577.122 553.855 549.544 477.488 459.074 451.053 311.754 269.411 264.585 252.554 245.677 233.95 277.699 205.59 205.289 198.568 187.615 182.791 182.158 194.063 172.459 167.052 164.971 152.849 145.637 144.832 143.723 141.639 138.399 137.95 137.241 162.631 125.297 125.167 208.572 123.939 129.304 122.575 127.02 122.011 120.336 118.745 118.504 118.468 137.558 117.758 117.134 116.748 114.726 118.973 113.81
threshold=7.5000000000000009 10.035714285714286 3.5000000000000004 4.5000000000000009 12.750000000000002 7.9642857142857153 2.1161665623339396 4.5000000000000009 6.8166666666666673 4.5000000000000009 6.6071428571428585 9.5000000000000018 5.5000000000000009 14.678571428571429 8.8500000000000032 4.1071428571428585 11.250000000000002 1.0000000180025095e-35 57.500000000000007 3.535714285714286 1.0000000180025095e-35 8.6166666666666689 1.0000000180025095e-35 -0.8783796973249266 1.0000000180025095e-35 1.0000000180025095e-35 1.0000000180025095e-35 13.91666666666667 3.1037611591959444 135.37000000000003 15.250000000000002 10.866875066372117 1.5000000000000002 9.5000000000000018 8.7500000000000018 14.500000000000002 4.8759319769330451 3.5394169756433764 8.5000000000000018 2.420221325492331 5.3214285714285721 1.5000000000000002 134.50000000000003 14.716666666666667 5.5000000000000009 5.3004554105996329 4.5000000000000009 1.0000000180025095e-35 -4.4999999999999991 1.5000000000000002 158.50000000000003 2.122262190247802 4.5000000000000009 1.0000000180025095e-35 5.7981934789249348 6.0850768225306675 5.6071428571428585 8.5000000000000018 9.5357142857142865 6.5000000000000009 12.321428571428575 4.4068287037037051
decision_type=2 2 2 2 2 2 2 2 2 2 2 2 2 2 2 2 2 2 2 2 2 2 2 2 2 2 2 2 2 2 2 2 2 2 2 2 2 2 2 2 2 2 2 2 2 2 2 2 2 2 2 2 2 2 2 2 2 2 2 2 2 2
left_child=2 5 9 4 16 10 19 8 25 15 18 -9 28 38 -10 -1 17 31 -2 -4 27 -13 23 -7 -12 56 -18 -15 -11 30 -22 61 58 -14 -25 59 -16 -17 48 -27 -20 -31 -43 -5 45 -23 47 -21 49 -6 -29 -33 -19 -42 -52 -56 -8 -34 -24 60 -28 -3
right_child=1 3 6 43 13 22 7 11 14 12 24 21 33 20 36 37 26 52 40 46 29 44 32 34 -26 39 35 50 -30 41 -32 51 57 -35 -36 -37 -38 -39 -40 -41 53 42 -44 -45 -46 -47 -48 -49 -50 -51 54 -53 -54 -55 55 -57 -58 -59 -60 -61 -62 -63
leaf_value=-0.073557183672639012 -0.15446844727581086 0.11241217743827242 -0.072083908150907886 0.0025635266836160886 0.19204035994185376 -0.021477329497622728 -0.0098377081526992236 -0.071887821589363007 0.035146877302833494 -0.1165825467593794 0.045648039648030443 -0.059177091571750273 -0.087670804056539403 0.15730370072492089 0.081658540236925606 -0.025355607441621918 0.16790561292450354 0.1113029963670097 -0.026186840758555215 -0.035461702866844066 0.21479305552685354 -0.022962405863670061 0.066507841852618377 0.071024703650040641 0.018334915450136779 -0.033628903005260773 0.1397243967327369 0.33977852618907717 -0.092334750237781732 0.26353199148593315 0.079485126377301971 0.12961376384286924 0.05659776721736947 -0.049348381869830212 0.10005113309549288 0.088618391033140148 0.15239497605400273 0.074781239844294661 0.13729154407909624 -0.011125401908894111 0.015216199373773647 0.33636974233665212 0.19922525487448769 0.050512047089134232 -0.055204772976409862 0.037276893211110378 -0.10131721650079538 -0.053503011310911577 0.18373282193957022 0.27090631746398613 0.34504436698092883 0.19500173059141859 0.080644530416623256 -0.0094927312420229545 0.15263253898982188 0.26238880145839316 0.018362963950732392 0.024679733497767638 0.10970532604431397 0.11675336972883819 0.19875958710174463 0.2101139377835971
leaf_weight=1051 19 465 954 269 78 40 550 1183 734 2590 826 382 1241 25 196 265 347 332 333 1069 38 585 432 580 947 753 198 39 620 109 31 92 855 211 586 113 61 25 87 1044 618 14.999999999999998 215 129 138 109 67 1575 590 59 25 91 525 624 21 179 416 235 131 209 77 20
leaf_count=1051 19 465 954 269 78 40 550 1183 734 2590 826 382 1241 25 196 265 347 332 333 1069 38 585 432 580 947 753 198 39 620 109 31 92 855 211 586 113 61 25 87 1044 618 15 215 129 138 109 67 1575 590 59 25 91 525 624 21 179 416 235 131 209 77 20
internal_value=-3.49293e-06 0.0817164 -0.0547833 0.142376 0.154801 0.0390597 -0.0311742 -0.0175974 0.00437203 -0.093387 0.0139231 -0.0520038 -0.102625 0.208366 0.051589 -0.0612637 0.122011 0.108536 -0.0051405 -0.0539588 0.234495 -0.0326215 0.0686606 0.0820663 0.0310625 -0.0125637 0.143764 0.263288 -0.111903 0.214034 0.154234 0.129044 0.0588745 -0.0821071 0.0856216 0.129703 0.0985086 -0.0166934 0.185965 -0.0205575 -0.00332812 0.226151 0.20832 0.0181184 -0.0204208 -0.0134943 -0.0475774 -0.0462111 0.191767 0.226192 0.273254 0.162229 0.0925355 0.00280068 0.261568 0.250956 0.00230525 0.0497211 0.0765804 0.139271 0.156328 0.116488
internal_weight=26423 10604 15819 4378 3980 6226 9816 6151 3754 6003 3367 2397 4662 1511 991 1341 2469 1525 1594 3665 697 1214 2859 1206 1773 2763 944 289 3210 408 69 668 1653 1452 1166 597 257 290 814 1797 1575 339 230 398 832 694 2711 2644 727 137 264 183 857 1242 225 200 966 1090 563 484 275 485
internal_count=26423 10604 15819 4378 3980 6226 9816 6151 3754 6003 3367 2397 4662 1511 991 1341 2469 1525 1594 3665 697 1214 2859 1206 1773 2763 944 289 3210 408 69 668 1653 1452 1166 597 257 290 814 1797 1575 339 230 398 832 694 2711 2644 727 137 264 183 857 1242 225 200 966 1090 563 484 275 485
is_linear=0
shrinkage=0.04


Tree=18
num_leaves=63
num_cat=0
split_feature=3 10 3 22 10 10 3 9 22 22 9 9 14 26 9 9 9 22 10 24 0 24 26 24 9 15 26 10 22 22 13 22 15 26 22 10 3 10 21 10 4 24 0 15 22 13 10 15 9 11 6 4 0 3 23 17 4 4 24 11 11 10
split_gain=68135.2 15841.7 8304.21 3891.98 4122.31 2578.08 1752.39 1063.33 1025.59 788.265 759.958 620.838 560.593 499.841 488.677 423.096 421.33 900.685 973.656 401.192 305.327 269.234 253.52 247.136 244.486 244.478 232.801 225.993 224.578 214.127 184.576 182.324 176.381 175.159 210.674 172.857 170.895 155.813 154.819 145.695 144.358 143.428 141.685 141.327 140.981 132.174 131.803 130.52 127.046 119.074 119.783 155.219 180.987 128.792 127.393 138.829 125.149 117.249 116.769 139.111 130.209 116.426
threshold=7.5000000000000009 9.8500000000000032 3.5000000000000004 4.5000000000000009 12.316666666666668 7.5833333333333339 5.5000000000000009 5.6071428571428585 4.5000000000000009 4.5000000000000009 7.8214285714285721 14.678571428571429 7.542930474548613 1.0000000180025095e-35 5.8928571428571432 4.1071428571428585 3.8214285714285716 4.5000000000000009 6.3833333333333337 5.5000000000000009 9.5000000000000018 4.5000000000000009 1.0000000180025095e-35 6.5000000000000009 4.6785714285714297 10.737714855254515 1.0000000180025095e-35 8.2500000000000018 1.5000000000000002 5.5000000000000009 4.7755363181989141 5.5000000000000009 8.5716841553227976 1.0000000180025095e-35 4.5000000000000009 13.91666666666667 15.500000000000002 6.7166666666666677 5.5000000000000009 4.8166666666666673 75.500000000000014 6.5000000000000009 9.5000000000000018 8.8433193011842892 1.5000000000000002 3.1037611591959444 14.250000000000002 3.7870243731572306 17.750000000000004 8.1722494598579498 346.50000000000006 364.50000000000006 14.500000000000002 17.500000000000004 23.500000000000004 226.50000000000003 440.50000000000006 194.50000000000003 7.5000000000000009 7.4290285986051874 5.7981934789249348 11.183333333333335
decision_type=2 2 2 2 2 2 2 2 2 2 2 2 2 2 2 2 2 2 2 2 2 2 2 2 2 2 2 2 2 2 2 2 2 2 2 2 2 2 2 2 2 2 2 2 2 2 2 2 2 2 2 2 2 2 2 2 2 2 2 2 2 2
left_child=2 5 8 4 13 14 16 39 15 10 37 23 29 25 47 -1 -4 18 24 27 -19 44 41 49 -18 -3 35 -7 -24 -10 -12 -14 -20 34 -21 -13 -28 -9 -25 -8 -23 -16 -29 -11 -15 -17 -40 -2 -38 50 53 52 -52 56 55 -55 -6 -50 60 -60 -37 -42
right_child=1 3 6 -5 11 19 7 9 12 43 30 26 31 21 22 45 17 20 32 33 -22 40 28 38 -26 -27 36 42 -30 -31 -32 -33 -34 -35 -36 58 48 -39 46 -41 61 -43 -44 -45 -46 -47 -48 -49 57 -51 51 -53 -54 54 -56 -57 -58 -59 59 -61 -62 -63
leaf_value=-0.070615176411768954 -0.12692504071352775 0.11480660940101574 -0.06489160844178786 0.018607069375245519 0.22689508378014642 0.053007053992550922 -0.042614288842473327 -0.002559972192550847 -0.094034873827929799 -0.067474069551029678 0.058258510554562853 0.15103661904297028 -0.038191066766269252 0.15502067866103808 0.042995886335857172 -0.026038621114344219 -0.044478601172045176 -0.07431554730014199 0.027468359714348405 0.066587413980825919 -0.039516650828891824 -0.024971200494476441 0.027150603009120033 0.12965282177720308 -0.016826265764362188 0.15587850157166305 0.15930084704661104 0.10163146180124578 -0.0084141933236112285 -0.11419020852195522 0.13466195073640422 -0.081104812121206613 0.099748245881747272 0.035273572296422306 -0.071824388997989472 0.3623153924150585 0.20939703911147933 0.026399493662157131 0.16411698108112485 -0.019888383379067513 0.078278575939680434 0.011636825101923921 0.073306122418454092 -0.020716037663806183 0.10849905830736253 0.056742962830596502 0.26271219167322246 -0.015096301276818545 0.18924147896419299 0.092428997698878745 0.19408964419724492 0.25339904793786783 0.080765906100058751 0.1705434673288653 0.23524649059966102 0.040040908104536553 0.10691197018354935 0.32911144643130885 0.277470828465053 0.11424854601285735 0.2620637615313523 0.10745863633918409
leaf_weight=1051 17 435 1314 410 273 488 1160 938 1395 124 325 25 192 157 766 255 1192 1056 226 640 654 18 493 232 897 503 99 498 670 2157 60 918 71 849 18 24 264 435 120 740 590 336 660 624 318 35 27 727 14.999999999999998 19 43 22 48 106 43 14.999999999999998 14.999999999999998 30 15.999999999999998 18 206 351
leaf_count=1051 17 435 1314 410 273 488 1160 938 1395 124 325 25 192 157 766 255 1192 1056 226 640 654 18 493 232 897 503 99 498 670 2157 60 918 71 849 18 24 264 435 120 740 590 336 660 624 318 35 27 727 15 19 43 22 48 106 43 15 15 30 16 18 206 351
internal_value=-2.61112e-06 0.0784499 -0.0525922 0.136033 0.147972 0.0369382 -0.0299274 -0.0111987 -0.0896518 0.00591099 0.0205449 0.196324 -0.0985205 0.114126 0.0104519 -0.0588132 -0.0451795 -0.0388539 -0.0229718 0.0622131 -0.0610108 0.0992541 0.0196909 0.175452 -0.0326072 0.136848 0.225129 0.0758695 0.00666117 -0.106278 0.0702026 -0.0736878 0.0447819 0.0472917 0.0627877 0.252775 0.205485 0.00661489 0.150162 -0.0337657 0.0870284 0.0334382 0.0854969 -0.028478 0.123909 -0.0160247 0.182406 -0.0176709 0.220219 0.191833 0.195155 0.157862 0.134491 0.204437 0.175761 0.154428 0.220692 0.283055 0.262341 0.191706 0.272686 0.0891753
internal_weight=26423 10604 15819 4442 4032 6162 9816 4406 6003 2506 1758 1660 4662 2372 3009 1341 5410 4096 2386 3153 1710 1434 2265 963 2089 938 697 1646 1163 3552 385 1110 297 1507 658 289 408 1373 379 1900 959 1102 1158 748 475 290 147 744 309 584 565 113 91 452 164 121 288 45 264 34 230 941
internal_count=26423 10604 15819 4442 4032 6162 9816 4406 6003 2506 1758 1660 4662 2372 3009 1341 5410 4096 2386 3153 1710 1434 2265 963 2089 938 697 1646 1163 3552 385 1110 297 1507 658 289 408 1373 379 1900 959 1102 1158 748 475 290 147 744 309 584 565 113 91 452 164 121 288 45 264 34 230 941
is_linear=0
shrinkage=0.04


Tree=19
num_leaves=63
num_cat=0
split_feature=3 10 2 22 9 9 2 3 9 16 2 22 10 13 16 24 24 3 10 10 22 10 22 3 10 10 13 14 24 2 7 9 22 18 22 14 9 19 3 22 16 31 16 14 16 13 24 2 11 14 18 4 2 20 31 14 22 16 14 16 3 4
split_gain=62795.7 14611.2 9082.88 3832.86 3341.86 2559.39 1827.02 1579.14 899.873 596.338 552.79 537.426 576.802 494.288 416.446 377.335 328.561 406.095 277.262 269.062 235.604 235.949 234.209 187.719 179.728 173.442 160.921 157.673 155.329 148.474 189.002 157.825 146.146 168.359 145.09 143.853 141.17 135.468 161.629 129.851 227.23 129.228 127.583 129.023 122.048 121.801 120.018 126.768 122.16 118.709 118.114 117.912 117.06 114.82 113.843 113.74 146.821 128.855 133.817 112.965 111.621 107.231
threshold=7.5000000000000009 10.516666666666667 4.5000000000000009 4.5000000000000009 7.9642857142857153 13.107142857142859 9.5000000000000018 3.5000000000000004 4.6785714285714297 6.2686551382318312 2.5000000000000004 4.5000000000000009 6.616666666666668 3.4873334004771919 15.516951024422003 6.5000000000000009 7.5000000000000009 15.500000000000002 8.0500000000000025 12.616666666666669 4.5000000000000009 8.2500000000000018 5.5000000000000009 5.5000000000000009 12.183333333333335 11.383333333333335 2.3714051739208633 11.904383535044749 5.5000000000000009 18.500000000000004 424.50000000000006 14.321428571428575 3.5000000000000004 3.4730456262714333 3.5000000000000004 14.119832939461391 4.0357142857142865 -103.49999999999999 15.500000000000002 4.5000000000000009 10.624662502397625 101.06500000000001 11.16463158313516 9.9925711263283663 9.968107426026636 3.5757805996106256 6.5000000000000009 15.500000000000002 6.7046536787802093 11.720432532994115 1.1152462645268402 230.50000000000003 7.5000000000000009 6.5000000000000009 321.55500000000006 9.0489908891556645 3.5000000000000004 9.4101337152699447 9.759080285240687 9.755909181738355 1.5000000000000002 126.50000000000001
decision_type=2 2 2 2 2 2 2 2 2 2 2 2 2 2 2 2 2 2 2 2 2 2 2 2 2 2 2 2 2 2 2 2 2 2 2 2 2 2 2 2 2 2 2 2 2 2 2 2 2 2 2 2 2 2 2 2 2 2 2 2 2 2
left_child=2 4 7 5 9 15 8 10 -4 36 60 12 26 -8 29 19 17 20 -13 42 21 -6 25 -9 27 -20 -10 34 -11 37 -31 -32 33 46 -17 51 -2 38 -7 40 -15 -39 53 -44 -19 50 47 -16 -49 -26 -23 -21 -5 61 -18 -47 57 -57 59 -59 -1 -3
right_child=1 3 6 52 16 14 13 23 11 28 -12 18 -14 39 32 24 54 44 22 35 -22 45 -24 -25 49 -27 -28 -29 -30 30 31 -33 -34 -35 -36 -37 -38 41 -40 -41 -42 -43 43 -45 -46 55 -48 48 -50 -51 -52 -53 -54 -55 -56 56 -58 58 -60 -61 -62 -63
leaf_value=-0.11396251158766879 -0.1187533780290277 0.056373232981757899 -0.046236408516383963 -0.008765573487715882 0.047658638468921197 0.047375891724812623 0.0058729452339448618 -0.061763340661653045 -0.024843511570368536 0.037493630486658311 -0.077363464221353984 -0.066427016700142977 0.031010475170455482 0.062111840548259203 0.15273563400533804 0.092669707531280121 0.041090725241761231 0.10484482188461498 -0.022346770458370014 0.30075921111847775 -0.015410998205462854 -0.047154077321126309 -0.054647513328551355 -0.038161595784602848 0.17247508273514889 0.026763315715006612 -0.00418300265915295 0.047541875118366467 0.015267320839516768 0.19474779290391403 0.20256663840338093 0.38613900889521058 0.28201804791762081 0.324228391110639 0.15442424253724651 0.10727055389489701 -0.0062794557385301196 0.15095290560346336 0.16237364415792707 0.0034789474972600153 0.14753957486394698 0.19414131811630611 0.2234939567416096 0.14163598647590234 0.16636102802232003 0.095503272184052704 0.16141391580615447 0.16866534503464845 0.26216552592560349 0.11252050182934129 0.059456106893562038 0.19352244200767688 0.037049850425518324 0.04785453757923893 0.078241661362196416 0.042265311139938304 0.099895994209010811 0.067791196957864078 0.064918706603613568 0.14396137129679104 -0.097835326103849207 0.12994080105525643
leaf_weight=1079 18 35 2191 146 496 29 400 2448 1125 1022 2241 344 568 322 31 407 761 153 623 25 50 18 307 693 83 141 1301 104 992 364 15.000000000000002 15.999999999999998 83 23 72 20 1335 173 61 45 59 325 33 548 79 649 62 29 113 150 205 52 229 35 160 260 263 54 379 75 1932 372
leaf_count=1079 18 35 2191 146 496 29 400 2448 1125 1022 2241 344 568 322 31 407 761 153 623 25 50 18 307 693 83 141 1301 104 992 364 15 16 83 23 72 20 1335 173 61 45 59 325 33 548 79 649 62 29 113 150 205 52 229 35 160 260 263 54 379 75 1932 372
internal_value=-1.75883e-06 0.075314 -0.0504887 0.140326 0.041402 0.154257 -0.0182651 -0.0789988 -0.0252844 0.012751 -0.0924179 -0.0148712 -0.00526933 0.0378144 0.197123 0.124932 0.068182 0.0752653 -0.0351846 0.140023 0.0704663 0.0722576 -0.0251426 -0.0565581 0.104202 -0.0132783 -0.0137653 0.0922877 0.0265483 0.183847 0.202954 0.298315 0.235322 0.220188 0.101987 0.203828 -0.00778593 0.170976 0.125435 0.0677933 0.0753813 0.179175 0.133951 0.146327 0.125863 0.0786652 0.209864 0.227112 0.243217 0.133951 0.0508246 0.22871 0.0192095 0.117651 0.0475547 0.0823562 0.07407 0.0652114 0.0769409 0.112169 -0.103619 0.123635
internal_weight=26423 10604 15819 3635 6969 3260 7426 8393 6600 3367 5252 4409 2994 826 1324 1936 3602 2681 1415 1120 2449 2399 1071 3141 816 764 2426 583 2014 983 395 31 341 258 479 97 1353 588 90 426 381 498 1023 581 232 1903 235 173 142 233 223 77 375 442 921 1680 1031 768 508 129 3011 407
internal_count=26423 10604 15819 3635 6969 3260 7426 8393 6600 3367 5252 4409 2994 826 1324 1936 3602 2681 1415 1120 2449 2399 1071 3141 816 764 2426 583 2014 983 395 31 341 258 479 97 1353 588 90 426 381 498 1023 581 232 1903 235 173 142 233 223 77 375 442 921 1680 1031 768 508 129 3011 407
is_linear=0
shrinkage=0.04


Tree=20
num_leaves=63
num_cat=0
split_feature=2 16 3 25 16 2 16 3 16 26 16 3 16 2 26 24 26 25 16 16 24 26 11 2 27 16 25 25 18 16 26 26 11 19 18 7 16 19 12 25 16 14 0 16 14 16 2 24 26 16 12 24 29 26 5 25 19 12 32 1 24 2
split_gain=57871.2 13139.7 7550.48 3671.8 3558.78 2444.11 2042.39 1176.26 604.758 593.823 575.316 569.233 409.099 375.94 363.157 331.369 284.108 277.109 434.459 264.77 236.08 227.797 225.32 284.768 214.822 206.481 212.083 199.189 187.511 183.074 178.658 175.702 217.467 170.7 168.54 159.312 166.727 161.656 159.106 158.472 156.984 155.898 157.002 155.358 152.979 148.469 148.201 146.053 142.366 140.347 130.594 129.758 157.413 127.475 127.025 122.717 124.56 122.503 117.958 123.829 117.108 116.86
threshold=7.5000000000000009 9.4614369234506075 5.5000000000000009 1.0000000180025095e-35 12.269968827785037 3.5000000000000004 7.2034113444123262 9.5000000000000018 15.836698264477794 1.0000000180025095e-35 4.7660215963933652 2.5000000000000004 8.1943770762540513 4.5000000000000009 1.0000000180025095e-35 8.5000000000000018 0.6078576107927941 1.0000000180025095e-35 6.1703290841886433 5.9531719541852892 7.5000000000000009 1.0000000180025095e-35 4.7157284949512617 10.500000000000002 1.0000000180025095e-35 4.3384684412809422 1.0000000180025095e-35 1.0000000180025095e-35 4.8758561643835625 5.4681557194542822 -1.0000000180025095e-35 0.6078576107927941 7.27520231683883 -106.49999999999999 1.1507392911502501 484.50000000000006 10.318460603446564 -89.499999999999986 7.1086543756865144 1.0000000180025095e-35 13.592025710129628 14.500509541774806 20.500000000000004 16.685695271869811 10.304112285278697 8.7586378529171984 1.5000000000000002 6.5000000000000009 1.0000000180025095e-35 12.036790982486872 4.4109005833326229 3.5000000000000004 27.500000000000004 1.0000000180025095e-35 240.50000000000003 1.0000000180025095e-35 -26.499999999999996 3.3282011773513749 165.00000000000003 7.5000000000000009 7.5000000000000009 13.500000000000002
decision_type=2 2 2 2 2 2 2 2 2 2 2 2 2 2 2 2 2 2 2 2 2 2 2 2 2 2 2 2 2 2 2 2 2 2 2 2 2 2 2 2 2 2 2 2 2 2 2 2 2 2 2 2 2 2 2 2 2 2 2 2 2 2
left_child=2 6 5 4 9 11 19 10 15 20 -4 46 -9 -7 27 21 -16 18 -12 -2 28 22 -6 -24 50 -15 29 45 35 -27 33 32 -23 -10 -25 36 -3 -38 -34 -14 -5 -32 43 -43 48 -8 -1 53 -20 -22 -11 -26 -53 -21 -45 56 -13 -28 -33 -60 -18 -52
right_child=1 3 7 40 8 13 14 12 30 24 17 55 39 25 16 -17 60 -19 44 47 49 31 23 34 51 26 57 -29 -30 -31 41 58 38 -35 -36 -37 37 -39 -40 -41 -42 42 -44 54 -46 -47 -48 -49 -50 -51 61 52 -54 -55 -56 -57 -58 -59 59 -61 -62 -63
leaf_value=-0.10975650044180332 -0.012401311827274242 0.11292345198718858 -0.039687084357428674 -0.01038816485167642 0.32812668828821895 -0.060732741331919381 0.06031656146021553 0.013485416993532388 0.21053546558495517 0.057144940647823231 -0.013160198144000069 -0.0248138329562454 0.083179212282930681 -0.051101277771581195 0.01698508097014325 0.11541137435564976 0.058840458024554385 -0.027722109786666251 0.055120487285142905 0.036826936377800094 0.089446931607683383 0.11399193161639616 0.046161576040548165 0.27721543641041613 0.14686683580419327 -0.027652320189549155 -0.069599318622840328 -0.064265795992224248 0.2428540316760768 0.011907288035998257 0.31427536422850316 0.18737040730051824 0.27864427839142392 0.3400308777883897 0.18940361866556341 0.0083375059225544428 0.078844371993021953 0.15797547174037591 0.14195647912968393 0.00045496070191367873 0.03648910465630191 0.11666690603161044 0.23954209936076198 0.1512564522059176 0.13898429636138579 0.088633534408389406 -0.091155084931558217 -0.0033091665110189712 0.012508560662202023 0.19417630571046027 0.075656224575767081 0.11903899450943931 0.068577309760774433 0.009455722673745488 0.30128658176127054 -0.078757454155599135 -0.066496955694449328 -0.035151560718862031 0.11389828184796837 0.19970694220422805 0.032116213042165873 0.1070069426335505
leaf_weight=1064 953 310 1224 240 20 2086 933 499 28 323 1400 134 270 1252 569 174 897 769 158 520 302 200 21 39 117 695 229 18 26 256 22 341 25 42 395 15.999999999999998 46 444 31 43 218 51 84 19 18 436 1956 517 609 22 519 250 165 572 18 1624 810 596 85 40 372 303
leaf_count=1064 953 310 1224 240 20 2086 933 499 28 323 1400 134 270 1252 569 174 897 769 158 520 302 200 21 39 117 695 229 18 26 256 22 341 25 42 395 16 46 444 31 43 218 51 84 19 18 436 1956 517 609 22 519 250 165 572 18 1624 810 596 85 40 372 303
internal_value=0.000240723 0.0718625 -0.0487014 0.119806 0.130839 -0.0676477 0.0309675 -0.00806669 0.177865 0.103789 -0.0166287 -0.0859353 0.0359819 -0.0476634 0.0521471 0.167155 0.0404801 -0.00707273 0.000194744 0.00430524 0.125724 0.174665 0.19627 0.190399 0.0885292 -0.0386575 -0.0298816 0.0676024 0.136908 -0.017001 0.23339 0.160423 0.13363 0.288635 0.197361 0.1335 0.135999 0.150569 0.203401 0.0718247 0.0119233 0.213307 0.200206 0.162406 0.0240137 0.0693422 -0.0977128 0.0142018 0.0212952 0.0966221 0.0787481 0.109558 0.0990021 0.0224936 0.224913 -0.0720808 -0.0605854 -0.0447231 0.175106 0.141511 0.0510111 0.0872266
internal_weight=26415 10723 15692 4936 4478 10702 5787 4990 1635 2843 4178 5588 812 5114 3225 1371 1838 2954 2185 2562 1166 1197 475 455 1677 3028 1776 1387 842 951 264 722 256 70 434 816 800 490 56 313 458 194 172 88 785 1369 3020 1609 767 324 1145 532 415 1092 37 2568 944 825 466 125 1269 822
internal_count=26415 10723 15692 4936 4478 10702 5787 4990 1635 2843 4178 5588 812 5114 3225 1371 1838 2954 2185 2562 1166 1197 475 455 1677 3028 1776 1387 842 951 264 722 256 70 434 816 800 490 56 313 458 194 172 88 785 1369 3020 1609 767 324 1145 532 415 1092 37 2568 944 825 466 125 1269 822
is_linear=0
shrinkage=0.04


Tree=21
num_leaves=63
num_cat=0
split_feature=2 9 3 22 10 13 2 3 10 3 16 9 16 2 9 24 22 22 10 22 22 10 22 24 22 22 1 16 18 13 11 22 22 22 24 13 22 7 13 2 13 22 22 3 2 7 11 32 9 3 15 9 16 28 9 11 13 9 10 2 24 13
split_gain=53336.3 12190.3 6958.64 3266.29 2731.74 2357.34 2252.5 1084.06 544.598 524.595 523.134 392.148 356.458 346.457 332.957 297.498 273.04 267.224 403.462 221.834 327.862 199.429 197.013 188.838 172.712 239.321 258.5 165.162 160.186 161.435 165.61 160.155 151.353 148.855 147.234 144.841 144.8 144.121 141.647 139.128 137.291 149.454 146.86 135.488 180.101 127.061 201.062 132.683 197.202 132.759 123.739 123.001 122.119 120.7 164.838 126.705 147.677 127.963 150.436 137.682 118.956 113.614
threshold=7.5000000000000009 10.035714285714286 5.5000000000000009 4.5000000000000009 12.450000000000001 3.284236120706272 3.5000000000000004 9.5000000000000018 4.8166666666666673 2.5000000000000004 16.201852642656132 8.2500000000000018 8.8075771800800826 4.5000000000000009 5.6071428571428585 8.5000000000000018 4.5000000000000009 4.5000000000000009 6.3166666666666673 3.5000000000000004 1.5000000000000002 4.3500000000000005 4.5000000000000009 6.5000000000000009 3.5000000000000004 1.5000000000000002 26.500000000000004 5.4681557194542822 4.5418613707165116 5.119772329933217 5.4423384329760021 3.5000000000000004 4.5000000000000009 3.5000000000000004 8.5000000000000018 6.6955121290552251 1.5000000000000002 412.50000000000006 5.5752428924150577 2.5000000000000004 4.7755363181989141 3.5000000000000004 1.5000000000000002 20.500000000000004 22.500000000000004 222.50000000000003 6.8121020557624101 139.00000000000003 13.821428571428575 16.500000000000004 6.3250166729994968 7.9642857142857153 9.9209214154493353 184.50000000000003 17.464285714285719 6.9041050590693098 6.9843009022385756 17.964285714285719 17.383333333333336 24.500000000000004 3.5000000000000004 3.1222229039690572
decision_type=2 2 2 2 2 2 2 2 2 2 2 2 2 2 2 2 2 2 2 2 2 2 2 2 2 2 2 2 2 2 2 2 2 2 2 2 2 2 2 2 2 2 2 2 2 2 2 2 2 2 2 2 2 2 2 2 2 2 2 2 2 2
left_child=2 5 6 4 19 14 9 8 -4 39 15 -9 34 -8 -2 24 31 18 -10 20 28 -15 27 33 25 26 35 -23 29 60 -31 36 -13 -16 50 43 -14 52 -5 -1 41 42 -20 44 45 -6 47 49 -49 -47 -7 -19 -21 54 -12 -55 -57 58 59 -58 -3 -24
right_child=1 3 7 38 10 12 13 11 17 -11 53 32 16 21 23 -17 -18 51 40 37 -22 22 61 -25 -26 -27 -28 -29 -30 30 -32 -33 -34 -35 -36 -37 -38 -39 -40 -41 -42 -43 -44 -45 -46 46 -48 48 -50 -51 -52 -53 -54 55 -56 56 57 -59 -60 -61 -62 -63
leaf_value=-0.098176885569007694 -0.02253768779074565 0.13100512246971552 -0.038307369292193465 -0.011813216628481487 0.21779572095440536 -0.04003565878541638 -0.058303548000533452 0.012803047750092727 -0.011481781378123786 -0.069197893860226567 0.25120787035766529 0.08138723565239539 0.080845663352375349 -0.049290964222278778 0.012695657712068865 0.11297891828250473 -0.02745812645376125 -0.072859278000649133 0.047130206853033957 0.033179133728722839 0.080552422082069183 -0.026172429424147409 -0.072457269043687045 -0.0049610512287544799 0.20067598838631701 0.14413871405140102 0.042870334214832058 0.011431182480880124 0.1927629405542502 0.16651337730169807 0.10907452228780157 0.095881760331376548 0.00043680388247054026 0.040902674911763304 0.02497278618484923 0.2226787638038617 0.051963370985915809 0.060179788235021542 0.035034244530812469 -0.076863090444264287 0.14457549057259467 0.083489387090839515 0.0047815267615907596 0.12190549017300657 0.30031311695044638 0.29844351971311261 0.042118297051722646 0.18136457815487517 0.028854809913647732 0.16078195019876315 0.0512870560518352 -0.021312221079951458 0.13991144116097717 0.33894096919468469 0.085986703048747878 0.35423618645068033 0.1821623122189896 0.28078027627538799 0.07909609095511598 0.32347646410102088 0.088851551728458503 -0.035309578795237911
leaf_weight=2400 540 140 1231 184 78 24 2086 504 1464 2568 20 265 509 1258 1089 162 45 83 184 18 881 691 165 679 250 510 20 256 40 140 192 356 43 413 492 149 615 45 235 620 14.999999999999998 59 455 64 21 22 22 48 19 24 1613 687 425 23 19 14.999999999999998 45 37 15.999999999999998 14.999999999999998 469 658
leaf_count=2400 540 140 1231 184 78 24 2086 504 1464 2568 20 265 509 1258 1089 162 45 83 184 18 881 691 165 679 250 510 20 256 40 140 192 356 43 413 492 149 615 45 235 620 15 59 455 64 21 22 22 48 19 24 1613 687 425 23 19 15 45 37 16 15 469 658
internal_value=0.000231935 0.0689902 -0.0467535 0.120632 0.131953 0.033767 -0.0649421 -0.00774378 -0.0159634 -0.0824982 0.172648 0.0345433 0.0547565 -0.0457571 0.00557866 0.1641 0.0695222 -0.00662843 0.000534463 0.104603 0.0982924 -0.0371114 -0.0284516 0.0125417 0.170839 0.163182 0.183939 -0.0160049 0.114212 0.110851 0.133345 0.0724739 0.070096 0.0204552 0.0441761 0.190235 0.0650504 0.128652 0.0144589 -0.0938046 0.0252083 0.0226199 0.0169844 0.173937 0.188101 0.176893 0.153102 0.174635 0.138253 0.227168 0.0499446 -0.0268799 0.135588 0.235005 0.171192 0.25135 0.235343 0.219243 0.188929 0.218004 0.0985652 -0.0427675
internal_weight=26415 10723 15692 4348 3929 6375 10702 4990 4178 5588 1579 812 3654 5114 2721 1389 1525 2947 2177 2350 1862 3028 1770 2181 1227 977 467 947 981 941 332 1480 308 1502 2129 447 1124 488 419 3020 713 698 639 298 234 213 135 113 67 46 1637 770 443 190 39 151 128 113 76 60 609 823
internal_count=26415 10723 15692 4348 3929 6375 10702 4990 4178 5588 1579 812 3654 5114 2721 1389 1525 2947 2177 2350 1862 3028 1770 2181 1227 977 467 947 981 941 332 1480 308 1502 2129 447 1124 488 419 3020 713 698 639 298 234 213 135 113 67 46 1637 770 443 190 39 151 128 113 76 60 609 823
is_linear=0
shrinkage=0.04


Tree=22
num_leaves=63
num_cat=0
split_feature=2 9 3 22 9 2 16 16 22 2 9 16 16 9 22 22 22 24 3 16 22 16 16 0 24 16 22 14 3 22 12 22 0 19 24 14 11 9 22 22 24 14 16 16 24 0 6 22 3 3 16 18 12 9 2 32 7 4 4 2 6 16
split_gain=49156.7 11253.5 6413.19 2859.64 3202.13 2082.58 1668.97 1007.69 878.405 715.683 609.448 464.268 353.789 269.759 221.635 258.738 340.315 220.385 207.285 197.187 188.344 249.77 184.797 176.554 184.499 175.98 180.68 172.161 198.164 161.501 159.802 159.555 157.868 152.413 152.209 143.995 143.435 138.02 136.65 155.163 135.172 153.733 262.909 162.149 134.849 130.324 129.729 124.855 121.306 132.888 118.335 144.718 153.062 117.749 117.316 116.412 158.962 174.538 118.764 148.003 129.017 115.352
threshold=7.5000000000000009 9.5357142857142865 5.5000000000000009 4.5000000000000009 12.750000000000002 2.5000000000000004 7.1598544803522683 5.8874317557128863 4.5000000000000009 4.5000000000000009 8.3214285714285747 15.836698264477794 10.690303321574602 5.6071428571428585 4.5000000000000009 3.5000000000000004 1.5000000000000002 7.5000000000000009 3.5000000000000004 8.7137999337022745 4.5000000000000009 3.7624050826842086 4.7660215963933652 11.500000000000002 6.5000000000000009 4.3384684412809422 4.5000000000000009 9.7046679926941852 15.500000000000002 3.5000000000000004 3.2037066444567395 3.5000000000000004 8.5000000000000018 -106.49999999999999 6.5000000000000009 14.500509541774806 6.369570517030847 10.892857142857144 3.5000000000000004 2.5000000000000004 7.5000000000000009 13.16098265008142 14.116214904974724 12.840303133017812 5.5000000000000009 12.500000000000002 181.50000000000003 3.5000000000000004 16.500000000000004 10.500000000000002 16.685695271869811 2.5903020134228192 7.2887839420121301 12.678571428571429 17.500000000000004 165.00000000000003 154.50000000000003 109.50000000000001 406.50000000000006 15.500000000000002 282.50000000000006 10.624662502397625
decision_type=2 2 2 2 2 2 2 2 2 2 2 2 2 2 2 2 2 2 2 2 2 2 2 2 2 2 2 2 2 2 2 2 2 2 2 2 2 2 2 2 2 2 2 2 2 2 2 2 2 2 2 2 2 2 2 2 2 2 2 2 2 2
left_child=2 6 5 4 12 18 13 22 10 20 44 40 17 -2 15 16 -8 27 -1 -17 21 -7 -4 -14 38 -11 30 -3 47 37 -27 35 -22 -33 -15 -13 -37 -12 39 48 41 42 -6 -43 -9 -40 -35 -29 49 -25 51 52 -38 -5 -44 56 -45 -58 59 60 -57 -10
right_child=1 3 7 53 11 9 14 8 61 25 29 31 23 34 -16 19 -18 -19 -20 -21 32 -23 -24 24 -26 26 -28 28 -30 -31 -32 33 -34 46 -36 36 50 -39 45 -41 -42 43 54 55 -46 -47 -48 -49 -50 -51 -52 -53 -54 -55 -56 58 57 -59 -60 -61 -62 -63
leaf_value=-0.091913355953776407 -0.02163634727401716 0.1080452456738764 -0.036722176077512499 -0.01049158385049519 0.17024961930182245 -0.060808755533849332 0.056638639018035342 0.027158868027478782 -0.038908786125107786 -0.047115450394639248 0.053912194615109356 0.29337885872810671 0.1284890932702682 0.017489041357009984 -0.057587541909975427 0.052817668614372051 0.026758380983887997 0.053467192841859204 -0.056049311245725486 0.096106249484237335 -0.073739282694968336 -0.029231767874458501 -0.014713661862167571 0.16339694284512374 0.076366942262526549 -0.019461396231717939 -0.041224090208983134 0.060994909487078391 0.12953880168844925 0.15678594886382652 0.054633093205585993 0.19381216505244109 -0.049163525115668814 0.23981736372952436 -0.0068217380600548404 0.096570033287179877 0.22924044712730077 0.13047408186465231 0.06520025777151861 0.067594134292493641 0.12981726725723861 0.088610968148042701 0.34248437171863716 0.11812672124888866 0.0022613024826306956 0.16662555031840726 0.38398988507991461 0.10218015808380951 0.17108138615826526 0.089154170880697839 0.23507246579638058 0.25375664829614741 0.08029791564451029 0.031048960686560788 0.21762488952143322 0.15610976140928495 0.06334019572580632 0.18525861463377621 0.029841563560027443 0.1745519577892945 0.021585691908441215 -0.008739844169631859
leaf_weight=3007 540 529 1229 193 278 1378 1232 684 415 1252 264 22 539 1387 32 447 1209 323 283 271 1902 566 1214 50 344 902 825 519 105 34 49 28 538 20 586 26 15.999999999999998 44 25 139 242 59 21 85 709 113 22 153 58 173 74 20 36 251 31 21 20 365 18 76 25 397
leaf_count=3007 540 529 1229 193 278 1378 1232 684 415 1252 264 22 539 1387 32 447 1209 323 283 271 1902 566 1214 50 344 902 825 519 105 34 49 28 538 20 586 26 16 44 25 139 242 59 21 85 709 113 22 153 58 173 74 20 36 251 31 21 20 365 18 76 25 397
internal_value=0.000223502 0.0662328 -0.0448834 0.109917 0.119323 -0.0623446 0.0277933 -0.00743378 0.0101699 -0.0505867 0.0262402 0.167122 0.0958848 0.00341054 0.046994 0.0480558 0.0418418 0.0830954 -0.0888308 0.0691703 -0.0609176 -0.051618 -0.0257874 0.110335 0.0994709 -0.0356273 -0.0275253 0.0904169 0.0784002 0.0740793 -0.0156363 0.215379 -0.0683236 0.26757 0.0102675 0.196409 0.183831 0.0648949 0.113694 0.102278 0.156838 0.163368 0.185838 0.152255 0.0144892 0.148326 0.316117 0.0703887 0.119397 0.105875 0.199281 0.162192 0.126517 0.0129891 0.268648 0.158392 0.167981 0.178948 0.12609 0.140238 0.0832477 -0.0241641
internal_weight=26415 10723 15692 5019 4575 10702 5704 4990 2547 7412 1735 1505 3070 2513 3191 3159 2441 1629 3290 718 4384 1944 2443 1441 902 3028 1776 1306 777 342 951 264 2440 70 1973 194 172 308 558 420 1241 999 330 669 1393 138 42 672 281 223 146 72 52 444 52 610 470 385 140 122 46 812
internal_count=26415 10723 15692 5019 4575 10702 5704 4990 2547 7412 1735 1505 3070 2513 3191 3159 2441 1629 3290 718 4384 1944 2443 1441 902 3028 1776 1306 777 342 951 264 2440 70 1973 194 172 308 558 420 1241 999 330 669 1393 138 42 672 281 223 146 72 52 444 52 610 470 385 140 122 46 812
is_linear=0
shrinkage=0.04


Tree=23
num_leaves=63
num_cat=0
split_feature=2 10 3 22 10 16 3 2 16 16 2 22 10 16 22 16 10 22 10 18 13 13 22 22 15 13 31 22 0 22 22 22 13 22 3 16 19 3 0 22 22 1 3 8 21 23 19 12 7 7 7 3 20 22 16 0 31 11 13 8 22 15
split_gain=45304.8 10354.2 5911.2 2833.36 2266.86 2048.49 1435.76 1351.3 637.328 445.676 421.884 396.701 458.219 326.821 251.542 249.397 226.32 210.969 338.367 195.685 188.409 185.341 177.668 184.164 175.565 170.774 169.312 168.426 164.451 161.658 159.983 161.841 151.465 147.123 146.876 144.936 140.519 136.831 143.888 131.904 249.643 190.026 140.786 146.305 135.705 134.995 161.425 127.735 127.39 123.877 144.854 121.905 121.235 119.416 201.756 120.583 116.979 148.108 122.605 116.69 133.203 142.125
threshold=7.5000000000000009 9.9500000000000011 4.5000000000000009 4.5000000000000009 12.450000000000001 7.2034113444123262 6.5000000000000009 2.5000000000000004 6.1703290841886433 15.836698264477794 4.5000000000000009 4.5000000000000009 8.3166666666666682 8.7586378529171984 4.5000000000000009 4.1788627570760193 5.8833333333333337 4.5000000000000009 6.1833333333333345 4.2189640410958917 5.3496159449471152 5.2039993462146308 3.5000000000000004 2.5000000000000004 11.834523999002755 5.9209835310239018 124.61000000000001 3.5000000000000004 11.500000000000002 2.5000000000000004 1.5000000000000002 3.5000000000000004 4.6735376310632164 3.5000000000000004 1.5000000000000002 10.318460603446564 -106.49999999999999 25.500000000000004 20.500000000000004 3.5000000000000004 1.5000000000000002 26.500000000000004 18.500000000000004 16.214285714285719 -13.499999999999998 15.500000000000002 -82.499999999999986 3.5556795613296095 172.50000000000003 242.50000000000003 176.50000000000003 13.500000000000002 -6.4999999999999991 4.5000000000000009 3.7399682060077164 8.5000000000000018 376.18000000000006 4.6342410895626376 6.6955121290552251 4.3571428571428585 4.5000000000000009 5.5004339387302208
decision_type=2 2 2 2 2 2 2 2 2 2 2 2 2 2 2 2 2 2 2 2 2 2 2 2 2 2 2 2 2 2 2 2 2 2 2 2 2 2 2 2 2 2 2 2 2 2 2 2 2 2 2 2 2 2 2 2 2 2 2 2 2 2
left_child=2 5 7 4 19 16 15 34 -8 21 53 12 -10 30 27 -4 -2 18 -17 20 22 26 23 47 -21 28 -6 29 -22 -15 -7 -32 -14 37 -1 51 -35 38 48 40 41 56 43 44 -42 46 -41 -3 -11 50 -47 -24 -33 54 -9 -55 57 -23 -59 -12 61 -61
right_child=1 3 6 -5 9 13 8 10 11 33 59 -13 32 14 -16 17 -18 -19 -20 24 25 39 35 -25 -26 -27 -28 -29 -30 -31 31 52 -34 36 -36 -37 -38 -39 -40 45 42 -43 -44 -45 -46 49 -48 -49 -50 -51 -52 -53 -54 55 -56 -57 -58 58 -60 60 -62 -63
leaf_value=-0.098312639730233062 -0.012852497548643768 0.0017615818597420522 -0.04778150413235932 0.014153940363933708 0.17405703523974356 0.05226904607044798 -0.015279090709863495 -0.059959048455097523 0.01615842408264178 0.23170304069968417 -0.049960920949532882 -0.013158603349063519 0.054430499142856886 0.066822086409005083 -0.03835673052651363 -0.024404689477141507 0.012222490288710235 -0.04067400905022981 0.028170185041448796 0.16871266939798077 0.16919291022026961 0.28174671388857542 0.10669805045030556 0.058730225408810233 0.059896508708260833 0.05316704754036701 0.041115604260608257 0.089405967546967557 0.10676826338903191 0.033320835428589289 0.019734265936799819 -0.051919045362683283 0.11438774905478651 0.18608726953590465 -0.080130764485871184 0.12259365863930904 0.3035330261130797 0.26763658533064627 0.21545492780112063 0.10389383363550987 0.14390745011521078 0.03112385482336423 0.16256190588920305 0.19784119652015217 0.089769921363889588 0.24079163570807186 0.20146275657743154 0.093399630094093827 0.11463694289033256 0.24362343335788797 0.1132392196410911 0.0066357556197717991 0.053738073709618375 -0.071490253165417336 -0.022729002099518055 -0.046901545120654156 0.23761708898140008 0.14698176035875896 0.19503140955400508 -0.025170376919465443 -0.042992644907870345 0.02577599645036497
leaf_weight=1072 874 25 1219 430 23 935 1571 1085 911 19 675 430 271 941 38 1507 1688 997 225 104 122 17 44 389 31 49 46 369 154 306 812 18 90 28 2139 352 42 30 74 62 109 15.999999999999998 133 31 236 24 49 991 71 71 36 35 437 1769 297 391 40 301 121 414 518 111
leaf_count=1072 874 25 1219 430 23 935 1571 1085 911 19 675 430 271 941 38 1507 1688 997 225 104 122 17 44 389 31 49 46 369 154 306 812 18 90 28 2139 352 42 30 74 62 109 16 133 31 236 24 49 991 71 71 36 35 437 1769 297 391 40 301 121 414 518 111
internal_value=0.000215423 0.0635857 -0.0430882 0.111578 0.122388 0.0313926 -0.0164969 -0.0657549 0.00309184 0.159285 -0.0532696 0.0200499 0.0312777 0.0498126 0.0632526 -0.0327367 0.00366747 -0.0260142 -0.0175724 0.0970061 0.0940752 0.149729 0.0890899 0.0821782 0.143803 0.122196 0.0856461 0.0656454 0.13442 0.0586062 0.039714 0.0304438 0.0694114 0.206797 -0.0862043 0.111592 0.256916 0.18858 0.173951 0.153269 0.146821 0.167097 0.127069 0.114469 0.106917 0.179943 0.147125 0.0911471 0.139603 0.207602 0.164609 0.0624564 0.0495433 -0.0611606 -0.0519618 -0.0670425 0.171628 0.165558 0.160807 -0.0369969 -0.0286011 -0.0143922
internal_weight=26415 10723 15692 4305 3875 6418 7221 8471 3273 1579 5260 1702 1272 3856 1654 3948 2562 2729 1732 2296 2161 1315 1836 1405 135 325 69 1616 276 1247 2202 1267 361 264 3211 431 70 194 164 1246 1004 495 509 376 345 242 111 1016 90 131 60 79 455 3542 1382 2160 479 439 422 1718 1043 525
internal_count=26415 10723 15692 4305 3875 6418 7221 8471 3273 1579 5260 1702 1272 3856 1654 3948 2562 2729 1732 2296 2161 1315 1836 1405 135 325 69 1616 276 1247 2202 1267 361 264 3211 431 70 194 164 1246 1004 495 509 376 345 242 111 1016 90 131 60 79 455 3542 1382 2160 479 439 422 1718 1043 525
is_linear=0
shrinkage=0.04


Tree=24
num_leaves=63
num_cat=0
split_feature=2 10 2 22 10 10 22 10 22 13 15 14 10 10 22 24 24 22 13 18 13 12 22 13 22 13 10 0 22 24 10 22 22 24 0 0 31 21 14 10 4 8 18 10 22 19 30 21 14 14 10 10 22 21 13 13 14 24 10 8 10 14
split_gain=41754.8 9543.66 5251.93 2611.49 2089.93 1896.65 1390.2 1047.28 928.104 807.776 726.277 633.911 407.428 327.685 283.837 284.4 271.527 227.466 218.988 217.21 216.281 207.711 187.439 178.765 177.348 166.607 165.465 159.401 163.415 154.739 154.121 153.256 205.693 144.987 154.361 156.701 139.897 132.227 175.475 130.726 129.823 129.023 127.904 244.807 126.737 122.528 136.491 140.999 121.429 120.353 115.237 115.045 138.767 115.025 114.988 113.765 111.948 109.232 104.989 120.895 101.905 101.694
threshold=7.5000000000000009 9.9500000000000011 4.5000000000000009 4.5000000000000009 12.316666666666668 7.7166666666666677 4.5000000000000009 5.1500000000000012 4.5000000000000009 3.437621471208014 4.8370127199397475 6.1425802007186352 14.583333333333334 5.8833333333333337 4.5000000000000009 6.5000000000000009 7.5000000000000009 5.5000000000000009 4.6735376310632164 1.0025510204081634 1.5120207989811925 3.4129681581215618 5.5000000000000009 4.90238037419918 3.5000000000000004 1.8307714597761884 10.550000000000002 11.500000000000002 3.5000000000000004 5.5000000000000009 17.083333333333339 3.5000000000000004 2.5000000000000004 6.5000000000000009 14.500000000000002 3.5000000000000004 376.18000000000006 -4.4999999999999991 15.599583820803131 12.516666666666667 121.50000000000001 16.500000000000004 1.8365082244799227 13.816666666666668 5.5000000000000009 -119.49999999999999 2.5000000000000004 8.5000000000000018 13.773477019246632 13.773477019246632 15.383333333333335 6.3166666666666673 1.5000000000000002 7.5000000000000009 4.0234942210877405 3.088726256089632 11.904383535044749 3.5000000000000004 11.783333333333337 12.785714285714286 8.7500000000000018 9.0489908891556645
decision_type=2 2 2 2 2 2 2 2 2 2 2 2 2 2 2 2 2 2 2 2 2 2 2 2 2 2 2 2 2 2 2 2 2 2 2 2 2 2 2 2 2 2 2 2 2 2 2 2 2 2 2 2 2 2 2 2 2 2 2 2 2 2
left_child=2 5 6 4 16 13 10 25 9 24 20 44 33 -2 15 31 19 55 -11 -3 -1 -10 23 -23 51 -4 -19 58 53 -15 37 32 60 34 35 -6 -32 -14 41 -37 -36 -39 43 49 -8 -40 -47 -48 -44 56 -5 -9 -53 -29 -12 -13 -35 -55 -21 -60 -7 -62
right_child=1 3 7 50 12 14 11 8 21 18 54 17 30 29 -16 -17 -18 26 -20 27 -22 22 -24 -25 -26 -27 -28 28 -30 -31 36 -33 -34 42 40 39 -38 38 45 -41 -42 -43 48 -45 -46 46 47 -49 -50 -51 -52 52 -54 57 -56 -57 -58 -59 59 -61 61 -63
leaf_value=-0.061043299866560076 -0.012338456604371429 -0.013635474438868263 -0.045385463846461249 0.0024748286097769035 0.050207764809591729 0.05255602543310299 -0.077568785815752925 -0.012277835519376825 -0.056905621031486019 0.044846128055182247 0.0020797189401049413 -0.05621681195093297 0.13908132924123515 0.025285536773159284 -0.047562506089354563 0.037033282148211472 0.069760569312342272 -0.074442252686197724 0.11702005855503637 0.11117813913500525 -0.03766548815862851 -0.020262171918759231 -0.047489229627668314 0.024929005317119564 0.027581871699722142 -0.026043410815874066 -0.044511214076521026 0.06923066909351501 0.12359421705046485 0.0046343928143645656 0.24607911456424636 0.083691751004748141 0.030930256943987284 0.15542633087763824 0.020759931182303619 0.10079632174212406 0.11118856047952413 0.17311703912901458 0.13307246849105808 0.18646841286224844 0.1342546792221152 0.097599563126062369 0.10900442912540342 0.26954819819373538 -0.094509796793533621 0.25658510026895126 0.1153222335736776 0.2522376475401964 0.031014159987692223 0.20486104905875022 0.052188571762219922 0.035982406992665895 -0.0037866018327844804 0.13972173389776618 0.084400578402366838 -0.027981274333686582 0.064769954404888308 0.085833722228767992 0.18810587004454757 0.090152791346426411 0.091296314249110347 0.059472694030152387
leaf_weight=1164 874 26 1185 334 17 590 1270 1126 318 454 406 536 177 1338 45 1093 623 1471 79 577 1392 642 297 179 325 1791 371 417 202 1026 77 426 380 36 17 33 14.999999999999998 181 27 235 346 46 162 21 1612 91 29 21 40 22 96 206 440 87 29 399 56 200 64 30 327 319
leaf_count=1164 874 26 1185 334 17 590 1270 1126 318 454 406 536 177 1338 45 1093 623 1471 79 577 1392 642 297 179 325 1791 371 417 202 1026 77 426 380 36 17 33 15 181 27 235 346 46 162 21 1612 91 29 21 40 22 96 206 440 87 29 399 56 200 64 30 327 319
internal_value=0.000207604 0.0610445 -0.0413648 0.10712 0.117498 0.0301371 -0.0622442 -0.0157169 -0.00251914 0.0116015 -0.0401832 -0.073903 0.151633 0.00858679 0.0520788 0.0535111 0.0922041 -0.0602576 0.0555673 0.100921 -0.0483145 -0.0283812 -0.0202617 -0.010405 0.000423579 -0.0337471 -0.0684176 0.102811 0.0918283 0.0163242 0.175891 0.0623279 0.05669 0.135262 0.14637 0.168494 0.224252 0.168071 0.181018 0.175968 0.128952 0.157872 0.113861 0.144081 -0.0870481 0.212167 0.227193 0.173255 0.0935937 0.120735 0.0135879 -0.00455763 0.00889567 0.0826945 0.00759051 -0.0441741 0.100396 0.102219 0.117622 0.156995 0.0646049 0.0755963
internal_weight=26415 10723 15692 4305 3875 6418 8650 7042 4066 2630 2991 5659 1649 3238 3180 3135 2226 2777 533 1603 2556 1436 1118 821 2097 2976 1842 1577 906 2364 664 2042 1616 985 648 285 92 572 395 268 363 227 337 135 2882 168 141 50 202 114 430 1772 646 704 435 935 92 287 671 94 1236 646
internal_count=26415 10723 15692 4305 3875 6418 8650 7042 4066 2630 2991 5659 1649 3238 3180 3135 2226 2777 533 1603 2556 1436 1118 821 2097 2976 1842 1577 906 2364 664 2042 1616 985 648 285 92 572 395 268 363 227 337 135 2882 168 141 50 202 114 430 1772 646 704 435 935 92 287 671 94 1236 646
is_linear=0
shrinkage=0.04


Tree=25
num_leaves=63
num_cat=0
split_feature=2 10 3 22 10 16 2 3 16 16 22 10 2 13 12 24 18 22 26 11 2 7 26 24 24 17 18 12 13 20 3 4 4 5 23 13 9 22 26 1 20 3 13 4 20 18 13 3 15 22 3 26 14 18 24 7 16 14 14 16 24 7
split_gain=38289.1 8892.93 5136.65 2337.4 2499.8 1636.22 1188.77 1185.35 543.385 396.702 374.389 441.068 369.249 342.4 279.994 259.96 217.476 201.893 226.631 199.564 189.271 177.908 174.31 173.633 173.095 161.916 155.605 161.397 144.243 141.558 140.126 168.35 235.979 168.511 142.635 260.646 132.854 132.73 131.753 161.861 127.045 125.855 124.949 128.977 148.38 119.932 119.54 119.075 116.004 115.448 113.019 112.623 112.381 117.623 114.739 109.477 107.644 107.264 168.854 120.051 106.965 105.797
threshold=7.5000000000000009 9.9500000000000011 4.5000000000000009 4.5000000000000009 13.41666666666667 7.8431456766665706 2.5000000000000004 6.5000000000000009 6.1703290841886433 11.16463158313516 4.5000000000000009 8.2500000000000018 4.5000000000000009 2.7240942816232399 6.4580215875299762 6.5000000000000009 4.4068287037037051 4.5000000000000009 1.0000000180025095e-35 2.968084198523314 5.5000000000000009 224.50000000000003 1.0000000180025095e-35 8.5000000000000018 5.5000000000000009 385.50000000000006 1.3987625265715156 6.1071026924969543 6.2484939739696008 1.0000000180025095e-35 18.500000000000004 164.50000000000003 148.50000000000003 375.50000000000006 9.5000000000000018 7.1541724119366874 10.892857142857144 3.5000000000000004 1.0000000180025095e-35 11.500000000000002 5.5000000000000009 22.500000000000004 4.9808829942389607 142.50000000000003 -4.4999999999999991 2.8768177028451007 2.5616535607917874 1.5000000000000002 4.1389089923177034 2.5000000000000004 10.500000000000002 1.0000000180025095e-35 9.9925711263283663 2.026248346560847 5.5000000000000009 113.50000000000001 8.9784132032074968 13.034456401519362 14.313507433610356 14.116214904974724 5.5000000000000009 142.50000000000003
decision_type=2 2 2 2 2 2 2 2 2 2 2 2 2 2 2 2 2 2 2 2 2 2 2 2 2 2 2 2 2 2 2 2 2 2 2 2 2 2 2 2 2 2 2 2 2 2 2 2 2 2 2 2 2 2 2 2 2 2 2 2 2 2
left_child=2 5 6 4 9 13 47 20 48 16 11 60 -8 -2 21 17 19 18 -7 -3 -4 55 26 28 -15 30 -23 -28 29 42 57 32 -32 34 35 -33 37 49 -21 -40 -36 -37 43 -11 -45 -35 -22 -1 -9 -13 -5 -50 53 -44 -54 -6 -17 59 -59 -16 -10 -56
right_child=1 3 7 50 14 15 12 8 10 23 -12 36 -14 24 25 56 -18 -19 -20 38 46 22 -24 -25 -26 -27 27 -29 -30 -31 31 33 -34 45 40 41 -38 -39 39 -41 -42 -43 52 44 -46 -47 -48 -49 51 -51 -52 -53 54 -55 61 -57 -58 58 -60 -61 -62 -63
leaf_value=-0.090449333269888299 -0.0089238992615479473 -0.057673164849781848 -0.036581838644479038 0.0047358212513583051 0.19657149091151088 0.076453774156697227 -0.056245889836421412 -0.04101837139593676 0.027695575608259144 0.20727393726384416 -0.013937649759859077 0.066223882524204039 -0.033467076654427809 0.027969106937706604 0.15651052109444338 0.022584003363969565 0.14767834403966493 -0.037655429018557597 0.04864321444749229 0.092121670963979108 -0.027233546748664243 0.09078858975081415 0.13637602291213083 0.079181952359212063 0.0059594889358234896 0.056165510186497458 0.25584642895172638 0.12931683923324308 0.044655859434683941 0.10295278333372951 0.19614673083324377 0.199352191913862 0.014358520082562987 0.081378397817735537 0.22373702486917257 0.27472100525571586 0.13072482837841354 0.1272372279705338 0.075978374480767927 0.033723717301786103 0.11679930971697043 0.43125320708554088 0.13754616497368211 0.005184639302012759 0.10922245678359627 0.20531199353445467 -0.0044706818915839072 -0.074233048962687134 0.0031762721118321585 0.014478558081906137 0.058797743545867476 -0.02014046065455528 0.15591778110330387 0.29777133120606281 0.022058079467393962 0.099319889444283493 0.048703952148104454 0.086254728812320977 0.17128003484491028 0.30667796876695419 2.0605236997307731e-06 0.12317468405214378
leaf_weight=1098 1081 18 2400 352 21 821 3532 219 453 15.999999999999998 423 195 1682 1305 18 580 68 34 1097 507 990 17 171 270 1018 15.999999999999998 65 22 45 522 35 34 17 23 134 17 44 38 619 190 21 18 15.000000000000002 28 102 28 589 2161 604 107 75 734 223 14.999999999999998 19 164 448 47 191 17 440 134
leaf_count=1098 1081 18 2400 352 21 821 3532 219 453 16 423 195 1682 1305 18 580 68 34 1097 507 990 17 171 270 1018 16 65 22 45 522 35 34 17 23 134 17 44 38 619 190 21 18 15 28 102 28 589 2161 604 107 75 734 223 15 19 164 448 47 191 17 440 134
internal_value=0.000116323 0.058559 -0.0396094 0.103068 0.112875 0.0286199 -0.0607469 -0.0148576 0.00303612 0.092898 0.0186721 0.0294757 -0.0488988 0.00967134 0.164676 0.0502627 0.0778696 0.0588385 0.0605519 0.0742989 -0.0295046 0.140961 0.161417 0.108059 0.0183254 0.182356 0.202401 0.224059 0.115017 0.117959 0.185708 0.203498 0.136896 0.216031 0.231044 0.279382 0.0653206 0.0568147 0.0761097 0.0660624 0.209346 0.35628 0.132125 0.100194 0.0868509 0.149728 -0.0187446 -0.0796997 -0.0140347 0.0479078 0.0142477 -0.00961388 0.143574 0.218448 0.137539 0.11047 0.0339726 0.164325 0.154541 0.230172 0.0140542 0.110653
internal_weight=26387 10678 15709 4294 3867 6384 8473 7236 3257 2791 1700 1277 5214 3404 1076 2980 1402 1952 1918 1334 3979 460 275 1389 2323 616 104 87 1119 1074 600 327 52 275 224 69 384 340 1316 809 155 35 552 146 130 51 1579 3259 1557 302 427 1338 406 30 376 185 1028 273 238 35 893 153
internal_count=26387 10678 15709 4294 3867 6384 8473 7236 3257 2791 1700 1277 5214 3404 1076 2980 1402 1952 1918 1334 3979 460 275 1389 2323 616 104 87 1119 1074 600 327 52 275 224 69 384 340 1316 809 155 35 552 146 130 51 1579 3259 1557 302 427 1338 406 30 376 185 1028 273 238 35 893 153
is_linear=0
shrinkage=0.04


Tree=26
num_leaves=63
num_cat=0
split_feature=2 10 2 22 10 16 22 16 22 13 8 14 16 13 22 26 26 12 18 22 24 13 11 13 10 22 24 13 24 24 13 11 23 22 24 31 6 1 6 4 26 1 13 14 16 11 6 21 20 21 2 16 15 4 13 8 24 4 23 11 8 22
split_gain=35288.9 8196.92 4640.1 2154.37 2306.02 1507.95 1206.07 840.127 787.981 735.73 620.949 545.365 388.37 315.56 244.681 251.968 237.191 220.546 200.465 200.124 198.593 191.015 183.964 170.793 161.755 163.98 159.524 157.478 153.211 151.288 142.887 140.615 162.433 130.377 125.94 186.652 215.603 131.937 131.776 126.256 121.417 149.163 112.662 111.776 116.527 167.072 134.115 122.364 192.884 121.009 111.602 109.371 108.98 108.159 106.932 105.479 105.107 102.99 102.014 133.005 99.1048 98.319
threshold=7.5000000000000009 9.9500000000000011 4.5000000000000009 4.5000000000000009 13.516666666666667 7.8431456766665706 4.5000000000000009 5.0313216767757956 4.5000000000000009 3.437621471208014 4.0714285714285721 6.0435524221957264 11.16463158313516 2.7240942816232399 4.5000000000000009 1.0000000180025095e-35 1.0000000180025095e-35 6.4580215875299762 4.4068287037037051 5.5000000000000009 8.5000000000000018 4.6735376310632164 2.968084198523314 4.0234942210877405 8.0500000000000025 5.5000000000000009 5.5000000000000009 5.2530232081806405 6.5000000000000009 7.5000000000000009 6.0850768225306675 4.7157284949512617 17.500000000000004 1.5000000000000002 7.5000000000000009 135.37000000000003 314.50000000000006 26.500000000000004 191.50000000000003 208.50000000000003 1.0000000180025095e-35 11.500000000000002 2.9896372747346387 10.498726910794412 12.036790982486872 6.9041050590693098 172.50000000000003 4.5000000000000009 -1.0000000180025095e-35 -10.499999999999998 17.500000000000004 5.9168725300649436 2.8266821623789835 303.50000000000006 1.8307714597761884 14.214285714285717 5.5000000000000009 342.50000000000006 2.5000000000000004 4.928053803045815 5.0714285714285721 5.5000000000000009
decision_type=2 2 2 2 2 2 2 2 2 2 2 2 2 2 2 2 2 2 2 2 2 2 2 2 2 2 2 2 2 2 2 2 2 2 2 2 2 2 2 2 2 2 2 2 2 2 2 2 2 2 2 2 2 2 2 2 2 2 2 2 2 2
left_child=2 5 6 4 12 13 10 29 9 16 52 61 18 -2 15 28 51 31 22 42 43 56 -3 60 -10 30 -15 -21 -7 54 -26 32 -6 -17 35 36 39 55 -39 -19 -24 -42 -13 -14 57 47 -47 53 -49 -48 -41 -9 -1 -46 -4 -37 -11 -45 -33 -60 -12 -8
right_child=1 3 7 -5 17 14 11 8 24 21 23 19 20 26 -16 33 -18 34 -20 27 -22 -23 40 -25 25 -27 -28 -29 -30 -31 -32 58 -34 -35 -36 37 -38 38 -40 50 41 -43 -44 44 45 46 49 48 -50 -51 -52 -53 -54 -55 -56 -57 -58 -59 59 -61 -62 -63
leaf_value=-0.064397485686919304 -0.0085669762120526086 -0.055378982220565413 -0.035381814025706455 0.013678575637426511 0.13670756894256431 0.073395995509628928 -0.072354295439684996 0.0042058783890395121 -0.051510947974468986 0.061064946526146351 -0.022375374436801133 -0.054148790368873607 0.14945599402177764 0.026850428388704998 -0.044214627494304513 0.05459998817375445 -0.0090661322022692926 0.15169294752304457 0.14177988428835828 -0.067391133158243424 0.074020211718247728 0.11172618280357277 0.088437530677305545 0.080050019574129327 -0.013409961367410168 -0.044067956210339737 0.0057211327690924975 -0.0282998804871353 0.044085618381421783 -0.044893414989961612 0.068064443569764543 0.05515202633129275 0.31410715583144438 0.031239125531102478 0.13054876361545451 0.27894282600723996 0.2114798664689857 0.22215935742632942 0.077879214844669739 0.12837228883037249 0.072939730549233875 0.032375478517197499 -0.026625482178992223 0.082946682235793712 0.13141290714760495 -0.03798889597914866 -0.0028333372121665907 0.2082747377207976 0.12521628344441244 0.1170763890270882 -0.0030868084796731401 0.036013962198492143 -0.043545914606638474 0.078694661574495894 -0.016664337454425814 0.19817342797536622 0.023282480630668626 0.1281369435787201 0.023069727496700995 0.14132801513379417 0.0061980752422600453 -0.087404973998420732
leaf_weight=542 1081 18 855 427 19 821 1241 370 326 236 564 503 114 1305 45 592 1539 42 68 1702 279 73 507 33 747 309 1018 183 439 844 36 27 14.999999999999998 1083 88 29 45 15.999999999999998 28 18 619 190 453 371 169 14.999999999999998 17 68 134 64 24 325 1556 100 1141 315 236 104 15.999999999999998 348 296 1599
leaf_count=542 1081 18 855 427 19 821 1241 370 326 236 564 503 114 1305 45 592 1539 42 68 1702 279 73 507 33 747 309 1018 183 439 844 36 27 15 1083 88 29 45 16 28 18 619 190 453 371 169 15 17 68 134 64 24 325 1556 100 1141 315 236 104 16 348 296 1599
internal_value=0.000112571 0.0562189 -0.038025 0.0989507 0.108366 0.0274752 -0.0576081 -0.0138911 -0.00252125 0.00985883 -0.0370461 -0.0684326 0.089746 0.00928452 0.0482524 0.0496723 -0.000306589 0.159635 0.0747558 -0.0560348 0.104384 0.0515238 0.0713274 -0.00910653 -0.0267841 -0.0193964 0.0175925 -0.0635988 0.0631898 -0.0306923 -0.00965324 0.137437 0.215722 0.0394996 0.1752 0.182769 0.140784 0.196683 0.130775 0.10268 0.0730661 0.0634205 -0.0411131 0.111703 0.107557 0.119839 0.0715766 0.129655 0.153276 0.091913 0.0533764 0.0190861 -0.0489365 0.111859 -0.0246845 0.205067 0.0421869 0.0928701 0.130571 0.136143 -0.0125389 -0.0808317
internal_weight=26387 10678 15709 4294 3867 6384 8672 7037 4197 2779 2991 5681 2837 3404 2980 2935 2234 1030 1402 2841 1435 545 1334 893 1418 1092 2323 1885 1260 2840 783 425 34 1675 605 517 129 388 44 84 1316 809 956 1156 1042 567 96 471 202 81 42 695 2098 269 1996 344 472 475 391 364 860 2840
internal_count=26387 10678 15709 4294 3867 6384 8672 7037 4197 2779 2991 5681 2837 3404 2980 2935 2234 1030 1402 2841 1435 545 1334 893 1418 1092 2323 1885 1260 2840 783 425 34 1675 605 517 129 388 44 84 1316 809 956 1156 1042 567 96 471 202 81 42 695 2098 269 1996 344 472 475 391 364 860 2840
is_linear=0
shrinkage=0.04


Tree=27
num_leaves=63
num_cat=0
split_feature=3 10 3 22 10 10 9 22 10 22 9 9 14 0 12 22 9 24 5 9 17 13 18 7 12 18 31 6 24 4 12 8 24 18 18 18 13 24 4 23 24 22 5 31 3 17 8 1 10 20 13 23 12 13 7 9 21 3 5 1 21 8
split_gain=32527.4 7539.1 4266.63 1842.87 2241.84 1308.57 923.086 1460.26 954.508 520.319 372.47 348.567 321.043 293.391 279.419 254.237 229.596 209.011 202.681 198.034 193.261 175.428 172.412 159.531 154.572 152.249 146.536 164.211 149.459 153.074 237.761 168.132 142.074 137.544 134.206 134.378 133.503 133.382 129.184 126.373 124.096 123.185 120.282 190.464 160.846 118.818 114.998 111.17 110.622 110.189 128.087 134.36 115.316 124.193 127.801 124.686 163.389 214.83 120.596 109.112 108.485 108.416
threshold=7.5000000000000009 9.8500000000000032 3.5000000000000004 4.5000000000000009 13.41666666666667 8.2500000000000018 4.6785714285714297 4.5000000000000009 7.2500000000000009 4.5000000000000009 6.6071428571428585 11.392857142857144 5.539220177177735 11.500000000000002 6.4580215875299762 4.5000000000000009 4.3928571428571432 5.5000000000000009 57.500000000000007 10.535714285714286 385.50000000000006 2.420221325492331 4.4068287037037051 224.50000000000003 5.4837422050483537 0.99423396477234982 124.61000000000001 314.50000000000006 7.5000000000000009 162.50000000000003 7.2887839420121301 14.214285714285717 8.5000000000000018 1.2606122974015952 1.3215534465534466 1.1412736428395973 4.8190236050207416 7.5000000000000009 208.50000000000003 24.500000000000004 5.5000000000000009 5.5000000000000009 289.50000000000006 197.39000000000001 18.500000000000004 368.50000000000006 17.928571428571434 4.5000000000000009 3.3166666666666669 -5.4999999999999991 5.3004554105996329 9.5000000000000018 4.9569575922564226 4.9808829942389607 473.50000000000006 13.821428571428575 3.5000000000000004 16.500000000000004 220.50000000000003 7.5000000000000009 -4.4999999999999991 11.214285714285717
decision_type=2 2 2 2 2 2 2 2 2 2 2 2 2 2 2 2 2 2 2 2 2 2 2 2 2 2 2 2 2 2 2 2 2 2 2 2 2 2 2 2 2 2 2 2 2 2 2 2 2 2 2 2 2 2 2 2 2 2 2 2 2 2
left_child=2 5 9 4 11 10 37 8 21 16 18 22 -11 -9 23 17 -1 -7 -2 -10 26 -8 25 -6 -15 -3 27 38 29 30 33 -31 45 -28 35 -25 41 48 -16 -36 -12 -14 44 60 -33 49 -45 -24 -4 50 51 -13 -51 61 55 58 -57 -58 -55 -47 -44 -54
right_child=1 3 6 -5 14 15 7 13 19 12 40 32 36 24 20 -17 -18 -19 -20 -21 -22 -23 47 34 -26 -27 28 -29 -30 31 -32 42 -34 -35 39 -37 -38 -39 -40 -41 -42 -43 43 46 -46 59 -48 -49 -50 52 -52 -53 53 54 -56 56 57 -59 -60 -61 -62 -63
leaf_value=-0.047734248270516713 -0.14042008026998642 -0.035530932289442867 -0.049853338646041537 0.014873531313886208 0.099737006403998227 0.063303648918171224 -0.015955366265217926 -0.045158229933247994 0.038787522946319014 -0.079515818354069845 0.029399793381754549 0.17319375784609331 -0.045602194995784419 -0.02374274648391992 0.15953360497511621 -0.060298153511347014 -0.0014848263717299342 0.038965013986639888 -0.001945037293293084 0.11293721182788419 0.027626743529806076 0.0028846639754800379 0.050585428388955078 0.15661434478493802 0.022167858611258657 0.07029116265971784 0.29949977160240548 0.1956007484706771 0.13310701493142457 0.29686542886229311 0.067592282501674414 0.17621331585980471 0.067548237015665466 0.1479736333064349 0.14525780587401496 0.027815421058682937 -0.025486354810601766 -0.04713149332197155 0.046146631471979942 0.21874001940010521 0.010388721407313648 -0.067143000366337163 0.31441526852779506 0.15027061920378434 0.25291632355423399 0.075633317226201147 0.027043257991209723 0.16473493413118542 -0.026498330624959737 0.1260171573172611 0.17688203244126163 0.037187890590623364 0.13023824331632519 0.082604852107411461 -0.0016442142552997342 -0.0091404013158211742 0.22735756394089454 0.035974685439313071 0.12115306040059373 0.18690451847341005 0.18425134184276176 0.039872908100909349
leaf_weight=1150 17 22 396 422 186 1153 1401 1620 674 2333 1386 19 585 651 27 33 202 1109 1543 63 14.999999999999998 1815 19 25 143 1461 15.999999999999998 39 83 29 37 85 194 25 169 27 181 1235 40 49 911 1568 15.999999999999998 65 94 20 14.999999999999998 50 1807 181 63 30 26 204 20 36 14.999999999999998 25 365 50 31 116
leaf_count=1150 17 22 396 422 186 1153 1401 1620 674 2333 1386 19 585 651 27 33 202 1109 1543 63 15 1815 19 25 143 1461 16 39 83 29 37 85 194 25 169 27 181 1235 40 49 911 1568 16 65 94 20 15 50 1807 181 63 30 26 204 20 36 15 25 365 50 31 116
internal_value=0.000108624 0.0544653 -0.0361761 0.0943734 0.102783 0.0258496 -0.0199019 -0.0108824 0.00408689 -0.0626858 0.011618 0.0845857 -0.0690169 -0.0353952 0.152221 0.049765 -0.0408263 0.0513742 -0.00346425 0.0451431 0.169809 -0.00532232 0.0716053 0.128387 -0.0154699 0.0687177 0.173343 0.130309 0.182508 0.192397 0.141457 0.204205 0.0993474 0.207739 0.148071 0.0899581 -0.0585186 -0.036604 0.0920394 0.161876 0.0218616 -0.0612934 0.195323 0.16514 0.216623 0.104612 0.127253 0.13345 -0.0306995 0.101371 0.139096 0.0902109 0.0970791 0.0905714 0.0978314 0.100919 0.0526425 0.108181 0.107353 0.155295 0.229178 0.0565128
internal_weight=26387 10563 15824 4411 3989 6152 9805 6367 3953 6019 3857 2916 4667 2414 1073 2295 1352 2262 1560 737 617 3216 1552 456 794 1483 602 106 496 413 78 335 1364 41 270 52 2334 3438 67 218 2297 2153 306 127 179 1170 80 69 2203 1100 112 49 988 807 665 645 76 40 569 70 47 142
internal_count=26387 10563 15824 4411 3989 6152 9805 6367 3953 6019 3857 2916 4667 2414 1073 2295 1352 2262 1560 737 617 3216 1552 456 794 1483 602 106 496 413 78 335 1364 41 270 52 2334 3438 67 218 2297 2153 306 127 179 1170 80 69 2203 1100 112 49 988 807 665 645 76 40 569 70 47 142
is_linear=0
shrinkage=0.04


Tree=28
num_leaves=63
num_cat=0
split_feature=2 10 2 22 10 22 16 13 22 8 10 14 16 24 24 22 24 10 12 31 11 7 11 24 13 10 6 8 13 21 18 14 16 24 24 2 11 5 14 14 22 15 16 18 7 18 16 7 4 15 13 10 13 13 7 17 22 22 22 4 24 21
split_gain=30026.9 7001.52 3961.7 1815.37 2346.6 1024.49 934.185 725.911 844.457 535.553 466.101 464.753 453.726 239.557 187.4 171.871 169.592 163.833 152.017 184.113 159.939 163.716 151.823 155.985 145.164 145.02 142.079 140.22 137.498 137.056 136.058 145.211 135.347 135.036 132.972 132.101 160.231 163.938 128.906 123.49 140.113 121.74 299.155 136.495 126.319 125.95 121.444 119.97 117.105 113.788 113.644 122.249 133.414 109.273 108.246 135.545 107.042 107.008 135.972 106.406 106.377 104.13
threshold=7.5000000000000009 9.4500000000000011 4.5000000000000009 4.5000000000000009 13.41666666666667 4.5000000000000009 7.1598544803522683 2.5184377155942204 4.5000000000000009 4.0714285714285721 8.2500000000000018 6.0435524221957264 11.16463158313516 7.5000000000000009 8.5000000000000018 5.5000000000000009 6.5000000000000009 4.2833333333333341 6.4580215875299762 135.37000000000003 4.7157284949512617 196.50000000000003 2.968084198523314 7.5000000000000009 4.0234942210877405 8.6500000000000004 314.50000000000006 14.214285714285717 5.2530232081806405 3.5000000000000004 4.5418613707165116 9.5976836355304336 5.0670974950927814 8.5000000000000018 4.5000000000000009 15.500000000000002 4.8989794855663611 201.50000000000003 13.16098265008142 10.119827225805473 5.5000000000000009 14.120092532505145 13.751083698554426 1.9630765735060216 269.50000000000006 1.4247640002839097 10.748794346448699 178.50000000000003 430.50000000000006 14.347784780181707 6.2484939739696008 12.116666666666669 5.7929802942574513 6.0850768225306675 236.50000000000003 232.50000000000003 3.5000000000000004 3.5000000000000004 1.5000000000000002 379.50000000000006 4.5000000000000009 5.5000000000000009
decision_type=2 2 2 2 2 2 2 2 2 2 2 2 2 2 2 2 2 2 2 2 2 2 2 2 2 2 2 2 2 2 2 2 2 2 2 2 2 2 2 2 2 2 2 2 2 2 2 2 2 2 2 2 2 2 2 2 2 2 2 2 2 2
left_child=2 6 5 4 12 9 16 17 10 -1 34 -7 22 18 25 -13 32 -4 20 26 -6 47 -3 30 -11 -8 38 -21 -17 33 31 -24 -2 -14 -9 36 -31 -38 -20 -10 53 42 44 45 -23 -43 -12 60 -35 -5 51 52 -37 -41 55 -53 -33 58 -34 -58 -22 -15
right_child=1 3 7 49 13 11 14 8 39 24 46 15 29 61 -16 28 -18 -19 19 27 21 41 23 -25 -26 -27 -28 -29 -30 35 -32 56 57 48 -36 50 37 -39 -40 40 -42 43 -44 -45 -46 -47 -48 -49 -50 -51 -52 54 -54 -55 -56 -57 59 -59 -60 -61 -62 -63
leaf_value=-0.045260832574652458 -0.021962681651952653 -0.021601575082138034 -0.034941094326841837 -0.0085030190701283967 0.23202123244920095 -0.074592125143311858 0.033781775928107119 0.022350810025722291 -0.038495451423466491 -0.011435312979167386 0.049695239182710113 -0.037872157164550002 0.092219817131251283 0.0835468725500884 0.018418038575285706 -0.062254257885647618 -0.012079690521996487 -0.017744595672015608 0.19016036314177887 0.2657887019746723 0.015673426804335221 0.058496086545836878 0.091322562385484543 0.049470161608278891 0.073924104892775372 0.053932459217954892 0.18416975638922103 0.17513152631488879 -0.025726608370640839 0.14263219660360285 0.13237873091021979 0.055872945192070422 0.019224202981644727 0.03577722271795658 -0.00085677119805708591 0.12051935088942883 0.028500707543308391 0.097670393066980207 0.072557625657481584 -0.0072409969705701351 -0.037200377496646543 0.14642235857514582 0.2932361470773211 0.16060887006663102 0.17659632084672883 0.037931176783636465 0.12361959615550434 0.0035360449526733134 0.15383712048562159 0.031804132651104149 0.030883288096986421 0.25197534847802927 -0.0063378420412935179 0.064667207329557219 0.13235605977099663 0.1274044868683914 0.077088407131662914 0.032278076138801522 -0.0089420508676834286 0.16162423903431841 0.13178552766478391 0.14677357390074269
leaf_weight=2098 185 31 1588 244 25 2840 1533 633 545 860 322 956 606 126 748 1702 785 2009 19 30 15.999999999999998 23 425 559 33 913 47 362 183 78 62 748 692 125 1050 112 78 186 70 533 281 29 27 73 40 42 40 23 14.999999999999998 207 18 35 14.999999999999998 36 97 24 208 392 454 27 61 63
leaf_count=2098 185 31 1588 244 25 2840 1533 633 545 860 322 956 606 126 748 1702 785 2009 19 30 16 23 425 559 33 913 47 362 183 78 62 748 692 125 1050 112 78 186 70 533 281 29 27 73 40 42 40 23 15 207 18 35 15 36 97 24 208 392 454 27 61 63
internal_value=0.000105041 0.0518595 -0.0350744 0.0865316 0.094159 -0.0531694 0.0216006 -0.0127744 0.000362198 -0.0342183 0.016731 -0.0631459 0.0780646 0.145734 0.0359472 -0.0517008 0.00332828 -0.0253378 0.154463 0.16818 0.13424 0.126848 0.0661412 0.0674838 -0.00827077 0.041306 0.127823 0.182141 -0.0587107 0.0957405 0.0743287 0.0717619 0.0103496 0.0840331 0.00787155 0.109305 0.0922126 0.07726 0.0978715 -0.0236317 -0.0140957 0.145185 0.181837 0.122153 0.133673 0.0824162 0.0579011 0.0838174 0.0485415 0.00999567 0.128682 0.134882 0.105527 -0.00267737 0.158684 0.201638 0.0632943 0.0142388 0.00806429 0.0868742 0.107736 0.104699
internal_weight=26387 10678 15709 4976 4525 8672 5702 7037 3440 2991 2045 5681 3449 1076 3194 2841 2508 3597 887 528 359 334 2060 2029 893 2446 136 392 1885 1389 1470 1408 1723 746 1683 643 342 264 89 1395 850 234 90 144 63 71 362 100 140 451 301 283 127 569 156 59 983 1538 1146 235 77 189
internal_count=26387 10678 15709 4976 4525 8672 5702 7037 3440 2991 2045 5681 3449 1076 3194 2841 2508 3597 887 528 359 334 2060 2029 893 2446 136 392 1885 1389 1470 1408 1723 746 1683 643 342 264 89 1395 850 234 90 144 63 71 362 100 140 451 301 283 127 569 156 59 983 1538 1146 235 77 189
is_linear=0
shrinkage=0.04


Tree=29
num_leaves=63
num_cat=0
split_feature=3 16 2 9 22 2 16 3 22 9 22 16 16 2 9 24 16 11 8 28 2 24 14 3 22 19 22 0 32 12 16 16 0 22 22 16 11 24 14 15 12 21 16 24 9 0 22 12 21 16 9 7 14 2 24 12 15 7 3 14 21 21
split_gain=27675.9 6421.36 4183.7 1701.19 1460.79 915.938 881.74 745.567 640.06 434.831 298.156 267.82 261.62 253.159 244.389 227.175 191.929 181.338 161.92 146.153 144.966 138.456 148.745 150.232 138.493 164.063 137.662 130.177 163.137 130.149 129.799 129.537 152.627 125.305 122.043 119.941 112.666 110.938 217.838 136.391 112.639 127.58 115.512 105.698 118.003 126.224 104.267 101.584 99.9839 96.0695 92.8378 96.1538 90.1803 87.1982 86.0576 85.8001 97.4341 85.1953 85.9391 106.351 94.6393 93.3849
threshold=7.5000000000000009 9.4614369234506075 4.5000000000000009 12.750000000000002 4.5000000000000009 9.5000000000000018 7.1208660400221797 3.5000000000000004 4.5000000000000009 4.6785714285714297 4.5000000000000009 16.201852642656132 8.8971098963538555 2.5000000000000004 6.1071428571428585 7.5000000000000009 11.16463158313516 2.968084198523314 3.785714285714286 184.50000000000003 26.500000000000004 7.5000000000000009 9.7046679926941852 15.500000000000002 3.5000000000000004 240.50000000000003 3.5000000000000004 13.500000000000002 139.00000000000003 3.3282011773513749 6.1703290841886433 7.8431456766665706 10.500000000000002 5.5000000000000009 2.5000000000000004 10.624662502397625 5.7981934789249348 6.5000000000000009 11.720432532994115 12.226804097639208 4.8166947919293479 5.5000000000000009 12.546139441178147 3.5000000000000004 12.178571428571429 12.500000000000002 3.5000000000000004 3.3838660509171263 -2.4999999999999996 6.5670401201796897 11.964285714285717 250.50000000000003 11.480218960795368 21.500000000000004 7.5000000000000009 5.5699842663482269 12.125531437030196 424.50000000000006 18.500000000000004 12.653399372723294 -5.4999999999999991 -5.4999999999999991
decision_type=2 2 2 2 2 2 2 2 2 2 2 2 2 2 2 2 2 2 2 2 2 2 2 2 2 2 2 2 2 2 2 2 2 2 2 2 2 2 2 2 2 2 2 2 2 2 2 2 2 2 2 2 2 2 2 2 2 2 2 2 2 2
left_child=2 6 7 8 11 9 18 13 16 54 14 20 49 -1 -11 31 17 -3 -2 -13 48 22 -19 24 -24 -26 47 -21 53 -12 -20 -8 -33 35 52 -31 -25 40 -39 55 43 42 -42 -18 45 -45 -41 -16 57 -7 51 -43 -14 -29 -4 56 -40 58 59 -5 -61 -60
right_child=1 3 5 4 -6 12 15 -9 -10 10 29 19 34 -15 26 -17 37 21 30 27 -22 -23 23 36 25 -27 -28 28 -30 33 -32 32 -34 -35 -36 -37 -38 38 39 46 41 50 -44 44 -46 -47 -48 -49 -50 -51 -52 -53 -54 -55 -56 -57 -58 -59 61 60 -62 -63
leaf_value=-0.069342428695919875 -0.10026292721265578 -0.045162097628680495 -0.025441773313421297 0.0066043590002761781 0.025232434374833877 -0.01006984406454353 0.026231890678895257 -0.037215182878303103 -0.0035130430651806798 -0.010136930326704674 -0.049081848245066853 0.11272560798682255 0.074890723020034952 -0.051575090246048387 0.00058749205406376757 0.018999470250609156 0.042698169709732808 0.092309939151487733 -0.0055797639506829869 0.27875316543883061 0.19855765664519476 0.047799783032192046 0.047084451467764014 0.082899949207739673 0.073186290741370674 0.19402264109891446 0.06079202445213816 0.093304229025922114 0.22479121779629019 -0.021417938194180332 0.013166952233745616 0.057421046422786857 0.032694236691086169 -0.040147627350093085 0.034620771654754946 0.010565254021570922 0.17022127580812391 0.09850485103183497 0.044808194278400645 0.04964932823883892 0.066898222082020356 0.098761158892602618 0.17741104004545982 0.25375550270080566 0.0762968912262183 0.13358534251815243 0.14377376352977073 0.030193630510747894 0.13038536388063615 0.02420257335572798 0.096335863226874111 0.2083908088638933 0.16968397959364645 0.19397045203463525 -0.042232944566991552 -0.06814970921964672 -0.056697585069013554 0.1719802872643518 0.11330568056278495 0.1085289325838156 0.04748350455103089 0.20372084446082828
leaf_weight=3059 24 24 1435 23 244 196 627 3123 196 2006 276 46 106 2216 623 1013 15.999999999999998 405 1163 25 41 530 629 156 177 20 92 38 59 541 1201 1004 665 310 136 287 28 218 92 58 272 23 15.999999999999998 25 22 33 28 264 800 393 110 30 19 22 742 17 18 30 115 207 51 22
leaf_count=3059 24 24 1435 23 244 196 627 3123 196 2006 276 46 106 2216 623 1013 16 405 1163 25 41 530 629 156 177 20 92 38 59 541 1201 1004 665 310 136 287 28 218 92 58 272 23 16 25 22 33 28 264 800 393 110 30 19 22 742 17 18 30 115 207 51 22
internal_value=0.000101556 0.0502409 -0.033368 0.0839862 0.115932 -0.0114952 0.0214166 -0.0527086 0.0664695 -0.016546 -0.00930913 0.130892 0.0275757 -0.06188 -0.00214081 0.0347846 0.0711245 0.063918 0.00289128 0.175319 0.124328 0.0652672 0.0718046 0.0635718 0.0562716 0.0855563 0.0142408 0.195208 0.177421 -0.024439 0.00394357 0.0417471 0.0475726 -0.0184569 0.0609068 -0.0103296 0.0962841 0.0856234 0.0703916 0.0415763 0.0976063 0.0891772 0.0731042 0.13705 0.155819 0.185765 0.0804491 0.0094039 0.121872 0.0127947 0.117502 0.161129 0.0894394 0.13051 -0.0311674 0.0151947 0.0281436 0.106641 0.101906 0.0891473 0.0964926 0.127977
internal_weight=26387 10563 15824 4866 1723 7426 5697 8398 3143 6576 4399 1479 850 5275 2985 3309 2947 1969 2388 190 1289 1945 1415 1010 826 197 979 144 119 1414 2364 2296 1669 1138 261 828 184 978 431 213 547 451 288 96 80 58 86 887 1248 589 163 53 125 60 2177 127 110 448 418 281 258 137
internal_count=26387 10563 15824 4866 1723 7426 5697 8398 3143 6576 4399 1479 850 5275 2985 3309 2947 1969 2388 190 1289 1945 1415 1010 826 197 979 144 119 1414 2364 2296 1669 1138 261 828 184 978 431 213 547 451 288 96 80 58 86 887 1248 589 163 53 125 60 2177 127 110 448 418 281 258 137
is_linear=0
shrinkage=0.04


Tree=30
num_leaves=63
num_cat=0
split_feature=2 10 3 2 9 3 13 22 22 9 10 22 15 2 12 22 13 16 22 16 31 17 16 2 19 3 22 2 18 13 22 29 22 22 21 13 13 8 29 1 3 19 21 4 16 19 17 19 4 13 9 15 9 3 13 8 30 18 10 32 23 21
split_gain=25267.5 5223.67 4754.94 1309.91 1028.4 919.137 881.219 590.16 524.237 398.1 315.333 288.831 265.29 243.744 228.642 225.891 177.331 157.167 140.296 136.193 135.409 195.865 133.232 129.431 214.188 178.481 120.594 114.601 119.793 111.882 123.395 106.614 110.876 162.91 203.661 146.725 106.101 101.976 101.561 120.617 100.886 98.5008 161.513 101.268 98.2575 97.4036 162.707 96.2048 95.6065 92.2508 89.9681 89.7497 89.405 161.557 95.7516 91.4346 89.2848 88.5424 87.8192 85.9276 84.5908 109.701
threshold=8.5000000000000018 10.41666666666667 5.5000000000000009 3.5000000000000004 14.678571428571429 9.5000000000000018 3.4873334004771919 4.5000000000000009 4.5000000000000009 5.3214285714285721 12.316666666666668 5.5000000000000009 7.4788162461679732 5.5000000000000009 3.6502295577368584 4.5000000000000009 2.7659672291340862 8.9784132032074968 3.5000000000000004 6.5670401201796897 135.37000000000003 228.50000000000003 14.800228432477924 19.500000000000004 -104.49999999999999 15.500000000000002 1.5000000000000002 9.5000000000000018 4.4068287037037051 3.088726256089632 4.5000000000000009 57.500000000000007 3.5000000000000004 1.5000000000000002 8.5000000000000018 5.5752428924150577 2.0505114939758498 15.500000000000002 18.500000000000004 19.500000000000004 18.500000000000004 -99.499999999999986 -4.4999999999999991 354.50000000000006 3.2880076424398594 245.50000000000003 164.50000000000003 -1.0000000180025095e-35 166.50000000000003 5.0862672847048715 8.5357142857142865 8.8433193011842892 13.964285714285717 12.500000000000002 5.5752428924150577 14.785714285714286 3.5000000000000004 4.2781293952180031 10.016666666666667 158.50000000000003 24.500000000000004 3.5000000000000004
decision_type=2 2 2 2 2 2 2 2 2 2 2 2 2 2 2 2 2 2 2 2 2 2 2 2 2 2 2 2 2 2 2 2 2 2 2 2 2 2 2 2 2 2 2 2 2 2 2 2 2 2 2 2 2 2 2 2 2 2 2 2 2 2
left_child=2 6 3 11 7 9 19 10 20 -4 31 29 -7 -5 -13 16 -11 -8 26 -2 21 38 23 24 25 -12 -18 -19 50 30 44 32 33 34 49 57 -15 -23 -6 40 -40 -22 43 59 -1 52 -47 -44 -36 -3 -29 -17 55 -54 -55 -26 -14 -34 -30 -43 -35 -62
right_child=1 4 5 13 8 12 17 -9 -10 15 22 14 56 36 -16 51 18 27 -20 -21 41 37 -24 -25 45 -27 -28 28 58 -31 -32 -33 35 60 48 -37 -38 -39 39 -41 -42 42 47 -45 -46 46 -48 -49 -50 -51 -52 -53 53 54 -56 -57 -58 -59 -60 -61 61 -63
leaf_value=-0.049462325150771917 -0.0015414948113604871 0.089697050339788739 -0.02249455279984193 -0.035721880423845845 0.017298794804661986 0.0081355322988221485 0.034104772414401609 0.0066605862206328597 0.049324943838385177 -0.0050253427195806437 -0.095608948791584769 -0.071988557163911532 0.050517214812167782 -0.0306932781227819 -0.046004433418382028 -0.047623379347802024 0.027661669995590749 0.022530408797914677 0.055975624761106783 0.018824342788757224 0.13687736900368483 0.25039661657123663 0.1847525403655578 0.1322916957542494 0.098589007346825533 0.093094475569314522 0.0015735349597851848 0.13773233706085244 0.075372777826390985 -0.0084355744405464339 -0.057200620046310616 0.016473444190937367 0.09709852169280582 0.064690448058134842 0.020406801058657074 -0.025125167821811525 -0.010413024434679849 0.11419269581287228 0.0050933543070038759 0.19652462189657643 0.13061103834360133 0.07311722782867261 0.25977493242012645 0.2051290142224097 -0.025045936352299104 0.21868193605509187 0.069701585634059815 0.17888665185773736 0.076137182535808826 0.13866097662835039 0.052366326547513546 -0.011807870024867257 0.17418792961710725 -0.045166892916519451 0.0608361557698009 0.19053601312373883 0.01147834624408268 0.18218073143778252 0.18760140392661753 0.18014166950439073 0.043227911883039635 -0.062889842690683859
leaf_weight=628 886 125 1955 3622 31 544 1496 160 104 1142 17 2284 642 644 712 132 478 189 130 1290 273 19 32 177 506 14.999999999999998 697 20 30 112 1397 48 314 510 59 14.999999999999998 1151 17 20 17 21 49 28 19 456 27 21 174 304 124 1433 737 18 15.999999999999998 89 18 110 21 18 15.999999999999998 112 18
leaf_count=628 886 125 1955 3622 31 544 1496 160 104 1142 17 2284 642 644 712 132 478 189 130 1290 273 19 32 177 506 15 697 20 30 112 1397 48 314 510 59 15 1151 17 20 17 21 49 28 19 456 27 21 174 304 124 1433 737 18 16 89 18 110 21 18 16 112 18
internal_value=0.000111969 0.0550402 -0.0276945 -0.0437667 0.0927955 -0.000757622 0.0301548 0.0812288 0.133085 -0.00817833 0.0858412 -0.0573527 0.0294201 -0.0297481 -0.0658158 0.000261847 0.00648398 0.0435559 0.0165569 0.0105314 0.145808 0.10793 0.104401 0.101535 0.0940263 -0.00707746 0.0121896 0.0519185 0.0556158 -0.0475714 -0.0493369 0.0753058 0.0770662 0.0714819 0.0862511 0.0970102 -0.0176915 0.186628 0.0759016 0.107106 0.0695929 0.154254 0.17078 0.123809 -0.0391963 0.0986846 0.153825 0.190232 0.0670927 0.114135 0.0535521 -0.0172554 0.0945676 0.0637377 0.0446367 0.101787 0.0448117 0.102491 0.117803 0.0997287 0.0573444 0.0284823
internal_weight=26469 8896 17573 11006 3534 6567 5362 2746 788 5271 2586 5589 1296 5417 2996 3316 2447 3186 1305 2176 684 125 936 904 727 32 1175 1690 1501 2593 2481 1650 1602 1252 612 350 1795 36 89 58 41 559 286 84 1084 695 48 202 363 249 1453 869 647 123 105 524 752 335 48 65 640 130
internal_count=26469 8896 17573 11006 3534 6567 5362 2746 788 5271 2586 5589 1296 5417 2996 3316 2447 3186 1305 2176 684 125 936 904 727 32 1175 1690 1501 2593 2481 1650 1602 1252 612 350 1795 36 89 58 41 559 286 84 1084 695 48 202 363 249 1453 869 647 123 105 524 752 335 48 65 640 130
is_linear=0
shrinkage=0.04


Tree=31
num_leaves=63
num_cat=0
split_feature=2 10 3 2 9 3 13 26 22 9 26 13 22 10 2 22 26 9 31 24 10 19 24 15 3 24 13 7 14 24 26 18 29 22 26 22 16 24 14 19 13 22 14 28 31 2 26 2 7 5 22 13 13 24 19 14 31 17 17 17 19 24
split_gain=23287.8 4814.79 4382.21 1207.22 948.044 847.093 812.168 552.607 483.225 366.891 362.403 307.092 266.177 248.036 224.629 208.191 207.903 204.892 180.103 178.471 166.594 166.502 154.652 151.387 149.323 145.264 139.47 130.238 129.893 129.278 118.224 115.859 115.355 114.833 120.011 138.648 130.203 113.549 111.427 108.692 107.01 133.456 106.913 106.432 128.747 106.074 104.003 103.224 107.821 179.488 103.193 101.147 97.7825 97.4395 123.065 97.4717 95.985 97.365 136.799 96.724 91.0272 117.256
threshold=8.5000000000000018 10.41666666666667 5.5000000000000009 3.5000000000000004 14.678571428571429 9.5000000000000018 3.4873334004771919 -0.8783796973249266 4.5000000000000009 5.3214285714285721 1.0000000180025095e-35 5.5752428924150577 5.5000000000000009 8.1166666666666689 5.5000000000000009 4.5000000000000009 1.0000000180025095e-35 7.9642857142857153 135.37000000000003 6.5000000000000009 7.0500000000000007 -102.49999999999999 8.5000000000000018 13.134146752136949 15.500000000000002 4.5000000000000009 2.9720924166878291 278.50000000000006 13.328439915466772 5.5000000000000009 1.0000000180025095e-35 1.5365218495934962 57.500000000000007 4.5000000000000009 1.0000000180025095e-35 2.5000000000000004 8.3711125659394998 2.5000000000000004 13.615148866277815 -66.499999999999986 2.6920487433888804 4.5000000000000009 11.815547620240125 304.50000000000006 355.67000000000002 13.500000000000002 1.0000000180025095e-35 14.500000000000002 240.50000000000003 199.50000000000003 3.5000000000000004 5.0492972084093646 2.0505114939758498 6.5000000000000009 -104.49999999999999 15.28109300472657 376.18000000000006 167.50000000000003 278.50000000000006 140.50000000000003 -96.499999999999986 5.5000000000000009
decision_type=2 2 2 2 2 2 2 2 2 2 2 2 2 2 2 2 2 2 2 2 2 2 2 2 2 2 2 2 2 2 2 2 2 2 2 2 2 2 2 2 2 2 2 2 2 2 2 2 2 2 2 2 2 2 2 2 2 2 2 2 2 2
left_child=2 6 3 12 7 9 19 -3 16 -4 23 25 40 -7 -5 20 21 -14 27 26 30 -6 24 32 33 37 -2 -18 -25 -15 -11 39 60 34 36 -36 -8 -12 -30 51 41 -1 45 47 -45 -33 -28 -20 -49 -50 -22 -27 -16 54 -13 -56 57 -23 -59 -58 -9 -62
right_child=1 4 5 14 8 13 22 10 -10 15 11 53 17 29 52 -17 18 -19 43 -21 50 56 -24 28 -26 31 46 -29 38 -31 -32 42 -34 -35 35 -37 -38 -39 -40 -41 -42 -43 -44 44 -46 -47 -48 48 49 -51 -52 -53 -54 -55 55 -57 59 58 -60 -61 61 -63
leaf_value=-0.03793773383752537 0.0033541447799397255 0.005585509073352154 -0.021594816750339155 -0.034293044715276555 0.13053981622963975 0.011164848224897016 0.031885322093325993 0.030533476111752025 0.047353841527852734 0.01428865728227395 0.043248604417436456 0.031316793575829879 -0.069123801103295843 0.066339017691784644 -0.029465737666282903 -0.016565506709801718 0.11976475642596045 -0.044733999884915568 0.055228499262421224 -0.007248636282299833 0.018878888792543371 0.20718329839360081 0.024931493604250603 0.20612896837136535 0.079059750310342791 0.0051102243758254636 0.042828226922500975 0.012794600224557511 0.014415176550284127 0.029916550094222925 -0.0070746176192665678 0.051201382250074666 -0.015914136084499739 -0.043371491129220278 0.044888410139964849 0.016222813525233495 0.064317927101161132 0.094626621370000649 0.12958418189230161 -0.068844397024334411 -0.020600174033529272 -0.057100955345836688 0.035252118987243612 0.21885644579145172 0.1261661520763081 0.095315473686283986 0.015257465398454333 0.10369893581074878 0.095283307934079076 0.2149420455011409 0.073724520960533099 0.067694684563827268 -0.0099965396905155289 0.073998221614853754 0.11253773753457783 0.20265225993513497 0.18357761177795609 0.096528078475200618 0.23240010887558696 0.33024559450465324 0.11627797544245701 0.084954301662822723
leaf_weight=1077 634 159 1955 3622 123 664 278 33 104 630 96 28 2266 282 644 869 35 730 35 660 545 77 683 33 206 97 406 38 14.999999999999998 350 1211 192 14.999999999999998 24 918 383 694 247 135 19 247 1269 210 45 53 161 476 108 35 48 61 72 1151 182 247 21 15.000000000000002 40 17 14.999999999999998 340 444
leaf_count=1077 634 159 1955 3622 123 664 278 33 104 630 96 28 2266 282 644 869 35 730 35 660 545 77 683 33 206 97 406 38 15 350 1211 192 15 24 918 383 694 247 135 19 247 1269 210 45 53 161 476 108 35 48 61 72 1151 182 247 21 15 40 17 15 340 444
internal_value=0.000108141 0.0528407 -0.0265868 -0.0420162 0.0890883 -0.000727238 0.0289491 0.0779826 0.127772 -0.0078512 0.082431 0.0703869 -0.0550589 0.0282437 -0.0285582 0.000251374 0.139987 -0.0631834 0.121145 0.0101101 0.00622478 0.165994 0.0418145 0.101074 0.0464194 0.0586857 0.0176687 0.0642027 0.134087 0.0461794 0.000235301 0.0488159 0.0937949 0.0434879 0.0444078 0.036453 0.0550482 0.0802694 0.118098 0.0215952 -0.0456688 -0.0483064 0.0578966 0.133944 0.168928 0.0713484 0.0279545 0.118698 0.130283 0.164683 0.0244142 0.0318095 -0.016984 0.0971452 0.111341 0.119679 0.192476 0.177648 0.137422 0.257832 0.0958132 0.0985542
internal_weight=26469 8896 17573 11006 3534 6567 5362 2746 788 5271 2587 1572 5589 1296 5417 3316 684 2996 397 2176 2447 287 3186 1015 2503 1094 1516 73 183 632 1841 751 832 2297 2273 1301 972 343 150 188 2593 2346 563 324 98 353 882 226 191 83 606 169 1795 478 296 268 164 134 57 30 817 784
internal_count=26469 8896 17573 11006 3534 6567 5362 2746 788 5271 2587 1572 5589 1296 5417 3316 684 2996 397 2176 2447 287 3186 1015 2503 1094 1516 73 183 632 1841 751 832 2297 2273 1301 972 343 150 188 2593 2346 563 324 98 353 882 226 191 83 606 169 1795 478 296 268 164 134 57 30 817 784
is_linear=0
shrinkage=0.04


Tree=32
num_leaves=63
num_cat=0
split_feature=2 10 2 10 10 22 22 16 22 16 26 8 15 26 26 26 24 26 26 22 11 8 22 11 22 10 20 15 15 22 15 18 16 24 1 18 17 12 24 24 15 12 26 16 22 4 10 24 16 2 24 19 23 4 18 18 20 29 29 19 23 11
split_gain=21463.2 4437.97 4027.76 964.415 870.61 795.369 778.04 737.914 561.024 540.123 434.763 432.533 352.541 300.917 274.299 224.232 216.258 188.764 182.498 179.465 163.916 197.459 161.777 147.526 138.705 135.898 148.496 134.729 131.719 158.613 141.016 129.506 127.418 123.055 120.739 120.338 137.505 117.622 116.706 115.818 115.237 113.881 113.768 161.577 133.478 108.027 107.916 106.118 134.371 121.162 103.956 100.278 119.03 144.378 193.269 107.562 110.519 100.132 97.5278 99.2918 98.1884 97.2233
threshold=8.5000000000000018 10.41666666666667 4.5000000000000009 5.4166666666666679 13.616666666666669 4.5000000000000009 4.5000000000000009 7.9702671201539435 4.5000000000000009 7.7104136456971037 -0.8783796973249266 4.0714285714285721 5.6454008562061873 1.0000000180025095e-35 1.0000000180025095e-35 1.0000000180025095e-35 6.5000000000000009 1.0000000180025095e-35 1.0000000180025095e-35 2.5000000000000004 4.7157284949512617 13.500000000000002 5.5000000000000009 8.6986589004665991 2.5000000000000004 12.450000000000001 -1.0000000180025095e-35 4.1389089923177034 8.6975512569435249 5.5000000000000009 12.583100814150745 1.8109998109998113 6.5670401201796897 8.5000000000000018 1.5000000000000002 1.1238711739790619 321.50000000000006 5.9188653501297903 5.5000000000000009 3.5000000000000004 11.48796111467623 2.6808232293109504 1.0000000180025095e-35 10.955003365806691 1.5000000000000002 282.50000000000006 6.3166666666666673 7.5000000000000009 13.926596345300252 18.500000000000004 8.5000000000000018 -102.49999999999999 15.500000000000002 180.50000000000003 1.621691639826355 1.3987625265715156 -1.4999999999999998 57.500000000000007 53.500000000000007 -59.499999999999993 8.5000000000000018 8.3978450500995709
decision_type=2 2 2 2 2 2 2 2 2 2 2 2 2 2 2 2 2 2 2 2 2 2 2 2 2 2 2 2 2 2 2 2 2 2 2 2 2 2 2 2 2 2 2 2 2 2 2 2 2 2 2 2 2 2 2 2 2 2 2 2 2 2
left_child=2 7 5 17 10 11 9 32 14 15 -3 -1 -7 39 20 46 19 27 -9 25 -6 45 -14 -16 38 31 -27 -4 -8 30 -30 -15 -2 34 -34 -21 -37 -18 58 -12 -24 -13 -11 44 -44 -22 -5 48 -23 -49 -19 52 53 -50 -55 -54 -57 -41 59 -20 -60 -53
right_child=1 4 3 6 8 12 28 18 -10 42 13 41 22 16 23 -17 37 50 24 35 21 47 40 -25 -26 26 -28 -29 29 -31 -32 -33 33 -35 -36 36 -38 -39 -40 57 -42 -43 43 -45 -46 -47 -48 49 51 -51 -52 61 55 54 -56 56 -58 -59 60 -61 -62 -63
leaf_value=-0.038100936822667644 -0.0011262203379670309 -0.00295928340559789 -0.025053659389347921 0.0099306080301404826 0.28141336471089073 -0.064959956285952455 -0.040282194121519427 0.051567689579834618 0.040931529832822874 0.064715823867950301 0.12394985561584575 -0.013505182622505335 -0.031546577702040293 0.050464841346183266 0.10185076280341081 -0.0023735070243626174 0.050954725952439918 -0.025460198750295215 0.044566403739683146 0.16073672490404142 0.12429084345062762 0.08741158046083658 -0.054508457169862815 0.17020935071768395 0.014982066825690338 0.17431548456803303 0.087849505918785917 -0.0021529634459822671 -0.012728475834687916 -0.037450577540768228 0.024960234710825306 0.096485267187146673 -0.074690649188001737 -0.0022194640287566615 0.0267822231506601 0.034465228354214922 0.12665488818871606 -0.0071526019093351772 0.025758157317925523 0.088907526557262445 -0.025557833870933178 0.018985442703447982 0.058091562503052245 0.093689540900443499 0.015399370293586572 -0.0070654778361944623 0.037987140577928374 0.18552947654487184 0.10124893356911578 0.047429518625405342 -0.046811977633947878 0.21343180377104304 0.022036978403727214 0.34636111215250381 0.15876297586104449 0.22038193675509668 0.088613460548079337 -0.015281788158100962 0.088187906774460464 0.080319937701108512 -0.0078674911793105203 0.12375128004066183
leaf_weight=2152 890 118 740 507 14.999999999999998 2518 358 1367 145 242 165 649 999 159 544 1823 478 1538 331 14.999999999999998 21 32 1866 56 532 57 73 925 716 310 204 257 19 355 1047 238 29 63 525 735 250 235 158 63 454 19 387 15.999999999999998 20 28 479 115 17 14.999999999999998 22 17 26 14.999999999999998 22 200 74 24
leaf_count=2152 890 118 740 507 15 2518 358 1367 145 242 165 649 999 159 544 1823 478 1538 331 15 21 32 1866 56 532 57 73 925 716 310 204 257 19 355 1047 238 29 63 525 735 250 235 158 63 454 19 387 16 20 28 479 115 17 15 22 17 26 15 22 200 74 24
internal_value=0.00010446 0.0507291 -0.0255234 -0.00662736 0.0855294 -0.0449311 0.00442641 0.0277914 0.114456 0.0146331 0.0718918 -0.0284245 -0.0538265 0.0757598 0.125251 0.00567277 0.0638753 -0.0223046 0.0407059 0.0767317 0.15155 0.146234 -0.0448244 0.108262 0.031885 0.0901237 0.125882 -0.0123331 -0.0189289 -0.0127095 -0.00436744 0.0789169 0.0107397 0.0181725 0.0249649 0.0507726 0.0445295 0.0441843 0.0396871 0.09353 -0.0510903 -0.00486454 0.0411761 0.0327254 0.0264322 0.0619847 0.022081 0.156357 0.165228 0.0979999 -0.0305339 0.17491 0.147242 0.188753 0.235599 0.107524 0.141145 0.0868193 0.051341 0.0580492 0.0141933 0.198062
internal_weight=26469 8896 17573 8904 3534 8669 5222 5362 1132 3634 2402 3036 5633 2284 987 2717 1369 3682 3051 828 387 372 3115 600 1684 546 130 1665 1588 1230 920 416 2311 1421 1066 282 267 541 1152 915 2116 884 917 675 612 40 894 332 288 44 2017 256 117 57 37 60 43 750 627 531 96 139
internal_count=26469 8896 17573 8904 3534 8669 5222 5362 1132 3634 2402 3036 5633 2284 987 2717 1369 3682 3051 828 387 372 3115 600 1684 546 130 1665 1588 1230 920 416 2311 1421 1066 282 267 541 1152 915 2116 884 917 675 612 40 894 332 288 44 2017 256 117 57 37 60 43 750 627 531 96 139
is_linear=0
shrinkage=0.04


Tree=33
num_leaves=63
num_cat=0
split_feature=3 3 9 10 16 22 16 22 16 14 22 9 13 9 16 10 22 26 10 26 14 22 26 6 31 7 26 3 22 19 26 11 1 10 8 14 6 8 10 22 9 14 26 10 14 22 22 19 1 10 6 22 1 8 1 23 13 1 10 16 13 7
split_gain=19612.4 4435.57 2870.31 1122.29 920.93 883.262 828.964 765.128 541.921 406.71 367.017 279.562 270.957 217.037 215.824 183.583 177.89 176.953 172.342 171.892 168.004 166.773 202.533 163.336 162.73 156.426 154.288 145.579 143.963 141.601 141.16 135.125 128.077 127.58 161.021 122.402 120.978 114.116 113.86 112.038 113.088 154.256 107.728 105.832 104.888 104.048 177.921 113.761 103.555 102.026 96.4413 91.6868 90.9669 109.593 118.637 90.4879 89.2057 88.643 88.2608 187.394 126.522 86.7495
threshold=9.5000000000000018 4.5000000000000009 12.750000000000002 5.4500000000000011 8.5059881195043392 4.5000000000000009 9.4614369234506075 4.5000000000000009 5.0313216767757956 7.542930474548613 4.5000000000000009 14.678571428571429 3.215980193951737 9.1785714285714288 10.565300815074622 3.3166666666666669 5.5000000000000009 1.0000000180025095e-35 11.91666666666667 1.0000000180025095e-35 12.893340040657568 4.5000000000000009 1.0000000180025095e-35 57.500000000000007 135.37000000000003 205.50000000000003 1.0000000180025095e-35 28.500000000000004 5.5000000000000009 -102.49999999999999 1.0000000180025095e-35 6.2411842588070581 6.5000000000000009 16.016666666666669 18.071428571428573 4.2657345057917366 65.500000000000014 17.357142857142858 7.5833333333333339 2.5000000000000004 12.392857142857144 11.480218960795368 1.0000000180025095e-35 4.3833333333333337 17.2603887465696 1.5000000000000002 3.5000000000000004 183.50000000000003 4.5000000000000009 9.4500000000000011 406.50000000000006 5.5000000000000009 16.500000000000004 15.928571428571431 19.500000000000004 17.500000000000004 5.2039993462146308 8.5000000000000018 12.91666666666667 13.121292846941111 5.739408030017815 144.50000000000003
decision_type=2 2 2 2 2 2 2 2 2 2 2 2 2 2 2 2 2 2 2 2 2 2 2 2 2 2 2 2 2 2 2 2 2 2 2 2 2 2 2 2 2 2 2 2 2 2 2 2 2 2 2 2 2 2 2 2 2 2 2 2 2 2
left_child=1 7 4 19 23 6 12 8 15 35 11 48 26 -10 45 -1 49 27 -8 43 51 22 61 -2 25 -19 -5 29 44 37 38 -20 -28 52 -35 -9 -14 -13 -25 40 41 -24 -38 -3 -22 -6 57 -48 58 -11 -26 -7 -31 54 -54 -42 -18 -47 -4 -60 -61 -16
right_child=2 3 10 5 14 20 18 9 13 16 -12 17 36 -15 21 -17 56 24 31 -21 28 -23 39 30 50 -27 32 -29 -30 33 -32 -33 -34 34 -36 -37 42 -39 -40 -41 55 -43 -44 -45 -46 46 47 -49 -50 -51 -52 -53 53 -55 -56 -57 -58 -59 59 60 -62 -63
leaf_value=-0.044911473290516632 -0.10671520598926901 -0.021102469045505719 -0.02518559153791497 0.014487879468227403 0.056904551473469844 -0.022777220194439542 0.052802210230607799 -0.068675340651258993 0.010465402730794677 -0.02339834484673118 0.035028770738391508 0.10402962508517276 -0.090420504666322121 0.14532012316124948 0.12667688102998365 -0.023706062240219792 -0.04761337821710053 0.13920835258476288 0.16627007213949874 -0.028640822357697347 0.0066878000935190474 -0.016374522569611315 0.078359654642158216 0.020350201912126446 0.11714410148940722 0.01673084789288496 0.0017283138981959711 0.055417680348152726 -0.028460030988113845 0.083534263876540144 0.0096660736338420525 0.065099041088551218 -0.021598821484984421 0.29441816915653141 0.13654555907160601 -0.053269972813128411 0.038021731807116675 0.20151153572052125 0.048276763980906301 0.036537486840744142 0.07447072320284398 0.032252757218316129 0.016154408566915454 -0.0015343002082758082 0.070389056104136608 0.038343741798813682 0.05003155328069292 0.10478427500510522 0.098118973686786681 0.023281910458884312 0.20252384711266597 -0.05780835986506886 0.1436120673604486 0.12415595356130872 0.27000643258242263 0.1616578879097077 -0.018972464550630241 0.010897560068669859 0.19050292897668683 -0.063190937863280436 0.078685994972026232 0.080523461088060314
leaf_weight=1116 15.999999999999998 913 19 1007 933 1049 424 1205 384 421 114 86 14.999999999999998 20 75 1578 1078 25 42 2050 296 38 282 571 299 50 1306 23 181 20 883 43 529 31 15.999999999999998 2642 536 25 396 306 46 198 1103 858 48 467 464 70 697 91 23 135 21 35 29 33 208 316 15.999999999999998 14.999999999999998 30 523
leaf_count=1116 16 913 19 1007 933 1049 424 1205 384 421 114 86 15 20 75 1578 1078 25 42 2050 296 38 282 571 299 50 1306 23 181 20 883 43 529 31 16 2642 536 25 396 306 46 198 1103 858 48 467 464 70 697 91 23 135 21 35 29 33 208 316 16 15 30 523
internal_value=0.000100854 -0.0209282 0.0564763 -0.00344886 0.0430966 0.00639992 0.0148779 -0.0419896 -0.0260139 -0.0507561 0.104216 0.109614 0.0093993 0.0171806 0.0545205 -0.0324926 -0.0350449 0.128307 0.0632551 -0.0207547 -0.018427 0.0662741 0.0684231 0.0201299 0.11094 0.0577143 0.0019071 0.15236 0.000403465 0.160806 0.0212337 0.11525 -0.00499623 0.18599 0.241121 -0.0580976 0.0222707 0.126165 0.0317924 0.0560289 0.0666867 0.0593554 0.0233088 -0.011624 0.0156 0.046676 0.0394246 0.0572309 0.0931657 -0.0150948 0.12331 -0.0267777 0.161088 0.179192 0.217353 0.111074 -0.0429843 0.0272725 0.0499166 0.0733447 0.0313141 0.0863355
internal_weight=26469 19278 7191 10535 5617 6714 5005 8743 3098 5645 1574 1460 4496 404 3751 2694 1798 683 509 3821 1709 1501 1463 1866 397 75 2842 286 525 263 1850 85 1835 152 47 3847 1654 111 967 865 559 480 1639 1771 344 2250 1317 534 777 512 322 1184 105 85 50 79 1286 783 80 61 45 598
internal_count=26469 19278 7191 10535 5617 6714 5005 8743 3098 5645 1574 1460 4496 404 3751 2694 1798 683 509 3821 1709 1501 1463 1866 397 75 2842 286 525 263 1850 85 1835 152 47 3847 1654 111 967 865 559 480 1639 1771 344 2250 1317 534 777 512 322 1184 105 85 50 79 1286 783 80 61 45 598
is_linear=0
shrinkage=0.04


Tree=34
num_leaves=63
num_cat=0
split_feature=2 10 3 2 9 9 10 26 22 10 22 26 6 22 26 24 12 26 2 26 31 12 23 19 24 10 22 9 8 3 3 12 6 24 20 24 24 10 4 0 5 7 3 10 14 12 10 10 5 5 4 31 23 1 23 2 19 4 3 32 9 22
split_gain=18224.9 3787.96 3431.31 942.697 750.922 666.533 620.318 434.398 423.799 393.687 378.702 291.824 245.54 222.957 197.327 194.591 183.561 182.819 177.49 161.867 151.768 139.853 165.491 135.92 132.062 132.536 131.947 131.112 150.031 130.658 129.508 128.204 124.199 111.357 110.446 104.795 103.773 100.836 101.994 114.538 99.0666 123.053 105.851 97.4458 108.985 105.617 96.8471 95.8135 94.5332 146.953 94.3625 119.886 103.491 95.4468 164.6 143.095 101.925 95.1891 117.37 94.0362 93.6008 96.1856
threshold=8.5000000000000018 10.41666666666667 5.5000000000000009 3.5000000000000004 14.678571428571429 5.8928571428571432 7.7166666666666677 -0.8783796973249266 4.5000000000000009 8.2500000000000018 4.5000000000000009 1.0000000180025095e-35 65.500000000000014 5.5000000000000009 1.0000000180025095e-35 6.5000000000000009 3.6502295577368584 1.0000000180025095e-35 5.5000000000000009 1.0000000180025095e-35 135.37000000000003 5.9669418971861576 25.500000000000004 -106.49999999999999 8.5000000000000018 12.116666666666669 2.5000000000000004 14.035714285714286 12.642857142857144 17.500000000000004 11.500000000000002 6.0310551625421533 314.50000000000006 5.5000000000000009 -5.4999999999999991 7.5000000000000009 8.5000000000000018 14.383333333333335 379.50000000000006 12.500000000000002 194.50000000000003 436.50000000000006 12.500000000000002 13.283333333333337 12.534205020093209 5.9188653501297903 6.616666666666668 8.1833333333333353 215.50000000000003 189.50000000000003 304.50000000000006 355.67000000000002 18.500000000000004 11.500000000000002 21.500000000000004 14.500000000000002 73.500000000000014 170.50000000000003 15.500000000000002 81.000000000000014 10.250000000000002 5.5000000000000009
decision_type=2 2 2 2 2 2 2 2 2 2 2 2 2 2 2 2 2 2 2 2 2 2 2 2 2 2 2 2 2 2 2 2 2 2 2 2 2 2 2 2 2 2 2 2 2 2 2 2 2 2 2 2 2 2 2 2 2 2 2 2 2 2
left_child=2 6 3 13 7 33 36 -3 9 14 19 24 -8 -1 -7 21 -15 -14 -5 23 32 26 37 -6 25 31 27 28 -13 -27 -19 40 -21 -4 -31 47 46 38 39 -23 42 -42 59 45 -45 -17 -2 -32 49 -26 53 52 -52 55 -55 -22 57 -57 -59 -9 -10 -62
right_child=1 4 5 18 10 8 12 11 60 -11 -12 15 17 16 -16 43 -18 30 -20 20 50 22 -24 -25 48 29 -28 -29 -30 34 35 -33 -34 -35 -36 -37 -38 -39 -40 -41 41 -43 -44 44 -46 -47 -48 -49 -50 -51 51 -53 -54 54 -56 56 -58 58 -60 -61 61 -63
leaf_value=-0.040102914696207151 0.0024841095392005856 0.0048238803435990381 -0.0078034580235043696 -0.030376446085125242 0.11058258750459107 0.026593765152926246 -0.11506756233193023 0.090941772074099425 -0.026855579093063991 0.043737734242061475 0.04213085392881883 0.067768436710597069 0.047321384587202434 -0.061663098085721742 0.00090097723273848448 0.043048221436856604 -0.03838182921393981 0.021003068143689338 -0.014990088808063415 0.024144413826811557 0.023151888267769993 0.16416372016840375 0.023576194011603695 0.16806920939425335 0.063532788237173884 0.13943699859223357 0.041947433354485648 -0.017598198463474463 0.11879910197302319 0.1869511646809785 -0.015551369883293326 -0.0026756513232929035 0.14294882278791896 -0.023902368392819253 0.075393617187401715 0.015513957244433009 -0.0091953823929901285 0.20500418388718711 0.18334403010324818 0.074367278217712815 0.10726151088143239 0.014829254264375603 0.084132471280716811 0.13850800520703871 0.054023860370197754 -0.017149459935882041 0.02232240518333415 0.058344096292862864 0.039563173551220861 0.19973002756461064 0.13978770808224039 0.11096860157231152 0.26261331762123968 0.10925413272919082 -0.0028773955292875982 0.10332881328826182 0.057600345427160103 0.092901705651488545 0.22289400867164261 -0.031368600347905458 0.0078743090790205448 -0.033538296933861053
leaf_weight=2593 757 159 1414 3622 105 713 17 14.999999999999998 430 707 104 327 1488 2284 1453 444 712 1233 1795 54 18 29 36 182 50 180 255 22 129 15.999999999999998 30 26 19 1339 127 158 438 19 24 107 308 25 94 33 95 52 821 420 127 17 23 53 22 69 30 30 18 14.999999999999998 46 30 395 116
leaf_count=2593 757 159 1414 3622 105 713 17 15 430 707 104 327 1488 2284 1453 444 712 1233 1795 54 18 29 36 182 50 180 255 22 129 16 30 26 19 1339 127 158 438 19 24 107 308 25 94 33 95 52 821 420 127 17 23 53 22 69 30 30 18 15 46 30 395 116
internal_value=9.7356e-05 0.0467469 -0.0235181 -0.0371712 0.0788978 -0.000635531 0.0255554 0.0690137 0.0101909 0.0178219 0.113326 0.0729578 0.0361158 -0.0486968 0.00936024 0.0621497 -0.0561324 0.0368919 -0.0252787 0.12414 0.107511 0.0735735 0.101977 0.14709 0.0896872 0.09671 0.065227 0.0776304 0.082232 0.11671 0.028459 0.0837132 0.0552467 -0.0156349 0.0880115 0.0435702 0.00802597 0.117711 0.107211 0.0936363 0.0884757 0.100335 0.0599992 0.0447821 0.0759117 0.036731 0.0128076 0.0534109 0.059922 0.0983663 0.11926 0.152184 0.200329 0.104913 0.0752861 0.127915 0.14516 0.162376 0.191166 0.00946842 -0.0131051 -0.00152741
internal_weight=26469 8896 17573 11006 3534 6567 5362 2746 3814 2873 788 2587 3346 5589 2166 1572 2996 3329 5417 684 397 948 215 287 1015 821 733 478 456 323 1841 498 73 2753 143 608 2016 179 160 136 472 333 139 624 128 496 1578 450 194 67 324 98 45 226 99 127 109 91 61 45 941 511
internal_count=26469 8896 17573 11006 3534 6567 5362 2746 3814 2873 788 2587 3346 5589 2166 1572 2996 3329 5417 684 397 948 215 287 1015 821 733 478 456 323 1841 498 73 2753 143 608 2016 179 160 136 472 333 139 624 128 496 1578 450 194 67 324 98 45 226 99 127 109 91 61 45 941 511
is_linear=0
shrinkage=0.04


Tree=35
num_leaves=63
num_cat=0
split_feature=3 16 2 13 22 10 2 3 22 13 26 22 16 24 10 16 24 14 26 10 2 17 26 24 19 12 4 7 24 12 24 8 24 18 21 3 10 18 22 13 26 22 12 19 29 22 24 15 3 12 3 17 12 17 15 17 2 7 21 14 2 10
split_gain=17140.6 4130.08 2432.6 903.241 610.033 575.805 554.167 501.077 406.698 317.964 299.714 293.522 203.59 195.961 189.534 185.097 181.514 194.259 179.926 218.071 160.09 154.653 139.66 129.207 147.629 124.02 122.126 121.103 119.476 117.901 114.467 120.509 110.655 110.395 160.78 164.572 107.312 106.937 104.467 129.169 98.338 121.323 97.4169 96.4075 112.9 95.3818 95.2817 95.0765 95.0049 93.0311 104.881 91.0626 88.6479 86.8253 121.324 88.2186 124.702 182.245 119.342 87.7062 84.5035 84.4231
threshold=7.5000000000000009 9.4101337152699447 4.5000000000000009 5.5752428924150577 4.5000000000000009 6.9833333333333343 10.500000000000002 3.5000000000000004 4.5000000000000009 2.3245318401480497 1.0000000180025095e-35 4.5000000000000009 15.836698264477794 4.5000000000000009 11.783333333333337 8.9784132032074968 5.5000000000000009 5.501537282903727 1.0000000180025095e-35 7.3833333333333337 1.5000000000000002 90.500000000000014 1.0000000180025095e-35 7.5000000000000009 165.50000000000003 3.3091614422009479 70.500000000000014 480.50000000000006 6.5000000000000009 5.7952706651453108 5.5000000000000009 11.785714285714286 5.5000000000000009 1.3215534465534466 10.500000000000002 16.500000000000004 11.583333333333334 4.5418613707165116 5.5000000000000009 5.2530232081806405 1.0000000180025095e-35 2.5000000000000004 4.8748062796111489 -75.499999999999986 14.500000000000002 1.5000000000000002 8.5000000000000018 4.8088361667210817 12.500000000000002 7.2887839420121301 22.500000000000004 92.500000000000014 4.9569575922564226 79.500000000000014 13.968594585012147 106.50000000000001 20.500000000000004 372.50000000000006 -22.499999999999996 10.304112285278697 10.500000000000002 16.016666666666669
decision_type=2 2 2 2 2 2 2 2 2 2 2 2 2 2 2 2 2 2 2 2 2 2 2 2 2 2 2 2 2 2 2 2 2 2 2 2 2 2 2 2 2 2 2 2 2 2 2 2 2 2 2 2 2 2 2 2 2 2 2 2 2 2
left_child=2 5 7 8 12 22 9 20 10 28 14 18 23 36 27 -8 40 -18 19 32 -1 -16 47 42 60 -13 -15 30 -4 -23 -3 37 -11 49 35 -35 -12 43 39 -27 -7 -42 -5 44 -32 -24 -20 -2 -28 -14 -51 -50 -53 54 -44 -55 58 -58 -57 -60 -25 -37
right_child=1 3 6 4 -6 16 15 -9 -10 11 13 25 33 26 21 -17 17 -19 46 -21 -22 29 45 24 -26 38 48 -29 -30 -31 31 -33 -34 34 -36 61 -38 -39 -40 -41 41 -43 53 -45 -46 -47 -48 -49 51 50 -52 52 -54 55 -56 56 57 -59 59 -61 -62 -63
leaf_value=-0.061889922669088354 -0.019429850968322705 0.082140207504871679 -0.016556910803831787 0.19710361057186718 0.028219158307465908 0.045328037079740369 0.011425179373038257 -0.028275138326988167 -0.0014372925836404879 0.030178948932612939 0.05761041254984986 -0.043602144018116039 0.16211943076935825 -0.071386077715002966 -0.016215353959443554 0.05959355517285464 -0.12633819460868836 0.017806204960601559 0.0022844036747269414 0.089505502327765871 -0.044848096615022745 0.10246737524012149 0.003077044003239748 -0.011789196226226381 0.14557107712128903 -0.01187315695106975 0.028089692153565587 -0.023045211975999888 -0.03319798800291722 0.18469108120786829 0.015146802579057159 0.0054194921138662677 -0.0029231477675919436 0.036634084257473901 0.19235326272861197 0.057327016065692335 0.10062540848100801 0.16710607566580868 -0.033320505219750184 0.035586386487016765 0.0358977802320289 0.0070705101671454766 0.089546138774389508 0.048818416272208856 0.12180358482831906 -0.021486614103738474 -0.02046499930811287 0.014221105134749754 0.10740356132140352 -0.015298500764426459 0.11800051581789875 0.061834721536452683 0.030297130250017856 0.029096291050361323 0.21631902964084179 0.16153345915229436 0.10714671964601827 0.20935191379789031 0.16293858318846688 0.081476506505327007 0.065517491097672839 0.15432390535738538
leaf_weight=1125 155 464 2131 15.999999999999998 225 808 347 3129 200 325 456 264 14.999999999999998 15.999999999999998 14.999999999999998 202 14.999999999999998 1582 1193 67 4113 162 455 25 35 773 594 24 1022 34 21 69 321 31 71 17 117 14.999999999999998 308 104 748 340 26 336 66 569 391 1002 42 21 17 291 281 32 23 34 160 34 22 592 231 101
leaf_count=1125 155 464 2131 16 225 808 347 3129 200 325 456 264 15 16 15 202 15 1582 1193 67 4113 162 455 25 35 773 594 24 1022 34 21 69 321 31 71 17 117 15 308 104 748 340 26 336 66 569 391 1002 42 21 17 291 281 32 23 34 160 34 22 592 231 101
internal_value=0.000240861 0.0395854 -0.0261422 0.0663621 0.089673 0.0163139 -0.00951417 -0.0409433 0.053783 -0.0125924 0.0574612 -0.00471315 0.0988689 0.0471006 0.0728923 0.0291596 0.0263826 0.0164432 0.0041792 0.0208644 -0.0485098 0.107357 0.000186938 0.0919102 0.0685494 -0.0188103 0.0380533 0.0655717 -0.0219524 0.116828 0.0677662 0.0545937 0.0137294 0.130169 0.142681 0.118885 0.0664131 0.0623328 -0.0132821 -0.00623942 0.0347521 0.0268926 0.0991397 0.0585741 0.0961288 -0.0105709 -0.00333081 0.00970996 0.0395103 0.0780229 0.044436 0.0505493 0.0463531 0.0974181 0.149412 0.0944841 0.096963 0.125168 0.0884979 0.0844247 0.0579585 0.140427
internal_weight=26420 10605 15815 4931 1728 5674 7448 8367 3203 6899 3003 3746 1503 1797 1206 549 3493 1597 2297 713 5238 211 2181 1230 291 1449 1224 995 3153 196 971 507 646 273 220 149 573 438 1185 877 1896 1088 939 423 87 1024 1584 1157 1208 53 38 614 572 923 49 874 842 194 648 614 256 118
internal_count=26420 10605 15815 4931 1728 5674 7448 8367 3203 6899 3003 3746 1503 1797 1206 549 3493 1597 2297 713 5238 211 2181 1230 291 1449 1224 995 3153 196 971 507 646 273 220 149 573 438 1185 877 1896 1088 939 423 87 1024 1584 1157 1208 53 38 614 572 923 49 874 842 194 648 614 256 118
is_linear=0
shrinkage=0.04


Tree=36
num_leaves=63
num_cat=0
split_feature=3 16 2 2 2 16 22 3 12 8 9 26 22 26 16 16 31 16 2 24 26 22 20 9 24 21 18 12 4 22 31 11 5 24 3 23 23 21 1 24 0 17 4 17 24 20 11 4 16 0 21 4 6 9 22 12 3 24 24 11 24 29
split_gain=15797.5 3806.75 2241.9 823.828 510.739 504.42 503.004 461.792 403.025 319.972 285.838 257.746 200.144 216.64 225.223 170.59 161.188 150.558 148.236 138.581 137.612 151.988 134.193 133.497 122.43 121.265 121.162 120.334 119.69 116.947 159.082 145.795 188.921 140.571 164.054 146.83 124.882 143.808 115.374 108.076 104.444 103.708 103.568 161.632 101.656 98.9399 129.403 154.702 153.329 121.815 121.409 118.89 102.888 135.281 96.2798 117.883 94.9405 93.5055 91.1957 89.3746 88.6121 85.0986
threshold=7.5000000000000009 9.4101337152699447 4.5000000000000009 17.500000000000004 10.500000000000002 7.2743905947717264 4.5000000000000009 3.5000000000000004 6.3730200545255364 13.214285714285717 4.8214285714285721 1.0000000180025095e-35 4.5000000000000009 1.0000000180025095e-35 7.3153560904607602 8.9784132032074968 129.37000000000003 5.9168725300649436 2.5000000000000004 4.5000000000000009 1.0000000180025095e-35 4.5000000000000009 -2.4999999999999996 6.7500000000000009 7.5000000000000009 -1.4999999999999998 1.1412736428395973 3.3091614422009479 80.500000000000014 3.5000000000000004 373.51000000000005 7.1280799525204417 312.50000000000006 5.5000000000000009 22.500000000000004 9.5000000000000018 21.500000000000004 12.500000000000002 8.5000000000000018 5.5000000000000009 7.5000000000000009 142.50000000000003 214.50000000000003 249.50000000000003 5.5000000000000009 -7.4999999999999991 6.369570517030847 280.50000000000006 13.592025710129628 5.5000000000000009 4.5000000000000009 381.50000000000006 198.50000000000003 13.392857142857144 5.5000000000000009 5.4837422050483537 18.500000000000004 2.5000000000000004 7.5000000000000009 5.8878405775519065 5.5000000000000009 2.5000000000000004
decision_type=2 2 2 2 2 2 2 2 2 2 2 2 2 2 2 2 2 2 2 2 2 2 2 2 2 2 2 2 2 2 2 2 2 2 2 2 2 2 2 2 2 2 2 2 2 2 2 2 2 2 2 2 2 2 2 2 2 2 2 2 2 2
left_child=2 5 7 6 10 17 9 18 22 11 -4 24 13 14 39 -6 25 -2 -1 57 21 -7 -5 -15 61 -10 59 -14 -21 33 31 -31 -33 36 42 -36 40 -38 60 -12 -18 56 -35 -44 -19 -11 47 50 -49 -48 52 -50 -47 -54 55 -29 -30 -13 -8 -24 -22 -3
right_child=1 3 4 8 15 20 58 -9 16 45 12 19 27 23 -16 -17 29 44 -20 28 38 -23 26 -25 -26 -27 -28 54 41 30 -32 32 -34 34 35 -37 37 -39 -40 -41 -42 -43 43 -45 -46 46 49 48 51 -51 -52 -53 53 -55 -56 -57 -58 -59 -60 -61 -62 -63
leaf_value=-0.052373711338724968 -0.010662916086683395 0.018957002295511373 -0.023102245734207189 0.10587373806034232 0.010968303824966765 0.037991342050327309 0.023296955642686454 -0.02714416892924373 0.0052803168262875377 0.16262082344931428 0.022090893072681288 0.039576531030092663 -0.042344330447315282 -0.013250694116795681 0.08247891803300976 0.057210992270733153 0.25403422430837791 0.018609991657811298 -0.03875570386586704 -0.064358039284279328 0.034920585455319453 -0.082038801622669605 0.20129221110610487 0.010758229483140168 0.048906213475068148 0.10240100090085469 0.0566210723259295 -0.011488353370779312 0.052753326644804428 0.21672843098145794 0.24939314796342882 0.033022500951982441 0.20414813071304228 0.0087080204993748595 0.24592145558878861 0.099884391093172167 0.067158922211476665 0.20197217203635537 0.001340217101282903 -0.0060623429732852346 0.15110074064153758 0.032107520434628757 0.13072013442237945 0.0016804089993912707 -0.00084773066812465021 -0.046317805233380652 -0.0056674440987298912 0.093869032790408063 0.24647549003260238 0.075097002200399193 0.12211120050694438 0.11649684716581675 0.15975821669813225 0.035097766991368642 -0.031988117198218882 0.033119116106262704 0.14060659444727605 0.07460462342045901 -0.022028342489231707 0.082988361738801419 0.014072477473827007 0.082151820138086168
leaf_weight=3005 885 36 2438 151 347 1301 335 3129 28 27 503 190 270 1558 74 202 24 930 2233 18 700 17 15.999999999999998 486 306 78 458 769 310 24 29 29 15.999999999999998 34 18 29 43 18 431 385 49 885 53 22 798 14.999999999999998 34 48 29 243 62 19 19 52 308 108 21 344 90 29 612 700
leaf_count=3005 885 36 2438 151 347 1301 335 3129 28 27 503 190 270 1558 74 202 24 930 2233 18 700 17 16 486 306 78 458 769 310 24 29 29 16 34 18 29 43 18 431 385 49 885 53 22 798 15 34 48 29 243 62 19 19 52 308 108 21 344 90 29 612 700
internal_value=0.000231765 0.0380034 -0.0250965 0.0637106 -0.00913357 0.0156613 0.0546999 -0.0393057 0.0933945 0.059889 -0.0120887 0.0544305 -0.00606881 -0.000173422 0.0154776 0.0279939 0.120678 0.00275184 -0.0465695 0.0451219 0.0266803 0.0364355 0.0727678 -0.00754089 0.0702169 0.0767945 0.0628064 -0.0182463 0.037745 0.132638 0.170583 0.137119 0.0942293 0.119754 0.0937933 0.156259 0.14987 0.107238 0.0193009 0.00988326 0.18527 0.0392632 0.0667215 0.0929478 0.00962362 0.0878602 0.0839515 0.10522 0.144814 0.065178 0.0794442 0.195416 0.0485549 0.0686635 -0.0127509 -0.00598964 0.0583739 0.0621549 0.013691 0.125449 0.025199 0.0790665
internal_weight=26420 10605 15815 4931 7448 5674 3783 8367 1148 3358 6899 2810 4461 3006 962 549 494 2613 5238 1768 3061 1318 654 2044 1042 106 503 1455 1234 388 98 69 45 290 156 47 134 61 1743 888 73 1216 109 75 1728 548 521 244 96 277 148 48 86 71 1185 877 331 534 425 45 1312 736
internal_count=26420 10605 15815 4931 7448 5674 3783 8367 1148 3358 6899 2810 4461 3006 962 549 494 2613 5238 1768 3061 1318 654 2044 1042 106 503 1455 1234 388 98 69 45 290 156 47 134 61 1743 888 73 1216 109 75 1728 548 521 244 96 277 148 48 86 71 1185 877 331 534 425 45 1312 736
is_linear=0
shrinkage=0.04


Tree=37
num_leaves=63
num_cat=0
split_feature=3 10 2 13 2 2 22 10 22 22 24 13 22 6 12 13 23 13 10 22 13 22 10 26 10 10 24 26 10 13 6 24 14 7 13 21 24 29 24 17 6 26 2 2 9 2 12 6 17 6 12 21 2 20 28 22 3 26 24 2 18 14
split_gain=14559.8 3448.63 2066.16 880.653 517.452 470.714 439.28 435.712 345.991 314.485 312.063 276.873 252.684 223.348 221.402 182.448 177.544 175.447 173.681 185.718 178.304 161.316 155.386 154.148 185.256 151.378 146.822 129.122 114.727 110.611 108.498 107.854 99.6068 97.6079 96.7339 101.336 94.7757 94.6195 93.0863 114.672 170.895 114.108 131.622 126.63 178.053 122.529 120.411 133.998 175.236 111.127 108.63 128.201 106.275 103.416 92.4181 88.1791 87.4796 87.362 87.1502 86.245 131.021 86.0464
threshold=7.5000000000000009 9.2166666666666668 4.5000000000000009 5.5752428924150577 11.500000000000002 10.500000000000002 5.5000000000000009 6.9833333333333343 4.5000000000000009 3.5000000000000004 5.5000000000000009 2.3245318401480497 4.5000000000000009 57.500000000000007 3.8114921654743745 5.4566736528354616 7.5000000000000009 4.7989462444865172 3.2500000000000004 4.5000000000000009 2.9405019364368523 3.5000000000000004 9.3500000000000032 1.0000000180025095e-35 7.3833333333333337 13.41666666666667 5.5000000000000009 1.0000000180025095e-35 4.8166666666666673 3.1615506162088542 252.50000000000003 6.5000000000000009 9.7046679926941852 126.50000000000001 6.2484939739696008 -4.4999999999999991 5.5000000000000009 53.500000000000007 7.5000000000000009 79.500000000000014 124.50000000000001 1.0000000180025095e-35 26.500000000000004 13.500000000000002 14.607142857142859 17.500000000000004 7.6891888265186079 220.50000000000003 132.50000000000003 280.50000000000006 6.3730200545255364 4.5000000000000009 26.500000000000004 5.5000000000000009 166.50000000000003 1.5000000000000002 22.500000000000004 1.0000000180025095e-35 8.5000000000000018 20.500000000000004 1.6563458588957058 4.1127283609103573
decision_type=2 2 2 2 2 2 2 2 2 2 2 2 2 2 2 2 2 2 2 2 2 2 2 2 2 2 2 2 2 2 2 2 2 2 2 2 2 2 2 2 2 2 2 2 2 2 2 2 2 2 2 2 2 2 2 2 2 2 2 2 2 2
left_child=2 7 6 8 16 11 18 27 9 10 17 31 23 -9 -8 -11 21 32 -1 28 -21 -5 -7 24 36 34 57 61 -20 -14 -18 -4 33 -3 35 -6 -13 -35 39 -27 -41 45 43 44 -43 50 47 48 -47 52 51 -42 -48 54 -40 -29 59 -15 -25 -49 -61 -2
right_child=1 3 5 4 25 22 14 13 -10 15 -12 12 29 26 -16 -17 30 -19 19 20 -22 -23 -24 58 -26 38 -28 55 -30 -31 -32 -33 -34 37 -36 -37 -38 -39 53 40 41 42 -44 -45 -46 46 49 56 -50 -51 -52 -53 -54 -55 -56 -57 -58 -59 -60 60 -62 -63
leaf_value=-0.043051956598678269 -0.027587577416036364 -0.024704829443965039 -0.015213071635305379 0.16453545549770643 0.038414270491345638 0.013573782058836716 -0.054957706887086948 -0.13011012633115251 -0.0026443757046727581 0.069829689729814903 0.031528087493832235 0.028088701720220863 -0.046397237696448122 0.041961771750906228 -0.032286156273350637 0.16745857855983981 0.050747090229774021 0.077391521115957887 -0.020592604676506237 -0.040976810773479817 -0.012385394457200783 0.043487979611993709 0.060947005426744458 0.0024169410624508641 0.082708375409534199 0.17000604017875146 0.014312616282069774 0.0029048863032857708 0.0079294965095042455 -0.013126175948910784 0.0011073915704846963 -0.031024115835489151 0.035436241069219367 0.084780819957899461 0.019188473269836144 0.091991566256775154 -0.0025459848283765395 0.0071376309205883563 0.14846902140747273 0.0011448766677028153 0.086409377490991382 0.23317842561195334 0.19719727653483446 0.082430907545092705 0.060333905470998657 0.13721235455744771 0.10835285260309627 0.06025801672429517 0.28666571266349705 0.17060562447289734 0.050290773378447548 0.22549664496791241 -0.032093389965840519 -0.01831680741226464 0.069995324723331739 -0.020712978287584109 0.19270641424839902 0.024010318773352773 -0.019340102472691408 0.22186123154739634 0.091031898608635434 0.012510133820221203
leaf_weight=1234 93 17 2131 31 73 395 2493 14.999999999999998 203 712 1378 325 183 760 954 32 138 505 1482 1481 457 41 154 1193 67 45 1383 455 266 1266 144 1022 457 191 48 255 321 29 30 25 32 22 19 381 17 25 20 31 26 18 54 15.999999999999998 14.999999999999998 17 123 569 31 1014 391 21 30 1064
leaf_count=1234 93 17 2131 31 73 395 2493 15 203 712 1378 325 183 760 954 32 138 505 1482 1481 457 41 154 1193 67 45 1383 455 266 1266 144 1022 457 191 48 255 321 29 30 25 32 22 19 381 17 25 20 31 26 18 54 16 15 17 123 569 31 1014 391 21 30 1064
internal_value=0.000223159 0.0364849 -0.0240927 0.0595132 0.0829066 -0.00876817 -0.0377335 0.0138901 0.0480395 0.0511382 0.0445191 -0.0116052 -0.00425263 0.0233527 -0.0486848 0.0740534 0.0397576 0.0594439 -0.0300597 -0.0257086 -0.0342367 0.0957893 0.0268748 0.00399791 0.0194417 0.0940185 0.0240866 0.00012649 -0.0162509 -0.0173324 0.0254156 -0.0203395 0.046372 0.0674267 0.0723268 0.0800888 0.0128651 0.074563 0.102181 0.107732 0.104129 0.107522 0.0942196 0.0895105 0.158234 0.125787 0.142827 0.159808 0.213855 0.0900423 0.089412 0.133186 0.0481847 0.075086 0.0854823 -0.0102175 0.13523 0.031704 -0.00295326 0.113269 0.145271 0.00928323
internal_weight=26420 10605 15815 5252 1728 7448 8367 5353 3524 3321 2577 6899 3746 3172 3447 744 354 1199 4920 3686 1938 72 549 2297 713 1374 3157 2181 1748 1449 282 3153 694 237 376 328 646 220 998 828 783 758 439 420 39 319 217 164 51 53 102 48 35 170 153 1024 113 1774 1584 82 51 1157
internal_count=26420 10605 15815 5252 1728 7448 8367 5353 3524 3321 2577 6899 3746 3172 3447 744 354 1199 4920 3686 1938 72 549 2297 713 1374 3157 2181 1748 1449 282 3153 694 237 376 328 646 220 998 828 783 758 439 420 39 319 217 164 51 53 102 48 35 170 153 1024 113 1774 1584 82 51 1157
is_linear=0
shrinkage=0.04


Tree=38
num_leaves=63
num_cat=0
split_feature=3 10 2 13 25 2 25 10 26 26 10 14 6 8 27 15 13 10 25 10 26 26 2 21 2 20 26 26 13 15 0 20 10 27 26 13 13 1 26 31 10 4 1 15 20 19 17 3 8 7 7 9 21 10 26 13 4 2 27 7 6 13
split_gain=13419 3178.7 1904.19 811.959 479.746 433.827 402.837 401.553 319.014 287.88 262.012 254.363 205.936 202.015 186.216 170.853 168.664 144.7 128.967 233.873 164.207 132.231 121.476 120.838 127.218 124.243 119.266 118.997 112.059 106.033 104.168 102.188 97.6001 96.2655 94.7652 121.309 90.2414 86.7686 96.0312 148.31 172.244 181.291 139.506 138.242 147.035 105.238 99.7844 99.5606 98.8268 85.0115 125.631 87.0823 83.0924 120.748 82.5605 123.211 82.4417 82.2797 81.2681 80.482 90.945 154.821
threshold=7.5000000000000009 9.2166666666666668 4.5000000000000009 5.5752428924150577 1.0000000180025095e-35 10.500000000000002 1.0000000180025095e-35 6.9833333333333343 -0.8783796973249266 -1.0000000180025095e-35 4.2833333333333341 5.6634149652130015 57.500000000000007 4.0714285714285721 1.0000000180025095e-35 15.854679228676813 5.4566736528354616 8.9500000000000011 1.0000000180025095e-35 6.2166666666666677 1.0000000180025095e-35 1.0000000180025095e-35 16.500000000000004 10.500000000000002 23.500000000000004 7.5000000000000009 1.0000000180025095e-35 1.0000000180025095e-35 3.1615506162088542 8.6164495451703527 22.500000000000004 -11.499999999999998 10.283333333333337 1.0000000180025095e-35 -0.8783796973249266 5.4128412288625185 3.088726256089632 27.500000000000004 1.0000000180025095e-35 355.67000000000002 13.083333333333334 294.50000000000006 19.500000000000004 15.215142762333548 1.0000000180025095e-35 63.500000000000007 228.50000000000003 16.500000000000004 16.071428571428573 142.50000000000003 130.50000000000003 9.0357142857142865 4.5000000000000009 11.850000000000003 -0.8783796973249266 5.0098753053057772 310.50000000000006 10.500000000000002 1.0000000180025095e-35 170.50000000000003 230.50000000000003 5.2530232081806405
decision_type=2 2 2 2 2 2 2 2 2 2 2 2 2 2 2 2 2 2 2 2 2 2 2 2 2 2 2 2 2 2 2 2 2 2 2 2 2 2 2 2 2 2 2 2 2 2 2 2 2 2 2 2 2 2 2 2 2 2 2 2 2 2
left_child=2 7 6 8 15 10 13 27 -3 16 -4 -8 -9 -1 32 31 49 -7 19 21 29 -12 56 25 30 -24 -14 -2 -20 -21 -25 -5 -11 -28 36 -36 -13 38 39 43 -41 46 -43 45 -45 48 -42 -47 57 50 -10 -51 59 -54 55 -30 -17 -33 -29 -53 -61 -62
right_child=1 3 5 4 -6 17 11 12 9 14 18 34 26 -15 -16 22 -18 -19 28 20 -22 -23 23 24 -26 -27 33 58 54 -31 -32 37 -34 -35 35 -37 -38 -39 -40 40 41 42 -44 44 -46 47 -48 -49 -50 51 -52 52 53 -55 -56 -57 -58 -59 -60 60 61 -63
leaf_value=-0.029855869347676492 0.0089117834000799877 -0.002805089584942157 -0.025161754460999046 0.16430623075404724 0.025099090031124333 0.010057994819848188 -0.052003279546732346 -0.12494018408636384 0.078660640927187692 0.018850839377598294 0.0023770332595018061 -0.033598073538753569 0.032015813497913465 -0.0046479189465705303 0.054323996373017228 0.040020438122178266 0.1607811029603548 0.05260444942716893 -0.045396435223112937 0.034158144472113107 0.0044227865788397441 -0.015754137495954917 0.11893862643189713 0.26126875395062327 0.099062721698554526 0.00767867814770061 0.0093919217966729716 -0.019884604765622666 -0.012922725833046836 0.13242069117061755 0.14658010877868682 -0.022589273067734995 0.040876584987972857 0.028753982962503005 -0.042561568088542619 -0.0055326131293653548 -0.0091696714654049497 0.0020725651943322384 0.070845077569935078 0.066896107526593196 0.17617724499973167 0.039931106612215307 0.18271389337512553 0.078514847030416571 0.2509531912740493 0.15929619983086293 0.30874048174611785 0.076732436945434884 -0.039161162524489875 0.12100253932432241 0.20299703352632578 -0.00422635554179658 0.066840281036292831 0.15634800284384043 -0.030499636612530787 0.026765880947737658 0.14691757965561572 0.0719351262109717 0.0027887163138443937 0.033007678743527155 0.061378507231158425 0.18087249940602568
leaf_weight=2086 1157 201 1629 23 225 346 2465 14.999999999999998 56 511 1021 701 1368 673 1193 50 32 203 192 225 807 1740 153 26 29 18 1149 569 807 19 26 15.999999999999998 873 640 1919 153 370 23 668 44 25 23 21 17 14.999999999999998 36 14.999999999999998 68 15.999999999999998 38 17 41 145 29 311 148 14.999999999999998 176 455 173 196 19
leaf_count=2086 1157 201 1629 23 225 346 2465 15 56 511 1021 701 1368 673 1193 50 32 203 192 225 807 1740 153 26 29 18 1149 569 807 19 26 16 873 640 1919 153 370 23 668 44 25 23 21 17 15 36 15 68 16 38 17 41 145 29 311 148 15 176 455 173 196 19
internal_value=0.000214786 0.035027 -0.023129 0.0571357 0.0795983 -0.00841741 -0.0362243 0.0133344 0.0461186 0.0490784 -0.011141 -0.0423811 0.0224186 -0.023708 0.0427387 0.0877533 0.0709671 0.0258005 -0.00680627 -0.00293558 0.0131214 -0.00904878 0.113881 0.126474 0.166851 0.10725 0.0231233 0.000121334 -0.0169241 0.041869 0.204354 0.0807592 0.0327476 0.0163209 -0.0348326 -0.0398287 -0.0251623 0.0790912 0.080643 0.0944874 0.131302 0.164895 0.108383 0.0807488 0.159938 0.0725718 0.226584 0.105457 0.0560769 0.0669171 0.107881 0.0622327 0.0585063 0.081851 -0.0126012 -0.00676778 0.0649075 0.06404 -0.00980879 0.0490164 0.0546473 0.0720269
internal_weight=26420 10605 15815 5252 1728 7448 8367 5353 3524 3323 6899 5608 3172 2759 2577 1503 746 549 5270 3812 1051 2761 317 252 81 171 3157 2181 1458 244 52 1186 1384 1789 3143 2072 1071 1163 1140 472 128 84 44 344 32 312 40 104 208 714 73 641 603 174 1266 955 65 192 1024 429 388 215
internal_count=26420 10605 15815 5252 1728 7448 8367 5353 3524 3323 6899 5608 3172 2759 2577 1503 746 549 5270 3812 1051 2761 317 252 81 171 3157 2181 1458 244 52 1186 1384 1789 3143 2072 1071 1163 1140 472 128 84 44 344 32 312 40 104 208 714 73 641 603 174 1266 955 65 192 1024 429 388 215
is_linear=0
shrinkage=0.04


Tree=39
num_leaves=63
num_cat=0
split_feature=9 25 25 16 9 26 10 16 26 26 28 10 26 26 26 26 24 13 26 24 24 12 0 8 10 12 13 31 1 17 20 1 13 12 27 24 23 23 10 19 13 28 30 12 12 20 29 12 28 15 31 19 21 7 17 24 12 10 18 6 16 21
split_gain=9184.62 5035.09 2795.61 1581.09 1467.73 483.098 295.172 277.597 257.221 203.711 197.024 189.631 185.982 182.544 178.207 170.045 162.32 155.441 148.359 161.805 146.97 184.313 137.426 121.368 110.271 159.947 109.771 102.877 111.071 116.24 117.434 127.15 106.022 103.642 180.117 101.699 100.639 100.497 98.5859 94.0123 90.3894 89.0694 87.3905 92.9045 96.8636 84.5642 111.91 118.871 108.801 98.0904 189.988 87.9965 83.0086 82.0035 86.4894 110.805 114.953 109.413 131.197 117.162 172.69 120.266
threshold=8.2500000000000018 1.0000000180025095e-35 1.0000000180025095e-35 11.16463158313516 5.6071428571428585 -0.8783796973249266 3.7166666666666672 15.263003336440795 1.0000000180025095e-35 0.6078576107927941 57.500000000000007 13.616666666666669 1.0000000180025095e-35 -1.0000000180025095e-35 1.0000000180025095e-35 -0.8783796973249266 5.5000000000000009 4.4059781749528613 0.6078576107927941 5.5000000000000009 5.5000000000000009 7.4533338541022447 20.500000000000004 18.642857142857149 12.716666666666667 5.2456156470412081 2.9405019364368523 135.37000000000003 28.500000000000004 339.50000000000006 -3.4999999999999996 25.500000000000004 7.1541724119366874 6.9537323569687279 1.0000000180025095e-35 7.5000000000000009 23.500000000000004 4.5000000000000009 6.3166666666666673 1.0000000180025095e-35 3.6255796207236837 259.50000000000006 1.5000000000000002 5.7390601804336789 6.0310551625421533 -1.4999999999999998 53.500000000000007 5.7952706651453108 344.50000000000006 13.263896072563972 135.37000000000003 -92.499999999999986 -13.499999999999998 478.50000000000006 119.50000000000001 7.5000000000000009 5.6249541645596786 12.250000000000002 1.0996453900709222 214.50000000000003 12.269968827785037 4.5000000000000009
decision_type=2 2 2 2 2 2 2 2 2 2 2 2 2 2 2 2 2 2 2 2 2 2 2 2 2 2 2 2 2 2 2 2 2 2 2 2 2 2 2 2 2 2 2 2 2 2 2 2 2 2 2 2 2 2 2 2 2 2 2 2 2 2
left_child=2 3 4 10 6 11 -1 12 38 40 -2 -3 53 -12 -8 26 17 -15 37 45 21 22 -9 -23 25 36 -4 -22 29 30 32 33 -29 -32 -35 -16 -21 -14 41 -36 -10 -6 -26 -44 -45 51 47 52 49 -49 -51 -20 -47 54 55 -5 -57 -56 -59 61 -61 -60
right_child=1 5 15 7 8 -7 14 20 9 -11 13 -13 18 16 35 -17 -18 -19 19 24 27 23 -24 -25 42 -27 -28 28 -30 -31 31 -33 -34 34 39 -37 -38 -39 -40 -41 -42 -43 43 44 -46 46 -48 48 -50 50 -52 -53 -54 -55 57 56 -58 58 59 60 -62 -63
leaf_value=-0.031350166155110347 -0.1043499827681121 -0.0042611989071213389 -0.040587455396384205 0.07829177018892533 -0.0045611270679580627 -0.031254751175312567 -0.0036639624588296611 0.31334690371885993 -0.016737608032378785 0.00857395936996257 0.052817307972429645 0.035818303147899272 -0.010572865066047956 0.03164249502382338 -0.014617760137029404 -0.050832966971520989 0.022639254880657347 0.056031056269732649 0.16406346358656138 0.044745212623386918 -0.0024783116704604241 0.13661281081198245 0.14553322599645246 0.019568073314856427 0.045661082348077406 -0.0090996591204110487 -0.020593245991425188 0.0015042132952996284 0 -0.0053964888733743846 0.14958201737719751 0.22935228294796414 0.10701676777455202 0.044147067127033396 0.081695544080228985 -0.030903141451308805 0.14766092440220699 0.047754029460521194 0.026101432143822545 0.21514435949239563 0.024352502461890749 0.022288971573402091 0.14096316952811522 0.00034981244579885016 0.094255302441102112 0.16926969211138979 0.15428469680457477 0.062317738302524718 0.11100701268442077 0.070819551009499562 -0.0978169063795572 0.093191097311677462 0.077215552113032077 0.0038302829327867987 0.07253668750628435 -0.06001796408931459 0.083167260719450894 0.21782143296662324 0.098709912616044962 0.21356356286166006 0.082442461521212623 0.20305354693865127
leaf_weight=2252 15.999999999999998 1122 1832 108 414 1367 1758 14.999999999999998 952 2094 821 227 54 1236 1887 2403 1634 633 40 76 18 68 17 18 123 89 579 27 18 14.999999999999998 75 17 35 60 14.999999999999998 910 19 374 1323 20 94 378 43 24 66 19 25 33 22 18 26 97 92 20 273 22 14.999999999999998 15.999999999999998 39 17 287 33
leaf_count=2252 16 1122 1832 108 414 1367 1758 15 952 2094 821 227 54 1236 1887 2403 1634 633 40 76 18 68 17 18 123 89 579 27 18 15 75 17 35 60 15 910 19 374 1323 20 94 378 43 24 66 19 25 33 22 18 26 97 92 20 273 22 15 16 39 17 287 33
internal_value=0.000206803 0.031568 -0.0175291 0.0498917 -0.00724364 -0.0144971 -0.0195034 0.0753144 0.00863655 0.0013727 0.0353157 0.00248376 0.0693003 0.0358354 -0.0136453 -0.0432992 0.0318533 0.0399061 0.0594745 0.0695253 0.105069 0.142961 0.224989 0.112189 0.0530737 0.0294115 -0.0357877 0.090115 0.0960311 0.102584 0.109096 0.124932 0.0611764 0.11435 0.0863853 -0.0199178 0.065483 0.0403896 0.0194192 0.158405 -0.0130411 0.00825236 0.070055 0.0925486 0.0692642 0.0889592 0.0743085 0.0647091 0.0327627 0.0102663 -0.0287798 0.114003 0.0931287 0.0839685 0.085944 0.0578413 -0.00184828 0.0920591 0.105628 0.100792 0.0898493 0.146777
internal_weight=26420 9544 16876 6828 12062 2716 6807 2488 5255 3140 4340 1349 2070 4324 4555 4814 3503 1869 1240 812 418 118 32 86 440 184 2411 300 282 264 249 187 62 170 95 2797 95 428 2115 35 1046 792 256 133 90 372 235 210 99 77 44 137 111 830 810 145 37 665 392 376 304 72
internal_count=26420 9544 16876 6828 12062 2716 6807 2488 5255 3140 4340 1349 2070 4324 4555 4814 3503 1869 1240 812 418 118 32 86 440 184 2411 300 282 264 249 187 62 170 95 2797 95 428 2115 35 1046 792 256 133 90 372 235 210 99 77 44 137 111 830 810 145 37 665 392 376 304 72
is_linear=0
shrinkage=0.04


Tree=40
num_leaves=63
num_cat=0
split_feature=2 16 2 13 13 22 22 22 8 15 9 26 22 22 13 16 9 15 26 22 26 22 28 32 1 1 21 26 2 9 15 20 13 11 15 15 19 15 9 13 8 1 19 7 22 26 4 23 30 23 9 3 8 2 21 13 0 17 15 7 0 16
split_gain=10989 2245.55 2071.18 773.284 565.379 504.761 447.032 264.691 260.626 229.668 203.722 200.462 195.346 190.507 172.124 151.181 138.454 117.197 127.382 111.956 111.004 114.09 102.788 97.5218 132.14 97.0761 94.7308 93.3403 92.6921 86.6833 174.682 92.0592 140.235 105.176 85.5292 102.362 84.3117 118.82 136.44 79.3475 77.5923 85.126 80.7701 95.7645 77.5624 77.4679 77.4355 76.7892 83.9069 82.4011 79.2091 76.5851 75.3091 74.6431 84.1322 74.5716 73.1157 72.5693 72.5522 124.055 80.4833 72.4355
threshold=8.5000000000000018 8.9784132032074968 4.5000000000000009 5.5752428924150577 2.7659672291340862 4.5000000000000009 4.5000000000000009 4.5000000000000009 4.0714285714285721 5.7087156951864229 8.3214285714285747 -0.8783796973249266 3.5000000000000004 2.5000000000000004 3.1615506162088542 3.982794617025327 11.678571428571429 13.770234326850861 1.0000000180025095e-35 5.5000000000000009 1.0000000180025095e-35 4.5000000000000009 372.50000000000006 165.00000000000003 8.5000000000000018 1.5000000000000002 -14.499999999999998 1.0000000180025095e-35 26.500000000000004 13.678571428571429 13.134146752136949 2.5000000000000004 5.0492972084093646 6.2411842588070581 10.737714855254515 10.068184070324177 -112.49999999999999 15.215142762333548 17.107142857142861 5.4128412288625185 12.214285714285717 17.500000000000004 55.500000000000007 172.50000000000003 1.5000000000000002 1.0000000180025095e-35 84.500000000000014 22.500000000000004 2.5000000000000004 13.500000000000002 11.178571428571429 10.500000000000002 5.0714285714285721 13.500000000000002 14.500000000000002 5.4128412288625185 13.500000000000002 318.50000000000006 13.432899884429361 238.50000000000003 15.500000000000002 12.036790982486872
decision_type=2 2 2 2 2 2 2 2 2 2 2 2 2 2 2 2 2 2 2 2 2 2 2 2 2 2 2 2 2 2 2 2 2 2 2 2 2 2 2 2 2 2 2 2 2 2 2 2 2 2 2 2 2 2 2 2 2 2 2 2 2 2
left_child=2 14 6 11 15 10 8 17 27 -8 45 -3 13 29 -2 -4 22 58 26 -11 21 -17 23 24 -14 -16 -19 -1 -20 30 31 32 46 -33 35 -25 37 -28 -39 -21 41 42 47 -44 -12 -6 -13 49 -49 50 -26 -34 -10 -38 -55 -46 -27 -58 61 60 -60 -5
right_child=1 3 4 7 5 -7 9 -9 52 19 44 12 16 -15 25 20 -18 18 28 39 -22 -23 -24 34 40 56 36 -29 -30 -31 -32 33 51 -35 -36 -37 53 38 -40 -41 -42 -43 43 -45 55 -47 -48 48 -50 -51 -52 -53 -54 54 -56 -57 57 -59 59 -61 -62 -63
leaf_value=-0.016334737803791695 -7.8283528700971304e-05 -0.0097199605451535817 -0.027923467803075978 0.044081550704506568 0.022360559073882721 -0.012176402419653811 -0.04838352444298627 0.027765281652787521 -0.010793387701297818 -0.020992753227204987 0.055732418244400485 -0.039571066614014001 0.11127759670814612 0.020627498589563066 -0.061818601427236539 -0.0001018702148450192 0.093740503797074923 0.20467266846887813 0.074835462178163767 -0.039541209309843763 -0.016501570923534645 -0.049413763555249519 0.090327951271356552 0.023607350864172896 0.045393922530544889 0.020477414816033757 -0.020127297720984011 -0.034184160713599088 0.1648106527827797 -0.027523113000438585 0.16325377569269775 0.033930096408696368 0.10934305819692211 -0.040343346888835334 0.062045114859641787 -0.094859697706467738 0.18774427827500617 0.16726624647776286 0.029357822679337998 -0.00853870638066157 -0.028159795203899364 0.11878001252695976 0.088588728999459992 -0.027790680409402909 0.020992463535904816 0.0045549023978059388 0.043832399532312286 0.052060711844350849 0.13177757767190959 0.011173859527246434 0.12571012858285943 0.062154478279722564 0.013735047199361311 0.098517101712253766 0.16881571954841551 0.08047725489478548 -0.027210771396003915 0.058370088307645299 0.03005296035996222 0.074864897755665544 -0.0788645550295793 0.081185791927745901
leaf_weight=713 1311 116 1060 108 574 1537 2585 170 562 976 221 18 54 705 24 1475 164 15.999999999999998 528 1937 2261 79 98 26 109 2196 19 1373 19 26 20 388 69 33 25 21 21 23 23 142 22 26 14.999999999999998 45 376 1227 1122 54 35 95 24 279 311 195 32 37 93 19 27 58 18 393
leaf_count=713 1311 116 1060 108 574 1537 2585 170 562 976 221 18 54 705 24 1475 164 16 528 1937 2261 79 98 26 109 2196 19 1373 19 26 20 388 69 33 25 21 21 23 23 142 22 26 15 45 376 1227 1122 54 35 95 24 279 311 195 32 37 93 19 27 58 18 393
internal_value=-0.000580924 0.0356367 -0.01902 0.052408 -0.00543191 0.00577014 -0.0329996 0.075075 -0.0204057 -0.039606 0.0170991 0.0419848 0.0437126 0.038463 0.0115164 -0.0145593 0.0608791 0.0805056 0.0898692 -0.0321769 -0.010845 -0.00261302 0.0525589 0.0458226 0.0523458 0.0180353 0.109577 -0.0280852 0.077994 0.0448923 0.0458708 0.0446315 0.0493065 0.0280952 0.00238481 -0.0293713 0.104646 0.0638646 0.0985687 -0.0374251 0.0448289 0.0488243 0.0439643 0.00136989 0.036599 0.0102318 0.0425104 0.052017 0.0835452 0.03967 0.0599857 0.0715453 -0.00205245 0.115297 0.108506 0.0263446 0.0188692 -0.0126356 0.0669094 0.0362428 -0.013548 0.0732017
internal_weight=26328 8882 17446 5239 8847 3972 8599 1650 2959 5640 2435 3589 3473 2660 3643 4875 813 1480 876 3055 3815 1554 649 551 479 2332 329 2086 547 1955 1929 1909 1488 421 72 47 313 65 46 2079 425 403 377 60 634 1801 1140 317 89 228 133 348 873 248 227 413 2308 112 604 103 45 501
internal_count=26328 8882 17446 5239 8847 3972 8599 1650 2959 5640 2435 3589 3473 2660 3643 4875 813 1480 876 3055 3815 1554 649 551 479 2332 329 2086 547 1955 1929 1909 1488 421 72 47 313 65 46 2079 425 403 377 60 634 1801 1140 317 89 228 133 348 873 248 227 413 2308 112 604 103 45 501
is_linear=0
shrinkage=0.04


Tree=41
num_leaves=63
num_cat=0
split_feature=2 10 2 13 13 22 22 10 9 8 22 14 26 26 15 17 13 18 8 13 18 16 26 8 10 22 5 32 18 9 4 8 19 5 22 19 19 14 9 10 32 6 22 29 29 11 22 1 10 22 21 7 19 14 10 19 21 14 14 26 10 9
split_gain=10128 2105.47 1908.82 522.364 501.79 411.983 402.574 310.1 260.387 244.589 243.963 215.369 179.593 169.045 149.289 136.418 169.322 133.117 127.458 121.636 119.963 113.926 121.463 113.734 103.341 124.267 134.812 130.626 131.237 122.377 161.74 142.264 129.58 101.64 98.0505 115.069 97.9248 97.4109 119.701 104.862 116.633 91.3543 87.839 87.0422 86.9293 102.045 86.8844 85.2981 84.3873 110.896 83.0549 81.5034 112.62 99.7096 160.261 128.476 89.3684 84.6517 81.1173 80.7382 80.2162 90.7105
threshold=8.5000000000000018 9.8500000000000032 4.5000000000000009 2.5616535607917874 5.5752428924150577 4.5000000000000009 4.5000000000000009 7.5833333333333339 8.3214285714285747 3.3571428571428572 4.5000000000000009 5.6634149652130015 -0.8783796973249266 1.0000000180025095e-35 10.737714855254515 130.50000000000003 5.0098753053057772 5.1731634182908559 5.0714285714285721 5.2530232081806405 1.330371124334482 3.9256925410213612 1.0000000180025095e-35 11.928571428571431 13.41666666666667 3.5000000000000004 160.50000000000003 165.00000000000003 3.8150997150997159 15.250000000000002 312.50000000000006 14.642857142857144 -82.499999999999986 132.50000000000003 1.5000000000000002 280.50000000000006 -125.49999999999999 14.119832939461391 16.821428571428573 15.750000000000002 139.00000000000003 293.50000000000006 5.5000000000000009 5.5000000000000009 5.5000000000000009 6.7046536787802093 3.5000000000000004 11.500000000000002 8.5833333333333339 5.5000000000000009 7.5000000000000009 436.50000000000006 -121.49999999999999 14.99062083020759 14.583333333333334 -112.49999999999999 -4.4999999999999991 15.599583820803131 12.422800907317102 1.0000000180025095e-35 11.783333333333337 12.178571428571429
decision_type=2 2 2 2 2 2 2 2 2 2 2 2 2 2 2 2 2 2 2 2 2 2 2 2 2 2 2 2 2 2 2 2 2 2 2 2 2 2 2 2 2 2 2 2 2 2 2 2 2 2 2 2 2 2 2 2 2 2 2 2 2 2
left_child=2 7 5 21 12 9 8 -2 46 -1 17 -7 -3 14 43 16 -16 24 59 58 -21 -4 -23 -22 44 27 33 28 36 30 31 -29 -32 -27 35 50 -26 -28 39 40 -39 -25 -13 -14 -6 -46 -5 -30 -8 -50 -15 52 -38 55 -55 -54 -56 -58 60 -11 61 -17
right_child=1 4 3 6 10 11 48 -9 -10 18 -12 42 13 34 15 19 -18 -19 -20 20 23 22 -24 41 25 26 37 29 47 -31 32 -33 -34 -35 -36 -37 51 38 -40 -41 -42 -43 -44 -45 45 -47 -48 -49 49 -51 -52 -53 53 54 56 -57 57 -59 -60 -61 -62 -63
leaf_value=-0.033425699918038766 0.003398644767381203 -0.0062750148279194827 -0.027632867220861678 0.0033018062468441862 0.11071034040673775 -0.046870012010049367 -0.027493156758795868 0.024319368243912266 0.035136259041024243 -8.3131084050933464e-05 0.026655323306018643 -0.021989834263575307 -0.0097340916070831531 0.11088268463113971 0.075629203305114759 0.080755824652908148 -0.022117576395178522 0.16700823162707334 0.013185822221147253 0.20542247907810299 0.17820762551747835 -0.0024582907389559673 -0.018365406335354745 0.11269387589874411 0.016982855842811118 0.10631556798952707 0.025537898197385216 0.04749875636058605 -0.05542121300571843 -0.056437566854566801 -0.096844579123503347 0.18248914646311395 0.046744742905133196 0.24443022288265029 0.030740483819907599 0.14967518676013847 0.17798105658337288 0.055865444020619472 0.028235806520004191 0.19114628789146332 0.14500866644069871 0.019326615216805759 -0.035982811891350969 0.047547055251320719 0.066689272243010425 0.022151844724199538 0.024408139215496859 0.060401605438901135 0.00086201054824377272 -0.026976292703733223 0.043713354406514429 0.020469185646152358 -0.010447114698144775 -0.010670421127000512 0.053227194622649715 0.109192497249988 0.039285674834647115 0.12407067732347747 0.037832063732840017 -0.021047967738116392 0.13548246021160992 -0.0186362101720727
leaf_weight=1209 1897 110 961 2117 47 2473 436 2818 634 412 170 1103 48 32 67 171 49 26 311 21 22 1292 1895 40 31 15.999999999999998 27 31 17 19 14.999999999999998 21 30 19 1033 19 24 44 25 29 51 29 2064 361 269 119 366 25 830 316 372 26 14.999999999999998 34 91 314 24 91 88 1027 39 15.999999999999998
leaf_count=1209 1897 110 961 2117 47 2473 436 2818 634 412 170 1103 48 32 67 171 49 26 311 21 22 1292 1895 40 31 16 27 31 17 19 15 21 30 19 1033 19 24 44 25 29 51 29 2064 361 269 119 366 25 830 316 372 26 15 34 91 314 24 91 88 1027 39 16
internal_value=-0.000557293 0.0342125 -0.0182593 -0.00521459 0.0549285 -0.0316797 0.00391704 0.0159029 0.0122582 -0.0195896 0.0720755 -0.0380219 0.0436847 0.0459688 0.0590912 0.0728659 0.0343389 0.0772892 -0.0100283 0.0833417 0.119181 -0.0155596 -0.0119176 0.099054 0.0756721 0.0826514 0.110038 0.0754844 0.0820727 0.0361278 0.0543192 0.102298 -0.00118262 0.181832 0.0373929 0.0536229 0.0865007 0.0956545 0.108321 0.124416 0.103844 0.0735663 -0.0311108 0.0408189 0.0593032 0.053044 0.00641459 0.0134531 -0.0125159 -0.00681411 0.0490648 0.0899757 0.0930159 0.0893979 0.0697075 0.10373 0.0829821 0.106443 0.0705178 -0.0150473 0.0832138 0.0722356
internal_weight=26328 8882 17446 8847 4167 8599 4699 4715 3117 2959 1650 5640 2517 2407 951 542 116 1480 1750 426 112 4148 3187 91 1454 1019 211 808 692 116 97 52 45 35 1456 423 650 176 149 124 95 69 3167 409 435 388 2483 42 1582 1146 404 619 593 569 240 329 206 115 314 1439 226 187
internal_count=26328 8882 17446 8847 4167 8599 4699 4715 3117 2959 1650 5640 2517 2407 951 542 116 1480 1750 426 112 4148 3187 91 1454 1019 211 808 692 116 97 52 45 35 1456 423 650 176 149 124 95 69 3167 409 435 388 2483 42 1582 1146 404 619 593 569 240 329 206 115 314 1439 226 187
is_linear=0
shrinkage=0.04


Tree=42
num_leaves=63
num_cat=0
split_feature=3 16 3 13 22 10 22 10 22 16 22 22 22 13 12 12 0 9 10 4 4 16 12 11 22 10 10 8 13 9 16 31 9 19 20 12 18 19 20 3 21 30 9 6 17 1 8 28 4 32 4 10 12 1 16 18 3 31 11 13 14 18
split_gain=9247.94 2275.01 1249.06 626.376 417.682 318.02 484.121 368.703 279.333 245.328 201.368 202.97 169.202 136.87 136.373 129.086 126.605 120.871 123.347 117.54 114.366 110.719 107.546 138.043 107.475 103.056 150.029 114.505 101.214 97.5901 145.232 95.8824 126.561 161.754 95.8907 138.251 199.624 125.843 122.193 145.669 110.391 127.118 112.542 107.148 111.034 108.289 98.9231 90.9349 165.124 95.1488 86.709 85.2119 148.191 139.466 121.958 84.709 115.684 139.573 86.7217 83.2591 81.1004 80.2033
threshold=7.5000000000000009 8.9784132032074968 3.5000000000000004 5.5752428924150577 4.5000000000000009 4.7833333333333341 4.5000000000000009 7.2500000000000009 4.5000000000000009 6.4876733397796276 3.5000000000000004 1.5000000000000002 5.5000000000000009 3.1416738864293818 5.9188653501297903 3.7453267584381118 11.500000000000002 13.321428571428575 11.583333333333334 160.50000000000003 57.500000000000007 10.748794346448699 6.4580215875299762 6.5755680544037558 3.5000000000000004 14.583333333333334 15.15 15.357142857142859 5.0862672847048715 16.821428571428573 15.836698264477794 124.61000000000001 15.535714285714286 -94.499999999999986 -2.4999999999999996 6.6971372748771953 2.7175191815856783 156.50000000000003 -1.0000000180025095e-35 19.500000000000004 8.5000000000000018 2.5000000000000004 15.321428571428575 301.50000000000006 144.50000000000003 12.500000000000002 16.785714285714288 372.50000000000006 339.50000000000006 139.00000000000003 201.50000000000003 12.816666666666668 5.6249541645596786 12.500000000000002 13.121292846941111 2.5143437002907141 22.500000000000004 373.51000000000005 6.8121020557624101 5.4566736528354616 15.930550448298703 1.0210715210715213
decision_type=2 2 2 2 2 2 2 2 2 2 2 2 2 2 2 2 2 2 2 2 2 2 2 2 2 2 2 2 2 2 2 2 2 2 2 2 2 2 2 2 2 2 2 2 2 2 2 2 2 2 2 2 2 2 2 2 2 2 2 2 2 2
left_child=2 9 12 8 22 -4 7 -7 10 20 11 17 13 -1 47 -14 -8 18 61 -20 -2 -9 23 -5 31 27 -27 -25 -18 30 -26 32 33 -24 55 50 38 -38 -37 40 41 46 -42 44 -41 -46 -40 48 -12 -50 -36 -13 53 -53 -54 56 57 58 -33 -16 -28 -3
right_child=1 3 5 4 -6 6 16 21 -10 -11 14 51 15 -15 59 -17 28 -19 19 -21 -22 -23 24 25 29 26 60 -29 -30 -31 -32 34 -34 -35 35 36 37 -39 39 43 42 -43 -44 -45 45 -47 -48 -49 49 -51 -52 52 54 -55 -56 -57 -58 -59 -60 -61 -62 -63
leaf_value=-0.029754822461802121 -0.11368081610329105 -0.026351565159429078 -0.020332815688341922 0.072742127651446609 0.01459623950516299 -0.0026063559206780775 -0.025573934252451424 0.025032765937617944 -0.006456725481665493 0.014886215050642755 0.054031073409565096 0.021868252773757719 -0.045243661383140545 0.0052500199316598741 0.074071869915397603 -0.025237746683957271 -0.013769498584237068 -0.056611488662371978 0.18050454585872897 0.068807214099065775 -0.0030664433143932808 0.087261996526582189 0.12188360821396584 0.029893286898668017 0.10553378981438818 0.16020082135680574 -0.035322604848627454 -0.073502511047012178 0.020665389950297805 0.048878141537155077 0.20895267394809786 0.12401325344756881 -0.043848846585829673 0.021235490755441733 0.1966717846811665 -0.015867155262046514 0.056926803925504713 0.16352401200470737 0.095037513118219605 0.15096101707882351 0.022822020762081074 -0.085904538145562481 0.14990453160870137 0.16912064639695612 0.10583500817911516 -0.037487556260293688 -0.030606376416396092 0.085034295557283174 0.039970862584835058 -0.057837948666678532 0.092054190273731504 0.16759217856193354 0.08554892112213279 0.031020394911839496 -0.047455665544531803 0.055645033471855614 0.044004046161761456 0.071196225009439312 0.22878399578357372 0.19332790902635669 0.089751462084906447 0.044594179710125352
leaf_weight=2752 14.999999999999998 26 3718 565 221 2875 1644 681 223 3425 604 1387 2395 191 20 659 608 18 17 133 1577 49 44 116 89 22 17 20 176 29 29 21 21 61 21 43 30 44 21 17 27 21 19 25 14.999999999999998 19 19 123 29 35 33 28 19 21 26 30 19 23 34 18 15.999999999999998 1105
leaf_count=2752 15 26 3718 565 221 2875 1644 681 223 3425 604 1387 2395 191 20 659 608 18 17 133 1577 49 44 116 89 22 17 20 176 29 29 21 21 61 21 43 30 44 21 17 27 21 19 25 15 19 19 123 29 35 33 28 19 21 26 30 19 23 34 18 16 1105
internal_value=-0.000534495 0.0283883 -0.0199659 0.0460029 0.0659754 -0.0111309 -0.00545943 0.00383924 0.0369789 0.00885573 0.0396634 0.0344995 -0.0343306 -0.0274822 0.0569714 -0.0409284 -0.0192662 0.0460422 0.0474905 0.0815914 -0.004117 0.0292239 0.0734923 0.0628002 0.0842004 0.0333576 0.0795176 0.0146305 -0.00603502 0.114955 0.131123 0.0767314 0.0455777 0.0635067 0.0848769 0.0741204 0.0634631 0.120471 0.0447429 0.0589964 0.0288495 -0.00641368 0.0755673 0.10132 0.0677794 0.0258093 0.0353793 0.0533977 0.0475576 -0.0134939 0.133064 0.0243716 0.0612249 0.109285 0.00872265 0.114762 0.132949 0.154505 0.189115 0.130973 0.0253469 0.0429593
internal_weight=26328 10580 15748 5563 1731 9751 6033 3605 3832 5017 3609 2780 5997 2943 829 3054 2428 1299 1281 150 1592 730 1510 756 754 191 55 136 784 147 118 607 126 105 481 354 300 74 226 183 107 61 46 76 51 34 40 791 668 64 54 1481 94 49 45 127 97 78 55 38 33 1131
internal_count=26328 10580 15748 5563 1731 9751 6033 3605 3832 5017 3609 2780 5997 2943 829 3054 2428 1299 1281 150 1592 730 1510 756 754 191 55 136 784 147 118 607 126 105 481 354 300 74 226 183 107 61 46 76 51 34 40 791 668 64 54 1481 94 49 45 127 97 78 55 38 33 1131
is_linear=0
shrinkage=0.04


Tree=43
num_leaves=63
num_cat=0
split_feature=9 22 22 16 15 22 16 26 24 16 22 26 14 22 22 1 20 13 18 15 13 18 6 18 24 31 17 24 0 12 18 17 6 23 24 14 18 15 11 6 4 1 19 22 19 9 24 14 23 9 19 18 21 11 17 4 18 6 18 4 4 23
split_gain=6565.41 3693.97 1896.34 1262.18 892.984 368.957 212.387 206.666 195.735 172.298 152.682 148.224 129.878 124.036 188.736 132.993 148.934 119.555 117.884 117.549 124.834 127.534 162.19 132.963 114.847 125.802 111.469 107.3 101.023 96.6276 121.805 95.8048 170.372 168.127 95.1062 92.649 125.612 89.892 93.8237 89.0323 88.193 88.1596 88.1143 85.934 97.3006 91.6495 85.035 83.2195 136.664 82.0854 82.0108 104.692 96.6394 83.1702 81.2707 88.5922 91.6319 87.455 106.991 88.4725 78.8301 78.7126
threshold=7.9642857142857153 4.5000000000000009 4.5000000000000009 11.16463158313516 5.2652121974692321 5.5000000000000009 3.2880076424398594 1.0000000180025095e-35 7.5000000000000009 8.9784132032074968 2.5000000000000004 1.0000000180025095e-35 4.0524998124454354 3.5000000000000004 2.5000000000000004 21.500000000000004 -3.4999999999999996 4.6735376310632164 0.99423396477234982 11.008152247936367 7.1541724119366874 3.8563492063492069 98.500000000000014 5.1731634182908559 5.5000000000000009 197.39000000000001 141.50000000000003 7.5000000000000009 13.500000000000002 7.2887839420121301 1.2434547797242101 199.50000000000003 189.50000000000003 10.500000000000002 7.5000000000000009 9.759080285240687 4.4068287037037051 14.347784780181707 5.9401779675119437 414.50000000000006 324.50000000000006 6.5000000000000009 138.50000000000003 3.5000000000000004 240.50000000000003 10.392857142857144 6.5000000000000009 14.119832939461391 11.500000000000002 17.107142857142861 -96.499999999999986 1.5365218495934962 7.5000000000000009 5.385164807134502 166.50000000000003 334.50000000000006 1.2606122974015952 346.50000000000006 1.3034711075441414 280.50000000000006 298.50000000000006 25.500000000000004
decision_type=2 2 2 2 2 2 2 2 2 2 2 2 2 2 2 2 2 2 2 2 2 2 2 2 2 2 2 2 2 2 2 2 2 2 2 2 2 2 2 2 2 2 2 2 2 2 2 2 2 2 2 2 2 2 2 2 2 2 2 2 2 2
left_child=2 3 4 9 6 17 -1 46 13 28 -9 -8 -4 14 19 -16 -17 -3 -11 -5 21 24 -23 -24 26 29 -21 35 -2 30 -26 32 49 -33 -13 36 -20 50 -39 40 -10 -27 -42 -37 61 -46 -6 -34 -49 -22 -15 52 53 -52 55 56 -28 58 -56 -59 -18 -45
right_child=1 5 12 8 7 -7 11 10 39 18 -12 34 -14 37 15 16 60 -19 27 20 31 22 23 -25 25 41 54 -29 -30 -31 -32 33 47 -35 -36 43 -38 38 -40 -41 42 -43 -44 44 45 -47 -48 48 -50 -51 51 -53 -54 -55 57 -57 -58 59 -60 -61 -62 -63
leaf_value=-0.032861396329891102 0.021047213416956177 -0.0097037421418283681 -0.05063714110685745 0.14439260370986925 0.020321186522960728 -0.027739681063612524 -0.0059323358796606867 0.0044840877526398431 0.039302831984809959 -0.046050513247444053 -0.013719375945494376 -0.014839244922008389 -0.034390751893068373 -0.0088486881768176564 0.02916018196284766 0.20197404602505514 0.026303167518156055 0.01337500527246197 0.047636364903096869 0.11776102809508256 0.092384892520548281 0.11454897353786449 -0.059375154842759612 0.076696299018326752 0.15434906594702677 -0.030285398337791251 0.084090695425590362 0.022474538053188758 -0.014834935825502849 -0.0095540221437379041 0.063350006549310708 0.22698096653083699 -0.030387837062955524 0.086535973498198984 -0.029998156769094876 0.026650673851035044 0.13541864875497853 0.17709619836708931 0.097520863508626349 -0.00021470352153946128 0.14343652127003761 0.044934616068192143 0.060380294597817991 0.032965357084186124 0.043820667772103618 0.17988407231213752 0.00353561628505779 -0.0084354279753309572 0.12261058244198264 0.20095538846295863 0.15697698187432896 0.063731886852209665 0.21019710979106263 0.040794809986563284 0.039792040639622196 0.11541543675179515 -0.031155210560203615 -0.031456741239484498 0.10803521805831862 0.065654137685269148 0.13539449370460005 0.082454418594020473
leaf_weight=1226 1768 789 1006 35 1326 1451 2024 2086 402 29 1140 1953 3644 18 322 14.999999999999998 36 659 739 103 26 19 40 15.999999999999998 27 43 15.999999999999998 802 135 24 185 23 19 34 1003 913 27 29 136 68 26 59 97 248 14.999999999999998 17 760 22 30 20 18 166 15.999999999999998 22 47 14.999999999999998 35 18 173 88 14.999999999999998 65
leaf_count=1226 1768 789 1006 35 1326 1451 2024 2086 402 29 1140 1953 3644 18 322 15 36 659 739 103 26 19 40 16 27 43 16 802 135 24 185 23 19 34 1003 913 27 29 136 68 26 59 97 248 15 17 760 22 30 20 18 166 16 22 47 15 35 18 173 88 15 65
internal_value=-0.000512592 0.024685 -0.016347 0.039925 -0.00764245 -0.0134852 -0.0179466 0.00439565 0.0629189 0.0278273 -0.00194824 -0.0142739 -0.037907 0.0691548 0.063852 0.0397895 0.0914948 0.000798455 0.0340428 0.0722043 0.0698542 0.063886 0.0138715 -0.0203945 0.0683845 0.0503668 0.0806708 0.034867 0.0185 0.066407 0.0750162 0.100932 0.0800529 0.14354 -0.0199843 0.0397751 0.0507504 0.0888344 0.111618 0.0428219 0.0483989 0.013206 0.0780554 0.0330871 0.050102 0.116502 0.0142071 0.0410654 0.0672199 0.139966 0.0731226 0.0797789 0.127113 0.0933877 0.0708925 0.0303039 0.00505504 0.0790919 0.0934898 0.0491307 0.0586302 0.0432721
internal_weight=26328 10160 16168 7261 11518 2899 6206 5312 2503 4758 3226 4980 4650 1910 1505 388 66 1448 2855 1117 1082 908 75 56 833 338 495 2826 1903 236 212 174 117 57 2956 2024 766 405 165 593 525 102 123 1258 345 32 2086 71 52 46 240 222 56 40 392 66 51 326 220 106 51 313
internal_count=26328 10160 16168 7261 11518 2899 6206 5312 2503 4758 3226 4980 4650 1910 1505 388 66 1448 2855 1117 1082 908 75 56 833 338 495 2826 1903 236 212 174 117 57 2956 2024 766 405 165 593 525 102 123 1258 345 32 2086 71 52 46 240 222 56 40 392 66 51 326 220 106 51 313
is_linear=0
shrinkage=0.04


Tree=44
num_leaves=63
num_cat=0
split_feature=2 10 2 13 22 10 22 2 8 22 10 15 24 4 13 5 24 9 21 4 21 23 20 1 12 6 18 8 5 1 18 24 8 2 8 1 18 9 13 9 24 24 8 24 22 22 20 6 11 1 12 7 8 6 4 4 10 6 29 13 23 23
split_gain=7934.1 1682.07 1502.31 433.148 371.423 343.619 331.368 324.946 204.944 181.335 202.32 178.487 162.572 160.734 146.529 144.034 135.81 130.688 145.124 128.975 128.783 122.391 118.635 145.966 122.025 112.992 131.493 112.717 110.115 107.58 104.283 103.842 189.47 144.983 103.088 101.758 96.8136 94.6687 94.3626 94.0556 91.5729 90.8254 108.13 89.2566 87.9793 86.3947 154.574 117.063 166.728 142.215 159.805 136.221 90.8517 85.6737 82.2305 95.3268 81.9397 79.7155 127.82 79.5672 79.5087 77.4069
threshold=8.5000000000000018 10.516666666666667 4.5000000000000009 2.7659672291340862 4.5000000000000009 8.4500000000000011 4.5000000000000009 18.500000000000004 3.3571428571428572 4.5000000000000009 14.483333333333336 5.7087156951864229 6.5000000000000009 308.50000000000006 3.9016648377003307 381.50000000000006 6.5000000000000009 14.964285714285717 1.0000000180025095e-35 103.50000000000001 -23.499999999999996 9.5000000000000018 -2.4999999999999996 5.5000000000000009 6.3730200545255364 416.50000000000006 2.5522973958556787 13.785714285714286 266.50000000000006 12.500000000000002 3.5039705048213277 5.5000000000000009 14.500000000000002 23.500000000000004 5.0714285714285721 13.500000000000002 1.1675826664653484 6.8214285714285721 1.8428168843810255 16.392857142857146 5.5000000000000009 5.5000000000000009 10.785714285714286 7.5000000000000009 5.5000000000000009 3.5000000000000004 3.5000000000000004 168.50000000000003 7.9162280580252746 13.500000000000002 7.4533338541022447 295.50000000000006 18.928571428571434 88.500000000000014 385.50000000000006 164.50000000000003 15.750000000000002 402.50000000000006 23.500000000000004 3.5051685974503122 15.500000000000002 23.500000000000004
decision_type=2 2 2 2 2 2 2 2 2 2 2 2 2 2 2 2 2 2 2 2 2 2 2 2 2 2 2 2 2 2 2 2 2 2 2 2 2 2 2 2 2 2 2 2 2 2 2 2 2 2 2 2 2 2 2 2 2 2 2 2 2 2
left_child=2 5 6 12 14 37 8 9 -1 10 16 -8 38 17 40 60 19 27 56 -3 -21 -20 23 -9 30 53 61 -12 -23 -28 -24 32 -25 -34 -10 -32 -26 -2 -4 -11 -5 42 -16 -7 -13 47 -47 48 -38 51 -51 -49 -52 -22 55 -33 -19 -55 -59 -45 -15 -27
right_child=1 7 3 4 -6 43 11 22 34 39 13 44 -14 15 41 -17 -18 18 21 20 25 28 24 31 36 26 29 -29 -30 -31 35 54 33 -35 -36 -37 45 -39 -40 -41 -42 -43 -44 59 -46 46 -48 49 -50 50 52 -53 -54 57 -56 -57 -58 58 -60 -61 -62 -63
leaf_value=-0.029887460544884097 -0.0027962883282535724 -0.030873151175754586 -0.018722727852541005 0.018331783590519936 -0.010176433656835097 0.03191646573847997 -0.041491200474948052 -0.0082983409172577381 -0.01298393733096387 0.0031100971729223787 0.035491289089526638 -0.017289468282939601 -0.022690803870880533 0.11545270128309397 0.039309923484846153 0.073295236477467468 0.030963207157083734 -0.051486052237079784 0.14441265811275333 0.15243057359451365 0.14327996001338328 0.080542152225097252 0.056390855086258053 0.078084333387023863 0.16159177104632061 0.028670228434389693 0.085009634381505703 0.13583708272513531 -0.046382153304467287 0.21389723336518698 0.05214349610773146 0.037017477235040189 0.23456342701374491 0.085560323674947231 0.012406909229028497 -0.067909629179801784 0.047084589116860434 0.012344304622353679 -0.0031730340848144002 0.067718876497928071 0.00078547669402977323 0.01951508593295084 0.11001900735698002 -0.065374849878680641 -0.031856366716193414 0.17560816102713084 0.054734452183295555 0.04733855837292196 0.21973487692269664 0.062804998429930592 -0.087581166563362914 0.15461131623320257 0.033244448596646319 0.049259227763725266 -0.0053106240405152187 0.12022989992295159 0.03411966612093708 0.055992518604098263 -0.095247942349925549 0.017384512840449777 0.22913413787817025 0.12076843888838709
leaf_weight=1209 1011 29 850 974 1537 1824 2585 19 1439 221 27 976 1671 18 178 41 783 30 28 21 14.999999999999998 34 278 45 23 48 22 54 15.999999999999998 20 22 32 36 14.999999999999998 311 23 19 1906 2354 43 931 309 43 19 2079 34 34 49 17 53 26 31 15.999999999999998 1004 14.999999999999998 72 44 20 15.999999999999998 685 23 21
leaf_count=1209 1011 29 850 974 1537 1824 2585 19 1439 221 27 976 1671 18 178 41 783 30 28 21 15 34 278 45 23 48 22 54 16 20 22 32 36 15 311 23 19 1906 2354 43 931 309 43 19 2079 34 34 49 17 53 26 31 16 1004 15 72 44 20 16 685 23 21
internal_value=-0.000491501 0.0302828 -0.0161593 -0.00458673 0.00521819 0.0164519 -0.0280653 0.0521924 -0.0172222 0.0450874 0.048671 -0.0337533 -0.0125758 0.078478 0.0149363 0.126664 0.0439694 0.0614641 0.0395311 0.0523393 0.0543764 0.0775638 0.0735056 0.0978362 0.0643789 0.0525958 0.0910108 0.102498 0.0398749 0.146794 0.0472484 0.107224 0.138245 0.191031 -0.00847003 -0.00918717 0.0826722 0.00709614 -0.00729934 0.0136627 0.0097582 0.033539 0.0531204 0.0272459 -0.027204 0.0761036 0.11537 0.063391 0.129052 0.0498061 0.0166594 0.0890728 -0.0415352 0.0485439 0.0820877 0.0947054 -0.000581011 0.047162 -0.0112477 0.0151391 0.179676 0.0568633
internal_weight=26328 8882 17446 8847 3972 5445 8599 3437 2959 2578 2314 5640 4875 315 2435 82 1999 233 152 1216 1187 78 859 234 625 1166 111 81 50 42 323 215 96 51 1750 45 302 2917 3204 264 1905 530 221 2528 3055 279 68 211 36 175 95 80 42 1055 119 104 74 1040 36 704 41 69
internal_count=26328 8882 17446 8847 3972 5445 8599 3437 2959 2578 2314 5640 4875 315 2435 82 1999 233 152 1216 1187 78 859 234 625 1166 111 81 50 42 323 215 96 51 1750 45 302 2917 3204 264 1905 530 221 2528 3055 279 68 211 36 175 95 80 42 1055 119 104 74 1040 36 704 41 69
is_linear=0
shrinkage=0.04


Tree=45
num_leaves=63
num_cat=0
split_feature=3 3 16 22 16 12 22 16 22 16 16 24 6 16 12 26 22 22 11 17 17 3 14 14 14 16 1 20 24 22 12 20 20 3 23 12 15 24 20 14 19 4 11 14 24 29 15 21 4 17 31 17 22 1 6 16 22 26 4 0 7 21
split_gain=7153.66 1591.57 961.242 519.169 426.789 322.9 250.252 256.089 202.47 184.531 183.295 179.146 236.983 177.985 164.516 164.215 135.954 109.329 104.893 103.541 163.072 98.2165 124.77 118.308 111.65 95.726 105.32 141.766 94.481 88.9177 88.8352 109.419 88.3587 97.4019 109.706 120.309 95.302 126.526 114.784 125.343 112.472 111.01 92.0134 86.8586 86.0705 84.1782 83.9067 80.8603 106.947 176.057 141.26 90.8122 87.7507 79.3478 83.9163 77.4663 76.9734 98.4573 115.802 155.018 147.737 173.839
threshold=9.5000000000000018 5.5000000000000009 10.690303321574602 5.5000000000000009 6.2330986997045459 2.8718030481306993 4.5000000000000009 9.4614369234506075 4.5000000000000009 13.926596345300252 3.3273554245052823 7.5000000000000009 57.500000000000007 8.46448931598656 3.8291097668158138 1.0000000180025095e-35 4.5000000000000009 4.5000000000000009 5.0896720822428332 74.500000000000014 107.50000000000001 15.500000000000002 9.759080285240687 7.6731285265438727 8.7086061472929295 9.361352868762042 12.500000000000002 -5.4999999999999991 5.5000000000000009 3.5000000000000004 4.1543040040711743 -4.4999999999999991 2.5000000000000004 12.500000000000002 27.500000000000004 5.5256643974247153 13.770234326850861 3.5000000000000004 8.5000000000000018 12.653399372723294 -84.499999999999986 319.50000000000006 6.1373175465073242 12.001833936002312 7.5000000000000009 5.5000000000000009 8.222266885518982 2.5000000000000004 130.50000000000003 141.50000000000003 375.27000000000004 133.50000000000003 3.5000000000000004 10.500000000000002 355.50000000000006 10.025946360611609 4.5000000000000009 1.0000000180025095e-35 302.50000000000006 16.500000000000004 224.50000000000003 8.5000000000000018
decision_type=2 2 2 2 2 2 2 2 2 2 2 2 2 2 2 2 2 2 2 2 2 2 2 2 2 2 2 2 2 2 2 2 2 2 2 2 2 2 2 2 2 2 2 2 2 2 2 2 2 2 2 2 2 2 2 2 2 2 2 2 2 2
left_child=1 3 11 5 44 8 7 28 10 17 -1 12 -2 46 -5 -12 29 32 -11 -20 -21 22 25 -23 -25 30 27 -27 -6 -7 31 -15 33 34 35 -4 37 38 39 43 41 -39 -38 -34 -3 -42 -14 -35 -49 51 52 -50 -51 54 -26 -18 57 58 -22 60 -60 -62
right_child=2 4 9 14 6 16 -8 -9 -10 18 15 -13 13 21 -16 -17 55 -19 19 20 56 23 -24 24 53 26 -28 -29 -30 -31 -32 -33 36 47 -36 -37 42 40 -40 -41 45 -43 -44 -45 -46 -47 -48 48 49 50 -52 -53 -54 -55 -56 -57 -58 -59 59 -61 61 -63
leaf_value=-0.029346753483015357 -0.11753844677414024 -0.0054658205938312521 0.024489715685092096 -0.040878123252681704 0.01677432883991329 0.011642847033723131 -0.0080778714188545625 0.041229119912932884 -0.032762941777938051 0.13092915333140537 0.0011428049675061755 0.0085715053338086787 0.021066465350079104 0.11871744977649545 -0.022536911211719739 -0.017797172546906208 -0.012900980461801419 -0.0092954914746309104 0.12427658009695065 -0.0059203725049911081 0.10817470582835872 0.15466700888429011 0.019301473214341093 -0.00011017051232512164 0.10888998296667475 0.0024769985297655411 0.030335294601323705 0.093549836955774957 0.001848666621175152 0.067162185039178202 0.010083911432083629 0.037176322795198037 0.047200608633050867 0.046340729097399898 -0.030615618692334656 0.081758491020109722 0.15130466356327396 -0.00043593086428561455 0.16372703368619362 0.00037448993691712134 0.10581164445138086 -0.10722036440172414 0.045876621970919525 0.17481719384919728 -0.019120063786488107 0.02330708237150602 -0.0056383511084544518 0.0081058047988922955 0.10313322240971783 0.059042231517559433 -0.034705915912921291 0.20492051612564 0.11254940495433577 0.039539112096570364 0.0053071695763543744 0.017363641295084112 0.029486943266926868 0.057503281976991338 -0.079496999554609135 0.12006939116201372 0.13641758585747202 -0.040006547418440341
leaf_weight=1285 18 2471 207 2517 1481 407 1011 494 1677 39 1093 1210 1054 29 1137 2219 873 58 43 55 173 19 679 53 77 33 120 161 1253 52 190 283 20 557 39 82 19 112 15.999999999999998 43 22 18 44 14.999999999999998 1054 192 229 44 84 325 23 17 58 93 14.999999999999998 160 85 400 19 33 20 15.999999999999998
leaf_count=1285 18 2471 207 2517 1481 407 1011 494 1677 39 1093 1210 1054 29 1137 2219 873 58 43 55 173 19 679 53 77 33 120 161 1253 52 190 283 20 557 39 82 19 112 16 43 22 18 44 15 1054 192 229 44 84 325 23 17 58 93 15 160 85 400 19 33 20 16
internal_value=-0.0005166 -0.0132385 0.0336597 -0.0227382 0.000734373 -0.0168872 0.00928659 0.0147258 -0.0208646 0.0515212 -0.016523 0.0215998 0.0267623 0.0276226 -0.0351723 -0.0115463 -0.00016016 0.0447749 0.0667542 0.0637713 0.0605056 0.0359129 0.0319791 0.0587668 0.0510407 0.0425222 0.059854 0.0780776 0.0099349 0.0179502 0.0316675 0.0447975 0.0463954 0.0514454 0.032268 0.0407686 0.0319095 0.0252746 0.0663828 0.046205 0.0140197 -0.0153079 0.0778935 0.102293 -0.00954953 0.0318437 0.0162984 0.0571172 0.067997 0.0731881 0.0613939 0.120471 0.0671776 0.0656977 0.0920473 -0.00821017 0.0654058 0.0700165 0.0891568 0.0516662 0.0104446 0.0580578
internal_weight=26325 19184 7141 11420 7764 7766 4239 3228 6274 2878 4597 4263 3053 3035 3654 3312 1492 1995 883 844 801 1752 1495 257 238 816 314 194 2734 459 502 312 1937 1436 328 289 501 438 94 78 344 130 63 35 3525 214 1283 1108 551 507 406 101 383 185 92 1033 746 661 261 88 55 36
internal_count=26325 19184 7141 11420 7764 7766 4239 3228 6274 2878 4597 4263 3053 3035 3654 3312 1492 1995 883 844 801 1752 1495 257 238 816 314 194 2734 459 502 312 1937 1436 328 289 501 438 94 78 344 130 63 35 3525 214 1283 1108 551 507 406 101 383 185 92 1033 746 661 261 88 55 36
is_linear=0
shrinkage=0.04


Tree=46
num_leaves=63
num_cat=0
split_feature=2 2 16 10 22 2 10 22 9 8 15 19 26 24 19 9 16 9 22 22 31 2 0 4 11 2 11 19 14 4 24 0 10 14 9 29 22 2 29 23 0 12 12 23 24 24 29 2 14 12 2 4 15 8 11 9 23 32 7 1 26 10
split_gain=6639.64 1321.07 1209.32 371.199 390.592 323.526 294.624 257.893 215.173 170.969 163.263 155.998 141.044 139.563 132.735 112.177 116.771 109.916 104.491 110.957 102.448 93.7391 165.257 130.072 93.5793 141.774 116.673 92.4323 91.7728 89.5212 86.4684 99.4657 91.9187 138.122 106.942 91.9297 85.9257 85.7249 90.9135 93.9944 84.4643 83.1581 83.068 82.6525 81.1043 81.0448 79.6268 78.2462 121.745 151.722 91.1318 100.103 77.7651 111.541 140.713 76.5352 103.84 130.145 135.858 120.988 82.5673 80.4357
threshold=8.5000000000000018 4.5000000000000009 10.690303321574602 6.2833333333333341 4.5000000000000009 11.500000000000002 7.7166666666666677 4.5000000000000009 14.178571428571429 3.785714285714286 3.9181918897274159 90.500000000000014 1.0000000180025095e-35 7.5000000000000009 305.50000000000006 13.964285714285717 13.592025710129628 9.2500000000000018 3.5000000000000004 1.5000000000000002 135.37000000000003 18.500000000000004 15.500000000000002 310.50000000000006 8.1722494598579498 25.500000000000004 8.6986589004665991 275.50000000000006 9.2028461257441254 57.500000000000007 7.5000000000000009 10.500000000000002 12.616666666666669 13.034456401519362 12.750000000000002 41.500000000000007 2.5000000000000004 12.500000000000002 5.5000000000000009 21.500000000000004 7.5000000000000009 4.1727793989244111 6.1071026924969543 12.500000000000002 6.5000000000000009 3.5000000000000004 56.500000000000007 20.500000000000004 12.422800907317102 5.8575109992188308 16.500000000000004 344.50000000000006 11.320803896393196 10.500000000000002 4.4614753058558971 15.107142857142859 15.500000000000002 158.50000000000003 276.50000000000006 8.5000000000000018 0.87837969732492682 14.850000000000003
decision_type=2 2 2 2 2 2 2 2 2 2 2 2 2 2 2 2 2 2 2 2 2 2 2 2 2 2 2 2 2 2 2 2 2 2 2 2 2 2 2 2 2 2 2 2 2 2 2 2 2 2 2 2 2 2 2 2 2 2 2 2 2 2
left_child=1 7 6 12 17 27 -2 9 11 -1 -9 15 44 14 29 30 -17 18 19 45 21 22 -10 43 25 55 -26 52 -12 -8 32 -32 33 41 -34 -35 -14 -13 -39 47 -28 -7 -33 -23 -3 -5 -11 48 49 -40 -50 -52 53 54 -4 56 59 58 -58 -22 -57 -61
right_child=2 3 5 4 -6 8 13 10 20 46 28 37 36 -15 -16 16 -18 -19 -20 -21 24 23 -24 -25 26 -27 40 -29 -30 -31 31 42 34 35 -36 -37 -38 38 39 -41 -42 -43 -44 -45 -46 -47 -48 -49 50 -51 51 -53 -54 -55 -56 60 57 -59 -60 61 -62 -63
leaf_value=-0.024102496696937054 0.0046403125574625949 0.0022688873531181842 0.069862471007033439 0.043987290977159754 -0.0099454218216862133 -0.021969950075643469 -0.069711039271575723 -0.046042403267977337 0.081567969651643354 -0.0062478698578234768 -0.030673620814945669 0.12584083547222316 -0.012240717769316057 0.011046563920675885 0.11190301296322845 -0.1093066682282442 0.023389727678329614 0.036793489233322846 0.035399842623054706 0.00034147713468447378 0.14820085629882654 0.15298457794342177 -0.030710104591786976 -0.0023298518046789745 0.014555787439222376 0.17621839228591354 0.002511951449494924 -0.047987546406660704 -0.01669203039674896 0.027945346688956766 0.055753757129504415 0.01792717312818419 0.14233605015318829 -0.019741605698852228 0.059501690154172268 0.073527394236546556 -0.027244486673505416 0.1238092532570411 0.063140880515981476 0.026000668974269964 0.10555562007918409 0.052732696324575987 -0.057767754902784851 0.065501711164275889 -0.013647491083918271 0.012445453962610705 0.055786904330826927 0.13817002033296957 0.055996966199798548 0.16657695337669137 -0.099563390823624864 0.043794012574960066 0.01753579604501581 0.090860737068833547 -0.059826466473306361 0.081086442981193441 0.12975277641712818 0.054444335953319233 0.27006177586798341 0.0049518240464030876 0.030564011412922087 0.10491858880318219
leaf_weight=1799 2016 1417 30 185 1553 25 14.999999999999998 953 35 1131 3761 36 1950 1030 30 15.999999999999998 31 348 270 1011 24 28 52 28 73 27 15.999999999999998 29 940 2683 109 208 29 85 180 21 890 34 105 118 63 479 26 46 802 442 34 24 53 29 16.000000000000004 14.999999999999998 448 62 24 245 37 21 15.999999999999998 36 66 20
leaf_count=1799 2016 1417 30 185 1553 25 15 953 35 1131 3761 36 1950 1030 30 16 31 348 270 1011 24 28 52 28 73 27 16 29 940 2683 109 208 29 85 180 21 890 34 105 118 63 479 26 46 802 442 34 24 53 29 16 15 448 62 24 245 37 21 16 36 66 20
internal_value=-0.000495522 -0.0147781 0.027759 -0.00393927 0.00549172 0.0480663 0.0169783 -0.0259309 0.054432 -0.0163717 -0.0309414 0.0460095 -0.0110404 0.0235962 0.0283332 0.03864 -0.0218772 0.0161193 0.0123458 0.00854249 0.0709939 0.0450347 0.0144781 0.0710385 0.0786011 0.0870879 0.0510784 0.0215223 -0.0278787 0.0273991 0.0410912 0.0242076 0.0481558 0.0402921 0.0710676 -0.00119305 -0.0169441 0.0667114 0.0612731 0.0553286 0.0847409 0.0490196 0.009487 0.0987921 -0.00348313 0.0217608 -0.00443106 0.0696041 0.0619865 0.0856487 0.0241588 -0.0302148 0.0251078 0.0542937 0.0121819 0.0818715 0.104996 0.139198 0.172577 0.0731993 0.0703843 0.0408133
internal_weight=26325 17486 8839 8868 3809 3065 5774 8618 2472 2964 5654 1639 5059 3758 2728 1209 47 2256 1908 1638 833 189 87 102 644 492 152 593 4701 2698 1162 343 819 610 209 106 2840 430 394 360 79 504 234 74 2219 627 1165 242 218 134 84 31 564 116 54 465 154 74 53 80 311 56
internal_count=26325 17486 8839 8868 3809 3065 5774 8618 2472 2964 5654 1639 5059 3758 2728 1209 47 2256 1908 1638 833 189 87 102 644 492 152 593 4701 2698 1162 343 819 610 209 106 2840 430 394 360 79 504 234 74 2219 627 1165 242 218 134 84 31 564 116 54 465 154 74 53 80 311 56
is_linear=0
shrinkage=0.04


Tree=47
num_leaves=63
num_cat=0
split_feature=2 2 16 9 13 25 25 13 13 24 9 11 2 26 26 26 7 29 13 26 26 16 9 19 17 24 0 7 19 12 23 19 1 2 7 4 27 17 17 9 32 17 14 1 1 4 15 23 29 4 13 11 14 20 0 24 6 27 7 16 21 0
split_gain=6119.49 1217.51 1121.91 360.297 356.457 264.044 237.676 219.43 168.613 164.657 158.495 153.668 147.742 137.498 134.088 114.619 105.776 103.618 92.818 91.3093 179.697 97.4378 171.544 97.2823 110.742 86.2076 81.5654 81.526 81.4275 79.6628 79.0863 99.5251 156.762 88.1375 78.1754 95.3999 77.8454 77.7912 139.186 100.993 86.6685 230.687 109.167 141.547 118.748 96.3766 77.0658 75.4829 95.216 157.023 118.154 72.5998 169.982 92.5246 72.9844 71.8518 71.6316 71.075 121.822 70.6361 69.5922 88.3213
threshold=8.5000000000000018 4.5000000000000009 9.4101337152699447 14.178571428571429 2.5184377155942204 1.0000000180025095e-35 1.0000000180025095e-35 3.643447905992097 3.284236120706272 8.5000000000000018 4.3214285714285721 2.6992062325273198 11.500000000000002 -1.0000000180025095e-35 1.0000000180025095e-35 -0.8783796973249266 339.50000000000006 1.5000000000000002 6.9843009022385756 1.0000000180025095e-35 0.6078576107927941 13.926596345300252 13.964285714285717 -103.49999999999999 368.50000000000006 4.5000000000000009 9.5000000000000018 124.50000000000001 248.50000000000003 4.7347209440031861 27.500000000000004 220.50000000000003 4.5000000000000009 12.500000000000002 283.50000000000006 201.50000000000003 -0.22252093395631442 65.500000000000014 99.500000000000014 14.964285714285717 165.00000000000003 244.50000000000003 13.328439915466772 13.500000000000002 19.500000000000004 298.50000000000006 2.8266821623789835 17.500000000000004 27.500000000000004 259.50000000000006 6.0089970096740606 4.8989794855663611 11.144253482272484 -2.4999999999999996 19.500000000000004 6.5000000000000009 258.50000000000006 -0.22252093395631442 370.50000000000006 3.9256925410213612 22.500000000000004 26.500000000000004
decision_type=2 2 2 2 2 2 2 2 2 2 2 2 2 2 2 2 2 2 2 2 2 2 2 2 2 2 2 2 2 2 2 2 2 2 2 2 2 2 2 2 2 2 2 2 2 2 2 2 2 2 2 2 2 2 2 2 2 2 2 2 2 2
left_child=1 6 8 9 14 7 10 13 55 15 46 -8 18 -6 59 -4 28 29 -5 23 -21 22 30 -19 -25 36 27 -10 -9 -17 31 47 -33 -34 -32 -36 -15 -14 39 -39 42 -42 43 -40 -45 -43 -1 48 50 -50 -22 52 -49 56 -55 -2 -53 -18 -59 -3 61 -44
right_child=2 4 3 12 5 -7 11 16 26 -11 -12 -13 37 25 -16 17 57 19 -20 20 21 -23 -24 24 -26 -27 -28 -29 -30 -31 34 32 33 -35 35 -37 -38 38 40 -41 41 45 60 44 -46 -47 -48 51 49 -51 -52 53 -54 54 -56 -57 -58 58 -60 -61 -62 -63
leaf_value=-0.033937804898761879 0.0074161987874689847 -0.016948068441457603 0.0025326517795120195 -0.0042567494062802167 0.026289650526920727 -0.0099628200505829292 -0.0359211477523819 0.041193741620412151 -0.0091589659186873101 0.017193657409752174 0.00067012835055747821 -0.022704012209314995 0.13770646119972624 -0.0094059395701702377 -0.01914343082065929 -0.038636194739062463 -0.044810723951410524 -0.047033025270663428 0.069675158671944099 0.01736949780621027 0.044924522807369346 0.14314175558386383 -0.089991365118531993 0.049046185997182357 0.1063334043076076 -0.0060669375988966524 0.0094431417851939502 0.026398868012030983 -0.0082397074886485806 0.037469250155599557 0.040315049344598834 0.025370298819324569 0.21325645686676784 0.099276299767005138 -0.094627148905349651 0.023988522145140214 0.017711114211590422 -0.065828594885655303 0.18473598732442334 0.044021885855834095 -0.027436316360919807 0.18697046013067886 0.068039169535467792 0.029364228737659943 0.1329609548748365 0.043229592509617075 -0.016712621255470139 0.062454949547084367 0.040755292143000256 -0.02941620893881355 0.15662921277632624 0.047080246323374056 0.18222073064479993 0.020122132280954826 0.10798707673424168 -0.010624823911839474 0.15203128859771425 -0.049345211791072242 0.045765688689518587 0.00069904451682172692 0.11869251798466754 -0.010381092392062745
leaf_weight=551 1083 510 134 80 387 1578 2994 544 111 706 716 2660 25 233 2233 46 43 15.999999999999998 41 560 268 15.999999999999998 14.999999999999998 1043 57 1304 1059 1439 59 42 72 35 15.999999999999998 35 19 25 619 20 31 40 45 15.000000000000002 506 35 36 14.999999999999998 1697 108 147 78 15.999999999999998 22 23 133 17 524 20 31 70 1257 41 24
leaf_count=551 1083 510 134 80 387 1578 2994 544 111 706 716 2660 25 233 2233 46 43 16 41 560 268 16 15 1043 57 1304 1059 1439 59 42 72 35 16 35 19 25 619 20 31 40 45 15 506 35 36 15 1697 108 147 78 16 22 23 133 17 524 20 31 70 1257 41 24
internal_value=-0.000475257 -0.014187 0.0266499 0.040259 -0.00378164 0.00348754 -0.0248937 0.00993952 0.0117261 0.0345618 -0.0157168 -0.0297038 0.0621617 0.00433929 -0.0126286 0.0386988 0.0289985 0.040411 0.0208149 0.0417826 0.0357232 0.0453696 0.0438629 0.0505998 0.0520259 0.00039726 0.018004 0.0238508 0.0363531 -0.00228914 0.0458152 0.0497484 0.0907378 0.135421 0.014655 -0.027285 0.0102927 0.068162 0.065991 0.00732318 0.0706927 0.0298088 0.0752408 0.113417 0.0820334 0.115549 -0.0209368 0.0454987 0.0358784 0.016418 0.0512777 0.060637 0.0836207 0.0449096 0.0301588 0.00153196 0.0973468 -0.00178906 0.0165335 -0.00439389 0.0683991 0.064483
internal_weight=26325 17486 8839 4623 8868 4868 8618 3290 4216 3669 2964 5654 954 2543 4000 2963 747 2829 121 2741 1625 1065 1049 1116 1100 2156 2609 1550 603 88 1034 918 86 51 116 44 852 833 808 60 748 75 673 102 71 30 2248 832 509 225 284 323 131 192 150 1607 42 144 101 1767 571 530
internal_count=26325 17486 8839 4623 8868 4868 8618 3290 4216 3669 2964 5654 954 2543 4000 2963 747 2829 121 2741 1625 1065 1049 1116 1100 2156 2609 1550 603 88 1034 918 86 51 116 44 852 833 808 60 748 75 673 102 71 30 2248 832 509 225 284 323 131 192 150 1607 42 144 101 1767 571 530
is_linear=0
shrinkage=0.04


Tree=48
num_leaves=63
num_cat=0
split_feature=3 3 16 25 13 9 13 9 25 13 13 26 16 26 5 27 31 20 5 7 14 8 18 26 16 23 13 6 26 5 16 23 14 20 13 13 7 8 17 4 20 15 14 23 17 19 7 31 20 23 7 15 26 11 16 8 12 11 4 32 11 13
split_gain=5641.12 1237.37 765.826 394.467 349.473 277.198 240.223 190.146 181.735 235.829 174.607 164.474 138.118 133.396 119.821 100.405 99.1061 103.752 123.841 142.566 98.0783 97.099 96.505 88.1408 87.0262 128.384 123.17 85.3826 93.1731 84.2913 79.4207 76.6604 74.7674 74.081 74.0681 73.1977 71.7506 71.6552 94.6036 84.4452 97.1913 107.184 84.6936 69.7146 156.268 137.071 104.943 96.3472 100.365 95.4181 92.8609 74.1565 67.9297 67.3088 69.8903 80.6987 106.07 66.7434 129.713 79.3375 79.0853 66.5382
threshold=9.5000000000000018 5.5000000000000009 10.690303321574602 1.0000000180025095e-35 2.7659672291340862 6.6071428571428585 2.9283591560279203 14.178571428571429 1.0000000180025095e-35 4.749712628820725 1.5120207989811925 -0.8783796973249266 8.46448931598656 1.0000000180025095e-35 57.500000000000007 1.0000000180025095e-35 135.37000000000003 5.5000000000000009 285.50000000000006 262.50000000000006 11.549112016232685 13.214285714285717 2.1002645502645509 1.0000000180025095e-35 12.036790982486872 8.5000000000000018 6.0089970096740606 57.500000000000007 1.0000000180025095e-35 322.50000000000006 12.40163884625357 26.500000000000004 11.635292008221237 1.0000000180025095e-35 5.9209835310239018 3.284236120706272 446.50000000000006 13.214285714285717 240.50000000000003 306.50000000000006 6.5000000000000009 14.547257755817014 13.938197461873763 18.500000000000004 341.50000000000006 -81.499999999999986 432.50000000000006 294.05500000000006 3.5000000000000004 11.500000000000002 386.50000000000006 11.164143304241792 -1.0000000180025095e-35 4.0178174601215053 9.4614369234506075 9.6428571428571441 4.598733700525794 4.5355736761107339 335.50000000000006 144.50000000000003 4.347960660443233 4.8759319769330451
decision_type=2 2 2 2 2 2 2 2 2 2 2 2 2 2 2 2 2 2 2 2 2 2 2 2 2 2 2 2 2 2 2 2 2 2 2 2 2 2 2 2 2 2 2 2 2 2 2 2 2 2 2 2 2 2 2 2 2 2 2 2 2 2
left_child=1 3 12 5 -3 10 -5 20 9 14 -1 -8 27 -12 -6 23 37 21 -19 -20 24 -18 -11 -14 34 30 -27 -2 -29 -28 -26 -24 33 -22 43 -16 -23 -9 39 40 41 -39 -41 45 46 49 50 48 -47 51 -45 -4 -7 -17 -55 56 -56 58 60 -59 -57 -25
right_child=2 4 7 6 8 52 11 16 -10 22 13 -13 15 -15 35 53 17 18 19 -21 32 36 31 61 25 26 29 28 -30 -31 -32 -33 -34 -35 -36 -37 -38 38 -40 42 -42 -43 -44 44 -46 47 -48 -49 -50 -51 -52 -53 -54 54 55 57 -58 59 -60 -61 -62 -63
leaf_value=-0.025918966947664684 -0.080968738890582731 -0.0091049234050724469 0.088476626942729397 -0.033561812383178978 -0.099258093371154349 0.089006047637069818 -0.0039157709865043876 -0.04140906200771443 -0.0069199003117536495 0.025140891283472192 0.0021486031668829044 -0.024703634537126998 0.030494545114194655 -0.014700484422192293 0.0036682056764747841 0.05095426428341937 0.16942285350888792 0.064495904190267864 0.036038154535188001 -0.11423268537713874 0.040458977770361094 0.069684114346321588 0.090798564762408968 0.013312435355563479 0.2006813303805188 0.085530377257038173 -0.046222324496157381 0.020195263457555544 0.0019087207094664823 0.067020207505199783 0.086585407203139231 0.002961479347413747 0.033507511450741982 -0.073450692762130815 -0.025656170439423365 0.015917676033367811 0.14884464081669355 0.080964556372384713 0.089079615972839754 0.043265139984162468 0.1400846789530571 -0.0076688104214733587 -0.072272856944438177 0.053156656430038203 0.17608788938153513 0.071578114000477436 -0.048204996364795603 0.0061665299468175484 -0.017020742535204081 -0.070079192934986656 0.15670935258170629 -0.017151811820756497 0.021054175989774833 0.012378664478051754 0.17160839930084179 0.05876799195182298 0.041532825850142764 0.027940023753834444 -0.089835737038657298 0.072962133748667432 -0.025094473439803235 -0.032496998389415069
leaf_weight=1396 15.999999999999998 3377 17 3602 15.999999999999998 26 907 17 1005 115 1125 1855 591 2265 1479 299 17 78 27 15.999999999999998 15.999999999999998 542 99 811 18 78 25 943 846 18 22 19 1172 21 24 1654 19 38 54 18 14.999999999999998 51 23 177 18 180 14.999999999999998 67 23 29 14.999999999999998 28 244 272 15.999999999999998 47 27 202 19 91 29 54
leaf_count=1396 16 3377 17 3602 16 26 907 17 1005 115 1125 1855 591 2265 1479 299 17 78 27 16 16 542 99 811 18 78 25 943 846 18 22 19 1172 21 24 1654 19 38 54 18 15 51 23 177 18 180 15 67 23 29 15 28 244 272 16 47 27 202 19 91 29 54
internal_value=-0.000455875 -0.0117531 0.0298931 -0.0201293 0.000567227 -0.0117877 -0.0267558 0.045836 0.00801309 0.0124513 -0.0140127 -0.0178783 0.0191286 -0.00910848 0.00957639 0.025299 0.0609019 0.0682255 0.0344725 -0.0199655 0.0388097 0.0752808 0.0512759 0.0185873 0.0501386 0.0762426 0.0555971 0.0107238 0.0115495 0.00118064 0.138351 0.0766867 0.0317391 -0.0241623 0.0430363 0.010136 0.0723947 0.037172 0.0439124 0.0270279 0.0461878 0.0302006 -0.0215183 0.0459412 0.0632681 0.0345873 0.0533677 0.0478038 0.0615265 -0.0136076 0.0613345 0.0228156 0.0276356 0.0350469 0.028272 0.0382923 0.0902653 0.0325055 0.00334238 0.0419499 0.0267506 0.0104469
internal_weight=26325 19184 7141 11420 7764 5056 6364 2878 4387 3382 4786 2762 4263 3390 3149 2458 915 699 121 43 1963 578 233 1456 754 161 121 1805 1789 43 40 118 1209 37 593 3133 561 216 199 145 104 89 41 569 225 344 207 270 203 74 192 45 270 1002 703 431 43 388 95 293 76 865
internal_count=26325 19184 7141 11420 7764 5056 6364 2878 4387 3382 4786 2762 4263 3390 3149 2458 915 699 121 43 1963 578 233 1456 754 161 121 1805 1789 43 40 118 1209 37 593 3133 561 216 199 145 104 89 41 569 225 344 207 270 203 74 192 45 270 1002 703 431 43 388 95 293 76 865
is_linear=0
shrinkage=0.04


Tree=49
num_leaves=63
num_cat=0
split_feature=2 2 16 13 2 13 22 22 16 13 22 24 13 12 19 8 3 7 26 24 28 7 4 3 13 9 19 8 20 17 7 24 0 7 20 7 16 16 22 6 31 15 12 11 7 16 0 19 16 1 11 17 19 16 11 15 6 6 24 2 24 11
split_gain=5206.87 1034.41 963.685 308.766 266.787 266.388 248.571 226.027 167.65 167.217 131.646 124.929 123.769 120.643 101.61 100.542 99.599 97.245 96.8456 96.4211 94.3467 102.12 102.859 103.425 91.105 89.164 83.2645 82.0832 90.7645 188.933 121.9 113.182 130.02 92.5958 90.5228 145.856 83.3685 81.8838 107.721 81.2561 78.5604 77.2911 92.3753 76.9552 76.2522 98.4528 87.5639 75.034 74.5182 73.2688 76.7066 73.0306 72.3396 86.8372 158.24 82.8411 181.783 71.3236 71.5771 72.5158 76.7207 70.7158
threshold=8.5000000000000018 4.5000000000000009 10.690303321574602 2.5988503205274807 11.500000000000002 3.284236120706272 4.5000000000000009 5.5000000000000009 12.840303133017812 3.643447905992097 3.5000000000000004 7.5000000000000009 1.4162440207947162 3.8430756913220887 283.50000000000006 11.785714285714286 12.500000000000002 339.50000000000006 1.0000000180025095e-35 4.5000000000000009 341.50000000000006 502.50000000000006 358.50000000000006 14.500000000000002 5.1627534309228631 10.821428571428575 275.50000000000006 12.357142857142859 -2.4999999999999996 105.50000000000001 448.50000000000006 5.5000000000000009 8.5000000000000018 168.50000000000003 -6.4999999999999991 302.50000000000006 13.926596345300252 7.0437198463128459 2.5000000000000004 396.50000000000006 376.18000000000006 13.968594585012147 7.9567850795096424 4.6547466812563192 385.50000000000006 12.546139441178147 11.500000000000002 248.50000000000003 9.8067249455669714 17.500000000000004 5.559205150447494 213.50000000000003 -124.49999999999999 15.263003336440795 5.7981934789249348 15.528374825087035 249.50000000000003 65.500000000000014 6.5000000000000009 12.500000000000002 3.5000000000000004 2.7945525240230951
decision_type=2 2 2 2 2 2 2 2 2 2 2 2 2 2 2 2 2 2 2 2 2 2 2 2 2 2 2 2 2 2 2 2 2 2 2 2 2 2 2 2 2 2 2 2 2 2 2 2 2 2 2 2 2 2 2 2 2 2 2 2 2 2
left_child=1 7 5 18 26 57 9 12 20 10 19 14 -1 -9 16 -10 24 47 -3 -5 39 22 23 -22 25 40 -4 -17 29 -29 31 34 -33 -34 -31 36 -36 38 -14 44 43 -35 -43 -7 -6 46 -46 -11 -16 -45 -51 -27 -30 -54 -55 56 -56 -2 59 -59 -61 -13
right_child=2 3 4 6 8 11 -8 13 15 17 -12 61 37 -15 48 27 -18 -19 -20 -21 21 -23 -24 -25 -26 51 -28 28 52 30 -32 32 33 41 35 -37 -38 -39 -40 -41 -42 42 -44 49 45 -47 -48 -49 -50 50 -52 -53 53 54 55 -57 -58 58 -60 60 -62 -63
leaf_value=-0.02932564577932539 -0.075681561498429764 -0.0043547537951087343 0.022010643975728317 0.012130905528572636 0.028465417929131331 0.022484045683771506 -0.0090769065212859112 -0.035421210518864918 0.1525803149339244 0.038671817142893632 0.028614491173961421 0.065770334631117214 -0.0067689215855564469 -0.018590255142897191 0.04682247252407902 -0.0089657199300851205 0.034220736658786166 -0.002545995975351433 -0.016416170914564786 -0.0062831115513486482 0.049796836724755357 -0.027020526279770363 0.054232410661898572 0.18161808249098144 0.10097932851710026 -0.073227799241565819 -0.047364046120971344 -0.012748483300558631 -0.0010545657388389567 0.068967287318974807 0.19765322258930332 0.1564086785008065 0.10759844309613785 0.089112254123097853 0.17454847411959584 0.24705655281588157 0.068374567579628898 0.00080020514934784053 -0.021525775485247901 -0.036493945161354936 0.099614057703167988 -0.0048584920724024129 0.095667308298922379 -0.001145196498008063 0.11138881840238728 -0.019172710741267484 0.045494927214561942 -0.0087796752962288512 0.13366414662320816 0.1163516287713502 -0.0018458966902124949 0.016589309283466906 0.046065313944800186 0.18520826147488897 0.095215338058601148 0.076735614000517857 -0.068924269201631236 0.0054762002111372011 -0.010136245942648153 0.09893002467223333 0.0068490024282290684 0.0072760519436013363
leaf_weight=1134 19 1895 564 757 749 1468 1570 2522 18 544 325 34 1200 935 76 29 910 144 2434 1140 17 21 233 22 21 31 29 34 39 47 14.999999999999998 20 33 29 19 15.999999999999998 32 499 2328 27 19 76 18 414 54 22 81 59 20 18 17 27 573 19 22 186 21 1017 518 28 30 1107
leaf_count=1134 19 1895 564 757 749 1468 1570 2522 18 544 325 34 1200 935 76 29 910 144 2434 1140 17 21 233 22 21 31 29 34 39 47 15 20 33 29 19 16 32 499 2328 27 19 76 18 414 54 22 81 59 20 18 17 27 573 19 22 186 21 1017 518 28 30 1107
internal_value=-0.00043733 -0.0130854 0.0245836 -0.00349431 0.0427117 0.0149598 0.00379446 -0.0229542 0.0484922 0.0106016 0.00509586 0.0203067 -0.017651 -0.0308703 0.0245661 0.0588303 0.0232343 0.0269731 -0.011137 0.00106422 0.03798 0.0577916 0.0643545 0.124483 0.0182703 0.0173932 0.0186072 0.0574421 0.0590506 0.0766053 0.0865735 0.0807549 0.0605584 0.0481648 0.111838 0.141733 0.108233 -0.0143622 -0.0165073 0.0317506 0.0188583 0.0321285 0.0144511 0.0180517 0.0337904 0.0591474 0.0719302 0.034025 0.0650556 0.00355416 0.0590427 -0.0314254 0.0521204 0.0546486 0.0744455 0.06517 0.0150338 0.00115305 0.00207541 0.00796199 0.0514301 0.00902645
internal_weight=26325 17486 8839 8868 3065 5774 4539 8618 2472 2969 2222 4162 5161 3457 3021 1246 2925 747 4329 1897 1226 293 272 39 2015 1994 593 1228 1199 339 305 290 176 156 114 67 51 4027 3528 933 1936 123 94 1917 906 157 135 603 96 449 35 58 860 821 248 229 43 1612 1593 1075 58 1141
internal_count=26325 17486 8839 8868 3065 5774 4539 8618 2472 2969 2222 4162 5161 3457 3021 1246 2925 747 4329 1897 1226 293 272 39 2015 1994 593 1228 1199 339 305 290 176 156 114 67 51 4027 3528 933 1936 123 94 1917 906 157 135 603 96 449 35 58 860 821 248 229 43 1612 1593 1075 58 1141
is_linear=0
shrinkage=0.04


Tree=50
num_leaves=63
num_cat=0
split_feature=2 10 3 16 25 25 24 12 13 24 3 26 24 24 32 4 17 17 2 9 7 16 7 19 27 1 12 9 32 31 4 9 19 2 9 26 6 10 26 21 7 1 4 21 13 1 10 12 2 4 16 4 11 12 4 17 26 26 7 26 29 9
split_gain=5234.3 1176.26 630.213 474.473 469.509 216.672 195.099 181.938 179.179 142.637 137.934 129.714 129.38 127.811 110.626 171.703 137.635 218.471 104.712 102.502 101.339 96.8842 90.1488 88.0897 92.0575 156.013 113.152 116.001 140.83 115.539 135.43 130.716 113.534 128.603 104.75 93.8492 112.835 88.8211 86.3817 125.005 87.7338 85.7841 83.3867 122.283 106.568 95.0606 83.1373 82.7801 114.105 98.4522 131.569 117.351 80.6187 80.4476 86.1005 80.3968 82.4045 94.0648 141.751 132.506 83.4331 79.904
threshold=7.5000000000000009 8.5833333333333339 5.5000000000000009 12.036790982486872 1.0000000180025095e-35 1.0000000180025095e-35 5.5000000000000009 2.9659236835602036 1.8742048122232902 5.5000000000000009 13.500000000000002 -0.8783796973249266 7.5000000000000009 7.5000000000000009 160.50000000000003 412.50000000000006 366.50000000000006 318.50000000000006 10.500000000000002 6.8214285714285721 438.50000000000006 5.0670974950927814 470.50000000000006 -126.49999999999999 1.0000000180025095e-35 26.500000000000004 6.9537323569687279 13.392857142857144 86.000000000000014 197.39000000000001 289.50000000000006 16.821428571428573 127.50000000000001 22.500000000000004 12.892857142857144 1.0000000180025095e-35 240.50000000000003 15.050000000000002 1.0000000180025095e-35 8.5000000000000018 466.50000000000006 6.5000000000000009 304.50000000000006 -7.4999999999999991 6.0850768225306675 18.500000000000004 5.116666666666668 5.7390601804336789 13.500000000000002 344.50000000000006 16.201852642656132 266.50000000000006 1.1547005383792421 5.1486151798745512 128.50000000000003 47.500000000000007 -0.8783796973249266 1.0000000180025095e-35 478.50000000000006 0.6078576107927941 11.500000000000002 12.178571428571429
decision_type=2 2 2 2 2 2 2 2 2 2 2 2 2 2 2 2 2 2 2 2 2 2 2 2 2 2 2 2 2 2 2 2 2 2 2 2 2 2 2 2 2 2 2 2 2 2 2 2 2 2 2 2 2 2 2 2 2 2 2 2 2 2
left_child=2 9 5 12 13 8 10 -7 -1 38 21 -9 55 14 22 16 17 20 -15 -10 -16 -4 23 -5 35 26 27 28 -26 30 -28 -31 33 -29 -30 36 42 -38 46 -40 -41 47 43 -25 -44 -45 -2 48 -37 50 51 -49 -8 -43 -55 -3 -57 58 61 -59 -61 -58
right_child=1 3 6 4 -6 7 52 11 19 -11 -12 -13 -14 18 15 -17 -18 -19 -20 -21 -22 -23 -24 24 25 -27 29 32 34 31 -32 -33 -34 -35 -36 41 37 -39 39 40 -42 53 44 45 -46 -47 -48 49 -50 -51 -52 -53 -54 54 -56 56 57 59 -60 60 -62 -63
leaf_value=-0.0190094262256662 -0.0099617887952689645 -0.041489043185910381 -0.007088870218628732 0.0065848134969336549 0.0033042242100987675 -0.030633011943316104 -0.094862887100290866 -0.0041545091140519214 -0.0037787338877965488 -0.0020694130230571837 0.066046809501779269 -0.022909731965997868 0.014114635810947107 -0.040633486397992601 0.05049572545633934 -0.026039658003357294 0.16792077673147923 -0.066954007999530968 0.0422746404828147 0.061822454593980405 0.14367222291033416 0.0095121204332684513 -0.022632190874445506 0.04459718787151834 0.22453441669717866 -0.015690825557277209 0.03229315584429801 0.064624499085224121 0.030382067534056572 0.21784767832280644 0.1663565712699091 0.10367957744550112 0.0050187961831511911 0.17382060392579035 0.1593175266098581 0.20053429439053896 0.029843575343713881 0.10467538273090597 -0.0013510826847241298 0.0229165507279461 0.11899385240507422 -0.053587795598617455 -0.012067485757588599 0.25282077762651145 0.12091757726372525 0.13348690141680652 0.023762713961325246 0.0434794010845986 0.071251656748474224 0.12292997878535362 0.13110185745343642 -0.064661224216081531 -0.010110527865770411 -0.041804607559962827 0.049225681426039163 -0.0030875307616673136 0.045514235301387089 0.0093486970071540304 -0.06221427938984752 0.052883660226800057 0.027412757623843254 0.0060019910188368808
leaf_weight=2887 131 25 866 34 308 3562 18 871 1501 1911 58 1831 1175 26 168 51 15.999999999999998 24 368 39 21 1604 17 15.999999999999998 17 22 33 126 23 33 19 32 42 20 18 17 73 39 1018 281 15.999999999999998 14.999999999999998 15.999999999999998 15.999999999999998 24 34 1081 67 31 28 20 21 2415 18 204 113 1047 540 21 269 881 89
leaf_count=2887 131 25 866 34 308 3562 18 871 1501 1911 58 1831 1175 26 168 51 16 24 368 39 21 1604 17 16 17 22 33 126 23 33 19 32 42 20 18 17 73 39 1018 281 16 15 16 16 24 34 1081 67 31 28 20 21 2415 18 204 113 1047 540 21 269 881 89
internal_value=0.000281514 0.0219068 -0.0144397 0.0331356 0.0488515 -0.0199072 -0.00265645 -0.0246948 -0.0131321 0.00617587 0.00512481 -0.016865 0.0253631 0.0568706 0.0627051 0.0402682 0.0550491 0.0464863 0.0367895 -0.0021122 0.0609297 0.00369083 0.0685429 0.0700118 0.072115 0.0875972 0.0938651 0.0783797 0.127866 0.126312 0.0815415 0.161918 0.0630422 0.0797053 0.0872864 0.0627716 0.0841015 0.0559891 0.0124118 0.00530918 0.0281375 0.0517045 0.113706 0.141367 0.0677762 0.172142 0.0201154 0.0722089 0.117403 0.056169 0.0387443 0.0176063 -0.0107422 0.0357534 0.0418203 0.0297896 0.0303937 0.0317234 0.0405151 0.0257012 0.0333766 0.0424212
internal_weight=26307 10655 15652 6217 2057 10691 4961 6264 4427 4438 2528 2702 4160 1749 1355 280 229 213 394 1540 189 2470 1075 1058 1024 385 363 246 58 117 52 65 188 146 41 639 218 112 2527 1315 297 421 106 66 40 50 1212 184 48 136 108 88 2433 237 222 2985 2960 2847 1157 1690 1150 1136
internal_count=26307 10655 15652 6217 2057 10691 4961 6264 4427 4438 2528 2702 4160 1749 1355 280 229 213 394 1540 189 2470 1075 1058 1024 385 363 246 58 117 52 65 188 146 41 639 218 112 2527 1315 297 421 106 66 40 50 1212 184 48 136 108 88 2433 237 222 2985 2960 2847 1157 1690 1150 1136
is_linear=0
shrinkage=0.04


Tree=51
num_leaves=63
num_cat=0
split_feature=2 10 22 10 16 22 24 12 22 24 24 24 12 16 2 18 18 22 0 31 24 14 10 22 22 11 30 2 11 18 18 30 11 6 3 17 11 14 10 17 5 11 9 18 20 24 11 9 19 1 9 9 9 17 3 22 14 21 19 16 31 5
split_gain=4824.27 1084.19 601.397 448.861 437.488 432.805 204.811 143.466 158.613 131.459 119.235 117.868 113.163 97.8266 96.5219 92.7807 146.579 90.8426 84.856 94.1382 84.1555 81.9352 81.9256 102.309 84.9786 94.8098 78.2271 107.672 203.683 103.565 150.636 133.034 113.365 98.8053 97.4227 109.551 94.6104 84.241 103.02 93.2023 173.415 97.4515 86.6924 81.1878 94.549 108.543 78.7239 81.482 77.7485 76.352 76.2596 93.8941 179.289 74.1111 74.02 73.7985 73.6456 98.6825 151.953 77.2265 76.2098 81.1246
threshold=7.5000000000000009 8.5833333333333339 5.5000000000000009 4.7833333333333341 12.036790982486872 4.5000000000000009 5.5000000000000009 3.8430756913220887 4.5000000000000009 5.5000000000000009 7.5000000000000009 7.5000000000000009 5.7390601804336789 3.3273554245052823 10.500000000000002 5.0659420289855079 4.4068287037037051 4.5000000000000009 12.500000000000002 376.18000000000006 7.5000000000000009 3.666083926405157 5.8833333333333337 3.5000000000000004 1.5000000000000002 4.8550415622761234 1.5000000000000002 22.500000000000004 8.3978450500995709 2.1869538788845837 2.026248346560847 1.0000000180025095e-35 6.369570517030847 242.50000000000003 12.500000000000002 177.50000000000003 7.1280799525204417 13.474554861035733 13.350000000000003 160.50000000000003 158.50000000000003 6.4990841845674874 17.392857142857146 2.2163555307885212 9.5000000000000018 4.5000000000000009 7.0203785001746448 13.107142857142859 1.0000000180025095e-35 10.500000000000002 13.392857142857144 14.678571428571429 15.321428571428575 47.500000000000007 13.500000000000002 4.5000000000000009 9.759080285240687 11.500000000000002 -71.499999999999986 11.16463158313516 67.465000000000018 383.50000000000006
decision_type=2 2 2 2 2 2 2 2 2 2 2 2 2 2 2 2 2 2 2 2 2 2 2 2 2 2 2 2 2 2 2 2 2 2 2 2 2 2 2 2 2 2 2 2 2 2 2 2 2 2 2 2 2 2 2 2 2 2 2 2 2 2
left_child=2 9 3 13 10 11 7 8 -5 22 53 15 -4 -1 -13 16 26 -9 -12 -20 55 -8 -2 24 25 -24 27 29 36 30 33 -31 -32 34 -6 -36 -29 38 46 40 -40 -41 43 -39 45 49 47 54 -44 -45 -35 -52 -53 -3 -28 -15 57 59 -59 -55 -60 -62
right_child=1 4 12 6 5 -7 21 17 -10 -11 18 14 -14 20 -16 -17 -18 -19 19 -21 -22 -23 23 -25 -26 -27 37 28 -30 31 32 -33 -34 50 35 -37 -38 42 39 41 -42 -43 48 44 -46 -47 -48 -49 -50 -51 51 52 -54 56 -56 -57 -58 58 60 -61 61 -63
leaf_value=-0.026001572299691682 -0.0022816958659821287 -0.039836096283924052 -0.029848848467177138 0.0080065603504138501 0.16506190974409407 0.0031720983019628834 -0.10226072648503134 0.042790407790417949 -0.013969469335655172 -0.0019866409415074493 0.020027302324051539 -0.039014373149908362 -0.0033561033608751597 -0.0075011515827886691 0.040584114353291137 0.12862969090317605 -0.020924287296398194 0.011345224422608515 -0.0097182201465603781 0.084255801636869729 -0.02230041257240338 -0.0088281867993213053 0.021594731526356201 0.03232340354584462 0.00019608782263533041 -0.048444067847877276 0.098740557395305836 0.04858705900102385 -0.010551308714997223 0.074458171884384 0.18452814581017793 -0.01318214949404529 0.045446791145372083 0.060658995626049012 0.091848986318244188 -0.030475175040108812 0.15421827426753074 0.037236543140671603 0.18204784238930813 0.099070069464370331 0.018173003213102463 0.20549132088205657 0.064680697474724214 0.19615472226866879 -0.017450212978741577 0.063178256790696205 -0.0092594285535562721 0.12244902945187765 0.1554157074263175 0.088999551886106393 -0.019273936793983572 0.12710789087513716 -0.0015405621393554671 0.031067423841868398 0.01335626636533885 -0.024061317520554022 0.024082018660133066 -0.037142782367336806 0.15164445430444917 0.11033018812018247 0.054629288979475138 0.15526826060173529
leaf_weight=1533 517 25 3455 1636 18 308 14.999999999999998 223 774 1911 862 26 279 2440 368 31 36 432 295 18 1410 2932 838 452 688 32 29 19 24 39 23 95 15.999999999999998 89 43 15.999999999999998 49 225 15.999999999999998 27 29 29 35 19 17 135 19 42 27 25 71 27 48 1003 37 523 1793 19 22 20 88 14.999999999999998
leaf_count=1533 517 25 3455 1636 18 308 15 223 774 1911 862 26 279 2440 368 31 36 432 295 18 1410 2932 838 452 688 32 29 19 24 39 23 95 16 89 43 16 49 225 16 27 29 29 35 19 17 135 19 42 27 25 71 27 48 1003 37 523 1793 19 22 20 88 15
internal_value=0.000270713 0.0210317 -0.0138621 -0.00947295 0.0318122 0.0469031 -0.00177853 0.00546037 0.000947582 0.00592895 0.0243487 0.0546024 -0.02787 -0.017305 0.0353178 0.0602054 0.0585922 0.0220589 0.0135501 -0.00428239 -0.0142553 -0.00930788 0.0119156 0.0155683 0.0107043 0.019011 0.0608177 0.0498429 0.0895314 0.0422934 0.0537135 0.0123467 0.127782 0.0444105 0.083731 0.0586471 0.124848 0.069713 0.0897918 0.119984 0.0767584 0.154485 0.0602141 0.053677 0.0725111 0.0810711 0.0656894 0.0788897 0.104413 0.135656 0.0314881 0.0136629 0.0448538 0.0285981 0.0509965 -0.0104256 0.0291781 0.0370034 0.0680174 0.0326296 0.0840346 0.0694412
internal_weight=26307 10655 15652 11918 6217 2057 6012 3065 2410 4438 4160 1749 3734 5906 394 1355 1324 655 1175 313 4373 2947 2527 2010 1558 870 1288 577 92 485 351 134 39 312 77 59 68 711 228 101 45 56 483 421 196 179 127 108 62 44 235 146 75 2985 66 2963 2960 1167 144 1023 125 103
internal_count=26307 10655 15652 11918 6217 2057 6012 3065 2410 4438 4160 1749 3734 5906 394 1355 1324 655 1175 313 4373 2947 2527 2010 1558 870 1288 577 92 485 351 134 39 312 77 59 68 711 228 101 45 56 483 421 196 179 127 108 62 44 235 146 75 2985 66 2963 2960 1167 144 1023 125 103
is_linear=0
shrinkage=0.04


Tree=52
num_leaves=63
num_cat=0
split_feature=3 10 2 16 2 24 13 8 24 25 25 13 10 10 10 24 21 9 9 17 6 2 3 0 31 7 13 17 3 6 10 23 19 14 15 23 2 8 23 24 3 4 16 31 11 11 21 27 7 30 13 24 29 9 21 3 10 4 7 17 0 6
split_gain=4446.83 1036.14 609.225 403.052 322.673 227.26 177.125 151.244 148.039 139.816 135.158 129.213 122.923 117.438 115.987 94.2028 92.2754 132.376 108.517 106.665 181.561 99.7752 95.3519 85.4932 100.801 85.4578 165.752 94.5349 95.8271 128.093 84.5591 179.571 129.956 103.675 82.1606 107.617 95.7419 90.7767 83.8693 81.1821 79.4859 79.9007 74.5212 74.3948 108.47 75.8233 88.6065 72.9966 91.419 90.5866 115.011 72.5323 70.7452 125.819 92.3672 103.637 70.3396 168.224 87.7893 82.8458 71.3604 148.268
threshold=7.5000000000000009 8.5833333333333339 4.5000000000000009 12.036790982486872 11.500000000000002 8.5000000000000018 2.3537692930823688 3.785714285714286 7.5000000000000009 1.0000000180025095e-35 1.0000000180025095e-35 5.9209835310239018 6.616666666666668 4.2833333333333341 3.6500000000000004 6.5000000000000009 4.5000000000000009 12.321428571428575 12.250000000000002 65.500000000000014 132.50000000000003 14.500000000000002 14.500000000000002 12.500000000000002 376.18000000000006 110.50000000000001 6.0850768225306675 105.50000000000001 14.500000000000002 182.50000000000003 16.016666666666669 19.500000000000004 18.500000000000004 15.599583820803131 10.350588541216794 15.500000000000002 15.500000000000002 9.5000000000000018 15.500000000000002 3.5000000000000004 12.500000000000002 109.50000000000001 10.624662502397625 373.51000000000005 7.27520231683883 6.7046536787802093 -12.499999999999998 1.0000000180025095e-35 478.50000000000006 3.5000000000000004 4.1496433858688428 7.5000000000000009 8.5000000000000018 13.392857142857144 -2.4999999999999996 18.500000000000004 15.516666666666667 317.50000000000006 274.50000000000006 254.50000000000003 15.500000000000002 363.50000000000006
decision_type=2 2 2 2 2 2 2 2 2 2 2 2 2 2 2 2 2 2 2 2 2 2 2 2 2 2 2 2 2 2 2 2 2 2 2 2 2 2 2 2 2 2 2 2 2 2 2 2 2 2 2 2 2 2 2 2 2 2 2 2 2 2
left_child=2 7 9 8 51 6 -4 -2 11 14 12 47 -8 -11 -1 40 17 21 22 -19 -21 -6 -18 34 -25 26 -22 -27 29 -29 56 32 33 -32 35 -10 -36 -37 -38 -30 -9 -42 -14 44 45 46 -31 -3 49 -49 -51 -5 53 -41 55 -55 59 58 -58 -20 -61 -62
right_child=1 3 5 4 16 -7 10 15 23 13 -12 -13 42 -15 -16 -17 18 19 30 20 25 -23 -24 24 -26 27 -28 28 39 43 31 -33 -34 -35 36 37 38 -39 -40 52 41 -43 -44 -45 -46 -47 -48 48 -50 50 -52 -53 -54 54 -56 -57 57 -59 -60 60 61 -63
leaf_value=-0.020534740563637893 -0.09056774092759666 0.024170708800524736 -0.0090736931210685118 0.024776571976988675 0.056200028557430282 -0.017763169643890474 0.00278906390576548 0.0083652013377088635 0.028899050776044117 -0.03379398929570341 -0.0059073759648156712 -0.08819747392704945 0.019490212177561222 -0.020701356197911178 -0.003992923492311333 -0.002008502053541813 0.20075416930237708 0.14322308710108253 0.068563428034771848 -0.027875283057501313 0.20726416247231619 -0.041291379453080479 0.069755932448422098 -0.011679336555611651 0.083094760628894981 -0.032066393891071299 0.027830975683111891 0.1045425377340562 -0.026282432020080751 0.10332976588403991 -0.071880927433878736 0.15557476165613618 0.12034132939863031 0.05717757266714199 0.060020219079010499 0.011623171133796874 -0.053903725750144869 -0.030229102844619073 0.060053183819815427 0.13232353363817895 -0.052707058998368535 0.039760857356818224 0.068808769528216004 -0.036598638789045491 0.096677994397391512 -0.05921531663012148 0.0070352521294005576 0.043005440053837066 -0.039843215483909324 0.072359777834637762 -0.016978719803670845 -0.012194751674996132 0.073216954002389492 -0.079281508175663928 0.073540542815380167 0.034719166958024135 0.12074523817182212 -0.088456416176992222 0.0046074434482690062 0.062611576711306058 -0.098663017303622952 0.037405151073946645
leaf_weight=1522 26 1819 2478 340 26 1677 1201 2577 324 1493 1148 14.999999999999998 846 4136 1224 1520 17 19 389 48 15.999999999999998 47 19 299 19 22 17 31 15.999999999999998 19 15.999999999999998 44 27 26 130 242 26 126 17 17 15.999999999999998 209 52 34 30 20 77 963 24 31 89 113 361 24 26 27 19 18 23 62 17 51
leaf_count=1522 26 1819 2478 340 26 1677 1201 2577 324 1493 1148 15 846 4136 1224 1520 17 19 389 48 16 47 19 299 19 22 17 31 16 19 16 44 27 26 130 242 26 126 17 17 16 209 52 34 30 20 77 963 24 31 89 113 361 24 26 27 19 18 23 62 17 51
internal_value=0.000260334 0.0203905 -0.013175 0.0309133 0.0453727 -0.00481361 -0.00101976 0.00542822 0.0236963 -0.0205646 0.0051262 0.0285033 0.0111617 -0.0241749 -0.0131625 0.00600825 0.0537875 0.04503 0.064327 0.0497125 0.0474287 -0.00651167 0.132056 0.0117427 -0.0059861 0.052339 0.115253 0.0493712 0.0520054 0.0295645 0.060782 0.092477 0.0520449 0.00791097 0.0182625 0.0120911 0.0429154 -0.00270557 -0.00876979 0.0620459 0.0103577 0.033156 0.0223556 0.0165896 0.0290061 0.0114194 0.026202 0.0291052 0.0372088 0.0389217 0.00612477 0.0155491 0.0651615 0.0341588 0.0123166 -0.0189392 0.0545779 0.0135042 0.0573555 0.059319 0.0316099 0.00326381
internal_weight=26307 10530 15777 6182 2058 7402 5725 4348 4124 8375 3247 2941 2099 5629 2746 4322 1605 877 728 804 785 73 36 1183 318 737 33 704 682 211 692 113 69 42 865 692 173 368 43 471 2802 225 898 180 146 116 96 2926 1107 1083 120 453 455 94 77 51 579 60 42 519 130 68
internal_count=26307 10530 15777 6182 2058 7402 5725 4348 4124 8375 3247 2941 2099 5629 2746 4322 1605 877 728 804 785 73 36 1183 318 737 33 704 682 211 692 113 69 42 865 692 173 368 43 471 2802 225 898 180 146 116 96 2926 1107 1083 120 453 455 94 77 51 579 60 42 519 130 68
is_linear=0
shrinkage=0.04


Tree=53
num_leaves=63
num_cat=0
split_feature=3 10 22 10 16 22 22 10 5 10 24 24 32 22 22 12 21 23 23 19 5 4 10 24 10 0 31 22 16 15 23 7 9 1 5 0 5 5 31 9 19 23 1 31 7 32 0 7 16 19 1 30 7 0 4 14 4 21 3 9 1 20
split_gain=4098.37 955.01 531.26 406.597 371.557 305.82 178.346 172.043 156.708 136.446 136.42 113.295 101.387 98.0552 125.936 97.2168 96.4184 94.1127 124.622 135.215 88.6557 112.298 84.6956 83.5394 80.6372 78.7869 92.9344 78.5387 78.2717 75.725 99.1829 85.7641 78.4822 78.2606 71.2539 104.939 104.219 169.422 84.8848 81.1151 105.035 100.73 108.263 78.6074 70.913 88.5705 70.8915 82.3091 98.254 76.3939 73.3913 85.753 74.5932 70.4823 69.0949 68.7948 67.3054 89.0916 100.081 76.6366 65.6542 64.2327
threshold=7.5000000000000009 8.5833333333333339 5.5000000000000009 4.7833333333333341 12.036790982486872 4.5000000000000009 4.5000000000000009 6.616666666666668 57.500000000000007 8.6500000000000004 7.5000000000000009 6.5000000000000009 160.50000000000003 3.5000000000000004 1.5000000000000002 5.7390601804336789 5.5000000000000009 26.500000000000004 9.5000000000000018 1.0000000180025095e-35 404.50000000000006 317.50000000000006 3.1166666666666671 5.5000000000000009 7.0500000000000007 12.500000000000002 376.18000000000006 1.5000000000000002 10.624662502397625 10.350588541216794 15.500000000000002 324.50000000000006 10.964285714285717 11.500000000000002 310.50000000000006 17.500000000000004 348.50000000000006 370.50000000000006 86.000000000000014 14.821428571428575 -97.499999999999986 10.500000000000002 13.500000000000002 197.39000000000001 357.50000000000006 106.50000000000001 11.500000000000002 126.50000000000001 11.026556012966832 289.50000000000006 8.5000000000000018 3.5000000000000004 478.50000000000006 12.500000000000002 134.50000000000003 11.144253482272484 283.50000000000006 -17.499999999999996 12.500000000000002 11.107142857142859 13.500000000000002 -9.4999999999999982
decision_type=2 2 2 2 2 2 2 2 2 2 2 2 2 2 2 2 2 2 2 2 2 2 2 2 2 2 2 2 2 2 2 2 2 2 2 2 2 2 2 2 2 2 2 2 2 2 2 2 2 2 2 2 2 2 2 2 2 2 2 2 2 2
left_child=2 8 3 22 10 11 7 23 -2 -8 46 12 55 14 -10 -4 34 18 19 60 21 -20 -1 -5 -16 29 -27 -24 -9 30 -12 33 -32 -31 35 39 -36 -38 -39 41 -41 42 -13 -37 45 -43 47 48 54 -48 51 56 61 -23 -3 -6 57 -49 -59 -58 -14 -52
right_child=1 4 15 6 5 -7 9 28 13 -11 25 16 17 -15 24 -17 -18 -19 20 -21 -22 53 27 -25 -26 26 -28 -29 -30 31 32 -33 -34 -35 36 43 37 38 -40 40 -42 44 -44 -45 -46 -47 49 50 -50 -51 52 -53 -54 -55 -56 -57 59 58 -60 -61 -62 -63
leaf_value=-0.025850404936762234 -0.087298077770934485 -0.058893291081813785 -0.027664973423421238 0.0051409094249988477 0.12908022780817344 0.0066551950162082509 -0.016978128376649013 0.014152561804115196 0.0088319777330242988 0.0033041204744806234 0.027743444942197694 0.044166752898821188 0.18349344069397217 0.016694340277164689 -0.018356500421492814 -0.0031496297325177519 0.055235010855140321 0.085554499869501241 0.01208083682418183 -0.019652676537910602 0.067402226481857883 -0.019105369891339572 -0.0065314729938957122 -0.0093151215684183584 0.001626168896003245 -0.011212318866986648 0.079788372569683338 -0.017361875697284784 0.060633204369828615 0.096784474235808771 0.001717392967491531 -0.0069723833620953723 -0.081550765811460799 0.032747803021872281 -0.060543383154089504 -0.043983716098029473 0.12757084965081739 0.068582548046611361 -0.028021856760042194 0.03882941684173663 0.17390998426721901 0.079667318662007644 -0.087759320521881568 0.04830969682867596 0.12142199952913312 -0.0090057355648260617 0.019350437222396374 0.0053055508808581685 -0.070842551190823444 0.080884768461352757 -0.047789401289839176 0.0053132017499793582 -0.050501634676153484 -0.1361764823724024 0.034371574173184975 0.061715800470240216 0.026184672161119492 0.058379920309288985 0.11799379275757793 0.12137808029225332 0.069480498350786235 0.032761107396614648
leaf_weight=1136 29 14.999999999999998 3455 1331 25 306 1538 1147 1990 810 324 22 14.999999999999998 1017 575 280 254 45 76 15.999999999999998 26 17 1620 1231 737 299 19 3168 61 50 349 44 19 79 34 38 19 19 61 19 18 41 18 24 23 32 1361 29 24 33 15.999999999999998 60 18 15.999999999999998 80 876 133 122 72 14.999999999999998 18 963
leaf_count=1136 29 15 3455 1331 25 306 1538 1147 1990 810 324 22 15 1017 575 280 254 45 76 16 26 17 1620 1231 737 299 19 3168 61 50 349 44 19 79 34 38 19 19 61 19 18 41 18 24 23 32 1361 29 24 33 16 60 18 16 80 876 133 122 72 15 18 963
internal_value=0.000250163 0.0195755 -0.012648 -0.00855976 0.029678 0.043561 -0.00132673 0.00406257 0.00521096 -0.00998058 0.0227486 0.050005 0.0575568 0.00583459 0.00248882 -0.0258278 0.0362751 0.0337488 0.0210285 0.0755996 0.00116511 -0.0146635 -0.0160292 -0.00180429 -0.00713069 0.0112735 -0.00574551 -0.0136981 0.0165062 0.0175325 0.0116075 0.0412003 -0.00259733 0.0576395 0.0231717 0.0364085 -0.000211382 0.0205287 -0.00499636 0.0524041 0.10489 0.0380436 -0.0152209 -0.00820476 0.0602507 0.0408104 0.0273631 0.0332613 0.00128102 0.0208143 0.0359246 0.0497268 0.0299516 -0.0761675 0.0195781 0.0636013 0.0569009 0.0707931 0.0805644 0.0359216 0.121763 0.0314379
internal_weight=26307 10530 15777 12042 6182 2058 6118 3770 4348 2348 4124 1752 1130 4319 3302 3735 622 229 184 49 135 109 5924 2562 1312 1183 318 4788 1208 865 692 173 368 129 368 235 133 99 80 173 37 136 40 62 96 73 2941 1547 119 1394 1428 431 997 33 95 901 371 223 194 148 33 979
internal_count=26307 10530 15777 12042 6182 2058 6118 3770 4348 2348 4124 1752 1130 4319 3302 3735 622 229 184 49 135 109 5924 2562 1312 1183 318 4788 1208 865 692 173 368 129 368 235 133 99 80 173 37 136 40 62 96 73 2941 1547 119 1394 1428 431 997 33 95 901 371 223 194 148 33 979
is_linear=0
shrinkage=0.04


Tree=54
num_leaves=63
num_cat=0
split_feature=2 3 22 10 16 10 24 22 13 13 22 24 17 12 13 24 26 14 17 24 2 17 3 12 26 13 3 23 18 18 13 31 17 3 4 10 20 18 19 4 26 2 31 13 14 15 18 24 23 29 0 24 9 17 17 22 12 2 26 21 9 14
split_gain=3790.25 863.123 482.334 359.75 298.141 243.979 177.678 146.312 218.923 124.673 144.193 106.708 96.7817 93.7389 93.1094 87.3383 85.0345 95.8202 93.4311 83.7053 102.039 96.2974 82.6657 249.505 88.8598 81.1844 109.229 176.075 113.193 138.832 137.804 110.961 92.5356 110.776 89.8951 84.7006 80.6462 80.6282 97.763 79.0898 78.8769 90.1793 131.079 84.2976 83.7534 75.9828 75.5079 75.4328 74.9671 127.632 74.4084 104.191 107.878 73.0282 81.8598 85.8164 110.041 89.1899 73.0103 108.998 72.8494 71.2442
threshold=7.5000000000000009 12.500000000000002 5.5000000000000009 4.7833333333333341 12.546139441178147 8.5833333333333339 5.5000000000000009 4.5000000000000009 5.119772329933217 4.6735376310632164 4.5000000000000009 5.5000000000000009 55.500000000000007 3.6502295577368584 3.3187901031279146 8.5000000000000018 1.0000000180025095e-35 7.1888476741347178 436.50000000000006 6.5000000000000009 10.500000000000002 65.500000000000014 15.500000000000002 5.6728580699078544 0.6078576107927941 7.5384439202976301 23.500000000000004 10.500000000000002 1.9730636676945406 1.7915388548057263 6.5559045619348062 376.18000000000006 211.50000000000003 18.500000000000004 180.50000000000003 13.816666666666668 9.5000000000000018 2.4122666480913906 1.0000000180025095e-35 84.500000000000014 1.0000000180025095e-35 15.500000000000002 220.44000000000003 6.5559045619348062 13.773477019246632 14.120092532505145 1.1238711739790619 7.5000000000000009 10.500000000000002 33.500000000000007 13.500000000000002 7.5000000000000009 9.2500000000000018 385.50000000000006 107.50000000000001 3.5000000000000004 5.7952706651453108 19.500000000000004 1.0000000180025095e-35 8.5000000000000018 16.178571428571434 3.666083926405157
decision_type=2 2 2 2 2 2 2 2 2 2 2 2 2 2 2 2 2 2 2 2 2 2 2 2 2 2 2 2 2 2 2 2 2 2 2 2 2 2 2 2 2 2 2 2 2 2 2 2 2 2 2 2 2 2 2 2 2 2 2 2 2 2
left_child=2 5 3 15 39 11 9 8 12 10 14 58 -7 -4 -5 -1 17 -14 46 21 -21 -6 23 24 -23 26 28 -28 29 31 -30 32 33 45 -27 -31 53 38 -36 -3 41 -10 44 -42 -43 -24 -18 -9 -35 -50 -41 52 -52 54 -22 -56 -57 -58 -2 -60 -25 -8
right_child=1 4 13 6 19 7 61 47 40 -11 -12 -13 16 -15 -16 -17 18 -19 -20 20 36 22 25 60 -26 34 27 -29 30 35 -32 -33 -34 48 37 -37 -38 -39 -40 50 43 42 -44 -45 -46 -47 -48 -49 49 -51 51 -53 -54 -55 55 56 57 -59 59 -61 -62 -63
leaf_value=-0.012183793932587613 0.017380555455534148 -0.028348455442527128 -0.0296047964442465 0.0058405289188333777 0.14189071804426293 -0.063652065636275651 -0.095157369776499398 0.0066277606801897924 0.11483286065336958 0.03746919313393747 -0.0083828829921192144 -0.0031112556693327275 -0.047204169990858101 -0.016408962743792742 0.02930631781677057 -0.022804520669561335 0.047497482322214964 0.034146453258388186 0.10602315290629515 -0.042439574615888861 -0.00037224054584384216 0.071142172214895855 0.029930814868984031 0.017000972357734481 0.19572044574661759 0.016144257739463947 0.1027185456955125 -0.018341613678591336 0.062963155917611244 0.04880913057379959 0.12892564819612296 0.1441624054757718 0.090354205683873964 -0.013633998450853968 0.10441382186108852 -0.062924756910858123 -0.044524850650140418 0.054424558846738316 0.23190364803586686 0.031100150475382678 0.029329010693401464 -0.014764859232589276 0.12994749631816985 0.093234621474123383 0.095378822869812419 -0.064302521090346038 0.0093802680690564261 -0.03434248695716377 0.029786116848132704 0.15966589291171249 -0.072109661932149655 -0.017471320926205181 0.027561632615594679 -0.023381677870928496 0.043994728324030376 0.036787330436566706 0.19265305817409714 0.080198861184823084 -0.0029247983202673839 0.025415765532995353 -0.065579595562830495 -0.0080329425117256128
leaf_weight=4136 1098 42 2383 1482 21 23 14.999999999999998 341 54 181 1071 1791 24 1351 331 1770 89 595 17 25 48 24 30 114 14.999999999999998 15.999999999999998 27 66 158 18 75 22 58 14.999999999999998 25 27 17 19 15.999999999999998 1736 252 41 22 38 14.999999999999998 25 1255 91 27 22 18 127 431 24 253 34 21 25 990 278 20 2932
leaf_count=4136 1098 42 2383 1482 21 23 15 341 54 181 1071 1791 24 1351 331 1770 89 595 17 25 48 24 30 114 15 16 27 66 158 18 75 22 58 15 25 27 17 19 16 1736 252 41 22 38 15 25 1255 91 27 22 18 127 431 24 253 34 21 25 990 278 20 2932
internal_value=0.000240393 0.0186424 -0.0122866 -0.00835583 0.0344437 0.0104393 -0.00146736 0.0194381 0.0232586 0.00527498 0.00325254 0.00425376 0.0177389 -0.0248315 0.0101272 -0.0153674 0.0186885 0.030982 0.013094 0.0499258 0.0359147 0.0573742 0.0551876 0.030581 0.119486 0.0617684 0.0565632 0.016856 0.0642956 0.0452053 0.0842505 0.0595502 0.0489466 0.0286891 0.100655 -0.0181777 0.0405703 0.123094 0.154658 0.0259766 0.0494427 0.0750922 0.0474421 0.037739 0.0148197 -0.0129052 0.0119092 -0.00200387 0.0644297 0.0883466 0.0269655 0.0144975 0.0235463 0.0441572 0.0484219 0.0554593 0.0915907 0.131887 0.00982962 0.00328861 0.00462089 -0.00848029
internal_weight=26307 10655 15652 11918 3641 7014 6012 2857 2425 3065 2884 4157 2003 3734 1813 5906 1980 619 1361 1287 447 840 819 173 39 646 570 93 477 244 233 199 177 119 76 45 422 60 41 2354 422 132 78 290 56 55 1344 432 64 49 2312 576 449 405 381 333 80 46 2366 1268 134 2947
internal_count=26307 10655 15652 11918 3641 7014 6012 2857 2425 3065 2884 4157 2003 3734 1813 5906 1980 619 1361 1287 447 840 819 173 39 646 570 93 477 244 233 199 177 119 76 45 422 60 41 2354 422 132 78 290 56 55 1344 432 64 49 2312 576 449 405 381 333 80 46 2366 1268 134 2947
is_linear=0
shrinkage=0.04


Tree=55
num_leaves=63
num_cat=0
split_feature=2 10 3 22 3 21 22 24 16 24 1 19 12 10 3 21 15 1 22 22 12 18 28 12 3 21 2 9 18 10 22 23 29 24 18 9 10 12 10 29 3 14 0 12 1 21 23 28 0 1 23 31 18 18 10 7 12 17 6 17 0 7
split_gain=3372.99 751.781 595.896 227.979 215.882 167.138 137.764 132.638 126.879 99.2477 96.7874 103.08 93.604 91.9485 90.4046 86.9279 113.498 93.0734 85.9266 164.755 145.965 94.3474 90.5702 85.6655 83.7746 94.2366 82.8455 87.7425 81.6006 80.2719 113.505 78.5825 148.115 78.068 91.3968 82.6584 76.6916 75.8951 83.0642 75.0978 74.542 74.1278 70.1077 70.0487 115.163 97.6698 86.3396 67.7996 74.8722 107.422 99.4395 85.8344 124.589 113.984 65.8222 65.579 65.1988 92.3088 144.694 136.284 96.4211 139.063
threshold=8.5000000000000018 9.8500000000000032 5.5000000000000009 5.5000000000000009 18.500000000000004 5.5000000000000009 1.5000000000000002 8.5000000000000018 12.971416895394524 5.5000000000000009 22.500000000000004 -113.49999999999999 4.0653994302494434 7.7166666666666677 12.500000000000002 8.5000000000000018 15.528374825087035 23.500000000000004 3.5000000000000004 4.5000000000000009 6.2724322671072512 1.6401058201058203 370.50000000000006 5.9188653501297903 9.5000000000000018 -5.4999999999999991 28.500000000000004 18.607142857142861 0.99423396477234982 7.0833333333333339 4.5000000000000009 8.5000000000000018 25.500000000000004 5.5000000000000009 1.0136060718252502 7.3928571428571432 4.4166666666666679 5.0903917248172492 10.950000000000001 47.500000000000007 11.500000000000002 13.938197461873763 9.5000000000000018 4.8748062796111489 17.500000000000004 4.5000000000000009 20.500000000000004 103.50000000000001 6.5000000000000009 15.500000000000002 26.500000000000004 129.37000000000003 2.5660339717282268 1.8187014248704665 4.7500000000000009 408.50000000000006 5.6249541645596786 266.50000000000006 452.50000000000006 249.50000000000003 15.500000000000002 184.50000000000003
decision_type=2 2 2 2 2 2 2 2 2 2 2 2 2 2 2 2 2 2 2 2 2 2 2 2 2 2 2 2 2 2 2 2 2 2 2 2 2 2 2 2 2 2 2 2 2 2 2 2 2 2 2 2 2 2 2 2 2 2 2 2 2 2
left_child=2 13 3 7 6 9 15 29 37 14 18 -12 -5 -2 -4 31 17 39 24 20 22 -22 23 42 25 41 27 56 -11 30 36 32 -3 35 -35 -15 -1 38 -6 -17 -13 -8 -20 46 -45 -46 55 -33 49 50 -49 -51 53 -53 -7 -44 -10 59 60 -58 -59 -62
right_child=1 4 5 12 8 54 10 -9 26 28 11 40 -14 33 -16 16 -18 -19 19 -21 21 -23 -24 -25 -26 -27 -28 -29 -30 -31 -32 47 -34 34 -36 -37 -38 -39 -40 -41 -42 -43 43 44 45 -47 -48 48 -50 51 -52 52 -54 -55 -56 -57 57 58 -60 -61 61 -63
leaf_value=-0.01020088274153127 0.0023725499327420878 0.044633455440588048 -0.00043588908328252499 -0.028130563069208102 0.014625562831952972 -0.018780791213539785 0.047821363820438306 -0.020639830249429173 0.017939776332877917 -0.090482565561930337 -0.014647028689360738 0.031731995052912014 -0.013647091619182934 0.1131732896384814 0.038337236620677916 0.036200774628909901 0.11928888437435099 -0.051784438302506612 -0.00029156213585195527 0.0048849653122882246 0.19461362262435308 0.069926055063132292 0.073449292744568795 -0.040984253900489584 0.0097303528087625043 0.0094949161826562 -0.018502741438239365 0.15951830965004221 -0.0095349686014170477 0.005354129664453226 -0.019794346910737538 -0.037308450308830836 0.13602632580036317 -0.09144125651050089 0.0075617169843068491 0.019048395506691053 0.0034034521492447302 0.016742187652332482 0.11731569258555823 -0.0010257211089935816 0.12237496376855118 0.13489775149922095 -0.011427805743071333 0.084202185316580011 -0.054880221330724059 0.06543311136340664 0.063606849000144974 0.003657823810008419 0.091143209684618295 0.11901982264056038 0.090536876981298753 0.02429568508507516 -0.034049353982528403 0.16603183470712687 0.013212218734308469 0.074166534860231711 0.063200037358689523 0.18708948861282715 0.011717219623909177 -0.043779293957041263 0.18262202387613968 0.02472677067714444
leaf_weight=2295 2010 72 2478 2699 23 111 89 2075 50 20 20 23 972 14.999999999999998 100 518 22 23 77 269 14.999999999999998 28 90 26 1125 101 20 14.999999999999998 2401 579 1435 15.999999999999998 47 14.999999999999998 1233 1423 932 209 28 104 40 19 88 107 21 22 57 132 51 37 25 21 22 15.999999999999998 1387 17 369 29 21 20 14.999999999999998 22
leaf_count=2295 2010 72 2478 2699 23 111 89 2075 50 20 20 23 972 15 100 518 22 23 77 269 15 28 90 26 1125 101 20 15 2401 579 1435 16 47 15 1233 1423 932 209 28 104 40 19 88 107 21 22 57 132 51 37 25 21 22 16 1387 17 369 29 21 20 15 22
internal_value=-0.000295684 0.0198149 -0.0104834 -0.016162 0.0321951 -0.000880025 0.027675 -0.0120796 0.0505755 -0.00439234 0.0219552 0.0643302 -0.0242967 0.00884422 0.00106876 0.0392235 0.0301108 0.0270479 0.0203163 0.030534 0.0431176 0.113819 0.0370722 0.0291626 0.0140552 0.0373093 0.0612838 0.06424 -0.0102082 -0.00868977 -0.0104345 0.0530545 0.0808305 0.0136861 0.00636294 0.0200394 -0.00627117 0.027448 0.0711628 0.029974 0.0894175 0.0632695 0.0338655 0.0422991 0.0619997 0.00663803 0.0240186 0.042697 0.0469253 0.0379714 0.0175536 0.0712892 0.0411719 0.0859232 0.0108391 0.00246868 0.0614893 0.0660549 0.103348 0.0576848 0.132411 0.089112
internal_weight=26341 8857 17484 10987 4161 6497 3340 7316 821 4999 2234 83 3671 4696 2578 1106 667 645 2151 817 548 43 505 415 1334 209 561 541 2421 5241 4662 439 119 2686 1248 1438 3227 260 51 622 63 108 389 312 150 43 162 320 304 253 157 96 59 37 1498 105 526 476 87 389 66 37
internal_count=26341 8857 17484 10987 4161 6497 3340 7316 821 4999 2234 83 3671 4696 2578 1106 667 645 2151 817 548 43 505 415 1334 209 561 541 2421 5241 4662 439 119 2686 1248 1438 3227 260 51 622 63 108 389 312 150 43 162 320 304 253 157 96 59 37 1498 105 526 476 87 389 66 37
is_linear=0
shrinkage=0.04


Tree=56
num_leaves=63
num_cat=0
split_feature=2 13 3 22 3 21 24 3 14 16 13 13 24 4 24 9 7 5 9 7 26 4 13 22 7 13 7 18 3 1 1 13 23 18 14 11 4 5 22 5 23 32 4 18 18 10 26 7 10 18 3 2 32 2 11 3 32 26 5 21 9 16
split_gain=3108.83 715.786 549.176 210.105 183.847 154.035 122.239 119.806 122.846 98.7092 95.766 95.4459 98.1507 93.9625 91.4709 89.8486 129.003 114.984 115.157 101.803 101.459 94.2132 85.3946 100.818 85.2176 85.0631 84.429 84.2497 83.3238 82.9137 95.0055 79.3005 119.71 75.2369 74.4187 96.7767 82.1854 78.8954 83.624 79.9455 82.2024 76.2915 97.0925 74.0892 72.521 72.1726 74.7772 70.3396 73.4175 69.5301 140.579 68.8607 68.1673 89.443 88.8306 67.7297 67.3745 67.003 86.4804 66.5106 65.3914 118.709
threshold=8.5000000000000018 5.119772329933217 5.5000000000000009 5.5000000000000009 12.500000000000002 5.5000000000000009 8.5000000000000018 18.500000000000004 12.106046762306059 12.13377678490715 3.0062195683974777 3.8625820677216747 6.5000000000000009 480.50000000000006 5.5000000000000009 15.964285714285717 104.50000000000001 375.50000000000006 16.892857142857146 136.50000000000003 1.0000000180025095e-35 287.50000000000006 3.215980193951737 4.5000000000000009 199.50000000000003 4.3824362090550517 276.50000000000006 5.2667410714285721 12.500000000000002 20.500000000000004 14.500000000000002 5.9209835310239018 6.5000000000000009 0.99423396477234982 12.422800907317102 6.2411842588070581 366.50000000000006 234.50000000000003 3.5000000000000004 302.50000000000006 20.500000000000004 139.00000000000003 306.50000000000006 1.0896592673791907 1.2178095152279693 3.3166666666666669 1.0000000180025095e-35 121.50000000000001 12.050000000000002 2.5012953367875652 11.500000000000002 22.500000000000004 124.50000000000001 14.500000000000002 3.3594217189442652 8.5000000000000018 186.00000000000003 1.0000000180025095e-35 485.50000000000006 7.5000000000000009 15.178571428571429 12.971416895394524
decision_type=2 2 2 2 2 2 2 2 2 2 2 2 2 2 2 2 2 2 2 2 2 2 2 2 2 2 2 2 2 2 2 2 2 2 2 2 2 2 2 2 2 2 2 2 2 2 2 2 2 2 2 2 2 2 2 2 2 2 2 2 2 2
left_child=2 4 3 6 10 14 22 8 9 43 -2 -6 27 29 28 16 -9 18 20 -18 -17 24 23 45 -20 -5 -26 47 -4 30 34 -11 -33 -16 -10 41 37 -37 39 -39 -41 42 -36 -3 -14 -1 -47 -13 52 51 -51 -31 54 -54 -49 -45 60 58 -12 -55 61 -21
right_child=1 7 5 25 11 -7 -8 15 13 31 57 12 44 -15 33 17 19 -19 21 56 -22 -23 -24 -25 26 -27 -28 -29 -30 49 -32 32 -34 -35 35 36 -38 38 -40 40 -42 -43 -44 55 -46 46 -48 48 -50 50 -52 -53 53 59 -56 -57 -58 -59 -60 -61 -62 -63
leaf_value=-0.01660882789932738 -0.0029635221844435027 -0.028514362130585301 -0.00041845420104649576 -0.026403024228836461 0.0021388817604156632 0.010405510689985653 -0.019814276897514239 0.15845705881813504 -0.023061136515595201 0.1044210355436271 0.018898643613346755 -0.013769112404071861 -0.025049216895573809 -0.049376883955459319 -0.086881268804346143 0.18836747507183574 -0.030414996150988857 -0.0047664347350359912 -0.005948347146214855 0.026105551857307938 0.074367602764270013 0.13034687081386243 0.0065359067144012397 -0.018765385360094183 0.12956665061622025 -0.011271427396182261 0.030634822201498834 0.11242546470995941 0.036805279039657794 0.023207322806790543 0.0042105159666573208 0.14559550769580817 0.02418255796166419 -0.0091535858055183401 0.060680982853015222 -0.017417022356571478 0.074966640439878579 0.053999172184692079 0.11024636655222646 -0.046402665454975879 0.04545579043992487 0.028995383393550518 0.15729549621468158 0.093295300680514531 0.019305611819908638 0.0078969654206589458 -0.007355567587830375 0.1403488975013906 -0.01158882035742952 0.001693099590769985 0.14660028077482767 0.10061515323716591 0.015641790961392725 0.072005652093021219 0.046917499639063262 0.035362911408647987 -0.0047295682411414288 0.006690861018205747 -0.050719325870173089 0.010248890981040037 0.018358481610390245 0.074447744186514384
leaf_weight=792 983 26 2478 2924 288 1498 2075 14.999999999999998 37 74 1486 48 67 27 20 28 31 25 33 129 23 27 552 1472 25 747 31 22 100 111 334 15.999999999999998 68 2401 100 94 37 54 18 41 25 96 20 36 486 740 1685 17 49 17 29 22 299 99 365 315 41 2264 29 39 90 221
leaf_count=792 983 26 2478 2924 288 1498 2075 15 37 74 1486 48 67 27 20 28 31 25 33 129 23 27 552 1472 25 747 31 22 100 111 334 16 68 2401 100 94 37 54 18 41 25 96 20 36 486 740 1685 17 49 17 29 22 299 99 365 315 41 2264 29 39 90 221
internal_value=-0.000283455 0.0190236 -0.0100641 -0.0155155 0.0122564 -0.000844878 -0.0115965 0.0381336 0.032022 0.0476567 0.00815663 0.0232284 0.0273003 0.0241401 -0.00421671 0.0516992 0.0431401 0.0751471 0.0871179 0.0397275 0.137241 0.0649645 -0.00834218 -0.0100942 0.0449829 -0.0233249 0.0749887 0.0351815 0.00102604 0.0260644 0.0208788 0.0742095 0.0474782 -0.00980009 0.0315373 0.0357106 0.0196764 0.0108215 0.0300696 0.0179446 -0.0115614 0.0556514 0.0769176 0.0365065 0.0139245 -0.00612545 -0.00270023 0.0333121 0.0359192 0.0508261 0.0932108 0.0360926 0.0387651 0.0279546 0.0511163 0.0413353 0.0442576 0.0110498 0.0175614 0.0545872 0.0488269 0.0566485
internal_weight=26341 8857 17484 10987 6541 6497 7316 2316 1597 535 4762 1779 1491 1062 4999 719 527 192 167 512 51 116 5241 4689 89 3671 56 938 2578 1035 856 158 84 2421 522 485 269 232 138 120 66 216 120 377 553 3217 2425 916 868 179 46 133 819 437 382 351 481 3779 1515 138 440 350
internal_count=26341 8857 17484 10987 6541 6497 7316 2316 1597 535 4762 1779 1491 1062 4999 719 527 192 167 512 51 116 5241 4689 89 3671 56 938 2578 1035 856 158 84 2421 522 485 269 232 138 120 66 216 120 377 553 3217 2425 916 868 179 46 133 819 437 382 351 481 3779 1515 138 440 350
is_linear=0
shrinkage=0.04


Tree=57
num_leaves=63
num_cat=0
split_feature=2 13 22 10 14 3 2 10 15 11 14 6 13 10 10 22 22 32 11 1 3 10 7 4 18 19 19 11 3 21 31 20 10 2 4 21 12 11 7 18 22 22 15 4 17 1 17 13 10 14 30 8 14 17 19 14 6 19 22 19 32 8
split_gain=2865.35 659.85 510.218 381.255 214.55 169.457 114.35 114.233 100.715 100.05 95.1989 93.9655 87.9689 86.7931 85.8784 84.7444 108.474 91.1537 76.9344 147.8 84.7043 82.9368 112.772 97.8163 128.581 108.968 82.945 82.6738 91.575 87.6356 91.0431 80.2588 92.301 118.553 80.8449 79.561 153.035 132.064 101.433 78.6145 76.1251 136.408 75.8317 75.7034 72.0637 96.6105 82.0701 88.6424 108.235 77.2478 74.1344 80.3906 112.094 83.8538 90.0896 102.419 71.7578 93.7745 148.617 81.9781 78.5471 70.0275
threshold=8.5000000000000018 5.119772329933217 4.5000000000000009 5.4166666666666679 9.0023071051580548 12.500000000000002 11.500000000000002 7.0500000000000007 11.48796111467623 8.6986589004665991 12.422800907317102 65.500000000000014 3.8625820677216747 3.1166666666666671 7.7166666666666677 1.5000000000000002 3.5000000000000004 104.50000000000001 8.3978450500995709 12.500000000000002 18.500000000000004 16.016666666666669 107.50000000000001 191.50000000000003 2.3313246451519225 -97.499999999999986 -113.49999999999999 5.4423384329760021 16.500000000000004 -2.4999999999999996 129.37000000000003 -1.0000000180025095e-35 15.616666666666669 17.500000000000004 138.50000000000003 -13.499999999999998 6.6971372748771953 7.7336617335854427 250.50000000000003 3.4730456262714333 3.5000000000000004 2.5000000000000004 3.9181918897274159 240.50000000000003 148.50000000000003 17.500000000000004 162.50000000000003 5.5192973876903109 12.450000000000001 11.904383535044749 1.0000000180025095e-35 13.071428571428573 11.904383535044749 185.50000000000003 -101.49999999999999 13.034456401519362 166.50000000000003 118.50000000000001 1.5000000000000002 -82.499999999999986 158.50000000000003 13.071428571428573
decision_type=2 2 2 2 2 2 2 2 2 2 2 2 2 2 2 2 2 2 2 2 2 2 2 2 2 2 2 2 2 2 2 2 2 2 2 2 2 2 2 2 2 2 2 2 2 2 2 2 2 2 2 2 2 2 2 2 2 2 2 2 2 2
left_child=2 5 3 13 42 11 8 43 -3 18 -10 -2 -7 -1 -13 17 -17 -9 20 -20 27 22 -22 26 25 -25 -23 28 -8 -30 -31 32 34 -34 -29 36 38 -37 -33 -26 41 -15 -4 -5 45 49 -46 48 -48 -36 -49 52 -52 -53 -55 -56 -12 58 -58 -60 -61 -16
right_child=1 6 4 7 -6 12 9 15 10 -11 56 14 -14 40 61 16 -18 -19 19 -21 21 23 -24 24 39 -27 -28 31 29 30 -32 35 33 -35 44 37 -38 -39 -40 -41 -42 -43 -44 -45 46 -47 47 50 -50 -51 51 53 -54 54 55 -57 57 -59 59 60 -62 -63
leaf_value=-0.021120216669000151 -0.058325544615601167 0.062686151447887556 -0.032677557906393873 -0.0069722064294611176 -0.0075940965502723856 0.0020533559398181896 0.062069353325029643 0.0059042600813629812 -0.044770487482380716 0.081566696852449688 0.058071772082676068 0.0017438200327916582 0.026209414137662135 -0.0061946706042119671 0.01341193833674482 0.0015535587379154978 0.034637128722540683 0.041796122870624001 0.059909395417237186 -0.078767715383810832 0.14879553972564127 -0.039689306546442253 0.040966757967548652 0.095497813764875289 0.004954618857457088 0.22709643195748952 0.076618496065595704 -0.0077323408174378916 -0.048566066198852433 -0.019825670006858857 0.080571627093484199 0.029752433107506412 0.054058638609849011 -0.072746625599524786 0.12766505482774343 0.0034387792293452636 -0.034481189619770362 0.077214784858674848 0.1623862499251911 0.11762489287234143 0.0016960000888680286 -0.022539769606961583 -0.02003443213178089 0.0072246140901135649 -0.041723426262044019 0.1592017616750874 0.058820794296404487 -0.044587138704261425 0.18796271673101467 0.017527046121948553 0.068220228824315901 0.15048134270662106 -0.067103689050496518 0.10482175818541724 0.07567036662621518 -0.047528972366816316 0.12160956523904753 -0.047874226945740173 -0.0091789059086298773 -0.0027978103233305784 0.11212228485600866 -0.045997811798093341
leaf_weight=950 34 64 935 1135 2281 288 260 181 47 91 54 1905 1491 3219 2791 812 197 303 24 25 15.999999999999998 15.999999999999998 456 22 22 19 25 35 25 24 36 15.999999999999998 23 24 15.999999999999998 392 18 43 22 18 1043 1095 4056 1277 15.999999999999998 23 34 15.999999999999998 14.999999999999998 28 19 15.999999999999998 20 27.999999999999993 21.000000000000007 22 20 41 126 18 20 32
leaf_count=950 34 64 935 1135 2281 288 260 181 47 91 54 1905 1491 3219 2791 812 197 303 24 25 16 16 456 22 22 19 25 35 25 24 36 16 23 24 16 392 18 43 22 18 1043 1095 4056 1277 16 23 34 16 15 28 19 16 20 28 21 22 20 41 126 18 20 32
internal_value=-0.000271753 0.0182638 -0.0096616 -0.00389509 -0.017759 0.0117664 0.036612 0.00592679 0.0168456 0.0406124 0.00782359 0.00783032 0.0223003 -0.00997666 0.00830771 0.0146221 0.00801766 0.0283819 0.038576 -0.0108198 0.0399328 0.0522828 0.044657 0.0817091 0.107183 0.156935 0.0311953 0.033773 0.0502871 0.0141931 0.0404133 0.027039 0.0415018 -0.0106675 0.0494442 0.0165423 0.061384 0.0107522 0.106818 0.055873 -0.00799975 -0.0103444 -0.022404 0.000543262 0.0567553 0.0928387 0.0450273 0.0523228 0.0986971 0.0578213 0.0362482 0.046556 -0.00111964 0.0679276 0.0491103 0.0126277 0.0167036 0.00674491 0.0189457 0.00634709 0.0577695 0.0127362
internal_weight=26341 8857 17484 10212 7272 6541 2316 3905 390 1926 326 4762 1779 6307 4728 1493 1009 484 1835 49 1786 594 472 122 81 41 41 1192 345 85 60 847 356 47 309 491 56 435 38 40 5357 4314 4991 2412 274 67 207 191 49 44 142 126 39 87 71 43 279 225 184 164 38 2823
internal_count=26341 8857 17484 10212 7272 6541 2316 3905 390 1926 326 4762 1779 6307 4728 1493 1009 484 1835 49 1786 594 472 122 81 41 41 1192 345 85 60 847 356 47 309 491 56 435 38 40 5357 4314 4991 2412 274 67 207 191 49 44 142 126 39 87 71 43 279 225 184 164 38 2823
is_linear=0
shrinkage=0.04


Tree=58
num_leaves=63
num_cat=0
split_feature=13 22 22 13 26 22 22 22 10 10 22 24 11 16 24 8 20 21 20 8 23 13 7 11 31 12 18 16 20 13 1 22 21 5 13 18 12 18 17 11 30 7 23 11 21 17 32 4 31 19 20 18 8 24 18 7 12 11 24 12 16 24
split_gain=2019.63 1308.58 540.285 500.282 248.176 168.569 155.492 164.685 126.49 126.453 111.395 98.1685 81.7179 85.4551 78.1223 164.639 151.756 84.2328 95.629 80.4169 96.6923 125.257 74.9907 80.041 78.5526 66.7961 66.6634 66.5395 73.4426 66.3766 66.3461 64.6854 61.6037 60.9696 60.5354 60.0181 100.45 65.9973 98.0786 84.2337 59.696 66.7125 67.3407 64.1028 59.7438 59.389 81.5381 73.2079 132.957 74.1028 64.0097 93.2462 63.9204 61.6086 71.0337 58.3841 66.4177 140.722 80.1463 70.2435 68.2242 58.3565
threshold=3.284236120706272 4.5000000000000009 4.5000000000000009 5.119772329933217 1.0000000180025095e-35 2.5000000000000004 3.5000000000000004 1.5000000000000002 4.8166666666666673 3.6500000000000004 5.5000000000000009 7.5000000000000009 3.804758924845371 15.516951024422003 5.5000000000000009 18.500000000000004 2.5000000000000004 -10.499999999999998 5.5000000000000009 15.928571428571431 9.5000000000000018 6.8414725846441007 75.500000000000014 5.7071383872680554 83.690000000000012 7.4533338541022447 1.8633250311332505 9.7076952655349782 -5.4999999999999991 5.5752428924150577 19.500000000000004 2.5000000000000004 2.5000000000000004 235.50000000000003 5.0862672847048715 5.0659420289855079 5.3588275187478249 4.3473824312333642 74.500000000000014 6.369570517030847 3.5000000000000004 140.50000000000003 27.500000000000004 4.1804533816549796 13.500000000000002 111.50000000000001 63.500000000000007 128.50000000000003 145.06500000000003 297.50000000000006 2.5000000000000004 1.2012206467939415 8.5000000000000018 4.5000000000000009 1.5114530512327333 320.50000000000006 4.0842770083967981 4.5092497528228979 6.5000000000000009 3.8998450236889193 11.243114921811031 6.5000000000000009
decision_type=2 2 2 2 2 2 2 2 2 2 2 2 2 2 2 2 2 2 2 2 2 2 2 2 2 2 2 2 2 2 2 2 2 2 2 2 2 2 2 2 2 2 2 2 2 2 2 2 2 2 2 2 2 2 2 2 2 2 2 2 2 2
left_child=2 3 4 6 8 9 7 40 -1 -6 11 29 -5 35 15 25 19 -18 -19 33 32 -22 -8 45 -25 -15 -26 28 -9 -3 -23 -20 -21 -16 -29 37 -37 -14 -39 -40 41 42 -2 -42 -45 46 -24 48 -47 50 55 -52 -48 -53 -55 56 59 -58 60 -49 -59 -10
right_child=1 10 -4 12 5 -7 22 27 61 -11 -12 -13 13 14 16 -17 17 18 31 20 21 30 23 24 26 -27 -28 34 -30 -31 -32 -33 -34 -35 -36 36 -38 38 39 -41 43 -43 -44 44 -46 47 52 49 -50 -51 51 53 -54 54 -56 -57 57 58 -60 -61 -62 -63
leaf_value=-0.0046297388918571389 0.0085016062677169893 -0.00015601534863170775 -0.022206350187754759 0.11556460459932896 -0.019945091391331618 -0.019290956451668055 -0.060819728200798791 0.032534928422202535 0.014219737940205365 -0.002153344256499014 -0.016010264052855681 -0.017342304812643129 0.033269047305638899 0.16909439452282793 0.12471252859074471 -0.0079124149828530936 0.0066365191581086334 0.16761390022847844 0.11876377016480205 0.0988444174861456 0.049781738049756434 -0.098710781965540895 0.04733281035672994 0.00095759194609113202 0.039424204302031959 0.087849634165064985 0.1263037206406607 0.014629531870727921 -0.0034618839034364726 0.02336248591685584 -0.0045872221182827926 0.0066827032432793089 -0.0050867484519200295 0.022699327542318549 -0.037499645180458008 0.01325208893621155 0.13887947106792917 0.074257111738849163 0.016476258678330899 -0.10249528712301112 0.017690975444405409 0.024205310178494078 -0.062671923063602683 -0.002204357505449553 -0.062513236099139446 0.016400541124855658 -0.077002034439585518 0.035748644034482878 0.17563778330948182 0.10535485659594311 -0.075089118945324315 0.042851558976092025 -0.00020171954148057579 0.07921208424678701 -0.013249341977490272 0.015271632904686267 0.088904955955353915 0.03136764467350505 -0.020943443580814028 -0.018750720767230725 0.1194484940328096 0.00024498362944430868
leaf_weight=2102 181 974 4210 21 789 2169 14.999999999999998 97 1349 3366 1700 453 1753 23 17 24 15.999999999999998 26 17 21 24 30 40 21 24 57 35 899 1372 239 20 15.999999999999998 15.999999999999998 21 37 19 22 14.999999999999998 18 20 252 1830 24 128 33 19 24 177 14.999999999999998 19 20 79 62 14.999999999999998 111 233 106 81 39 48 17 741
leaf_count=2102 181 974 4210 21 789 2169 15 97 1349 3366 1700 453 1753 23 17 24 16 26 17 21 24 30 40 21 24 57 35 899 1372 239 20 16 16 21 37 19 22 15 18 20 252 1830 24 128 33 19 24 177 15 19 20 79 62 15 111 233 106 81 39 48 17 741
internal_value=-0.000260541 0.0122106 -0.0100972 0.0207871 -0.00524908 -0.0102521 0.0148528 0.0116637 0.00229795 -0.00553273 -0.00880688 -0.00145478 0.0371419 0.0363785 0.0552064 0.0838771 0.0418546 0.0882293 0.110274 0.0184547 0.00122469 -0.0251506 0.0277464 0.0288742 0.0675105 0.111414 0.0911232 0.00422821 -0.00108155 0.00447778 -0.0611856 0.0646662 0.0539547 0.0685969 0.0125629 0.0330311 0.0808845 0.0319392 -0.0119897 -0.0461925 0.0189672 0.0217814 0.00013285 0.00509399 -0.0146094 0.0260693 0.000204361 0.0293958 0.08702 0.0273114 0.0256968 0.00711847 -0.0217221 0.0151812 -0.00217208 0.0316551 0.0398026 0.0543086 0.0274806 0.0241101 0.0467735 0.00926626
internal_weight=26341 11615 14726 8249 10516 6324 6053 4853 4192 4155 3366 1666 2196 2175 328 104 224 75 59 149 111 74 1200 1185 80 80 59 2405 1469 1213 50 33 37 38 936 1847 41 1806 53 38 2448 2035 205 413 161 1105 126 979 34 945 926 225 86 205 126 701 468 243 137 225 98 2090
internal_count=26341 11615 14726 8249 10516 6324 6053 4853 4192 4155 3366 1666 2196 2175 328 104 224 75 59 149 111 74 1200 1185 80 80 59 2405 1469 1213 50 33 37 38 936 1847 41 1806 53 38 2448 2035 205 413 161 1105 126 979 34 945 926 225 86 205 126 701 468 243 137 225 98 2090
is_linear=0
shrinkage=0.04


Tree=59
num_leaves=63
num_cat=0
split_feature=3 22 10 10 13 15 26 16 3 26 6 24 4 22 24 19 22 22 10 32 17 10 9 29 16 6 29 17 17 15 9 31 22 7 19 13 7 12 15 12 0 13 30 9 12 19 13 16 22 13 24 32 6 1 23 10 22 11 12 7 7 10
split_gain=2383.07 531.895 452.994 358.64 211.009 201.813 149.866 125.667 123.891 119.709 116.187 114.793 111.461 107.274 98.2072 96.3002 87.7175 151.01 95.7484 110.436 100.818 153.043 87.0259 117.64 92.3201 85.3339 84.5799 80.4418 196.647 79.7806 78.8546 93.3826 77.5213 74.0274 65.7963 64.1093 82.8929 62.3328 61.1392 86.2895 61.1685 59.869 58.963 72.2168 58.801 58.0782 57.712 57.4576 55.2027 68.6269 55.2022 59.6034 82.0325 70.8544 55.1915 63.1588 55.1056 55.0047 94.5873 54.7996 80.2654 65.0004
threshold=9.5000000000000018 4.5000000000000009 6.2166666666666677 12.316666666666668 4.749712628820725 9.9530426445144293 1.0000000180025095e-35 8.8556281500210776 11.500000000000002 1.0000000180025095e-35 57.500000000000007 7.5000000000000009 257.50000000000006 1.5000000000000002 7.5000000000000009 -101.49999999999999 1.5000000000000002 3.5000000000000004 12.050000000000002 124.50000000000001 323.50000000000006 11.250000000000002 9.0357142857142865 23.500000000000004 8.8971098963538555 495.50000000000006 58.500000000000007 74.500000000000014 107.50000000000001 3.9181918897274159 12.250000000000002 86.000000000000014 2.5000000000000004 115.50000000000001 -60.499999999999993 5.739408030017815 222.50000000000003 5.8575109992188308 13.770234326850861 5.9188653501297903 17.500000000000004 5.119772329933217 3.5000000000000004 10.035714285714286 3.5394169756433764 -84.499999999999986 5.9209835310239018 3.3681671241865199 5.5000000000000009 6.6955121290552251 9.5000000000000018 106.50000000000001 142.50000000000003 4.5000000000000009 19.500000000000004 7.6500000000000012 4.5000000000000009 3.7289089429432303 3.7912565692163835 98.500000000000014 128.50000000000003 14.716666666666667
decision_type=2 2 2 2 2 2 2 2 2 2 2 2 2 2 2 2 2 2 2 2 2 2 2 2 2 2 2 2 2 2 2 2 2 2 2 2 2 2 2 2 2 2 2 2 2 2 2 2 2 2 2 2 2 2 2 2 2 2 2 2 2 2
left_child=1 2 6 7 9 29 47 10 12 25 -2 32 56 22 16 -6 26 18 19 37 57 -22 24 -24 -11 33 42 38 35 -3 31 -16 -8 44 -35 -29 -37 -18 39 -10 -40 -17 46 -44 -4 -33 -9 -1 49 -7 51 52 -43 -53 -15 -56 -5 -21 -59 -30 61 -61
right_child=3 5 4 8 15 48 11 14 27 13 -12 -13 -14 54 30 41 17 -19 -20 20 21 -23 23 -25 -26 -27 -28 28 59 -31 -32 45 -34 34 -36 36 -38 -39 40 -41 -42 50 43 -45 -46 -47 -48 -49 -50 -51 -52 53 -54 -55 55 -57 -58 58 -60 60 -62 -63
leaf_value=-0.012375210482430574 -0.099921772820608962 -0.03034900256726716 0.0068723351794177301 0.064904739378652959 -0.048514155365570244 0.0002786273119938331 -0.0035545377401702848 0.040419479114215021 0.098190435074386809 0.018721522036444959 0.0079098439480234182 -0.021093838356217663 -0.022427992093237252 -0.0092691011755731568 -0.014263267312515558 0.029179490928520457 0.029170847268854466 0.03370551728642808 -0.049893190570324333 -0.055404727600869681 0.0055020020904721582 0.1387837913418343 0.034083095113096755 -0.061802704980380672 0.10834146242803304 -0.068329728137063714 -0.04187607516974081 -0.079621248753714902 0.094465771679862393 -0.017554902552192032 -0.064552284249495634 0.073447565417272764 -0.016517194610900177 0.044181077844641557 0.017206675689243972 0.056993218920696746 -0.030919565986730384 -0.051264883820314584 0.1726835661349089 -0.025511666964194928 0.07341075933122547 0.046949482451486321 0.045647318434477641 -0.037738232295307511 -0.069494298725014197 0.014724396208245647 -0.026616160474117332 0.0015648275427314301 -0.011126395278082814 0.047239967746249702 -0.0038876039223955166 0.12874456336039194 0.15765272755684448 0.033331790217688166 -0.0054185476109078782 0.019424092122950282 0.005752981016203731 0.086777209487761034 -0.012975088897378981 -0.037059796674670825 0.041936313579854063 0.049162308657331164
leaf_weight=576 15.999999999999998 934 45 52 17 800 2217 784 19 508 2252 1537 106 1052 194 121 359 557 45 44 58 18 35 49 19 18 23 21 30 4748 23 28 1107 177 796 26 50 15.999999999999998 15.999999999999998 17 27 18 30 37 25 674 21 2645 867 53 14.999999999999998 15.999999999999998 27 56 374 291 49 15.999999999999998 274 38 1256 22
leaf_count=576 16 934 45 52 17 800 2217 784 19 508 2252 1537 106 1052 194 121 359 557 45 44 58 18 35 49 19 18 23 21 30 4748 23 28 1107 177 796 26 50 16 16 17 27 18 30 37 25 674 21 2645 867 53 15 16 27 56 374 291 49 16 274 38 1256 22
internal_value=-0.000249841 -0.00762749 -0.00233317 0.0193705 0.00934344 -0.0160249 -0.00761987 0.0143491 0.0352506 0.00663077 0.00714387 -0.0120537 0.00620183 0.00155439 0.0194532 0.0433699 0.0238999 0.017595 0.00677828 0.0100355 -0.00430884 0.0372359 0.0159475 -0.0218335 0.0219763 0.0177661 0.0336654 0.0391994 0.0370401 -0.0196588 0.00840815 0.0102902 -0.00787249 0.0192602 0.0221197 -0.0179357 -0.000782487 0.0257208 0.0785186 0.0398113 0.110711 0.0495686 0.0356647 -0.000359227 -0.0204332 0.0170796 0.0386652 -0.000927706 -0.00401856 0.00320405 0.0682072 0.0774626 0.113618 0.0547115 -0.00356691 0.00545072 0.0362612 -0.0137764 -0.0074366 0.0410045 0.0397772 -0.00538255
internal_weight=26341 19143 11741 7198 3659 7402 8082 5469 1729 3389 2268 4861 207 2328 3201 270 2282 1387 830 785 410 76 611 84 527 1061 895 1522 1443 5682 919 896 3324 1043 973 97 76 375 79 36 43 253 872 67 70 702 805 3221 1720 853 132 117 45 72 1717 665 101 334 290 1346 1316 60
internal_count=26341 19143 11741 7198 3659 7402 8082 5469 1729 3389 2268 4861 207 2328 3201 270 2282 1387 830 785 410 76 611 84 527 1061 895 1522 1443 5682 919 896 3324 1043 973 97 76 375 79 36 43 253 872 67 70 702 805 3221 1720 853 132 117 45 72 1717 665 101 334 290 1346 1316 60
is_linear=0
shrinkage=0.04


Tree=60
num_leaves=63
num_cat=0
split_feature=3 22 16 16 13 13 14 10 13 23 18 4 19 19 22 22 16 9 10 10 0 16 21 21 22 12 10 23 1 21 29 12 13 14 9 3 30 19 4 9 7 3 19 23 23 19 9 10 13 8 17 31 21 1 19 0 5 4 21 17 19 5
split_gain=2248.98 492.759 506.12 337.024 218.923 187.113 136.18 116.758 97.9018 91.526 95.6739 76.5454 93.8635 71.8716 69.543 112.372 71.3219 68.5742 67.2974 66.5151 65.7465 142.06 81.9018 104.629 97.0007 100.924 133.325 90.1006 81.1312 102.893 106.853 137.752 149.549 81.1931 101.155 140.259 72.4257 74.7635 71.4824 70.5644 69.6158 69.5456 66.6507 65.6073 98.0341 159.189 116.029 97.8572 79.6342 86.6436 73.0763 65.3392 83.6249 64.3946 130.297 63.0908 72.7704 62.1103 61.8861 61.4714 59.4983 70.4101
threshold=9.5000000000000018 4.5000000000000009 5.9168725300649436 11.16463158313516 5.0492972084093646 4.3575802628438689 4.1416932871427505 7.5833333333333339 1.4948186373673171 11.500000000000002 1.0136060718252502 339.50000000000006 -54.499999999999993 -99.499999999999986 3.5000000000000004 2.5000000000000004 9.4614369234506075 6.2500000000000009 14.250000000000002 4.2833333333333341 13.500000000000002 16.201852642656132 10.500000000000002 -13.499999999999998 3.5000000000000004 5.6249541645596786 13.41666666666667 5.5000000000000009 26.500000000000004 -2.4999999999999996 5.5000000000000009 5.6728580699078544 4.8472056175543559 9.4941326916289555 11.964285714285717 14.500000000000002 2.5000000000000004 90.500000000000014 328.50000000000006 12.464285714285717 448.50000000000006 21.500000000000004 -87.499999999999986 1.5000000000000002 8.5000000000000018 -103.49999999999999 12.750000000000002 11.316666666666668 5.8562275324653248 12.071428571428573 204.50000000000003 197.39000000000001 3.5000000000000004 16.500000000000004 -77.499999999999986 6.5000000000000009 84.500000000000014 352.50000000000006 5.5000000000000009 211.50000000000003 -111.49999999999999 132.50000000000003
decision_type=2 2 2 2 2 2 2 2 2 2 2 2 2 2 2 2 2 2 2 2 2 2 2 2 2 2 2 2 2 2 2 2 2 2 2 2 2 2 2 2 2 2 2 2 2 2 2 2 2 2 2 2 2 2 2 2 2 2 2 2 2 2
left_child=1 2 8 6 14 19 -2 11 -1 53 58 12 -8 -6 15 -4 -17 -13 -15 -3 21 28 23 24 25 39 -27 59 29 30 -5 32 -32 -31 35 -35 37 -28 -33 -22 -24 -23 -34 -36 45 -45 47 -46 49 -47 -50 52 -37 55 -55 -9 -57 -19 -11 -25 -48 -62
right_child=3 5 4 20 13 -7 7 9 -10 10 -12 17 -14 18 -16 16 -18 57 -20 -21 22 41 40 27 -26 26 36 -29 -30 33 31 38 42 34 43 51 -38 -39 -40 -41 -42 -43 -44 44 46 48 60 -49 50 -51 -52 -53 -54 54 -56 56 -58 -59 -60 -61 61 -63
leaf_value=-0.018085798931359701 -0.10331120449563731 -0.025884603097869944 0.0096646379732538076 -0.057567751129011545 -0.02898206674500017 -0.0030411732063395955 -0.043323708703387719 0.044142167150857226 -0.0061929758346314845 -0.089897381141472651 0.012913015425207397 -0.024061380226055241 0 0.053201584574157003 0.01873730593587232 -0.0099344763240484489 0.021061019600204123 0.09437136323203868 0.14004421459221691 -0.016077619950001402 0.040246686837373868 0.064722391709438346 0.041587352201165599 -0.043982150929019012 0.12888910938851275 -0.069368645943604507 0.042892620332250768 0.018287316218466177 -0.034724748995140255 -0.027259051983173077 0.059685623321116842 0.03991083271499693 0.040811208789028337 0.037322290583945039 -0.03282824462619275 0.017446018997926888 0.090397361664427911 -0.045688092406518853 0.10783366671975157 0.14325174092653378 -0.029423681967186203 0.17996857887469464 -0.039812064825083676 -0.041814853825316523 0.086671527010655544 0.14013154057872218 0.12726135904425817 -0.0179879960937834 0.097418640886111935 0.023086128468682143 0.20539950490738293 0.17242053731266718 0.13156694224865986 0.079785664544176696 -0.037149958301176171 0.095881413871078125 0.020678754987817544 0.02298690235245552 0.011411980154999295 0.013239168720056781 -0.028360160455419749 0.052312526754342593
leaf_weight=1348 15.999999999999998 1493 2348 26 14.999999999999998 1571 91 280 6214 24 2323 44 657 133 685 932 136 22 15.999999999999998 4291 23 18 504 69 20 23 49 659 25 22 48 111 20 61 18 15.999999999999998 29 22 32 20 23 15.999999999999998 89 14.999999999999998 17 14.999999999999998 14.999999999999998 87 28 31 15.999999999999998 25 29 20 63 21 892 169 15.999999999999998 53 19 185
leaf_count=1348 16 1493 2348 26 15 1571 91 280 6214 24 2323 44 657 133 685 932 136 22 16 4291 23 18 504 69 20 23 49 659 25 22 48 111 20 61 18 16 29 22 32 20 23 16 89 15 17 15 15 87 28 31 16 25 29 20 63 21 892 169 16 53 19 185
internal_value=-3.03462e-05 -0.00715506 -0.00209908 0.0191747 0.0089187 -0.0152848 0.0128106 0.0132152 -0.00831346 0.0165194 0.0118554 0.000980728 -0.00527394 0.0542243 0.00710515 0.00477153 -0.00598401 0.0208915 0.0626281 -0.0186098 0.0310844 0.0391186 0.0257892 0.018868 0.0458259 0.0357347 0.0172418 0.0124402 0.0362316 0.0381551 0.020052 0.0268027 0.00091616 0.0479992 0.0508763 0.0817973 0.0372316 0.0153913 0.0551891 0.0884236 0.0384794 0.119383 -0.0249766 0.0417734 0.0449225 0.0785058 0.0339782 -0.000794153 0.0986056 0.0615177 0.137106 0.120417 0.0911636 0.0251535 -0.00888653 0.027524 0.022421 0.0312647 -0.0493964 -0.0191168 0.050493 0.0447789
internal_weight=26298 19182 11827 7116 4265 7355 4638 4622 7562 3639 2363 983 748 164 4101 3416 1068 235 149 5784 2478 984 1494 967 186 166 123 781 950 925 326 300 157 599 577 131 100 71 143 43 527 34 109 446 428 105 323 104 90 46 44 70 45 1276 83 1193 913 191 40 122 219 204
internal_count=26298 19182 11827 7116 4265 7355 4638 4622 7562 3639 2363 983 748 164 4101 3416 1068 235 149 5784 2478 984 1494 967 186 166 123 781 950 925 326 300 157 599 577 131 100 71 143 43 527 34 109 446 428 105 323 104 90 46 44 70 45 1276 83 1193 913 191 40 122 219 204
is_linear=0
shrinkage=0.04


Tree=61
num_leaves=63
num_cat=0
split_feature=2 2 16 24 22 13 10 16 24 14 21 22 30 10 21 0 16 13 2 7 21 4 4 13 21 11 4 7 32 4 1 31 6 2 11 2 11 24 4 21 11 19 18 18 31 9 21 4 6 18 18 7 21 31 4 1 2 16 14 6 13 14
split_gain=2100.71 468.725 383.516 197.928 164.677 132.345 123.687 121.86 114.577 109.269 106.124 97.6944 204.198 130.642 94.7419 92.7951 121.759 89.142 88.2598 124.585 82.4133 95.0217 79.523 77.7436 76.638 101.021 86.3329 105.126 84.6434 79.3513 81.3725 139.172 110.974 77.4813 74.6224 105.99 74.1661 73.7806 151.118 148.694 93.2841 101.481 95.3519 122.201 84.0894 77.2684 141.82 121.374 81.807 76.0894 115.672 110.759 105.623 97.931 97.6077 93.8998 76.0004 72.6029 72.0247 106.201 71.9612 71.6386
threshold=9.5000000000000018 5.5000000000000009 11.16463158313516 6.5000000000000009 5.5000000000000009 2.0117471105438716 5.8833333333333337 6.5670401201796897 8.5000000000000018 4.8660746940994573 -13.499999999999998 1.5000000000000002 2.5000000000000004 8.6500000000000004 12.500000000000002 13.500000000000002 16.201852642656132 4.5757984040474033 26.500000000000004 230.50000000000003 3.5000000000000004 428.50000000000006 489.50000000000006 4.1049451534269839 -5.4999999999999991 8.3978450500995709 320.50000000000006 154.50000000000003 176.50000000000003 304.50000000000006 11.500000000000002 175.26500000000001 276.50000000000006 11.500000000000002 4.9904671028634136 17.500000000000004 4.2706082983686642 5.5000000000000009 362.50000000000006 14.500000000000002 5.3229064742237764 -96.499999999999986 1.8187014248704665 1.7358531757582816 220.44000000000003 14.607142857142859 18.500000000000004 250.50000000000003 381.50000000000006 1.6916590541775001 1.0896592673791907 276.50000000000006 -15.499999999999998 197.39000000000001 211.50000000000003 8.5000000000000018 11.500000000000002 5.8308105198906182 9.4456123581185079 312.50000000000006 5.2039993462146308 11.904383535044749
decision_type=2 2 2 2 2 2 2 2 2 2 2 2 2 2 2 2 2 2 2 2 2 2 2 2 2 2 2 2 2 2 2 2 2 2 2 2 2 2 2 2 2 2 2 2 2 2 2 2 2 2 2 2 2 2 2 2 2 2 2 2 2 2
left_child=1 4 7 6 5 -1 -3 -2 15 -8 -7 12 13 -11 -14 16 17 -4 22 -20 21 61 37 -15 26 33 27 -19 -28 30 32 -32 -29 -26 -22 -36 -35 38 39 49 41 -39 43 -42 -44 47 -47 -41 -49 50 -17 53 -51 55 -53 -52 -40 -5 59 -25 -6 -10
right_child=2 3 8 57 60 10 9 -9 20 11 -12 -13 14 23 -16 18 -18 24 19 -21 34 -23 -24 58 25 -27 28 29 -30 -31 31 -33 -34 36 35 -37 -38 40 56 45 42 -43 44 -45 -46 46 -48 48 -50 52 51 54 -54 -55 -56 -57 -58 -59 -60 -61 -62 -63
leaf_value=-0.013574683903983911 -0.0095713567348439006 -0.0024014991709777698 0.13222421975163687 -0.016885974092213027 -0.02089288272868417 0.088680976682634485 -0.096981663530236059 0.013554130156702638 0.010920969225295321 0.029542507422701286 -0.0035020468252366234 0.0065539432700527471 0.0069647412438671634 0.15720192532513022 -0.062293863970245056 0.07718881065389549 0.12018779145356752 0.074290003191501017 0.02047843070773335 0.15702040660440625 0.076005758055401509 0.068023933084496169 -0.047513109388805569 0.077108868814976278 0.00823075277954592 -0.023832522105933025 0.094069195488072424 -0.01555658657064005 -0.0087111755909095884 -0.09268904641357778 -0.093638437250020981 0.032326722668545707 0.10424444289229035 0.12859634590634392 -0.017274892772540962 0.064285227443179951 0.053367984382192757 0.13909838857706527 0.012317081901861067 0.083665249959297777 0.021406492829479151 0.033886690982515538 0.0062114966141011462 0.13333415513847308 -0.046142476953554078 0.17123489703552658 0.036328285737816553 -0.049656545787059962 0.066513895230577477 0.097907776501243562 0.044502811362806538 -0.079445596915404898 0.021004809516264555 0.064315420782474611 0.0072847348316149273 -0.090576204074680464 0.099779300738677079 -0.0032788118886929586 0.10594763460334319 -0.056157846592909455 -0.00068163385349956091 -0.041652565772044417
leaf_weight=4228 398 2037 17 975 3348 20 14.999999999999998 4322 74 353 3356 2217 317 18 35 25 33 27 23 20 43 23 23 26 59 30 39 28 19 17 29 27 22 22 67 41 450 17 20 51 181 105 234 17 62 25 25 27 14.999999999999998 33 14.999999999999998 53 211 39 34 18 79 1761 36 14.999999999999998 308 94
leaf_count=4228 398 2037 17 975 3348 20 15 4322 74 353 3356 2217 317 18 35 25 33 27 23 20 43 23 23 26 59 30 39 28 19 17 29 27 22 22 67 41 450 17 20 51 181 105 234 17 62 25 25 27 15 33 15 53 211 39 34 18 79 1761 36 15 308 94
internal_value=-2.88029e-05 -0.0069923 0.0183254 0.000540735 -0.012214 -0.00885915 0.00522071 0.0116036 0.0309488 0.0103421 -0.00295274 0.0108796 0.0228623 0.0407723 5.68157e-05 0.034339 0.0449702 0.0417948 0.0278947 0.0842497 0.00941805 -0.00803197 0.0260357 0.082404 0.0397761 0.0474675 0.0190093 0.00295879 0.0604083 -0.0127307 0.000149272 -0.0329202 0.0372188 0.0515032 0.0314945 0.0137001 0.0569051 0.0273562 0.0365458 0.0286206 0.0173535 0.0486656 0.00960816 0.031089 -0.00475966 0.0639259 0.104029 0.0422552 -0.00806016 0.0168079 -0.00260411 -0.0152034 0.0314497 0.0214604 -0.0455586 -0.0291673 0.0821606 -0.00812903 0.0647116 0.0282861 -0.0191908 -0.0184906
internal_weight=26298 19065 7233 7805 11260 7604 5069 4720 2513 3032 3376 3017 800 448 352 2171 819 786 1352 43 342 191 1309 95 769 561 208 150 58 123 106 56 50 531 151 108 472 1286 670 571 616 122 494 198 296 143 50 93 42 428 184 159 244 72 87 33 99 2736 77 41 3656 168
internal_count=26298 19065 7233 7805 11260 7604 5069 4720 2513 3032 3376 3017 800 448 352 2171 819 786 1352 43 342 191 1309 95 769 561 208 150 58 123 106 56 50 531 151 108 472 1286 670 571 616 122 494 198 296 143 50 93 42 428 184 159 244 72 87 33 99 2736 77 41 3656 168
is_linear=0
shrinkage=0.04


Tree=62
num_leaves=63
num_cat=0
split_feature=2 3 16 22 24 18 24 16 24 3 12 0 16 12 3 2 7 16 3 22 12 12 21 4 12 4 21 12 8 3 11 11 11 11 3 4 24 4 21 5 6 11 19 18 18 31 3 18 18 7 21 31 4 1 2 18 19 20 1 15 8 31
split_gain=1936.19 468.788 353.57 183.377 146.326 194.389 143.561 112.309 105.602 105.315 102.497 85.5076 112.245 105.029 84.9684 81.3818 114.858 80.2117 76.9393 76.3314 81.2756 76.7801 75.9595 87.5982 74.5153 73.3146 71.6014 105.996 160.383 130.188 89.1609 77.7439 70.3174 68.7829 102.367 72.096 68.0087 139.274 137.081 111.016 98.7765 85.993 93.5781 87.8966 112.682 77.5068 71.4438 70.1277 106.634 102.088 97.3697 90.2749 89.9744 86.5833 70.0384 68.0104 67.965 66.4881 116.454 66.0862 93.8875 80.8098
threshold=9.5000000000000018 6.5000000000000009 11.16463158313516 5.5000000000000009 6.5000000000000009 0.99423396477234982 8.5000000000000018 6.5670401201796897 8.5000000000000018 19.500000000000004 2.2930856412794047 13.500000000000002 16.201852642656132 4.8166947919293479 14.500000000000002 26.500000000000004 230.50000000000003 7.2034113444123262 12.500000000000002 4.5000000000000009 5.7390601804336789 6.2724322671072512 3.5000000000000004 428.50000000000006 5.9188653501297903 489.50000000000006 -5.4999999999999991 5.6728580699078544 11.928571428571431 15.500000000000002 4.5092497528228979 8.3978450500995709 2.7602622373694223 4.9904671028634136 17.500000000000004 255.50000000000003 5.5000000000000009 362.50000000000006 14.500000000000002 269.50000000000006 361.50000000000006 5.3229064742237764 -96.499999999999986 1.8187014248704665 1.7358531757582816 220.44000000000003 15.500000000000002 1.6916590541775001 1.0896592673791907 276.50000000000006 -15.499999999999998 197.39000000000001 211.50000000000003 8.5000000000000018 11.500000000000002 1.5444115713346485 -54.499999999999993 -4.4999999999999991 12.500000000000002 13.263896072563972 13.642857142857144 129.37000000000003
decision_type=2 2 2 2 2 2 2 2 2 2 2 2 2 2 2 2 2 2 2 2 2 2 2 2 2 2 2 2 2 2 2 2 2 2 2 2 2 2 2 2 2 2 2 2 2 2 2 2 2 2 2 2 2 2 2 2 2 2 2 2 2 2
left_child=1 3 7 6 5 -3 10 -2 11 17 -1 12 13 14 -4 25 -17 18 56 20 32 -22 23 57 -5 36 27 29 -29 -15 -28 -32 -19 -24 35 -35 37 38 47 -40 -41 42 -38 44 -43 46 -45 48 -13 51 -49 53 -51 -50 -39 -54 -7 58 -10 -52 -61 -62
right_child=2 4 8 24 -6 9 -8 -9 22 -11 -12 15 -14 26 -16 16 -18 19 -20 -21 21 -23 33 -25 -26 -27 30 28 -30 -31 31 -33 -34 34 -36 -37 41 54 39 40 -42 43 -44 45 -46 -47 -48 50 49 52 59 -53 55 -55 -56 -57 -58 -59 -60 60 61 -63
leaf_value=-0.0088585482306657685 -0.0091885986897969948 -0.13560199695312425 0.049952507621778219 -0.019815152101106074 -0.0055905370364878601 -0.071263372121165638 -0.015990077697721535 0.01301197758200707 0.10569383379311589 0.10446444437978018 0.0010595227962106786 0.074113558507060626 0.11539480378125369 0.016687998482567107 0.14103443010209718 0.019662841594580444 0.15077083587646484 0.05633454090943521 0.080570833668186903 -0.00059513799007118121 0.12756581376514162 0.029040703257296314 0.072972581735066641 0.065314756115793668 0.0036309848490446378 -0.045620812218942687 0.11155782238109824 0.16042662570018643 0.021176036451180762 -0.092132180748830422 0.043475934408671632 -0.022882387374722681 0.014892424329022085 -0.057228701429283164 0.065927923964312074 0.023864024548154127 0.13356699141145451 0.011826852313914702 0.090053192489238557 -0.035482756709713105 0.069648234721311597 0.020550705427761603 0.032532512662696571 0.030242333812858565 0.12803197802158825 -0.044299750131301448 -0.014135362674583225 0.094003297101334857 0.042734486922523046 -0.076273756389227287 -0.0076104722300905257 0.061749382836129664 0.06022616308038406 -0.086973173374629148 0.095793174715752688 -0.05276964408362874 0.0026433859860411123 -0.030198377638525828 -0.044194953071404683 0.10432004738585315 0.094499415309017232 0.0031090471638541279
leaf_weight=4209 398 14.999999999999998 40 3506 2116 20 2571 4322 17 18 2760 25 33 50 28 23 20 70 20 388 21 32 43 23 231 23 29 14.999999999999998 108 27 459 30 1014 34 38 36 17 20 86 28 29 181 105 106 17 62 128 33 14.999999999999998 53 83 39 18 18 79 15.999999999999998 2074 135 15.999999999999998 27 19 82
leaf_count=4209 398 15 40 3506 2116 20 2571 4322 17 18 2760 25 33 50 28 23 20 70 20 388 21 32 43 23 231 23 29 15 108 27 459 30 1014 34 38 36 17 20 86 28 29 181 105 106 17 62 128 33 15 53 83 39 18 18 79 16 2074 135 16 27 19 82
internal_value=-2.73142e-05 -0.00671257 0.0175935 -0.010854 0.00278695 0.00761506 -0.00791126 0.0111394 0.0297141 0.00820674 -0.00493035 0.0329689 0.0431742 0.0401252 0.0876382 0.0267826 0.080898 0.0077272 0.00268186 0.0147193 0.0199466 0.0682833 0.00904344 -0.00770907 -0.0183653 0.0249974 0.035611 0.0152567 0.0382906 -0.0215138 0.0434614 0.0393969 0.0175754 0.030238 0.0131531 -0.0155208 0.0262654 0.0350883 0.0274798 0.0613786 0.0179982 0.0166616 0.0467253 0.00922493 0.029849 -0.00456955 0.00596314 0.0161374 -0.00249814 -0.0145956 0.030194 0.020603 -0.0437386 -0.0280037 0.0788795 0.0069942 0.00193317 -0.0177512 0.0330461 0.020165 0.0381832 0.0203975
internal_weight=26298 19065 7233 13277 5788 3672 9540 4720 2513 3657 6969 2171 819 786 68 1352 43 3639 2114 1525 1137 53 342 191 3737 1309 718 200 123 77 518 489 1084 151 108 70 1286 670 571 143 57 616 122 494 198 296 234 428 184 159 244 72 87 33 99 34 2094 168 33 211 128 101
internal_count=26298 19065 7233 13277 5788 3672 9540 4720 2513 3657 6969 2171 819 786 68 1352 43 3639 2114 1525 1137 53 342 191 3737 1309 718 200 123 77 518 489 1084 151 108 70 1286 670 571 143 57 616 122 494 198 296 234 428 184 159 244 72 87 33 99 34 2094 168 33 211 128 101
is_linear=0
shrinkage=0.04


Tree=63
num_leaves=63
num_cat=0
split_feature=3 22 16 15 13 13 24 6 15 10 24 17 19 24 24 10 20 17 20 12 30 19 24 0 23 20 20 7 7 18 12 11 31 17 23 9 18 31 9 19 4 24 10 9 12 3 18 31 13 20 7 6 4 19 1 18 7 1 4 15 24 11
split_gain=1777.43 408.921 402.986 267.539 190.172 158.387 141.251 114.764 105.541 104.749 81.9109 93.3307 75.1533 75.1158 74.4437 126.82 137.562 122.457 99.1004 97.705 82.147 81.8279 87.5083 95.2254 99.9637 141.518 103.404 90.4035 83.2899 115.515 168.873 107.917 133.121 87.9285 125.822 106.363 85.6129 86.3262 80.438 96.9497 79.0086 78.8967 102.008 91.7395 78.7025 77.5983 76.0026 74.7387 74.5809 103.686 74.2324 73.9916 73.8432 86.2761 73.6404 101.036 79.1172 73.5487 92.043 73.6826 72.5352 72.4129
threshold=9.5000000000000018 4.5000000000000009 5.9168725300649436 10.603215647400615 5.119772329933217 4.3575802628438689 7.5000000000000009 57.500000000000007 10.541125121100194 7.5833333333333339 5.5000000000000009 79.500000000000014 217.50000000000003 6.5000000000000009 5.5000000000000009 15.750000000000002 4.5000000000000009 337.50000000000006 8.5000000000000018 7.4533338541022447 2.5000000000000004 -115.49999999999999 2.5000000000000004 20.500000000000004 4.5000000000000009 1.0000000180025095e-35 8.5000000000000018 258.50000000000006 359.50000000000006 2.7032108516483522 6.821306307421529 6.29436633975555 187.48000000000002 144.50000000000003 18.500000000000004 14.607142857142859 1.9022147760706114 355.67000000000002 13.607142857142859 -74.499999999999986 269.50000000000006 4.5000000000000009 12.383333333333335 11.892857142857144 5.3163649483210067 12.500000000000002 3.8563492063492069 355.67000000000002 5.2039993462146308 1.0000000180025095e-35 140.50000000000003 244.50000000000003 339.50000000000006 -54.499999999999993 11.500000000000002 1.5782516891891893 242.50000000000003 10.500000000000002 115.50000000000001 12.125531437030196 5.5000000000000009 8.6986589004665991
decision_type=2 2 2 2 2 2 2 2 2 2 2 2 2 2 2 2 2 2 2 2 2 2 2 2 2 2 2 2 2 2 2 2 2 2 2 2 2 2 2 2 2 2 2 2 2 2 2 2 2 2 2 2 2 2 2 2 2 2 2 2 2 2
left_child=1 2 6 7 60 -3 -1 -2 9 52 11 12 -11 -7 15 17 19 21 61 -17 -20 -5 47 24 25 38 28 -25 29 33 31 32 50 40 48 36 37 51 39 -24 57 42 43 -30 -38 -19 -33 -23 -35 -50 -31 -36 53 -9 56 -56 -6 -26 59 -59 -4 -16
right_child=3 5 4 14 54 13 -8 8 -10 10 -12 -13 -14 -15 18 16 -18 45 20 -21 -22 22 23 27 26 -27 -28 -29 41 30 -32 46 -34 34 35 -37 44 -39 -40 -41 -42 -43 -44 -45 -46 -47 -48 -49 49 -51 -52 -53 -54 -55 55 -57 -58 58 -60 -61 -62 -63
leaf_value=-0.0036072133497878356 -0.078522615484345012 -0.016824835070875708 0.011563095687270633 -0.045718160302515513 0.038509576853609437 0.0040071506458971562 -0.015395699501750052 -0.042246272051308216 -0.04128977063049466 0.039849396820568372 0.008995183620372332 0.02012110235889427 0.13697538041319521 -0.014252594317891696 0.020598749007148705 0.17655829468463879 0.0004551612649016715 0.01445122069484551 0.0046838158590686296 0.074102649121780551 -0.083669580995324136 0.012704948165043611 0.10711002130983727 0.03430228307145191 -0.01185441657100492 -0.051699526657154993 0.10673390931383496 -0.04001855575358379 0.10869150828771781 0.092073763285841895 0.15831595140102106 0.041746586180482236 0.14755844473322749 0.003205413519520767 0.06421650214224868 -0.10206595643835874 0.0033313192393151559 0.067641372962554971 -0.030806975193048643 -0.016494808125969592 0.1174864306053703 0.031586382770331316 0.17087440602442358 0.012415951670649943 -0.098909719623470699 0.088504993028142048 -0.069666173136352913 -0.061022386964653778 0.018338814654987969 0.10363999502251098 0.018999052435445071 -0.03458545842627158 0.019930391785427645 -0.00072022865012749031 -0.062589089661313768 0.050912900171588692 0.1172796211509519 0.058141298017449133 0.087080019290143321 -0.059479620286396563 0.00093529762029083299 0.066161920885441636
leaf_weight=5194 23 5784 2151 25 41 1011 2368 91 61 39 1559 1402 19 560 1460 22 27 31 51 47 25 90 31 49 39 49 35 56 35 32 23 19 23 73 15.999999999999998 20 24 35 19 14.999999999999998 21 69 19 29 24 85 20 29 50 42 73 49 235 661 17 47 41 18 53 15.999999999999998 1968 58
leaf_count=5194 23 5784 2151 25 41 1011 2368 91 61 39 1559 1402 19 560 1460 22 27 31 51 47 25 90 31 49 39 49 35 56 35 32 23 19 23 73 16 20 24 35 19 15 21 69 19 29 24 85 20 29 50 42 73 49 235 661 17 47 41 18 53 16 1968 58
internal_value=-2.58706e-05 -0.00635977 -0.00175394 0.0170475 0.00807737 -0.0137657 -0.00729913 0.010375 0.0108801 0.011676 0.0153743 0.0221835 0.0718819 -0.00250095 0.0260648 0.0326871 0.0770917 0.0294894 0.0201126 0.107007 -0.0244253 0.0257483 0.0272488 0.0308485 0.0347615 -0.000410254 0.0394419 -0.00531683 0.0365616 0.030483 0.0568815 0.0428131 0.0605542 0.0200197 0.008632 -0.0157229 -0.00398033 0.0170824 0.0382433 0.0668124 0.0457793 0.063305 0.0895798 0.0651853 -0.047847 0.0687615 -0.0153691 -0.00528158 0.0334363 0.0573726 0.0413549 -0.010173 0.00036152 -0.00575293 0.0529272 0.0206821 0.0780138 0.0337286 0.0541755 0.00271952 0.00648592 0.0223452
internal_weight=26298 19182 11827 7116 4265 7355 7562 4090 4067 4006 3019 1460 58 1571 3026 1432 96 1336 1594 69 76 1220 1195 1076 971 114 857 105 822 670 190 167 128 480 333 168 148 100 65 46 147 152 83 64 48 116 39 119 165 92 105 65 987 752 146 64 82 126 87 34 4119 1518
internal_count=26298 19182 11827 7116 4265 7355 7562 4090 4067 4006 3019 1460 58 1571 3026 1432 96 1336 1594 69 76 1220 1195 1076 971 114 857 105 822 670 190 167 128 480 333 168 148 100 65 46 147 152 83 64 48 116 39 119 165 92 105 65 987 752 146 64 82 126 87 34 4119 1518
is_linear=0
shrinkage=0.04


Tree=64
num_leaves=63
num_cat=0
split_feature=2 3 16 22 13 24 18 16 2 10 22 12 11 2 7 16 9 7 19 32 28 17 17 21 28 3 18 12 24 16 13 11 14 12 12 9 10 1 3 14 7 31 0 11 31 3 16 12 21 16 1 17 18 18 1 17 21 19 0 14 2 28
split_gain=1649.3 397.907 304.308 162.715 153.264 128.741 175.137 100.013 96.8841 96.6394 89.9816 103.36 92.3338 83.3237 109.207 94.9428 100.263 82.2379 111.244 103.532 88.8094 153.336 86.8502 83.3554 86.0578 81.8589 80.7094 88.8106 77.3956 73.6834 108.895 90.8225 73.2362 80.8397 80.7414 70.998 69.4067 69.1795 69.0729 82.827 101.98 66.7155 96.2249 83.5659 78.3248 72.679 69.2306 65.4243 64.7764 64.5737 62.0218 72.7931 60.491 68.0578 94.4713 93.5289 71.7335 69.9719 84.0507 74.2582 60.98 60.3826
threshold=9.5000000000000018 6.5000000000000009 11.16463158313516 5.5000000000000009 2.0117471105438716 6.5000000000000009 0.99423396477234982 6.5670401201796897 11.500000000000002 7.5500000000000007 4.5000000000000009 5.7390601804336789 7.27520231683883 12.500000000000002 285.50000000000006 12.840303133017812 13.964285714285717 216.50000000000003 -123.49999999999999 165.00000000000003 211.50000000000003 207.50000000000003 178.50000000000003 11.500000000000002 144.50000000000003 12.500000000000002 1.0560373831775702 5.7390601804336789 5.5000000000000009 15.516951024422003 6.0850768225306675 7.5655862454997722 11.480218960795368 4.598733700525794 4.7855092624608764 14.107142857142859 11.316666666666668 16.500000000000004 10.500000000000002 7.8935432666985319 193.50000000000003 129.37000000000003 10.500000000000002 5.8878405775519065 175.26500000000001 13.500000000000002 13.441347126595955 5.9188653501297903 -2.4999999999999996 11.944523693951396 3.5000000000000004 256.50000000000006 1.4763305322128855 1.9730636676945406 16.500000000000004 201.50000000000003 17.500000000000004 -83.499999999999986 11.500000000000002 11.227208318210215 18.500000000000004 280.50000000000006
decision_type=2 2 2 2 2 2 2 2 2 2 2 2 2 2 2 2 2 2 2 2 2 2 2 2 2 2 2 2 2 2 2 2 2 2 2 2 2 2 2 2 2 2 2 2 2 2 2 2 2 2 2 2 2 2 2 2 2 2 2 2 2 2
left_child=1 3 7 4 -1 6 -3 -2 41 25 11 38 -13 14 15 61 -17 19 -19 22 21 26 23 24 35 48 27 -20 -6 30 -26 -31 34 -34 -22 -15 -28 -32 -11 40 -40 43 45 46 -44 -43 -4 -5 -8 -30 51 -41 -24 54 60 -55 57 59 -59 -57 -54 -10
right_child=2 5 8 47 28 -7 9 -9 13 10 -12 12 -14 17 -16 16 -18 18 20 -21 32 -23 52 -25 29 -27 36 -29 49 31 37 -33 33 -35 -36 -37 -38 -39 39 50 -42 42 44 -45 -46 -47 -48 -49 -50 -51 -52 -53 53 55 -56 56 -58 58 -60 -61 -62 -63
leaf_value=-0.012250066666962161 -0.0089320271210480626 -0.12885400252922483 0.027345484546929307 -0.018444247976200239 0.0026796035813396353 -0.005300726960383341 -0.010146478289795294 0.012017979424250291 0.0033847561043776654 0.030862978162040131 -0.00045808586236829494 0.10989789494468123 0.012486434572044458 -0.0065305525525498785 0.01689022601849987 0.18774155591053984 0.075505327040335204 0.11964874506985992 0.010826773684778255 -0.030122332381318454 0.13870703577430327 -0.09578168829501664 0.10432443365376656 0.042943718292015438 -0.0076477468954576 0.062321050688830766 0.073584908770211635 0.11615348772289825 -0.0084411308338551063 0.09990873722512035 -0.12675713063948657 -0.028637513429420426 -0.053597682947697844 0.037145807734408641 0.053985612495596441 0.10552903489677945 0.011059533892870534 -0.025272408324386434 0.11558865574015167 0.0090084774468140588 0.019381995889917517 0.14089334836480213 0.06314866133449365 -0.054332174011405901 -0.0048417631299273699 0.029483613987669556 -0.062284193560045359 0.0035247027533643078 0.0055479672148082962 0.047846992071661702 -0.0062346427903425816 0.094808092074156886 -0.010111897845497335 0.13379916177773327 -0.066074334857948266 -0.064096303895033527 0.098930015027285573 0.11089256730190544 0.027867718354903443 0.021916911856629834 0.078682419321925393 0.088044576325179064
leaf_weight=4825 398 14.999999999999998 71 3506 2517 2116 562 4322 28 423 385 39 26 18 67 21 33 24 23 66 21 18 19 72 100 36 31 29 2165 17 25 18 15.999999999999998 641 127 18 331 19 23 56 75 17 34 51 132 21 17 231 1673 33 337 22 28 15.999999999999998 25 18 25 30 56 142 22 26
leaf_count=4825 398 15 71 3506 2517 2116 562 4322 28 423 385 39 26 18 67 21 33 24 23 66 21 18 19 72 100 36 31 29 2165 17 25 18 16 641 127 18 331 19 23 56 75 17 34 51 132 21 17 231 1673 33 337 22 28 16 25 18 25 30 56 142 22 26
internal_value=-2.45499e-05 -0.0061947 0.0162385 -0.0100102 -0.0072382 0.00255722 0.00708595 0.0102509 0.0274831 0.00764759 0.0159709 0.0222911 0.0710431 0.0306059 0.0570816 0.0819579 0.119456 0.0282797 0.0344778 0.0176256 0.0328141 0.018169 0.02235 0.00572055 -0.00674976 0.00256649 0.0231501 0.0697153 -0.00210883 -0.0181114 -0.0307692 0.033849 0.0406677 0.0349251 0.0661059 0.049581 0.0164383 -0.0831362 0.0188962 0.0090209 0.0420763 0.00771782 0.022279 -0.0136389 0.00910158 0.0796163 0.00995692 -0.0170857 0.00160036 -0.00759299 0.00120197 0.0333244 0.0348666 0.0311877 -0.00271277 0.0400516 0.034462 0.0278647 0.0569483 0.0121939 0.0289967 0.0442713
internal_weight=26298 19065 7233 13277 9540 5788 3672 4720 2513 3657 1386 1001 65 2170 175 108 54 1995 1261 734 1237 432 668 287 215 2271 414 52 4715 179 144 35 805 657 148 36 362 44 936 513 98 343 204 139 166 38 88 3737 2235 2198 415 78 381 362 75 287 271 246 86 160 50 54
internal_count=26298 19065 7233 13277 9540 5788 3672 4720 2513 3657 1386 1001 65 2170 175 108 54 1995 1261 734 1237 432 668 287 215 2271 414 52 4715 179 144 35 805 657 148 36 362 44 936 513 98 343 204 139 166 38 88 3737 2235 2198 415 78 381 362 75 287 271 246 86 160 50 54
is_linear=0
shrinkage=0.04


Tree=65
num_leaves=63
num_cat=0
split_feature=3 2 16 24 18 29 22 13 2 19 19 13 24 13 11 7 1 18 0 20 6 6 12 7 7 21 22 13 11 16 11 23 21 7 21 13 23 16 3 29 5 23 7 31 3 6 19 11 24 5 13 4 19 31 15 23 5 18 15 12 23 22
split_gain=1467.81 375.591 252.513 130.435 121.558 147.797 119.102 105.898 103.521 112.616 120.39 102.669 102.614 127.562 100.868 140.881 90.4153 101.531 100.437 97.0331 105.067 91.032 81.9629 76.2946 117.332 92.2115 120.744 105.487 98.7078 120.548 90.894 85.5781 110.701 102.673 80.0591 76.162 75.9884 78.41 75.6206 104.704 74.0175 84.341 71.5471 84.3473 83.0576 85.8903 70.7832 84.675 70.3818 68.248 67.1609 66.301 116.733 130.468 108.511 88.2381 76.7698 70.8129 66.2848 156.9 66.2836 66.1082
threshold=9.5000000000000018 5.5000000000000009 12.036790982486872 7.5000000000000009 1.0136060718252502 2.5000000000000004 2.5000000000000004 2.7659672291340862 18.500000000000004 -125.49999999999999 -121.49999999999999 1.5844067746592787 5.5000000000000009 4.1049451534269839 4.577377082170643 390.50000000000006 10.500000000000002 5.2667410714285721 17.500000000000004 -3.4999999999999996 412.50000000000006 388.50000000000006 5.5699842663482269 363.50000000000006 342.50000000000006 11.500000000000002 3.5000000000000004 6.2484939739696008 7.9162280580252746 16.201852642656132 7.1280799525204417 13.500000000000002 7.5000000000000009 207.50000000000003 1.0000000180025095e-35 5.8562275324653248 9.5000000000000018 11.835311632655239 13.500000000000002 20.500000000000004 273.50000000000006 21.500000000000004 98.500000000000014 175.26500000000001 11.500000000000002 436.50000000000006 -97.499999999999986 6.6332495807107899 3.5000000000000004 80.500000000000014 5.7929802942574513 472.50000000000006 93.500000000000014 376.18000000000006 15.528374825087035 3.5000000000000004 381.50000000000006 3.0830200501253135 9.5719749281610742 4.127767137141034 27.500000000000004 2.5000000000000004
decision_type=2 2 2 2 2 2 2 2 2 2 2 2 2 2 2 2 2 2 2 2 2 2 2 2 2 2 2 2 2 2 2 2 2 2 2 2 2 2 2 2 2 2 2 2 2 2 2 2 2 2 2 2 2 2 2 2 2 2 2 2 2 2
left_child=1 6 4 7 5 -2 11 -3 14 -10 -11 -1 13 49 15 -4 18 19 60 -18 21 58 -8 24 25 28 27 35 29 31 -29 33 -33 -12 -35 -27 37 -14 -25 -40 -30 -42 -16 44 -44 46 47 50 -22 -6 -46 52 55 56 -55 -45 -54 -58 59 -21 -15 -9
right_child=2 3 8 -5 12 -7 22 61 9 10 23 -13 36 16 42 -17 17 -19 -20 20 48 -23 -24 38 -26 26 -28 30 40 -31 -32 32 -34 34 -36 -37 -38 -39 39 -41 41 -43 43 51 45 -47 -48 -49 -50 -51 -52 -53 53 54 -56 -57 57 -59 -60 -61 -62 -63
leaf_value=-0.014353649908315138 -0.1306661732769131 -0.0021897482267142438 0.10704936230899625 -0.00745851609081573 0.079011996590713562 -0.0077534868961145111 -0.01380009386183498 0.014694102282043044 -0.03793646868861867 0.14030424690958279 0.005921206629479309 0.0018155277784323285 0.018565172871523965 0.048892912006352506 0.086213117288850644 -0.02220272258938295 -0.028092831838439636 0.10397459378808885 -0.0040585384030580231 0.10002919071557508 0.14722713278618871 -0.066008231240699738 0.0085608127919324251 0.14347531442242767 -0.053800236786598767 0.051193482130059698 0.15471782344777438 -0.048078562687923557 0.028584535628854237 0.11084955690805785 0.050046965112793926 0.02580099050772227 -0.060555198518271298 0.044914757078848892 0.13210778070758808 0.16370936004990375 0.0012726911825235831 -0.061496136520632461 0.011066501410910329 0.096534695419600997 -0.12019687194921817 0.0054805055626651698 -0.03004289543170453 0.081483941438334942 -0.010185484744926199 0.075288584759673594 0.016508699981843046 0.011890744823969466 0.042101802796218259 0.0081833441357381416 -0.1082088747657681 -0.04571001063603225 0.10981003708279077 0.061584895166180868 -0.087671709960659622 0.013212160524079135 0.08414583231823379 -0.01965174012421244 0.024487071900458113 -0.043282896054315845 0.0081370650418856848 0.0032806775866673671
leaf_weight=941 20 2603 46 2274 22 71 7992 1528 28 20 41 1890 737 473 24 19 81 20 82 14.999999999999998 14.999999999999998 22 271 19 23 21 21 21 30 32 53 129 29 36 32 18 1752 20 44 48 17 17 89 33 21 32 319 53 32 1484 24 19 65 16.000000000000004 14.999999999999998 360 25 18 359 64 74 1734
leaf_count=941 20 2603 46 2274 22 71 7992 1528 28 20 41 1890 737 473 24 19 81 20 82 15 15 22 271 19 23 21 21 21 30 32 53 129 29 36 32 18 1752 20 44 48 17 17 89 33 21 32 319 53 32 1484 24 19 65 16 15 360 25 18 359 64 74 1734
internal_value=-8.53484e-05 -0.00585262 0.0153201 0.000673236 0.0109029 -0.034903 -0.0106404 0.00382652 0.0280269 0.04047 0.0438507 -0.00355858 0.0116976 0.0170452 0.0208502 0.0692612 0.0265635 0.0155545 0.0371976 0.0125264 0.0190241 0.0131896 -0.0130664 0.0407686 0.0343229 0.038415 0.0667778 0.0502949 0.027924 0.0375743 0.0221462 0.0287465 0.00990988 0.0559986 0.0861099 0.103461 0.00584999 0.0164395 0.0708887 0.0557367 -0.0171179 -0.0574677 0.0180152 0.0165026 0.00523048 0.0122319 0.00737132 -0.0223379 0.0759363 0.00922453 -0.062633 0.0275021 0.0301287 0.0616296 -0.0106214 0.0189693 0.0823774 0.0407045 0.0171863 -0.0159544 0.0433855 0.0086279
internal_weight=26433 19233 7200 8139 5343 91 11094 5865 1857 679 651 2831 5252 2743 1178 65 1237 608 629 588 507 460 8263 631 520 497 134 113 363 299 74 267 158 109 68 39 2509 757 111 92 64 34 1113 1089 538 449 417 98 47 1506 45 551 532 139 31 393 108 43 438 79 547 3262
internal_count=26433 19233 7200 8139 5343 91 11094 5865 1857 679 651 2831 5252 2743 1178 65 1237 608 629 588 507 460 8263 631 520 497 134 113 363 299 74 267 158 109 68 39 2509 757 111 92 64 34 1113 1089 538 449 417 98 47 1506 45 551 532 139 31 393 108 43 438 79 547 3262
is_linear=0
shrinkage=0.04


Tree=66
num_leaves=63
num_cat=0
split_feature=3 2 10 13 18 29 10 24 4 24 2 19 19 25 13 7 19 19 3 5 24 2 21 21 11 21 29 3 18 3 7 4 11 1 10 3 2 7 0 18 1 2 13 24 17 11 5 10 6 11 18 3 4 11 6 10 0 3 6 7 12 1
split_gain=1352.86 346.145 236.724 121.485 112.375 136.265 108.819 123.482 103.988 96.474 92.7682 104.662 110.229 87.4469 92.0148 82.9423 80.8464 85.7089 98.0609 80.5692 79.4616 77.4259 75.8387 89.7817 119.504 85.2344 104.203 88.5616 72.7145 71.6851 126.156 76.9978 76.3151 90.6376 92.5697 76.9488 69.1401 90.8098 68.6158 67.9641 72.4685 67.5616 65.5849 65.269 64.6688 65.0098 120.305 88.9212 72.9581 72.0716 64.2882 65.7848 140.566 136.362 123.142 121.527 102.998 90.9337 89.4671 109.941 81.7375 91.8285
threshold=9.5000000000000018 5.5000000000000009 12.183333333333335 2.7659672291340862 1.0136060718252502 2.5000000000000004 8.2500000000000018 5.5000000000000009 170.50000000000003 8.5000000000000018 18.500000000000004 -125.49999999999999 -121.49999999999999 1.0000000180025095e-35 2.9283591560279203 424.50000000000006 -85.499999999999986 -83.499999999999986 14.500000000000002 92.500000000000014 5.5000000000000009 20.500000000000004 11.500000000000002 13.500000000000002 6.29436633975555 23.500000000000004 33.500000000000007 18.500000000000004 4.4068287037037051 11.500000000000002 452.50000000000006 152.50000000000003 8.1722494598579498 23.500000000000004 14.850000000000003 15.500000000000002 13.500000000000002 276.50000000000006 22.500000000000004 4.8758561643835625 7.5000000000000009 22.500000000000004 1.8742048122232902 1.5000000000000002 69.500000000000014 7.9162280580252746 269.50000000000006 16.31666666666667 128.50000000000003 6.9041050590693098 1.0642580645161293 17.500000000000004 262.50000000000006 4.9569575922564271 298.50000000000006 14.716666666666667 10.500000000000002 19.500000000000004 166.50000000000003 180.50000000000003 5.0903917248172492 16.500000000000004
decision_type=2 2 2 2 2 2 2 2 2 2 2 2 2 2 2 2 2 2 2 2 2 2 2 2 2 2 2 2 2 2 2 2 2 2 2 2 2 2 2 2 2 2 2 2 2 2 2 2 2 2 2 2 2 2 2 2 2 2 2 2 2 2
left_child=1 9 4 -3 5 -2 -6 16 19 13 29 -12 -13 42 -15 22 -8 18 -18 -9 38 -17 44 -24 -25 26 41 -28 -10 30 31 -4 33 50 -35 -34 -37 -38 -5 43 -41 -26 -1 -19 -14 47 -47 48 -46 -49 -31 53 -53 54 -52 58 -55 -57 -54 -60 -58 -62
right_child=2 3 10 20 6 -7 7 8 28 -11 11 12 15 14 -16 21 17 39 -20 -21 -22 -23 23 24 25 -27 27 -29 -30 32 -32 -33 35 34 -36 36 37 -39 -40 40 -42 -43 -44 -45 45 46 -48 49 -50 -51 51 52 55 56 -56 57 60 -59 59 -61 61 -63
leaf_value=-0.0074979985964130861 -0.12546553126318538 -0.0048777734841869771 0.078243003525722651 0.0093498074083966966 0.002327645944830157 -0.0074437838298191342 -0.0041235242650961472 -0.04911780639282335 0.0011305107796042043 -0.016217415891789603 -0.036424410943458933 0.13472000187902308 0.10024329317867427 -0.016395454418794995 -0.0051364559158794667 0.033856104760620724 0.029023553764677613 -0.0035820077462372165 0.15154480264990369 0.031355428231007003 -0.00045181299139777345 0.14069641704381255 0.12099983168004755 0.10298918054689227 -0.0017769051527048085 0.086204757649145078 -0.017466568899470448 0.11741604859784524 0.040049660814381709 -0.033497641807569256 -0.11390034456916205 -0.0038703530591082521 -0.061826976296219416 0.031811412427561137 0.14158729163230274 -0.042914248068295219 0.11297950259888369 -0.019902641678488018 0.072247785749808752 0.002893720063549733 0.10517460962507955 -0.10871232697312136 0.0040210025704924138 0.024538965784127217 -0.055025049066016685 0.039589020784763868 -0.065894625574962146 0.14270649302068181 0.027915900642068149 0.032289341039058422 0.13303185252844379 -0.010858989886349672 0.097027813477041841 0.076243588514169333 0.032238463038061507 0.018722075654574087 -0.030774695355674519 0.12760742623921473 -0.09327777468767133 0.020395968882673584 0.043486744110844258 -0.0076029763851806478
leaf_weight=1981 20 3573 21 2317 1541 71 169 21 1455 3091 28 20 18 2616 2090 20 25 145 18 350 2221 24 30 39 23 23 15.000000000000002 15.999999999999998 81 29 14.999999999999998 136 31 28 22 19 18 14.999999999999998 28 17 32 15.999999999999998 1316 1463 18 35 34 19 270 19 41 178 19 57 37 19 47 35 15.999999999999998 88 170 84
leaf_count=1981 20 3573 21 2317 1541 71 169 21 1455 3091 28 20 18 2616 2090 20 25 145 18 350 2221 24 30 39 23 23 15 16 81 29 15 136 31 28 22 19 18 15 28 17 32 16 1316 1463 18 35 34 19 270 19 41 178 19 57 37 19 47 35 16 88 170 84
internal_value=-8.16683e-05 -0.00561851 0.0147082 0.000646301 0.0105322 -0.0335138 0.011287 0.0149427 0.00777945 -0.0102148 0.0273085 0.0391318 0.0424508 -0.00789595 -0.0113958 0.0394451 0.0222497 0.0248728 0.0805905 0.0267829 0.00496947 0.0923649 0.0353767 0.0585789 0.0442963 0.0195775 -0.00237749 0.0522397 0.00318666 0.020294 -0.00346149 0.00714304 0.0245834 0.0280801 0.0803389 -0.0120347 0.0176725 0.0526405 0.0101047 0.0234209 0.0698083 -0.0458648 -0.00289959 0.0220019 0.0262588 0.0228578 -0.0123796 0.0303237 0.0227078 0.0877801 0.0248818 0.0270286 0.0142297 0.0374395 0.0853477 0.0394633 0.0269749 0.0894383 0.017452 0.00281568 0.0176161 0.0265867
internal_weight=26433 19233 7200 8139 5408 91 5317 3776 1907 11094 1792 667 639 8003 4706 619 1869 1700 43 371 4566 44 575 162 132 93 70 31 1536 1125 172 157 953 870 50 83 52 33 2345 1657 49 39 3297 1608 413 395 69 326 288 38 820 791 355 436 78 177 358 54 123 104 301 254
internal_count=26433 19233 7200 8139 5408 91 5317 3776 1907 11094 1792 667 639 8003 4706 619 1869 1700 43 371 4566 44 575 162 132 93 70 31 1536 1125 172 157 953 870 50 83 52 33 2345 1657 49 39 3297 1608 413 395 69 326 288 38 820 791 355 436 78 177 358 54 123 104 301 254
is_linear=0
shrinkage=0.04


Tree=67
num_leaves=63
num_cat=0
split_feature=3 2 10 24 22 18 29 10 24 4 2 19 19 19 10 5 10 19 3 12 5 18 18 26 29 9 8 8 22 22 24 4 12 6 1 1 6 10 1 19 9 16 12 2 10 18 10 11 12 10 22 21 10 6 6 24 32 3 4 22 11 4
split_gain=1246.92 319.011 218.899 116.664 112.973 102.804 127.204 103.695 106.544 97.6686 93.4378 100.791 97.7815 84.9872 82.0696 80.5711 79.9003 76.2726 90.1957 75.6698 85.28 72.3387 74.8275 72.2127 71.0538 69.3982 67.774 67.2789 66.9724 65.0219 64.6522 63.6217 64.2034 63.2844 62.1739 107.001 104.361 86.9918 83.6028 100.5 116.146 73.8909 60.6841 59.205 96.1016 68.6518 57.8537 56.9384 56.4142 55.4049 56.8084 54.4931 66.7149 63.7323 67.7941 60.9016 63.7966 53.1228 106.079 81.6154 65.3009 61.4189
threshold=9.5000000000000018 5.5000000000000009 12.450000000000001 6.5000000000000009 5.5000000000000009 1.0136060718252502 2.5000000000000004 8.2500000000000018 5.5000000000000009 170.50000000000003 18.500000000000004 -125.49999999999999 -121.49999999999999 -85.499999999999986 3.3166666666666669 92.500000000000014 6.2166666666666677 -83.499999999999986 14.500000000000002 7.6891888265186079 377.50000000000006 4.8758561643835625 1.0378583128583132 1.0000000180025095e-35 20.500000000000004 12.607142857142859 7.5000000000000009 11.500000000000002 1.5000000000000002 2.5000000000000004 1.5000000000000002 206.50000000000003 4.0191847623425092 113.50000000000001 21.500000000000004 23.500000000000004 266.50000000000006 16.483333333333338 11.500000000000002 -80.499999999999986 15.392857142857144 16.685695271869811 3.975888870138641 13.500000000000002 10.15 3.6678921568627456 7.8166666666666673 7.5655862454997722 4.65100721692282 5.8166666666666673 1.5000000000000002 13.500000000000002 15.750000000000002 294.50000000000006 388.50000000000006 6.5000000000000009 104.50000000000001 11.500000000000002 233.50000000000003 3.5000000000000004 9.2902918235913159 115.50000000000001
decision_type=2 2 2 2 2 2 2 2 2 2 2 2 2 2 2 2 2 2 2 2 2 2 2 2 2 2 2 2 2 2 2 2 2 2 2 2 2 2 2 2 2 2 2 2 2 2 2 2 2 2 2 2 2 2 2 2 2 2 2 2 2 2
left_child=1 4 5 16 14 6 -2 31 13 15 48 -12 -13 -9 -1 -10 -3 18 -15 34 24 22 -19 27 -21 29 -11 -17 43 -16 -24 32 46 -23 37 -36 -37 38 39 -14 -41 -39 -6 44 -18 -45 -7 51 -4 -5 -51 52 53 55 -55 -40 -57 58 -50 -60 61 -59
right_child=2 3 10 49 42 7 -8 8 9 26 11 12 19 17 25 23 28 21 -20 20 -22 33 30 -25 -26 -27 -28 -29 -30 -31 -32 -33 -34 -35 35 36 -38 41 47 40 -42 -43 -44 45 -46 -47 -48 -49 57 50 -52 -53 -54 54 -56 56 -58 60 59 -61 -62 -63
leaf_value=-0.015302546817486841 -0.12047187750612326 -0.0013598927377627787 0.082707845033293939 -0.013892392532502757 -0.018700023505871004 -0.012096435845424008 -0.0067879281136960243 -0.0035403379951340743 -0.04791572449433857 0.056312688673575098 -0.034972618606166905 0.12935801328711249 0.081590121015683054 0.026259718639535544 0.00070920981723999554 0.064577572492824073 0.020200252574631327 0.091118710461493835 0.13841258224563219 -0.010768013862018311 -0.071273951925625467 0.040432764615378557 -0.0055901796393132896 0.01481141904602642 0.066130240093142709 0.080796855917040084 0.0023106952292064596 0.00025526283010615322 0.0048840144705454853 -0.0081173047126288107 0.022564659863999574 0.0078181956063451893 -0.059483633247886115 0.13831933534697982 0.13156923015096669 0.09145384188611709 -0.047695169575167021 0.16815445331548223 0.030056027006996375 0.050488004290194434 -0.065111654616151177 0.042210193256668693 -0.0071834113063476406 -0.021153670269232067 0.10328995068868002 0.070646781846387494 0.024979654807012065 -0.035887388809140761 0.036307996396217408 0.0088214525850815462 -0.0066126463770758703 -0.046748243451907937 0.11285538566033573 0.098486247875299485 0.0053332679658704462 0.025296695148735712 -0.077589487403766061 -0.028158567074017645 -0.0778967733825673 -0.000453767565006353 -0.053170167207717889 0.025897044090236153
leaf_weight=1505 20 2409 22 949 2668 374 73 200 22 38 28 20 100 27 2043 124 638 24 20 41 18 36 143 200 36 14.999999999999998 1557 33 2198 3853 1475 1047 38 14.999999999999998 34 20 14.999999999999998 15 67 51 19 15 1010 95 23 14.999999999999998 82 27 63 546 1266 14.999999999999998 14.999999999999998 31 21 17 22 35 36 55 18 796
leaf_count=1505 20 2409 22 949 2668 374 73 200 22 38 28 20 100 27 2043 124 638 24 20 41 18 36 143 200 36 15 1557 33 2198 3853 1475 1047 38 15 34 20 15 15 67 51 19 15 1010 95 23 15 82 27 63 546 1266 15 15 31 21 17 22 35 36 55 18 796
internal_value=-7.81409e-05 -0.00539377 0.0141208 0.000620476 -0.00980621 0.0103141 -0.0313607 0.0110255 0.014486 0.00794126 0.0269027 0.0390692 0.0425388 0.0211436 -0.00696291 0.0261919 0.00405204 0.023982 0.0742193 0.0395146 0.00684204 0.0225819 0.02112 0.0307765 0.0251976 -0.00483899 0.00360197 0.0510791 0.00844377 -0.00505856 0.0200749 0.00223455 -0.00959477 0.0694764 0.0459208 0.0811076 0.0317956 0.0400475 0.0349083 0.0558699 0.0190343 0.105598 -0.0155383 0.0185875 0.0231096 -0.00856447 -0.00542084 0.0183065 0.0194554 -0.00606285 -0.00196064 0.0261152 0.0324678 0.0247569 0.0609876 0.00692371 -0.0327405 0.0180579 -0.00354342 -0.0311644 0.0219784 0.0236148
internal_weight=26433 19233 7200 8139 11094 5548 93 5455 3914 1974 1652 627 599 1940 7416 379 5378 1740 47 579 95 1693 1642 357 77 5911 1595 157 2969 5896 1618 1541 494 51 484 69 35 415 385 170 70 30 3678 771 661 110 456 215 1025 2761 1812 188 173 158 52 106 39 1003 154 91 849 831
internal_count=26433 19233 7200 8139 11094 5548 93 5455 3914 1974 1652 627 599 1940 7416 379 5378 1740 47 579 95 1693 1642 357 77 5911 1595 157 2969 5896 1618 1541 494 51 484 69 35 415 385 170 70 30 3678 771 661 110 456 215 1025 2761 1812 188 173 158 52 106 39 1003 154 91 849 831
is_linear=0
shrinkage=0.04


Tree=68
num_leaves=63
num_cat=0
split_feature=3 25 10 10 12 0 26 26 18 31 10 24 4 23 7 1 4 14 26 5 19 19 3 20 11 31 26 8 24 3 18 20 21 7 19 15 11 6 11 24 13 12 21 23 3 13 18 13 12 17 23 12 20 1 3 24 13 3 30 12 12 14
split_gain=1149.24 270.079 243.33 201.944 136.935 108.647 97.9994 138.637 95.5278 110.044 92.2779 105.316 88.326 93.0983 87.5137 80.4948 76.1273 75.7153 74.5534 69.0321 68.7936 73.3178 83.6781 68.7757 67.7295 67.033 62.7585 72.7609 62.5408 62.0755 114.94 99.3653 80.3274 64.506 61.8856 61.7188 120.52 90.935 92.8519 71.0751 67.5124 66.389 63.096 69.3657 60.199 59.8026 58.914 59.0607 66.0741 87.0233 118.259 79.2288 65.1287 85.0815 105.326 79.7586 77.2126 69.1849 63.3536 60.7399 60.6964 70.0723
threshold=9.5000000000000018 1.0000000180025095e-35 4.7833333333333341 12.183333333333335 3.0282552188231553 18.500000000000004 1.0000000180025095e-35 0.6078576107927941 1.0136060718252502 83.690000000000012 8.2500000000000018 5.5000000000000009 170.50000000000003 9.5000000000000018 250.50000000000003 2.5000000000000004 400.50000000000006 7.7153292517560699 1.0000000180025095e-35 104.50000000000001 -85.499999999999986 -83.499999999999986 14.500000000000002 -2.4999999999999996 4.8989794855663611 90.910000000000011 1.0000000180025095e-35 11.500000000000002 6.5000000000000009 11.500000000000002 1.1853345280764638 8.5000000000000018 4.5000000000000009 211.50000000000003 -52.499999999999993 8.6164495451703527 4.2201331506865847 390.50000000000006 4.6547466812563192 5.5000000000000009 3.8625820677216747 3.8430756913220887 6.5000000000000009 15.500000000000002 13.500000000000002 5.8562275324653248 5.5136029411764715 5.4128412288625185 5.2456156470412081 119.50000000000001 4.5000000000000009 5.1845077759726559 -1.0000000180025095e-35 9.5000000000000018 10.500000000000002 2.5000000000000004 4.1267281298228502 15.500000000000002 1.0000000180025095e-35 4.9280538030458212 3.9557997482622462 10.836609324272663
decision_type=2 2 2 2 2 2 2 2 2 2 2 2 2 2 2 2 2 2 2 2 2 2 2 2 2 2 2 2 2 2 2 2 2 2 2 2 2 2 2 2 2 2 2 2 2 2 2 2 2 2 2 2 2 2 2 2 2 2 2 2 2 2
left_child=1 2 18 8 -3 6 35 -8 9 -2 -10 20 19 17 -7 -9 -17 -14 -1 44 23 22 -22 -12 -25 -26 27 -21 45 30 -5 -31 33 -33 -18 36 39 38 41 40 -4 -37 -40 -44 -13 -6 47 48 51 -50 -51 52 53 54 55 -23 -54 59 -52 -56 -58 -62
right_child=3 4 5 29 28 14 7 15 10 -11 11 12 13 -15 -16 16 34 -19 -20 26 21 46 -24 24 25 -27 -28 -29 -30 31 -32 32 -34 -35 -36 37 -38 -39 42 -41 -42 -43 43 -45 -46 -47 -48 -49 49 50 58 -53 56 -55 57 -57 60 -59 -60 -61 61 -63
leaf_value=-0.0021534642278888201 -0.086442799306663001 -0.016552857560193254 0.015761856600959315 0.095154204617685353 -0.0040102307951086508 0.0023533832474260143 -0.0096886670658651291 -0.0030140198617992055 0.0021450118343470013 0.0038538333438934494 -0.071386211843569691 0.014508440052845562 0.06382408604055001 -0.0035639610154389722 0.13160321846058232 0.0078766566463199586 0.10848627901913827 0.012188178965660892 -0.011962932371035186 0.065309945232672154 0.026821032592143669 0.036406500363192026 0.14001058745697059 -0.069058458212523433 -0.044685697247625882 0.029137196264792338 0.015556179149584338 -0.0056287911298758386 -0.013008319019447325 0.030516579576928663 -0.0056077170215347695 -0.10217537894177793 0.022960001856301135 -0.0088161422993309323 0.028088576704076315 0.0021062859737108553 -0.038899768626647895 0.09072554139032106 -0.040602734659282665 0.0019168174624074074 0.093758388951997063 0.064810833560496231 -0.016196339956093656 0.094034201214645105 -0.084567240409969546 0.017099011252090141 0.079049961874493507 0.065756596308325449 -0.066303691210103613 -0.079787735063317836 -0.040793794061971735 0.081727494602476358 0.00060577737434678192 0.015159059208124841 0.035338753966254549 0.15536925887648675 0.083328381770211402 0.093919581705549635 0.032745340994364797 -0.043238048135188584 0.035645167501814574 0.0015645694727283296
leaf_weight=2089 35 3742 982 20 2186 14.999999999999998 1592 1149 1541 56 21 25 51 1072 19 1473 17 413 3051 113 25 14.999999999999998 18 17 24 107 188 29 1231 1484 183 20 56 29 151 42 85 33 51 955 18 76 23 14.999999999999998 15.999999999999998 238 28 45 29 21 22 35 384 264 197 23 27 30 123 17 231 166
leaf_count=2089 35 3742 982 20 2186 15 1592 1149 1541 56 21 25 51 1072 19 1473 17 413 3051 113 25 15 18 17 24 107 188 29 1231 1484 183 20 56 29 151 42 85 33 51 955 18 76 23 15 16 238 28 45 29 21 22 35 384 264 197 23 27 30 123 17 231 166
internal_value=-7.48038e-05 -0.00517798 -0.00143055 0.0135567 -0.0111739 0.00359414 0.00322925 -0.00026981 0.00969954 -0.0309105 0.0103955 0.0137619 0.00714642 0.0029135 0.074814 0.00510412 0.0107893 0.0178805 -0.00797667 0.0246605 0.0205101 0.0229298 0.074464 -0.00381715 0.00579857 0.0155734 0.0307448 0.0508146 -0.00566606 0.0251946 0.00435168 0.0278557 -0.00972615 -0.0470932 0.0362957 0.00995478 0.00769527 0.0291411 0.0192746 0.00972405 0.017177 0.0425299 -0.011549 0.0273958 -0.0242183 -0.00193618 0.0215868 0.0205931 0.0193047 -0.00248872 0.00868084 0.0223657 0.0208238 0.0314982 0.0467765 0.108682 0.0136052 0.0370868 0.0215535 0.0290701 0.0253706 0.0214039
internal_weight=26433 19233 11836 7200 7397 6696 6662 4382 5408 91 5317 3776 1907 1536 34 2790 1641 464 5140 371 1869 1700 43 169 148 131 330 142 3655 1792 203 1589 105 49 168 2280 2040 240 207 1955 1000 118 89 38 41 2424 1657 1629 1584 195 166 1389 1354 546 282 38 808 244 145 214 424 397
internal_count=26433 19233 11836 7200 7397 6696 6662 4382 5408 91 5317 3776 1907 1536 34 2790 1641 464 5140 371 1869 1700 43 169 148 131 330 142 3655 1792 203 1589 105 49 168 2280 2040 240 207 1955 1000 118 89 38 41 2424 1657 1629 1584 195 166 1389 1354 546 282 38 808 244 145 214 424 397
is_linear=0
shrinkage=0.04


Tree=69
num_leaves=63
num_cat=0
split_feature=3 2 10 24 22 14 10 2 7 13 3 10 17 10 4 13 24 6 23 29 18 22 7 4 4 23 14 15 18 7 21 11 16 7 20 22 6 11 4 21 1 11 9 7 6 11 6 9 2 7 1 7 14 10 1 29 18 10 3 9 13 24
split_gain=1059.17 268.382 186.817 105.039 101.836 92.0822 90.1685 84.7325 92.6068 82.9986 79.1681 78.4017 95.4759 78.035 90.7056 80.9955 76.1752 73.9827 72.9395 78.265 72.8748 72.0038 67.2582 66.4385 71.3846 70.923 81.9402 71.8505 63.5457 62.4821 75.749 102.476 132.962 93.2781 86.5831 81.387 75.2851 80.1367 73.9564 63.467 63.415 60.645 60.5151 58.7862 58.7367 77.3853 58.2608 65.312 57.4882 82.2841 77.8932 59.7455 57.0403 68.204 88.8019 57.9936 56.6507 76.6431 60.5647 56.4254 56.1134 55.5551
threshold=9.5000000000000018 5.5000000000000009 12.450000000000001 7.5000000000000009 5.5000000000000009 4.1127283609103573 6.2166666666666677 18.500000000000004 363.50000000000006 1.8307714597761884 13.500000000000002 12.91666666666667 65.500000000000014 7.8166666666666673 206.50000000000003 5.9209835310239018 5.5000000000000009 220.50000000000003 22.500000000000004 11.500000000000002 1.6822673286604364 1.5000000000000002 98.500000000000014 172.50000000000003 65.500000000000014 9.5000000000000018 11.720432532994115 11.579528106657017 4.9708013640238713 342.50000000000006 11.500000000000002 7.4290285986051874 15.263003336440795 235.50000000000003 5.5000000000000009 3.5000000000000004 185.50000000000003 6.29436633975555 364.50000000000006 17.500000000000004 12.500000000000002 7.1280799525204417 12.607142857142859 255.50000000000003 279.50000000000006 3.8172540616821204 193.50000000000003 13.964285714285717 22.500000000000004 184.50000000000003 21.500000000000004 236.50000000000003 7.7153292517560699 10.516666666666667 13.500000000000002 11.500000000000002 1.8826673127351501 6.9166666666666679 8.5000000000000018 7.7500000000000009 2.1827431860143247 5.5000000000000009
decision_type=2 2 2 2 2 2 2 2 2 2 2 2 2 2 2 2 2 2 2 2 2 2 2 2 2 2 2 2 2 2 2 2 2 2 2 2 2 2 2 2 2 2 2 2 2 2 2 2 2 2 2 2 2 2 2 2 2 2 2 2 2 2
left_child=1 4 5 6 9 -2 -3 22 11 -1 -10 17 -13 14 59 16 28 -9 19 -12 -21 44 -4 24 -18 26 27 52 -15 30 31 32 33 38 48 36 39 -38 -14 -32 -34 -39 -11 -17 -8 56 -35 -48 -33 -50 51 -51 -25 -54 -55 -56 -46 -58 -59 -7 -6 -43
right_child=2 3 7 -5 60 13 21 8 10 42 18 12 29 15 -16 43 23 -19 -20 20 -22 -23 -24 25 -26 -27 -28 -29 -30 -31 35 34 40 46 -36 -37 37 41 -40 -41 -42 61 -44 -45 45 -47 47 -49 49 50 -52 -53 53 54 55 -57 57 58 -60 -61 -62 -63
leaf_value=-0.010986829156095324 -0.08913537685444814 -0.0021284258347037252 0.0884376139663407 -0.0067516488139100911 -0.022160399602025725 -0.0074548641927780204 0.026366639032559164 0.016251013693602188 0.15223599653066314 -0.002779815149165899 -0.013138826430041923 0.12394797434080516 0.0043099853451118953 0.016967670210184825 0.0086049688964254419 0.010979816257879509 -0.056615802688493248 0.12747118123834064 0.11903835704423724 0.13151786416722719 0.021737068151410723 0.0043140139313044288 0.016241535764367883 0.054293127861716639 0.024461309177754673 -0.0015062083821247799 -0.024930526889560833 0.10827733786690315 0.058706583016228164 -0.043935348944426654 0.148574369269491 -0.044634227356521741 0.019473529801463451 0.0071614942913163339 -0.100940163194763 0.12771257680280046 0.09379345337056226 -0.067731477305375404 -0.088721208154109485 0.033765747413872185 0.11805298535020603 0.080829322468366063 0.077441401347419281 -0.080033406827641637 -0.012039438386390917 -0.016980896147859172 0.017529801000032996 0.12597648916201354 -0.049034098036846711 0.064696840095204225 0.11030257524620175 -0.046050428568576426 0.0016847572019061414 0.065581875566479778 -0.07005209231218755 0.027132484217131263 0.0056276492720171694 0.1019595828049731 0.022539857366428162 -0.045521899526685131 -0.011286908188038777 -0.017812673065053436
leaf_weight=3345 14.999999999999998 2628 21 2274 1073 326 513 15.999999999999998 15.999999999999998 4056 30 14.999999999999998 68 2092 784 20 18 24 22 18 21 2398 1004 64 430 1186 67 14.999999999999998 60 22 15.000000000000002 33 14.999999999999998 30 15.999999999999998 19 15.999999999999998 18 17 15.999999999999998 35 14.999999999999998 14.999999999999998 26 54 146 14.999999999999998 22 20 15.000000000000002 19 15.999999999999998 252 73 14.999999999999998 28 63 36 27 77 2605 23
leaf_count=3345 15 2628 21 2274 1073 326 513 16 16 4056 30 15 68 2092 784 20 18 24 22 18 21 2398 1004 64 430 1186 67 15 60 22 15 33 15 30 16 19 16 18 17 16 35 15 15 26 54 146 15 22 20 15 19 16 252 73 15 28 63 36 27 77 2605 23
internal_value=-7.16075e-05 -0.00497074 0.0130148 0.000545632 -0.00901792 0.009498 0.00337537 0.024823 0.0364088 -0.0063184 0.0703025 0.0294185 0.0249174 0.00976737 0.000675922 0.0122499 0.0128154 0.0831845 0.0557233 0.0353639 0.0726631 0.00784424 0.0177311 0.00748442 0.0211874 0.00387108 0.0162804 0.0224661 0.018135 0.0216926 0.0249655 0.0147512 0.0320951 0.0134433 -0.0146753 0.0517903 0.0376555 0.0151343 -0.0143551 0.0896817 0.088617 -0.00743119 -0.00248185 -0.0404811 0.0179301 0.00464408 0.0487085 0.0822313 -0.0011706 0.0193253 0.0467523 0.00750837 0.0194575 0.0133806 0.0387482 -0.00680658 0.0221951 0.0368809 0.0680439 -0.0147427 -0.0144601 0.0211824
internal_weight=26433 19233 7200 8139 11094 5548 5865 1652 627 7416 107 520 480 5533 1187 4346 4300 40 91 69 39 3237 1025 2148 448 1700 514 447 2152 465 443 321 202 152 119 122 103 72 85 31 50 56 4071 46 839 326 67 37 103 70 50 31 432 368 116 43 180 126 63 403 3678 38
internal_count=26433 19233 7200 8139 11094 5548 5865 1652 627 7416 107 520 480 5533 1187 4346 4300 40 91 69 39 3237 1025 2148 448 1700 514 447 2152 465 443 321 202 152 119 122 103 72 85 31 50 56 4071 46 839 326 67 37 103 70 50 31 432 368 116 43 180 126 63 403 3678 38
is_linear=0
shrinkage=0.04


Tree=70
num_leaves=63
num_cat=0
split_feature=3 22 13 10 13 18 10 31 22 12 22 22 18 4 13 14 16 12 16 21 2 18 11 18 12 11 20 18 8 19 8 32 8 11 24 19 20 30 14 22 31 20 12 24 8 23 13 24 23 23 21 8 5 23 23 19 14 31 2 11 19 2
split_gain=1063.39 242.814 247.316 193.813 150.491 109.484 103.525 102.437 96.5517 84.7843 81.2558 152.578 110.992 107.866 77.7926 75.2171 101.906 72.0589 68.392 67.2048 66.9179 81.3734 85.2035 80.4087 108.088 123.575 78.0431 105.76 74.9895 138.926 66.1902 239.949 144.707 64.8222 86.7319 76.6237 105.118 93.1105 85.5881 75.8368 93.4792 75.671 75.0664 69.3073 138.493 99.7823 93.4357 75.8336 93.7141 94.0088 73.1567 82.0478 71.7828 64.3032 144.792 112.529 95.0771 87.604 87.2723 82.5204 82.3686 77.6792
threshold=9.5000000000000018 5.5000000000000009 4.6735376310632164 12.316666666666668 2.0117471105438716 1.0136060718252502 7.7166666666666677 83.690000000000012 1.5000000000000002 4.8748062796111489 3.5000000000000004 1.5000000000000002 4.1615275142315005 180.50000000000003 3.4525518250029257 11.480218960795368 12.13377678490715 3.9557997482622462 12.036790982486872 -10.499999999999998 20.500000000000004 2.7175191815856783 4.8205907561309678 2.2867674960698223 6.6971372748771953 6.9041050590693098 -4.4999999999999991 2.5903020134228192 19.500000000000004 -125.49999999999999 15.928571428571431 165.00000000000003 15.500000000000002 5.3229064742237764 8.5000000000000018 -103.49999999999999 -4.4999999999999991 1.5000000000000002 13.16098265008142 3.5000000000000004 90.910000000000011 -3.4999999999999996 5.3588275187478249 4.5000000000000009 14.500000000000002 16.500000000000004 5.6848255364004148 6.5000000000000009 15.500000000000002 23.500000000000004 6.5000000000000009 13.785714285714286 285.50000000000006 11.500000000000002 18.500000000000004 -74.499999999999986 9.4941326916289555 43.170000000000009 8.5000000000000018 5.0403086906595584 -70.499999999999986 7.5000000000000009
decision_type=2 2 2 2 2 2 2 2 2 2 2 2 2 2 2 2 2 2 2 2 2 2 2 2 2 2 2 2 2 2 2 2 2 2 2 2 2 2 2 2 2 2 2 2 2 2 2 2 2 2 2 2 2 2 2 2 2 2 2 2 2 2
left_child=1 2 4 5 -1 7 -7 17 9 -6 11 15 13 -12 -15 16 53 -2 -13 -10 21 23 -23 30 25 -25 -26 -28 29 -22 32 -32 33 39 35 37 38 -35 -37 40 -5 -42 -41 50 46 -46 52 48 -48 -50 -38 -52 -45 57 55 -55 58 -8 61 -60 -58 -56
right_child=3 -3 -4 20 8 6 10 -9 19 -11 12 18 -14 14 -16 -17 -18 -19 -20 -21 28 22 -24 24 26 -27 27 -29 -30 -31 31 -33 -34 34 -36 36 43 -39 -40 42 41 -43 -44 44 45 -47 47 -49 49 -51 51 -53 -54 54 56 -57 60 -59 59 -61 -62 -63
leaf_value=-0.0092642570024905665 -0.020458045298268331 -0.013934292376525379 0.018994885743307759 0.073001201147629743 0.0058945347185953905 -0.00064637995314208488 0.11667699320869551 -0.00017486255349414718 0.012827794153746037 -0.074574889074569634 0.045183682748998887 0.002393260708372967 0.077362637038354068 0.065992147829700851 0.0093076062899665156 -0.01452202931470453 0.12039121399755062 -0.13333318397120278 -0.045594477124527376 -0.0044293360172978505 -0.061332873435042019 0.11362888263631189 0.032302423457543479 -0.0018743076482852859 0.018296584028224042 0.12087119923522142 -0.12057632446097408 0.00583079545394234 0.12700128747927433 0.042027041317978457 0.013233658083841195 -0.15501745381892124 0.1047332802525273 0.042267414747334239 -0.039117435189810666 0.11665554566175396 -0.050995813931964194 -0.066863881871779524 0.03278172028397848 0.042269075639647047 -0.065700222975875605 0.023953144578836523 0.15444251803626791 0.022068842554364108 0.17338169127517603 0.029571574839535139 0.076773686824744281 -0.04342028700916415 -0.068893436519931461 0.05371747549514324 0.09207033121807974 -0.033733580624848075 0.11865584328536588 -0.044898867995920883 0.018373705146220252 0.0058556359695498455 0.071572601176543321 0.027191899389348184 0.017591719495280985 -0.026240912434946785 0.017570802571678895 0.10559001103192073
leaf_weight=5142 15.999999999999998 3727 807 46 2882 1093 18 60 383 21 209 1474 57 41 680 106 15.999999999999998 21 49 6264 22 22 316 100 19 14.999999999999998 31 15.999999999999998 14.999999999999998 355 133 14.999999999999998 35 20 45 32 45 33 50 22 20 60 17 35 16.000000000000004 14.999999999999998 28 52 24 17 15.999999999999998 17 19 91 36 300 108 557 340 86 78 30
leaf_count=5142 16 3727 807 46 2882 1093 18 60 383 21 209 1474 57 41 680 106 16 21 49 6264 22 22 316 100 19 15 31 16 15 355 133 15 35 20 45 32 45 33 50 22 20 60 17 35 16 15 28 52 24 17 16 17 19 91 36 300 108 557 340 86 78 30
internal_value=0.000140186 -0.00476736 -0.00256282 0.0132649 -0.00374719 0.00957658 0.010338 -0.0325151 -0.000776365 0.00530919 0.0131462 0.0101239 0.0232131 0.0198842 0.0125425 0.0181243 0.0202109 -0.0847629 0.00084513 -0.0034345 0.0249633 0.0206793 0.0376338 0.0149031 -0.00919407 0.0142097 -0.0499634 -0.0775806 0.0394952 0.0359755 0.0202775 -0.00389847 0.0256689 0.0212503 0.0135813 0.0192538 0.0257659 -0.0256426 0.0656396 0.042783 0.0276318 0.00146079 0.0914863 0.014227 0.0263867 0.104179 0.0125433 -0.00697456 0.0204859 -0.0179991 -0.0178543 0.0272957 0.0562466 0.0192275 0.0134201 -0.00596014 0.0245988 0.0300165 0.0153773 0.0087341 0.048959 0.0581475
internal_weight=26415 19226 15499 7189 14692 5466 5369 97 9550 2903 4276 3289 987 930 721 1766 1660 37 1523 6647 1723 1331 338 993 181 115 66 47 392 377 812 148 664 629 464 419 366 53 82 165 126 80 39 284 206 31 175 121 69 41 78 33 54 1644 1069 391 678 575 492 426 186 66
internal_count=26415 19226 15499 7189 14692 5466 5369 97 9550 2903 4276 3289 987 930 721 1766 1660 37 1523 6647 1723 1331 338 993 181 115 66 47 392 377 812 148 664 629 464 419 366 53 82 165 126 80 39 284 206 31 175 121 69 41 78 33 54 1644 1069 391 678 575 492 426 186 66
is_linear=0
shrinkage=0.04


Tree=71
num_leaves=63
num_cat=0
split_feature=3 25 13 10 1 18 16 29 10 13 19 13 24 10 12 2 7 18 21 31 23 5 3 0 24 6 7 7 12 1 13 7 1 10 4 16 6 12 21 24 5 5 18 1 24 4 3 19 19 13 25 5 29 14 21 21 31 14 21 23 21 7
split_gain=980.13 221.015 223.713 178.672 109.187 100.943 96.2838 95.8828 95.4202 88.8565 119.779 91.4133 71.9324 65.4296 63.792 71.5684 120.918 119.281 83.0943 78.3118 74.585 70.703 69.8919 127.513 84.5156 133.693 92.4571 71.579 66.6797 110.558 132.019 93.8692 105.859 109.263 92.5674 91.4139 86.1647 83.4179 72.3496 63.5756 68.8671 110.994 67.0963 68.9622 66.1657 63.4155 62.3937 60.3668 78.6426 95.6267 76.1478 87.8896 59.369 82.3728 59.1478 57.8061 56.8854 55.86 138.722 55.122 55.0278 57.3527
threshold=9.5000000000000018 1.0000000180025095e-35 3.4046958781936039 12.316666666666668 11.500000000000002 1.0136060718252502 4.0080164706653401 2.5000000000000004 7.7166666666666677 4.6735376310632164 -101.49999999999999 6.0089970096740606 5.5000000000000009 11.983333333333336 4.5419289506207994 17.500000000000004 370.50000000000006 2.7175191815856783 13.500000000000002 355.67000000000002 10.500000000000002 410.50000000000006 16.500000000000004 16.500000000000004 5.5000000000000009 260.50000000000006 285.50000000000006 189.50000000000003 6.3730200545255364 5.5000000000000009 6.3399843850778161 262.50000000000006 16.500000000000004 14.716666666666667 198.50000000000003 17.287263019112363 215.50000000000003 5.7952706651453108 -3.4999999999999996 5.5000000000000009 468.50000000000006 450.50000000000006 4.9708013640238713 7.5000000000000009 1.5000000000000002 326.50000000000006 17.500000000000004 147.50000000000003 -79.499999999999986 6.4282064591250929 1.0000000180025095e-35 185.50000000000003 42.500000000000007 11.061519871919899 21.500000000000004 -19.499999999999996 86.000000000000014 11.720432532994115 1.5000000000000002 12.500000000000002 -8.4999999999999982 296.50000000000006
decision_type=2 2 2 2 2 2 2 2 2 2 2 2 2 2 2 2 2 2 2 2 2 2 2 2 2 2 2 2 2 2 2 2 2 2 2 2 2 2 2 2 2 2 2 2 2 2 2 2 2 2 2 2 2 2 2 2 2 2 2 2 2 2
left_child=1 2 6 5 -3 7 -1 -2 45 -4 -11 -12 -8 39 -5 17 20 54 19 56 21 22 23 27 -24 26 -26 -17 31 -30 34 32 36 -34 -31 -32 37 -22 -33 40 41 42 44 -44 52 -7 -40 48 49 -19 51 -49 53 60 -16 -41 -18 58 -15 -20 -10 -62
right_child=3 4 9 14 -6 8 12 -9 13 10 11 -13 -14 57 15 16 18 47 59 -21 28 -23 24 -25 25 -27 -28 -29 29 30 35 38 33 -35 -36 -37 -38 -39 46 55 -42 -43 43 -45 -46 -47 -48 50 -50 -51 -52 -53 -54 -55 -56 -57 -58 -59 -60 -61 61 -63
leaf_value=-0.0093813369964327459 -0.10667246287185433 -0.012439303083352596 0.0077464308521265988 0.10588102833324711 -0.00014332495655839332 -0.0064532389715996012 0.0027884603855225622 -0.010235378107401138 0.059154513125920155 -0.071600638314297319 0.029719298827553576 0.10337907909158853 -0.0053588994805675097 -0.066521326848284698 0.0048448755700605944 0.0023955343890663802 0.1067679458068107 0.011438357600285358 -0.040313897693394038 0.15023836120191322 0.012189992522694053 -0.037407924434207138 0.12757075395039805 -0.043166418656245951 -0.036890526137401146 0.11299773851972171 0.066786673009623973 0.116843050373674 -0.044632589608123628 0.17743361813681463 0.034841580668250167 0.1013624725071945 -0.12625145306150276 0.010022413920093056 0.055753482549392878 -0.044154978321927059 0.03730619118390921 -0.11142266008794678 -0.035779660038009482 -0.042211331585024159 -0.024266186485294633 0.098864941082603131 -0.0006178544157462594 0.092566756263492617 0.019789867302831273 0.015294910694950068 0.069699519588457826 0.13504387614911773 -0.025130806065497606 0.11550033953517534 -0.010493961465302237 0.051467228921202396 0.038748673345800747 -0.087729036190035026 0.057424633973523188 0.0095650700835235875 0.027949522120392971 -0.026573499322736928 0.053064955479810431 0.060799896103232651 0.0084863175972332127 -0.05715452337197089
leaf_weight=3102 21 5905 1479 14.999999999999998 1437 800 3815 76 18 17 263 30 3178 22 666 14.999999999999998 28 43 14.999999999999998 25 19 14.999999999999998 31 29 29 34 26 21 29 15.999999999999998 173 20 25 14.999999999999998 27 27 50 15.999999999999998 22 35 58 28 19 38 1749 293 14.999999999999998 27 41 21 21 80 36 23 36 1987 31 122 52 20 54 35
leaf_count=3102 21 5905 1479 15 1437 800 3815 76 18 17 263 30 3178 22 666 15 28 43 15 25 19 15 31 29 29 34 26 21 29 16 173 20 25 15 27 27 50 16 22 35 58 28 19 38 1749 293 15 27 41 21 21 80 36 23 36 1987 31 122 52 20 54 35
internal_value=0.00013482 -0.00457668 -0.00120552 0.0127353 -0.010033 0.00919389 -0.00351603 -0.0312225 0.00992502 0.0118307 0.0313012 0.0373008 -0.000913881 0.012621 0.0239675 0.0232408 0.0322486 0.0157889 0.0693344 0.0908965 0.0254879 0.0458413 0.0526186 0.0191308 0.0707102 0.0507614 0.0121165 0.0693507 0.0165091 0.0290455 0.0378613 -0.00222126 -0.0216276 -0.0752013 0.101383 0.0241503 0.00361885 -0.0444181 0.0402648 0.0137057 0.0186559 0.0199028 0.0187756 0.0615235 0.017499 -0.000620527 0.00700087 0.0405833 0.0180511 0.0457418 0.0590226 0.0726817 -0.0066227 -0.0192226 0.00755192 0.00866581 0.0655061 -0.00994422 0.0174435 0.017417 -0.00441006 -0.0173402
internal_weight=26415 19226 11884 7189 7342 5466 10095 97 5369 1789 310 293 6993 4276 1723 1708 773 935 119 84 654 200 185 65 120 89 55 36 454 272 243 182 125 40 43 200 85 35 57 4080 2058 2000 1972 57 1915 1093 37 233 105 64 128 107 166 130 702 2022 59 196 74 35 107 89
internal_count=26415 19226 11884 7189 7342 5466 10095 97 5369 1789 310 293 6993 4276 1723 1708 773 935 119 84 654 200 185 65 120 89 55 36 454 272 243 182 125 40 43 200 85 35 57 4080 2058 2000 1972 57 1915 1093 37 233 105 64 128 107 166 130 702 2022 59 196 74 35 107 89
is_linear=0
shrinkage=0.04


Tree=72
num_leaves=63
num_cat=0
split_feature=3 25 13 26 26 10 16 19 10 5 12 3 7 5 26 18 10 7 26 29 16 10 10 9 11 11 29 17 5 24 26 7 13 12 18 23 6 3 23 3 14 15 17 19 16 16 3 1 8 14 7 15 3 6 6 6 13 11 8 19 24 7
split_gain=907.706 272.271 281.493 168.897 155.876 130.79 101.907 85.1874 182.66 106.001 82.869 100.746 82.1868 77.7231 70.0456 103.375 69.4838 69.3764 68.9028 66.6727 63.4561 75.3028 63.0589 96.5544 91.994 124.697 70.3481 68.1925 108.152 81.188 62.4254 113.289 139.826 91.0479 72.2635 69.6762 89.2336 167.948 107.899 98.9365 87.858 80.2105 72.6703 70.7022 63.3381 102.167 61.1258 93.2531 86.1084 66.4908 68.6993 65.3621 61.0602 143.573 71.6346 82.5616 77.1558 69.2757 82.1476 83.1571 60.6605 60.5482
threshold=11.500000000000002 1.0000000180025095e-35 3.437621471208014 1.0000000180025095e-35 0.6078576107927941 12.316666666666668 9.5416404001829331 -99.499999999999986 13.91666666666667 285.50000000000006 6.0310551625421533 18.500000000000004 238.50000000000003 65.500000000000014 -1.0000000180025095e-35 2.1114379084967325 3.6500000000000004 438.50000000000006 1.0000000180025095e-35 1.5000000000000002 10.438773103760452 10.616666666666669 9.4500000000000011 10.035714285714286 3.804758924845371 3.54562104171168 34.500000000000007 169.50000000000003 187.50000000000003 8.5000000000000018 -1.0000000180025095e-35 315.50000000000006 6.3399843850778161 4.7855092624608764 5.0659420289855079 8.5000000000000018 260.50000000000006 15.500000000000002 1.5000000000000002 22.500000000000004 12.893340040657568 15.528374825087035 158.50000000000003 220.50000000000003 16.685695271869811 15.836698264477794 17.500000000000004 12.500000000000002 10.642857142857144 11.635292008221237 298.50000000000006 9.9530426445144293 14.500000000000002 213.50000000000003 213.50000000000003 226.50000000000003 6.5559045619348062 7.9162280580252746 17.214285714285719 -76.499999999999986 5.5000000000000009 278.50000000000006
decision_type=2 2 2 2 2 2 2 2 2 2 2 2 2 2 2 2 2 2 2 2 2 2 2 2 2 2 2 2 2 2 2 2 2 2 2 2 2 2 2 2 2 2 2 2 2 2 2 2 2 2 2 2 2 2 2 2 2 2 2 2 2 2
left_child=1 2 3 60 -5 10 -3 9 13 -4 14 -12 -10 -9 15 19 -6 20 22 -2 -17 -22 23 27 25 -24 -26 29 -29 -15 31 44 -33 -32 35 36 38 -38 -35 -39 -40 42 -42 52 45 -7 -16 49 -49 50 51 -48 53 -37 -54 56 -56 58 59 -57 -1 -45
right_child=5 6 7 4 16 30 -8 8 12 -11 11 -13 -14 18 46 17 -18 -19 -20 -21 21 -23 24 -25 26 -27 -28 28 -30 -31 33 32 -34 34 -36 43 37 39 40 -41 41 -43 -44 61 -46 -47 47 48 -50 -51 -52 -53 54 -55 55 57 -58 -59 -60 -61 -62 -63
leaf_value=0.007300238354611588 -0.06449956390870179 -0.012270013434807549 0.0088410971273525131 -0.015596399217908384 -0.013258955471104141 0.023874718000491461 -0.0015503824826436073 -0.077635595704087554 0.025330643875998735 -0.1192618591614191 -0.0020713319547147509 -0.10077942208062469 0.14262853663739328 0.043366848672469836 0.007072824337128897 0.02818910066900953 -0.00033295532146247422 -0.024043050923805639 0.0063464314023270801 0.011961950881012672 0.12808738507749715 0.049277667028488494 0.039299287668515724 -0.081189628748865858 0.0087627116367849419 0.18136383858737568 0.053134152802539553 -0.092999832142166228 0.0095748904130812905 -0.013176775851128386 0.093455727784396106 0.038700321245074457 0.13383417439876946 -0.077304169205626896 0.092576403324072964 0.098137830480190091 -0.018306693423469109 0.062395235929328684 0.07898043178742932 0.16036145137910227 0.007056867471980385 0.080683981143169534 -0.092523352507478715 0.072438658861453925 -0.019018534552173207 0.10305773946137919 -0.020465985693407979 -0.077038253018369224 0.024286120661478613 -0.014266994901783559 0.11429623354565013 0.073582141346945434 -0.018102403686340116 0.0057669002561952344 0.13517539304235707 0.017772894009739013 0.012763159919900504 -0.028202099540244475 0.10584089798643101 -0.048594144214807726 -0.002278424558249404 -0.00018295139127354605
leaf_weight=2392 19 5558 24 2280 816 197 1906 15.999999999999998 15.999999999999998 18 66 22 24 198 2153 237 3605 28 2098 406 23 125 29 17 154 14.999999999999998 91 17 429 51 27 65 40 19 21 38 37 95 34 20 43 15.999999999999998 15.999999999999998 53 42 30 18 19 45 18 34 34 185 92 15.999999999999998 264 17 74 14.999999999999998 34 1896 28
leaf_count=2392 19 5558 24 2280 816 197 1906 16 16 18 66 22 24 198 2153 237 3605 28 2098 406 23 125 29 17 154 15 91 17 429 51 27 65 40 19 21 38 37 95 34 20 43 16 16 53 42 30 18 19 45 18 34 34 185 92 16 264 17 74 15 34 1896 28
internal_value=0.00012964 -0.00334894 -9.50072e-05 -0.00313434 -0.00710127 0.0159349 -0.00953298 0.0103512 0.0111056 -0.0461655 0.011402 -0.0268574 0.0959394 0.0100126 0.0124693 0.0223831 -0.00271945 0.0366339 0.0104682 0.0085246 0.0410571 0.0616168 0.0191036 0.0126999 0.0348636 0.0880772 0.0252666 0.0150107 0.00564064 0.031777 0.025628 0.0398215 0.0750537 0.020983 0.0192212 0.0178056 0.0350237 0.0557388 0.0103845 0.0795747 0.0257449 0.00151181 -0.020025 0.0118914 0.0260389 0.034389 0.00888818 0.0321229 -0.00583661 0.055485 0.0701071 0.0410118 0.00797604 0.0328377 0.00262602 0.0117633 0.072404 0.00656983 0.0148034 0.0101803 0.00306448 0.047341
internal_weight=26415 21650 14186 10989 6701 4765 7464 3197 3155 42 3247 88 40 3115 3159 838 4421 413 3099 425 385 148 1001 712 289 44 245 695 446 249 1518 374 105 1144 1117 1096 280 152 128 115 109 75 59 816 269 227 2321 168 64 104 86 52 735 130 605 420 33 387 313 298 4288 81
internal_count=26415 21650 14186 10989 6701 4765 7464 3197 3155 42 3247 88 40 3115 3159 838 4421 413 3099 425 385 148 1001 712 289 44 245 695 446 249 1518 374 105 1144 1117 1096 280 152 128 115 109 75 59 816 269 227 2321 168 64 104 86 52 735 130 605 420 33 387 313 298 4288 81
is_linear=0
shrinkage=0.04


Tree=73
num_leaves=63
num_cat=0
split_feature=10 22 22 26 22 22 22 21 1 4 4 18 6 17 1 1 4 4 10 14 4 17 12 18 18 1 10 21 0 12 23 12 10 11 12 11 4 23 23 19 14 21 4 4 20 6 1 9 16 1 4 19 15 6 29 29 8 6 14 30 18 14
split_gain=813.724 390.388 222.937 169.055 172.023 157.815 110.524 114.517 89.8263 86.7848 92.1131 87.2245 127.222 96.0036 86.6069 84.809 79.8843 110.417 77.035 74.1709 72.896 67.9312 71.1045 74.4417 66.8248 64.9719 74.2752 78.826 106.532 83.9794 78.1844 77.1333 80.9795 71.4002 92.7398 71.2804 69.6247 64.7266 125.827 113.073 91.7305 72.569 72.3233 96.5633 70.0895 68.6765 61.9971 60.258 130.49 80.6784 67.4263 58.7889 86.3939 58.2707 74.0228 76.2555 57.7384 57.5924 57.2509 57.1265 75.467 56.4026
threshold=8.3166666666666682 4.5000000000000009 4.5000000000000009 1.0000000180025095e-35 2.5000000000000004 3.5000000000000004 1.5000000000000002 -5.4999999999999991 2.5000000000000004 112.50000000000001 154.50000000000003 4.2189640410958917 132.50000000000003 115.50000000000001 24.500000000000004 22.500000000000004 456.50000000000006 326.50000000000006 14.016666666666667 3.785819194511181 322.50000000000006 339.50000000000006 5.2456156470412081 2.3791713014460516 1.8929694519317162 26.500000000000004 13.350000000000003 18.500000000000004 18.500000000000004 7.2887839420121301 16.500000000000004 5.7952706651453108 14.716666666666667 4.0178174601215053 3.2749465225060876 5.0403086906595584 364.50000000000006 11.500000000000002 17.500000000000004 -73.499999999999986 9.4456123581185079 3.5000000000000004 146.50000000000003 172.50000000000003 3.5000000000000004 261.50000000000006 13.500000000000002 8.8214285714285747 9.5957461516460008 6.5000000000000009 335.50000000000006 -77.499999999999986 11.48796111467623 150.50000000000003 33.500000000000007 51.500000000000007 16.642857142857149 178.50000000000003 11.549112016232685 2.5000000000000004 1.4078834951456314 8.7086061472929295
decision_type=2 2 2 2 2 2 2 2 2 2 2 2 2 2 2 2 2 2 2 2 2 2 2 2 2 2 2 2 2 2 2 2 2 2 2 2 2 2 2 2 2 2 2 2 2 2 2 2 2 2 2 2 2 2 2 2 2 2 2 2 2 2
left_child=2 5 3 19 8 6 25 -8 -5 59 18 12 -12 -14 16 -15 17 20 46 -1 -9 22 -19 -24 -17 26 33 28 35 31 -30 -29 -33 34 -2 -28 53 47 39 41 44 -39 -42 -44 -40 -43 -11 49 50 -35 -49 52 -45 -36 -55 -56 -27 -25 -54 -7 -61 -38
right_child=1 -3 -4 4 -6 9 7 14 -10 10 11 -13 13 15 -16 24 -18 21 -20 -21 -22 -23 23 57 -26 56 27 29 30 -31 -32 32 -34 37 36 -37 61 38 40 -41 42 45 43 51 -46 -47 -48 48 -50 -51 -52 -53 58 54 55 -57 -58 -59 -60 60 -62 -63
leaf_value=-0.0046909924553292428 -0.024027260882333076 -0.0032149795231786273 -0.012263201395811267 -0.0063025156279730181 -0.014707302011296712 -0.071059550798334786 0.014539742521610504 -0.006820528737456445 0.0046176305963049162 0.074479453188209255 -0.033181816729253619 0.069756877167492723 0.10100901621294198 0.022336693076812214 0.059174103647718142 0.019346435791031912 -0.056552576063171267 0.016824501068335735 0.1448903316962793 0.0064409372756693492 -0.095398735755326744 -0.0020825869258519359 0.0058211933817538921 0.065164367421833486 0.12600324419153716 -0.078092894418544681 0.10282237088654464 0.048918931681806867 0.16844342771814674 0.051506057256029136 0.054416922774360076 -0.11205505437875918 -0.0065853281234982009 0.1158402716668315 -0.0018427037063658662 0.028758245942915747 -0.025869447366797253 -0.10105262138746762 -0.0056109755938275217 0.0049746007759836263 0.071602415876556011 -0.067443617276691778 -0.047913095320213296 0.090238832223439175 0.066722066134085392 -0.0028665015092680284 0.0091707491296320904 -0.03142623648032853 0.030542161880755026 0 0.028723058299893717 0.013982246671657031 -0.030382331594244225 0.029960915413242056 0.10045087617129399 0.042630982113067345 0.024349235019936466 0.16407531005657272 0.048655768091653354 0.047484617215949439 -0.052599616216782899 0.04809975389109189
leaf_weight=1294 47 2653 4862 2867 2431 21 1329 977 2079 63 60 69 27 969 36 15.999999999999998 44 105 15.999999999999998 3682 14.999999999999998 128 19 26 23 21 23 18 18 40 21 19 30 24 42 213 48 27 297 195 54 43 29 50 23 68 37 102 399 15.999999999999998 42 175 23 167 67 81 14.999999999999998 14.999999999999998 40 30 20 25
leaf_count=1294 47 2653 4862 2867 2431 21 1329 977 2079 63 60 69 27 969 36 16 44 105 16 3682 15 128 19 26 23 21 23 18 18 40 21 19 30 24 42 213 48 27 297 195 54 43 29 50 23 68 37 102 399 16 42 175 23 167 67 81 15 15 40 30 20 25
internal_value=0.000124675 0.00972826 -0.00500756 -0.00215159 -0.00599481 0.0149734 0.0118057 0.00618207 -0.00171194 0.0271536 0.0295419 0.0261472 0.0233913 0.0266757 -0.00195418 0.0246728 -0.00361586 -0.00179743 0.0635368 0.00354566 -0.00817141 0.0197714 0.0367278 0.0714395 0.0824591 0.0178595 0.0186393 0.0348573 0.046189 0.00569893 0.107392 -0.0216548 -0.0476674 0.015664 0.0292555 0.0360253 0.0350884 0.0116269 0.00556605 -0.0146263 0.0153005 -0.0423212 0.028833 0.0215208 -0.00038657 -0.0279391 0.0503685 0.0222662 0.0187627 0.0696109 -0.0138611 0.0285336 0.0510188 0.0423649 0.0482643 0.0688699 -0.0354041 0.101711 0.0197665 -0.0158554 0.00738592 -0.000479023
internal_weight=26415 9200 17215 12353 7377 6547 5196 2694 4946 1351 1280 1164 1095 1035 1365 1008 1329 1285 116 4976 992 293 165 60 39 2502 2466 382 275 107 39 67 49 2084 477 236 430 1607 1024 333 691 138 371 317 320 111 100 583 543 40 144 288 113 357 315 148 36 41 63 71 50 73
internal_count=26415 9200 17215 12353 7377 6547 5196 2694 4946 1351 1280 1164 1095 1035 1365 1008 1329 1285 116 4976 992 293 165 60 39 2502 2466 382 275 107 39 67 49 2084 477 236 430 1607 1024 333 691 138 371 317 320 111 100 583 543 40 144 288 113 357 315 148 36 41 63 71 50 73
is_linear=0
shrinkage=0.04


Tree=74
num_leaves=63
num_cat=0
split_feature=3 2 10 9 22 10 24 18 6 24 0 1 8 15 18 22 7 10 23 23 24 6 3 23 14 30 9 20 19 17 21 10 15 15 17 18 18 8 29 24 21 8 11 22 29 19 10 10 17 7 15 8 6 29 2 2 17 2 18 9 4 20
split_gain=768.586 254.682 114.798 107.572 102.335 86.0664 86.0775 63.3166 68.6389 68.4384 92.0597 99.6996 75.1683 62.6879 59.8076 61.8381 99.4176 122.992 61.7709 57.8886 76.6164 75.2138 150.998 106.925 140.103 93.7763 69.7667 117.574 137.163 115.108 62.5124 58.7121 123.009 89.1808 101.136 75.9938 71.7389 58.6908 57.477 56.5998 79.2546 67.1025 72.1352 69.0881 108.101 109.649 159.131 75.6137 71.7203 69.1459 68.6453 72.5954 71.2471 69.7516 64.3322 60.512 59.9956 59.7203 58.5222 56.2738 106.53 75.0796
threshold=11.500000000000002 6.5000000000000009 12.316666666666668 8.2500000000000018 5.5000000000000009 3.3166666666666669 5.5000000000000009 1.0136060718252502 65.500000000000014 7.5000000000000009 13.500000000000002 12.500000000000002 11.071428571428573 11.48796111467623 5.0659420289855079 3.5000000000000004 315.50000000000006 16.150000000000002 24.500000000000004 6.5000000000000009 5.5000000000000009 260.50000000000006 15.500000000000002 1.5000000000000002 12.756106017360388 2.5000000000000004 13.678571428571429 -2.4999999999999996 -104.49999999999999 141.50000000000003 16.500000000000004 15.383333333333335 14.976947427623816 14.547257755817014 177.50000000000003 1.7915388548057263 2.6613329919781537 14.785714285714286 5.5000000000000009 1.5000000000000002 5.5000000000000009 12.214285714285717 4.8795003647426771 3.5000000000000004 21.500000000000004 150.50000000000003 11.183333333333335 7.8166666666666673 111.50000000000001 256.50000000000006 12.446779185034957 13.357142857142859 265.50000000000006 51.500000000000007 9.5000000000000018 16.500000000000004 101.50000000000001 11.500000000000002 1.1412736428395973 10.464285714285717 201.50000000000003 -1.4999999999999998
decision_type=2 2 2 2 2 2 2 2 2 2 2 2 2 2 2 2 2 2 2 2 2 2 2 2 2 2 2 2 2 2 2 2 2 2 2 2 2 2 2 2 2 2 2 2 2 2 2 2 2 2 2 2 2 2 2 2 2 2 2 2 2 2
left_child=1 4 7 -3 5 -1 -7 -2 -9 39 38 12 -12 -4 15 19 -17 18 -18 21 26 23 -23 -15 -25 -24 29 28 -28 -21 -31 32 33 34 35 -29 -33 -36 -11 40 -10 43 -43 47 45 46 49 54 56 -45 53 52 -52 -44 -41 -53 -46 -47 -49 -50 -61 -62
right_child=2 3 13 -5 -6 6 -8 8 9 10 11 -13 -14 14 -16 16 17 -19 -20 20 -22 22 25 24 -26 -27 27 31 -30 30 -32 36 -34 -35 37 -37 -38 -39 -40 41 -42 42 50 44 48 57 -48 58 59 -51 51 55 -54 -55 -56 -57 -58 -59 -60 60 61 -63
leaf_value=-0.012948084822137993 -0.032487658548156786 -0.0011072004005835093 0.087788586220800643 0.0083411663686458193 -0.01214129510137258 0.0011282110023314626 -0.0070740593046525017 0.091088539006417266 -0.03360028825860966 -0.028798447943739203 -0.021872986922703383 0.037054003899040087 -0.091617522970272175 -0.07537500179718927 0.079531590692775767 0.022608785750621165 0.03054041701733792 0.17460894982546371 0.10567655471350643 0.15292349070125485 0.0026242675074043317 -0.022504097669804626 0.060996708884185555 0.11593020541635574 -0.0013346352971694319 0.16116012789816134 0.16826174808524255 -0.12092863742371052 0.029149499141657625 0.020135712045033633 0.10998419992181641 0.004941612984447342 -0.081328075616381321 0.082920383837685657 -0.0065905799536869446 -0.0083648832283947806 0.10576387246943408 0.088734001315128042 0.010259537103033321 0.010227719168100223 0.026891849167031707 -0.06228459578404312 0.028028430595106658 0.055096882065338935 0.0034089315542435734 0.058792630162155413 0.13028819738105796 0.049166257009391715 0.035384539917448457 -0.0022386380278346788 -0.011398706769706396 0.070293823271397729 -0.13280117877521869 -0.051432194573369186 -0.044714174540850617 -0.032664250554718492 -0.096073377085047845 0.16030742429444012 0.014775297604737088 0.069049580777990879 -0.093211998141189509 0.0053274458158907093
leaf_weight=1556 54 5069 24 3111 3687 4398 3829 17 88 66 71 29 38 19 29 259 65 14.999999999999998 24 15.999999999999998 529 29 71 22 62 19 14.999999999999998 17 46 70 14.999999999999998 38 33 20 26 22 15.999999999999998 17 683 77 57 29 146 59 27 17 26 85 190 78 15.000000000000002 14.999999999999998 15.999999999999998 20 61 23 14.999999999999998 21 1153 21 22 28
leaf_count=1556 54 5069 24 3111 3687 4398 3829 17 88 66 71 29 38 19 29 259 65 15 24 16 529 29 71 22 62 19 15 17 46 70 15 38 33 20 26 22 16 17 683 77 57 29 146 59 27 17 26 85 190 78 15 15 16 20 61 23 15 21 1153 21 22 28
internal_value=0.000119906 -0.00308102 0.0146636 0.002486 -0.00646187 -0.00432111 -0.00268908 0.0104169 0.0111441 0.0107127 0.00127741 -0.0287294 -0.0462676 0.0237448 0.0227089 0.0215774 0.0359006 0.0689297 0.0509202 0.0168546 0.0122438 0.0351088 0.0567603 0.0100438 0.0294551 0.0823199 0.0267311 0.0153737 0.0636096 0.0547808 0.0361254 -0.000209371 -0.0143203 0.00739758 -0.0110768 -0.0576661 0.0349921 0.0311679 0.00681179 0.0143678 -0.00980469 0.0160039 -0.00287256 0.0186557 0.0313285 0.0540714 0.0397419 0.0140106 0.0162222 0.0224609 0.00447401 -0.0290206 -0.0743479 0.0184176 -0.0140585 0.00800243 -0.0322168 0.115219 0.0171419 0.0240339 -0.0063198 -0.0380895
internal_weight=26415 21650 4765 8180 13470 9783 8227 3247 3193 3176 887 138 109 1518 1494 1465 363 104 89 1102 880 222 119 103 84 90 351 250 61 101 85 189 135 102 82 39 54 43 749 2289 145 2144 264 1880 504 201 163 1376 303 137 235 69 31 166 138 38 42 38 1238 261 71 50
internal_count=26415 21650 4765 8180 13470 9783 8227 3247 3193 3176 887 138 109 1518 1494 1465 363 104 89 1102 880 222 119 103 84 90 351 250 61 101 85 189 135 102 82 39 54 43 749 2289 145 2144 264 1880 504 201 163 1376 303 137 235 69 31 166 138 38 42 38 1238 261 71 50
is_linear=0
shrinkage=0.04


Tree=75
num_leaves=63
num_cat=0
split_feature=3 2 3 13 22 22 24 13 26 13 19 7 8 8 16 16 3 5 0 23 7 2 6 6 18 24 22 7 18 0 18 18 18 16 22 18 0 1 6 1 21 31 31 31 21 24 7 6 21 23 4 7 16 11 18 21 19 4 21 12 19 13
split_gain=759.977 260.893 106.962 101.418 111.771 96.0467 95.59 94.0752 89.8156 80.1818 85.1461 91.674 107.858 71.199 73.5281 107.509 109.31 89.9225 72.3417 95.8363 69.4065 90.1918 75.5969 75.1256 68.4756 67.9369 66.7655 101.146 86.2636 82.7384 127.07 84.8614 92.6586 115.632 82.4476 79.2277 95.5607 71.8995 71.7759 69.2542 67.0367 66.714 65.4009 102.318 65.3977 90.8884 91.1173 125.632 74.5626 78.9809 73.244 72.9771 64.45 75.3537 64.0398 63.7697 77.0884 96.5742 93.631 100.159 107.372 120.439
threshold=11.500000000000002 6.5000000000000009 18.500000000000004 3.4689095308660538 2.5000000000000004 5.5000000000000009 6.5000000000000009 1.8307714597761884 1.0000000180025095e-35 5.0492972084093646 -99.499999999999986 250.50000000000003 12.214285714285717 10.357142857142859 13.592025710129628 14.313280520660074 20.500000000000004 240.50000000000003 13.500000000000002 7.5000000000000009 232.50000000000003 19.500000000000004 182.50000000000003 289.50000000000006 2.130637952052012 5.5000000000000009 3.5000000000000004 126.50000000000001 2.1114379084967325 12.500000000000002 1.5284763469396354 1.0378583128583132 1.9119333919900938 8.8971098963538555 1.5000000000000002 1.7358531757582816 12.500000000000002 16.500000000000004 339.50000000000006 22.500000000000004 -13.499999999999998 129.37000000000003 135.37000000000003 86.000000000000014 -18.499999999999996 4.5000000000000009 181.50000000000003 326.50000000000006 1.5000000000000002 12.500000000000002 256.50000000000006 296.50000000000006 8.8556281500210776 5.0237531028201525 3.8563492063492069 -17.499999999999996 113.50000000000001 352.50000000000006 -12.499999999999998 5.441497046759296 -99.499999999999986 6.8414725846441007
decision_type=2 2 2 2 2 2 2 2 2 2 2 2 2 2 2 2 2 2 2 2 2 2 2 2 2 2 2 2 2 2 2 2 2 2 2 2 2 2 2 2 2 2 2 2 2 2 2 2 2 2 2 2 2 2 2 2 2 2 2 2 2 2
left_child=1 5 26 8 9 7 13 -1 -3 -5 -11 -12 -13 -4 20 16 17 -16 19 -17 23 22 -22 25 -21 -15 27 38 29 31 37 -28 -33 -34 -29 36 -36 -31 52 40 -37 -40 43 -38 -20 -46 50 48 51 -50 -47 -48 -2 -54 -55 -8 58 -58 -57 -60 -61 -62
right_child=2 3 6 4 -6 -7 55 -9 -10 10 11 12 -14 14 15 18 -18 -19 44 24 21 -23 -24 -25 -26 -27 28 34 -30 30 -32 32 33 -35 35 39 42 -39 41 -41 -42 -43 -44 -45 45 46 47 -49 49 -51 -52 -53 53 54 -56 56 57 -59 59 60 61 -63
leaf_value=-0.0095946366131286175 -0.044560784563058765 0.0046271712150089917 0.1002366341743962 0.011554103622240536 0.00051789088425531937 -0.012041835296042065 0.085825717923063663 -0.0014809666496092854 -0.0066010450566770761 -0.033136951201189604 0.021611594011693432 0.033861653402684232 0.12416588166334334 0.041524104987114584 0.08185872222740613 0.15702354830227153 0.042772609839712893 0.21361925478802612 0.092138402857174534 -0.00078555077314376818 -0.099619905893106653 0.0690609576927321 -0.0050525177067931469 -0.0066349067274122141 0.088336457907053814 0.14113821590168876 -0.094250325051364534 0.017040313426250394 0.033704071206286955 0.10135455524103558 0.0045131149092293944 0.011333543521497621 0.013353834676544694 -0.11057016161003796 0.0089955551332783577 0.031294141215423434 -0.014117062060328058 0.0124631091825205 -0.11076069052267938 0.09337902486694527 0.0028548888761017067 -0.021312527237050346 -0.0077647794750377187 -0.089294411386389522 -0.081535734435580418 0.029706310730475881 -0.075331785823758796 -0.073639395577240724 0.0040067484049961487 0.10003788595756713 0.14340824594560839 0.043743204786288022 0.05528742973821877 0.01040144796071784 -0.073200826522574508 -0.10413924743008141 0.10524216996188974 0.0047244946817887367 -0.050476493476396288 -0.034546582465888126 0.01863061954590484 0.13324230411434701
leaf_weight=3654 45 2104 27 1529 1781 3760 15.999999999999998 6111 2487 24 105 44 41 35 19 14.999999999999998 40 14.999999999999998 18 28 15.999999999999998 22 85 30 27 15.999999999999998 14.999999999999998 1504 445 48 105 286 24 24 238 173 64 21 22 15.999999999999998 568 34 141 53 14.999999999999998 23 18 26 26 29 14.999999999999998 14.999999999999998 41 54 20 14.999999999999998 24 42 48 45 78 18
leaf_count=3654 45 2104 27 1529 1781 3760 16 6111 2487 24 105 44 41 35 19 15 40 15 18 28 16 22 85 30 27 16 15 1504 445 48 105 286 24 24 238 173 64 21 22 16 568 34 141 53 15 23 18 26 26 29 15 15 41 54 20 15 24 42 48 45 78 18
internal_value=-1.68831e-05 -0.00320733 0.0144051 0.00246253 0.0075665 -0.00660939 0.0273116 -0.00451732 -0.00145486 0.0147672 0.0376987 0.0466696 0.0775384 0.0369203 0.0336909 0.0453909 0.0878318 0.140503 0.0330373 0.0676591 0.0147992 -0.0041235 -0.020137 0.0435279 0.0430099 0.0730298 0.0116334 0.00866094 0.0207588 0.00973597 0.0322599 -0.00149403 0.00269265 -0.0486676 0.0107266 0.00314586 -0.00927677 0.0743868 -0.0176889 0.0112882 0.00950058 -0.0566233 -0.0261373 -0.048236 0.0198968 0.0120479 0.0213438 0.00342425 0.0262735 0.0547673 0.0748997 -0.0211777 -0.00402246 0.0118479 -0.0122351 0.00848408 0.00386339 0.0414106 -0.00828876 -0.000619953 0.0163621 0.0402574
internal_weight=26427 21640 4787 8115 3524 13525 846 9765 4591 1743 214 190 85 560 533 329 74 34 255 70 204 123 101 81 55 51 3941 2973 968 523 174 349 334 48 2757 1253 496 69 216 757 741 56 258 117 185 167 152 114 88 55 38 33 160 115 74 286 270 66 204 189 141 96
internal_count=26427 21640 4787 8115 3524 13525 846 9765 4591 1743 214 190 85 560 533 329 74 34 255 70 204 123 101 81 55 51 3941 2973 968 523 174 349 334 48 2757 1253 496 69 216 757 741 56 258 117 185 167 152 114 88 55 38 33 160 115 74 286 270 66 204 189 141 96
is_linear=0
shrinkage=0.04


Tree=76
num_leaves=63
num_cat=0
split_feature=3 16 0 3 24 22 24 13 22 16 9 9 6 0 16 0 18 17 6 7 7 22 16 0 19 9 26 22 9 21 20 17 14 14 14 20 14 15 15 5 0 6 4 30 13 24 5 6 6 24 5 21 31 6 7 20 20 29 14 29 18 29
split_gain=700.498 285.01 243.317 101.478 100.014 91.6617 91.002 89.9005 78.42 97.7818 78.2748 70.9525 74.6284 79.4631 85.3729 127.097 119.095 101.254 108.934 119.743 99.009 81.6008 91.9861 97.8834 91.577 75.1517 69.6158 142.471 86.6389 67.3738 64.2978 63.0415 79.2405 62.8076 61.6263 108.592 99.5126 79.5713 90.4359 76.6393 67.9655 58.5494 56.7138 51.7631 77.0002 51.4973 55.1558 84.3878 58.2668 105.934 76.5858 58.7588 91.8648 86.7149 60.0895 52.0953 53.2747 51.8871 50.5 98.267 65.9741 72.1556
threshold=6.5000000000000009 9.4101337152699447 1.0000000180025095e-35 18.500000000000004 8.5000000000000018 5.5000000000000009 6.5000000000000009 3.1416738864293818 1.5000000000000002 8.8556281500210776 9.8214285714285747 11.392857142857144 113.50000000000001 4.5000000000000009 13.592025710129628 6.5000000000000009 3.4186793176154882 269.50000000000006 320.50000000000006 194.50000000000003 202.50000000000003 3.5000000000000004 14.800228432477924 17.500000000000004 141.50000000000003 14.035714285714286 1.0000000180025095e-35 1.5000000000000002 9.6071428571428594 -7.4999999999999991 12.500000000000002 133.50000000000003 7.7153292517560699 7.3724848924271358 13.615148866277815 -4.4999999999999991 15.599583820803131 13.263896072563972 12.446779185034957 322.50000000000006 5.5000000000000009 518.50000000000011 333.50000000000006 2.5000000000000004 7.1541724119366874 8.5000000000000018 488.50000000000006 198.50000000000003 346.50000000000006 3.5000000000000004 294.50000000000006 15.500000000000002 135.37000000000003 164.50000000000003 195.50000000000003 9.5000000000000018 6.5000000000000009 34.500000000000007 9.7046679926941852 53.500000000000007 4.5418613707165116 47.500000000000007
decision_type=2 2 2 2 2 2 2 2 2 2 2 2 2 2 2 2 2 2 2 2 2 2 2 2 2 2 2 2 2 2 2 2 2 2 2 2 2 2 2 2 2 2 2 2 2 2 2 2 2 2 2 2 2 2 2 2 2 2 2 2 2 2
left_child=4 2 -2 30 5 7 11 -1 9 31 26 -5 -13 -14 16 -16 20 18 21 -20 -15 22 23 -17 -23 -22 -4 28 -28 -29 41 -9 33 -33 35 -8 39 38 -37 -36 -39 45 -19 44 -24 46 48 -48 51 57 -51 58 54 -54 -53 56 -52 -50 59 60 61 -3
right_child=1 3 10 6 -6 -7 34 8 -10 -11 -12 12 13 14 15 17 -18 42 19 -21 25 24 43 -25 -26 -27 27 29 -30 -31 -32 32 -34 -35 36 37 -38 40 -40 -41 -42 -43 -44 -45 -46 -47 47 -49 49 50 55 52 53 -55 -56 -57 -58 -59 -60 -61 -62 -63
leaf_value=-0.0038234065583064789 -0.15869705285457586 0.025819400908292822 0.0067371037105840408 0.092028218163423173 -0.01193756480243636 -0.010292691375085362 0.066250626886902697 0.072490797492532968 0.0043834933818883556 0.10594639473947987 -0.035019513938522241 0.098370186357662592 -0.027394438296797458 0.088350126980886762 0.11881789045053319 0.0029433506891872342 -0.097086067933909947 0.1313984084248068 0.03706646088387397 -0.11974574745071599 0.018468309580970267 0.10038931620825089 -0.084626356626485863 0.13307775767061722 -0.0071815253977189986 -0.070232765970967753 0.0073343607301556892 0.0040829478299957006 0.077053788914713262 -0.010945761883223373 -0.036578858174772223 0.0020548234096397907 -0.073656566381803026 0.091743248545605213 0.089749880066090082 -0.023533244596750613 -0.015453824100851202 -0.012397227851968062 0.064713971070728848 -0.0035972807033738093 -0.1212803471978031 0.07058585439660893 0.040641163142759409 0.034614829404331811 0.012451145395488042 0.0021607955607218362 -0.0834953335662941 0.028575868891246282 0.02195002746672306 -0.075959076410100468 0.00082652447103703786 -0.041615759972151486 0.0034610795149182349 0.075549575151387147 0.024717852210779805 0.070837925598488088 -0.051395567248595085 0.078259326099809207 0.012487854533119482 -0.017810057637808626 0.11567582339233493 0.085905622054714401
leaf_weight=6047 14.999999999999998 285 3344 34 3651 2850 27 28 1073 26 90 26 37 28 34 18 14.999999999999998 25 15.000000000000002 15.999999999999998 98 49 23 19 17 18 1449 647 29 1817 44 56 17 15.999999999999998 47 81 44 17 24 20 20 27 20 32 30 765 23 20 127 22 560 28 36 104 98 15.999999999999998 33 33 2102 63 15.999999999999998 36
leaf_count=6047 15 285 3344 34 3651 2850 27 28 1073 26 90 26 37 28 34 18 15 25 15 16 98 49 23 19 17 18 1449 647 29 1817 44 56 17 16 47 81 44 17 24 20 20 27 20 32 30 765 23 20 127 22 560 28 36 104 98 16 33 33 2102 63 16 36
internal_value=-1.59886e-05 0.0067735 0.00170489 0.0138788 -0.00626253 -0.00421342 0.026682 -0.00182754 0.0080955 0.035912 0.0020335 0.0360753 0.0323961 0.0289005 0.0334676 0.0460949 0.00977478 0.0366801 0.025414 -0.0439294 0.0209796 0.0368762 0.0174456 0.0700016 0.0726825 0.00463848 0.00249195 -0.0011088 0.00870881 -0.00699869 0.0114718 0.0202545 0.00373529 0.0221129 0.00808328 -0.00711576 0.0312277 -0.0211166 -0.00330104 0.0618914 -0.0714751 0.0119542 0.0912858 -0.00546361 -0.0297192 0.0115897 0.0135915 -0.0313774 0.0141363 0.00455792 -0.0028117 0.0168725 0.0347504 0.0570425 0.00993988 -0.000153942 -0.0020844 0.0336179 0.0149697 0.0280002 0.0365728 0.0325889
internal_weight=26427 12663 7391 5272 13764 10113 834 7263 1216 143 7376 554 520 494 457 298 159 264 219 31 144 188 122 37 66 116 7286 3942 1478 2464 4438 117 89 72 280 169 111 142 105 67 37 4394 45 85 53 4367 3602 43 3559 791 631 2768 266 140 126 609 593 160 2502 400 337 321
internal_count=26427 12663 7391 5272 13764 10113 834 7263 1216 143 7376 554 520 494 457 298 159 264 219 31 144 188 122 37 66 116 7286 3942 1478 2464 4438 117 89 72 280 169 111 142 105 67 37 4394 45 85 53 4367 3602 43 3559 791 631 2768 266 140 126 609 593 160 2502 400 337 321
is_linear=0
shrinkage=0.04


Tree=77
num_leaves=63
num_cat=0
split_feature=13 22 22 26 16 0 22 8 22 22 7 21 16 5 5 21 24 19 15 29 29 4 21 0 21 7 21 23 22 0 7 8 21 21 7 29 31 18 23 23 7 20 5 0 19 12 12 8 24 17 5 23 23 31 21 24 16 5 15 12 0 17
split_gain=643.568 291.489 195.689 192.169 116.913 93.3465 88.7248 94.5142 75.4248 130.489 66.8724 77.8785 64.1362 63.9976 136.816 87.7261 69.2979 70.8245 66.703 82.0198 64.0986 117.988 107.918 78.4652 77.2367 73.8613 105.092 71.37 69.7465 89.4664 89.8994 63.5884 63.1267 66.5882 82.3644 79.4627 63.4461 62.6709 61.6593 89.9219 95.6699 69.9065 69.3075 62.1699 61.6377 67.8214 132.959 102.654 61.5163 59.7897 89.6134 58.0428 110.622 69.1145 56.6865 56.5311 58.6319 55.768 53.4713 53.3267 52.7424 51.8531
threshold=3.5757805996106256 4.5000000000000009 4.5000000000000009 1.0000000180025095e-35 10.690303321574602 2.5000000000000004 2.5000000000000004 9.3571428571428594 3.5000000000000004 2.5000000000000004 75.500000000000014 4.5000000000000009 5.288156099098047 162.50000000000003 170.50000000000003 7.5000000000000009 5.5000000000000009 214.50000000000003 11.164143304241792 15.500000000000002 11.500000000000002 247.50000000000003 -3.4999999999999996 10.500000000000002 11.500000000000002 346.50000000000006 -16.499999999999996 18.500000000000004 1.5000000000000002 17.500000000000004 233.50000000000003 9.9285714285714306 12.500000000000002 -17.499999999999996 478.50000000000006 5.5000000000000009 355.67000000000002 1.1152462645268402 6.5000000000000009 17.500000000000004 279.50000000000006 1.5000000000000002 142.50000000000003 10.500000000000002 -117.49999999999999 6.4580215875299762 7.6891888265186079 14.357142857142859 6.5000000000000009 276.50000000000006 350.50000000000006 1.5000000000000002 3.5000000000000004 129.37000000000003 -10.499999999999998 5.5000000000000009 8.3293282831355899 271.50000000000006 6.8541562962298874 6.0310551625421533 15.500000000000002 107.50000000000001
decision_type=2 2 2 2 2 2 2 2 2 2 2 2 2 2 2 2 2 2 2 2 2 2 2 2 2 2 2 2 2 2 2 2 2 2 2 2 2 2 2 2 2 2 2 2 2 2 2 2 2 2 2 2 2 2 2 2 2 2 2 2 2 2
left_child=2 4 3 5 10 -1 55 -8 9 13 11 -2 -7 38 15 -15 17 18 19 -16 22 24 54 57 25 26 -22 -26 49 30 -30 -10 33 -33 35 -35 -34 -37 43 40 41 59 -42 -6 -11 -46 47 -47 -3 -23 -51 -18 53 -53 -20 -5 -57 -24 -12 -40 -28 -39
right_child=1 48 -4 6 8 12 7 -9 31 44 58 -13 -14 14 16 -17 51 -19 20 -21 21 28 23 -25 27 -27 60 -29 29 -31 -32 32 36 34 -36 37 -38 61 39 -41 42 -43 -44 -45 45 46 -48 -49 -50 50 -52 52 -54 -55 -56 56 -58 -59 -60 -61 -62 -63
leaf_value=-0.0022502497113726749 -0.081853806756145162 0.0016377366572902167 -0.01169961229965167 0.00085650238711201246 0.14712163445965346 0.0018444751322541906 -0.013196435002168792 0.069892908243032598 0.11169972055795178 -0.063068369335158733 0.043963982105343968 0.021263938483907216 0.014377794780256638 0.0067258034326643226 0.11194740057452437 -0.11163612770243278 -0.063626866488723274 0.067113148143774351 -0.022979761883863973 0.027328550240653244 0.0964232659784163 -0.041391183744762368 -0.077761263066565084 0.050477230816457538 0.12887885607291605 0.078209452325547185 0.021898132774207098 0.041960539027178001 0.024135384079557735 -0.025711960882892435 0.1511479932859244 0.092697656715617457 0.043225345932955989 0.07295737445050976 -0.070283856762955524 -0.044751149152780501 0.13914767664789365 -0.014475391014372112 0.020208042814969195 0.050900893240879895 -0.1130316388458939 -0.031968395568748219 -0.00012409883019811818 0.047718141399012509 -0.0049444255664117497 -0.0012618007829952125 -0.045776877196272089 0.079489670854559699 -0.010655317044633328 0.090482488598739905 -0.032708547149224304 0.014950052213181009 0.0075297303141248278 0.086078212513419211 -0.1182243734321847 -0.0072734260350580861 -0.068803890406847951 0.024375706241841898 0.00794339747869105 0.10518402979482168 -0.057865124512397524 0.027500133521781107
leaf_weight=2056 28 1820 4741 2628 14.999999999999998 1132 2410 22 14.999999999999998 24 67 20 1546 19 29 21 15.999999999999998 71 30 50 15.999999999999998 61 17 55 32 35 25 29 22 22 14.999999999999998 22 42 49 14.999999999999998 23 14.999999999999998 53 29 140 15.999999999999998 21 19 31 480 41 31 65 1014 17 21 39 669 50 14.999999999999998 1998 25 17 3919 20 28 414
leaf_count=2056 28 1820 4741 2628 15 1132 2410 22 15 24 67 20 1546 19 29 21 16 71 30 50 16 61 17 55 32 35 25 29 22 22 15 22 42 49 15 23 15 53 29 140 16 21 19 31 480 41 31 65 1014 17 21 39 669 50 15 1998 25 17 3919 20 28 414
internal_value=-1.51607e-05 0.0080701 -0.00483433 -0.00207972 0.0124333 0.00415938 -0.00624997 -0.0124411 0.0184123 0.0150816 0.0079845 -0.0388916 0.00908093 0.0208452 0.0173406 -0.0554878 0.0194553 0.0295749 0.0245872 0.0585187 0.0187057 0.028353 -0.00453748 0.0209697 0.0520004 0.0309625 0.00688926 0.0877261 0.00362803 0.0380286 0.0759495 0.0304992 0.0285545 0.0245668 0.0218414 0.0244215 0.0687026 0.0195499 0.03794 0.0299256 0.0019176 0.0289261 -0.0519709 0.0804245 -0.000309639 0.00213813 0.026953 0.048265 -0.00276021 -0.0168708 0.0224436 0.0115138 0.0131107 0.0549839 -0.0549641 -0.00301198 -0.00803816 -0.0267124 0.00855045 0.0550764 -0.0202329 0.02273
internal_weight=26427 9869 16558 11817 7035 4734 7083 2432 3001 2353 4034 48 2678 1712 1421 40 1381 607 536 79 457 323 134 89 165 104 69 61 158 59 37 648 633 576 554 539 57 490 291 245 105 70 35 46 641 617 137 106 2834 99 38 774 758 89 45 4651 2023 34 3986 49 53 467
internal_count=26427 9869 16558 11817 7035 4734 7083 2432 3001 2353 4034 48 2678 1712 1421 40 1381 607 536 79 457 323 134 89 165 104 69 61 158 59 37 648 633 576 554 539 57 490 291 245 105 70 35 46 641 617 137 106 2834 99 38 774 758 89 45 4651 2023 34 3986 49 53 467
is_linear=0
shrinkage=0.04


Tree=78
num_leaves=63
num_cat=0
split_feature=2 10 10 25 4 25 16 14 23 23 12 4 26 27 10 15 29 21 15 12 12 19 0 6 26 23 7 7 21 6 26 20 27 10 16 14 16 6 17 18 21 23 5 17 6 7 31 19 10 1 8 1 18 31 7 26 18 10 18 1 7 12
split_gain=594.272 234.655 79.2663 80.4606 79.1946 82.732 85.1757 84.7856 73.3669 100.198 68.0612 69.7092 63.5669 72.1661 67.5338 74.9871 60.1106 68.5725 59.7801 80.9913 99.7388 78.7335 72.0622 74.8871 58.2232 179.856 91.0354 67.5262 59.7253 86.4111 56.698 56.7431 53.7799 53.3608 64.1115 60.1068 102.389 86.4031 85.4854 106.53 103.394 86.6662 80.8667 75.8355 70.6917 65.4185 56.3046 54.0911 53.6396 56.0009 78.4123 62.6468 108.827 63.6161 52.8398 52.2773 70.9011 57.8893 80.1646 55.9302 63.7647 94.2554
threshold=6.5000000000000009 8.5833333333333339 3.6166666666666671 1.0000000180025095e-35 57.500000000000007 1.0000000180025095e-35 11.16463158313516 7.6731285265438727 10.500000000000002 2.5000000000000004 3.8665940374636425 219.50000000000003 -1.0000000180025095e-35 -0.22252093395631442 6.8166666666666673 8.3099582250446158 54.500000000000007 1.5000000000000002 11.008152247936367 5.1205253851318995 5.3588275187478249 -76.499999999999986 3.5000000000000004 206.50000000000003 1.0000000180025095e-35 1.5000000000000002 478.50000000000006 450.50000000000006 17.500000000000004 223.50000000000003 1.0000000180025095e-35 -4.4999999999999991 1.0000000180025095e-35 17.383333333333336 16.201852642656132 11.549112016232685 11.316116684108897 222.50000000000003 138.50000000000003 1.1507392911502501 -2.4999999999999996 12.500000000000002 294.50000000000006 79.500000000000014 191.50000000000003 346.50000000000006 197.39000000000001 -112.49999999999999 12.616666666666669 13.500000000000002 13.642857142857144 19.500000000000004 1.8365082244799227 135.37000000000003 202.50000000000003 0.6078576107927941 5.0659420289855079 11.716666666666667 2.5012953367875652 22.500000000000004 342.50000000000006 7.6891888265186079
decision_type=2 2 2 2 2 2 2 2 2 2 2 2 2 2 2 2 2 2 2 2 2 2 2 2 2 2 2 2 2 2 2 2 2 2 2 2 2 2 2 2 2 2 2 2 2 2 2 2 2 2 2 2 2 2 2 2 2 2 2 2 2 2
left_child=2 12 -1 30 -3 6 7 8 9 -6 -10 -12 -2 -14 -15 -16 -9 -18 19 21 -21 -8 23 -20 25 -24 27 28 33 -30 31 -4 -32 34 35 37 -37 46 40 -40 41 -38 45 -42 -41 -39 -27 -46 -49 50 -50 -51 -53 -54 -45 57 -57 58 -26 60 61 -59
right_child=1 4 3 -5 5 -7 18 16 10 -11 11 -13 13 14 15 -17 17 -19 22 20 -22 -23 24 -25 55 26 -28 -29 29 -31 32 -33 -34 -35 -36 36 38 42 39 44 43 -43 -44 54 47 -47 -48 48 49 51 -52 52 53 -55 -56 56 -58 59 -60 -61 -62 -63
leaf_value=-0.011918661802651633 0.0078111473031121101 -0.059549433754022385 0.070979955885647594 -0.0073778155039021564 -0.022795073078168148 -0.0012176079575959248 0.13642758918789041 0.0096854368573546859 -0.026175223008849616 0.094296508711296176 -0.0065218224208315311 0.058766843526692883 -0.011758284594360192 -0.0042512744261074525 0.0099503063304386546 -0.014904877090762632 0.0087331314421707201 -0.022391777083776487 -0.10041239512633093 -0.055782937376420073 0.065798495013384792 0.042492301661198537 -0.10171610123232791 0.0024667197450252342 0.066424092289872186 0.11508062045874558 -0.057056924216644295 0.10030671166079076 0.15265848102948526 0.022597018783263735 -0.0066004406850788348 0.0049255623739974498 0.0046270169947048457 -0.03558977409561663 0.074124214354340939 0.11599128630774759 -0.023019796998461302 -0.031216735108925482 0.10251104631107233 0.083829319974928526 0.040762549335785332 0.093877659165239949 0.075266860244677006 -0.11232965120795177 -0.046521928717174803 0.045672044259558925 0.027170998373923939 -0.0025377673464423208 0.019123877827425174 0.0042628841036402567 0.14650809195657441 -0.0097782003879547125 0.035728481141901802 0.13556027862046269 -0.03271184300934827 0.017462313345608469 0.084366316403694075 0.0083601834248639116 -0.017355653204254268 0.033115897007802451 -0.035610533372881642 -0.079516763845326216
leaf_weight=2719 1445 25 21 6046 14.999999999999998 716 23 2794 41 52 42 69 930 2000 1454 224 239 215 15.999999999999998 21 22 38 17 38 49 38 19 22 14.999999999999998 18 2404 1536 953 21 47 17 18 41 27 26 18 23 36 17 21 31 17 114 16.000000000000004 111 14.999999999999998 27 18 24 62 906 26 262 29 62 98 21
leaf_count=2719 1445 25 21 6046 15 716 23 2794 41 52 42 69 930 2000 1454 224 239 215 16 21 22 38 17 38 49 38 19 22 15 18 2404 1536 953 21 47 17 18 41 27 26 18 23 36 17 21 31 17 114 16 111 15 27 18 24 62 906 26 262 29 62 98 21
internal_value=-1.43678e-05 0.00619901 -0.00580501 -0.00428803 0.0113591 0.0116261 0.0131709 0.00911735 0.0332043 0.0680573 0.0177937 0.0340614 0.000491168 -0.00180395 0.000712755 0.00663045 0.00749167 -0.00600392 0.0188205 0.0485068 0.00638345 0.0781086 0.0175221 -0.0281083 0.0185821 0.0267299 0.0292858 0.0312477 0.0293759 0.0820589 -0.000486005 0.00582226 -0.0034125 0.0271485 0.02888 0.0259015 0.019607 0.0472576 0.0165309 0.0259165 -0.0105903 0.042577 0.0264063 -0.0331044 0.0203258 0.00187785 0.0880435 0.0155253 0.0195537 0.0314944 0.0810986 0.0229001 0.0528032 0.0930092 -0.0499904 0.0136669 0.0193397 0.00351349 0.0352673 -0.00207966 -0.00781945 0.00180643
internal_weight=26427 12748 13679 10960 6695 6670 5954 3467 219 67 152 111 6053 4608 3678 1678 3248 454 2487 104 43 61 2383 54 2329 876 859 840 818 33 4914 1557 3357 785 764 717 554 163 537 399 138 41 108 97 372 72 55 346 325 211 31 180 69 42 79 1453 932 521 78 443 381 283
internal_count=26427 12748 13679 10960 6695 6670 5954 3467 219 67 152 111 6053 4608 3678 1678 3248 454 2487 104 43 61 2383 54 2329 876 859 840 818 33 4914 1557 3357 785 764 717 554 163 537 399 138 41 108 97 372 72 55 346 325 211 31 180 69 42 79 1453 932 521 78 443 381 283
is_linear=0
shrinkage=0.04


Tree=79
num_leaves=63
num_cat=0
split_feature=13 25 25 24 16 10 6 7 21 24 7 27 15 5 24 14 14 12 17 7 31 24 5 8 7 12 2 8 31 10 24 15 12 4 8 1 6 12 27 31 12 18 4 4 5 24 15 18 12 7 0 13 3 5 12 10 2 12 12 10 13 24
split_gain=555 244.225 171.195 132.817 99.2794 81.8796 70.0904 61.0681 71.7231 56.5684 52.4486 60.8185 49.1774 45.1572 44.952 45.0857 96.2266 163.386 79.7563 75.1565 71.5602 59.0876 58.4469 56.5376 51.3189 46.7203 44.7745 55.2627 69.7605 56.6295 46.8808 75.0786 69.9393 69.1486 56.5797 50.2271 46.353 45.8093 46.8158 49.771 43.8832 43.8721 43.6325 52.3938 92.4727 83.6727 76.5267 75.7681 111.496 75.4312 73.9169 69.5991 88.146 78.9942 94.1894 67.3636 64.974 63.9889 63.8714 54.3282 63.2405 65.3192
threshold=3.5757805996106256 1.0000000180025095e-35 1.0000000180025095e-35 5.5000000000000009 10.690303321574602 5.116666666666668 70.500000000000014 75.500000000000014 4.5000000000000009 6.5000000000000009 505.50000000000006 -0.22252093395631442 6.8541562962298874 57.500000000000007 8.5000000000000018 10.836609324272663 11.227208318210215 4.127767137141034 258.50000000000006 164.50000000000003 175.26500000000001 2.5000000000000004 344.50000000000006 10.500000000000002 176.50000000000003 4.598733700525794 12.500000000000002 7.7857142857142865 141.35500000000005 6.9833333333333343 2.5000000000000004 6.8164440167752209 3.155319945115532 142.50000000000003 6.7857142857142865 7.5000000000000009 113.50000000000001 3.5948681370916664 1.0000000180025095e-35 321.55500000000006 7.4533338541022447 3.0830200501253135 482.50000000000006 341.50000000000006 386.50000000000006 2.5000000000000004 14.120092532505145 3.1908263305322135 4.7584511285561382 95.500000000000014 21.500000000000004 4.9808829942389607 14.500000000000002 356.50000000000006 5.441497046759296 18.216666666666672 21.500000000000004 5.4837422050483537 7.6891888265186079 10.883333333333335 5.3004554105996329 6.5000000000000009
decision_type=2 2 2 2 2 2 2 2 2 2 2 2 2 2 2 2 2 2 2 2 2 2 2 2 2 2 2 2 2 2 2 2 2 2 2 2 2 2 2 2 2 2 2 2 2 2 2 2 2 2 2 2 2 2 2 2 2 2 2 2 2 2
left_child=2 4 3 5 7 -1 -6 8 -2 40 42 -12 -9 -5 15 -14 19 -18 21 -17 25 -19 -20 -22 -23 -21 27 30 29 -29 37 -32 -33 -34 35 -35 -30 38 -7 -40 -3 -28 43 45 46 57 51 49 -49 -47 -48 52 -45 -53 -55 -51 -50 -8 59 -46 -61 -62
right_child=1 9 -4 13 6 26 10 12 -10 -11 11 -13 14 -15 -16 16 17 18 22 20 23 24 -24 -25 -26 -27 41 28 36 -31 31 32 33 34 -36 -37 -38 -39 39 -41 -42 -43 -44 44 58 47 50 48 56 55 -52 53 -54 54 -56 -57 -58 -59 -60 60 61 -63
leaf_value=-0.0025298325664055059 -0.078636387495383681 0.00035539692762825439 -0.010910135578535946 -0.05733442153370677 0.10026845327815653 -0.0034196675540898464 -0.049769719926134277 0.041891594036147783 0.02031989829457221 -0.0099896557487054415 -0.072945854911976818 0.031190162968161881 0.011435821776966783 -0.0064765190971529775 -0.00067600266396923916 0.041012627717056958 0.13260527886842427 -0.069699244919654249 0.079124498224332693 -0.03396374720981743 0.030392003689212813 -0.048832000133296222 -0.0023615926337907035 -0.043663569780496451 0.01419550107075618 -0.10049686550394882 0.038280325034692135 -0.047328462285715495 0.041289612878679598 0.011858671657724978 0.0072565004493790539 0.051690228009892827 -0.041325186174177249 0.020351452999162353 0.015122276027529332 0.12242926754566454 -0.023060042629405846 -0.044868952320421575 0.010471403395978723 0.067027765980945744 0.028549495570993837 -0.023152130728933067 -0.014980416284386582 0.029596700728858703 0.078752417121685389 0.070300418188725233 0.1177373106461808 0.087873838125723192 -0.020955549530502663 0.01867169260516674 0.013397474667883869 -0.012840889217491826 0.12526965199644996 -0.021346518477501224 0.094907274973169656 -0.05884652206252293 0.046295682915782559 0.027491328079861949 -0.039954234413134296 -0.0069717806503551702 0.047725322276089673 -0.00079216923278941091
leaf_weight=3417 28 1727 4741 28 15.999999999999998 634 54 67 20 1014 22 14.999999999999998 2682 5100 869 22 17 24 32 34 31 27 25 35 87 34 117 28 19 324 1090 130 30 15.000000000000002 192 15.999999999999998 285 33 310 27 93 22 66 38 24 45 40 19 192 1908 14.999999999999998 64 26 17 32 18 26 25 30 116 124 69
leaf_count=3417 28 1727 4741 28 16 634 54 67 20 1014 22 15 2682 5100 869 22 17 24 32 34 31 27 25 35 87 34 117 28 19 324 1090 130 30 15 192 16 285 33 310 27 93 22 66 38 24 45 40 19 192 1908 15 64 26 17 32 18 26 25 30 116 124 69
internal_value=-1.35841e-05 0.00749474 -0.00448888 -0.00191242 0.0114885 0.00180035 0.0169983 0.0073889 -0.0374065 -0.00241867 0.0165479 -0.0307044 0.00792976 -0.00675572 0.00734757 0.00963424 -0.00348989 0.0140476 0.0036389 -0.0273295 -0.0385869 -0.0127927 0.0434084 -0.00885628 -0.000744251 -0.0673584 0.00632298 0.00533608 -0.00498449 0.00713282 0.00807024 0.0126134 0.0278476 0.015573 0.0232515 0.0733253 -0.0190194 0.00140231 0.00298139 0.0150271 0.00179867 0.0285332 0.0171427 0.0178795 0.0284574 0.0151255 0.0481824 0.0165735 -0.00478639 0.0191431 0.0893932 0.0353222 0.0686298 0.0163961 0.0545723 0.0179432 -0.012908 -0.0252909 0.0158355 0.0208781 0.0163525 0.0303779
internal_weight=26427 9869 16558 11817 7035 6689 3001 4034 48 2834 2985 37 3986 5128 3919 3050 368 212 195 156 134 138 57 66 114 68 3272 3133 656 352 2477 1473 383 253 223 31 304 1004 971 337 1820 139 2948 2882 595 2287 232 2208 237 1971 55 177 64 113 49 1926 218 79 363 333 309 193
internal_count=26427 9869 16558 11817 7035 6689 3001 4034 48 2834 2985 37 3986 5128 3919 3050 368 212 195 156 134 138 57 66 114 68 3272 3133 656 352 2477 1473 383 253 223 31 304 1004 971 337 1820 139 2948 2882 595 2287 232 2208 237 1971 55 177 64 113 49 1926 218 79 363 333 309 193
is_linear=0
shrinkage=0.04


Tree=80
num_leaves=63
num_cat=0
split_feature=2 16 22 10 20 10 24 14 4 19 2 16 13 13 24 7 22 5 20 12 4 14 10 10 15 15 13 7 19 2 5 7 5 7 19 17 5 10 22 7 14 30 17 24 20 16 19 13 10 22 7 24 24 20 13 26 24 24 8 31 2 0
split_gain=475.632 163.049 160.969 119.5 94.4017 91.2046 79.7992 74.0139 91.6251 94.5945 115.51 78.3897 74.5936 71.2126 69.5747 66.2299 65.5271 60.9205 87.6562 94.9355 94.7255 67.1478 61.4489 88.5697 77.1699 65.2709 89.0053 68.7494 65.4209 60.5349 102.988 84.9496 90.5869 76.3675 71.2731 70.7385 150.742 99.8799 68.9792 67.9608 65.1387 80.7071 59.068 55.3492 53.8627 66.6306 67.8798 52.9969 55.2918 52.832 62.2041 55.8595 68.478 53.9064 52.7746 94.9614 52.6515 69.1198 51.7901 83.2958 109.587 98.4437
threshold=9.5000000000000018 12.036790982486872 1.5000000000000002 5.4166666666666679 -10.499999999999998 4.5500000000000007 8.5000000000000018 11.480218960795368 444.50000000000006 230.50000000000003 13.500000000000002 12.269968827785037 5.9209835310239018 6.5559045619348062 5.5000000000000009 250.50000000000003 5.5000000000000009 333.50000000000006 -2.4999999999999996 7.4533338541022447 320.50000000000006 16.30143895402782 15.15 15.883333333333335 14.73993817187278 13.134146752136949 5.739408030017815 215.50000000000003 134.50000000000003 18.500000000000004 292.50000000000006 450.50000000000006 315.50000000000006 160.50000000000003 -128.49999999999997 153.50000000000003 191.50000000000003 14.016666666666667 3.5000000000000004 126.50000000000001 14.99062083020759 1.5000000000000002 113.50000000000001 5.5000000000000009 -3.4999999999999996 15.016671084623452 87.500000000000014 5.9209835310239018 9.4500000000000011 3.5000000000000004 75.500000000000014 2.5000000000000004 5.5000000000000009 -3.4999999999999996 3.7759066810989648 1.0000000180025095e-35 6.5000000000000009 1.5000000000000002 12.071428571428573 135.37000000000003 17.500000000000004 18.500000000000004
decision_type=2 2 2 2 2 2 2 2 2 2 2 2 2 2 2 2 2 2 2 2 2 2 2 2 2 2 2 2 2 2 2 2 2 2 2 2 2 2 2 2 2 2 2 2 2 2 2 2 2 2 2 2 2 2 2 2 2 2 2 2 2 2
left_child=2 4 5 -4 -2 -1 7 11 9 17 -11 -3 15 -14 -12 -13 56 29 20 22 -19 -21 24 -24 25 26 -20 -27 -29 30 39 32 34 -32 -31 37 -37 42 44 -9 41 -35 -36 -7 -39 -46 -47 48 49 -6 -51 53 -53 -52 55 -50 57 -5 -41 61 -61 -60
right_child=1 6 3 16 47 43 -8 8 -10 10 14 12 13 -15 -16 -17 -18 18 19 21 -22 -23 23 -25 -26 27 -28 28 -30 31 33 -33 -34 40 35 36 -38 38 -40 58 -42 -43 -44 -45 45 46 -48 -49 54 50 51 52 -54 -55 -56 -57 -58 -59 59 60 -62 -63
leaf_value=-0.0032641425746604653 -0.071969304018286592 0.11564317934066651 -0.0092435190206389094 -0.012665509098487814 -0.00082034321114531148 0.014104369750125068 -0.0043372057750276213 0.055943473695122752 -0.024222672942937992 0.15503453796081121 0.079531494397884123 0.12984028938553097 -0.03291072317744341 0.068143556578117506 -0.018139681511015686 0.027725142828479609 -0.0073986178534381922 -0.036139261798081891 0.015848476109704423 -0.12895375242010196 0.059163511799820726 -0.012745068475900108 0.11644135275057384 -0.012539192089059735 -0.080154039270467894 -0.032667213395818483 -0.11183258816322184 0.10405743463344484 0.009915629541741966 -0.046430174712068548 -0.029596390664947694 0.12275026955799749 -0.045305728545952668 0.051767967723848819 -0.030240168430326706 -0.065056309225002024 0.036756292402549413 -0.00090180117135856583 0.13439908437405254 0.053777948709848887 0.016694012715262614 0.14361987714273522 0.057418259033523655 0.0025590681429601453 0.016356535624147083 0.14186428643583843 0.036600009842424203 -0.05339694968645009 0.12744213623000167 -0.069016036797832969 0.055871189558728135 0.030354061458023236 0.0041238394825059742 -0.022813603127615531 0.0097625651238381871 0.0028735403581099071 -0.0046720592049762835 0.0051150138214912889 -0.047066795781072493 0.022864457610392807 -0.049712632174879867 0.016665739976857642
leaf_weight=1874 25 25 6385 391 2176 1312 205 45 72 18 26 19 32 17 21 22 2488 22 19 17 68 14.999999999999998 15.999999999999998 18 22 23 15.999999999999998 21 27 15.999999999999998 15.999999999999998 17 23 40 25 26 214 17 29 32 31 25 24 1347 19 29 14.999999999999998 24 17 14.999999999999998 15.999999999999998 329 309 103 2376 23 2118 3310 98 263 38 64
leaf_count=1874 25 25 6385 391 2176 1312 205 45 72 18 26 19 32 17 21 22 2488 22 19 17 68 15 16 18 22 23 16 21 27 16 16 17 23 40 25 26 214 17 29 32 31 25 24 1347 19 29 15 24 17 15 16 329 309 103 2376 23 2118 3310 98 263 38 64
internal_value=0.000198386 0.00892128 -0.00309559 -0.00512871 0.00541899 0.00349349 0.0191835 0.0221213 0.019786 0.0219667 0.0691114 0.0530681 0.0355549 0.00217557 0.0359029 0.0752962 -0.00196563 0.0197558 0.00322089 -0.0119078 0.0358308 -0.0747526 0.000532117 0.0482624 -0.0121584 0.0019973 -0.0426153 0.0240466 0.051275 0.0239992 0.0161806 0.0352173 0.0317802 0.0510744 0.0360775 0.0394102 0.0256958 0.0602003 0.0815116 0.00893155 0.0645571 0.0872927 0.0126833 0.0082568 0.062171 0.0791968 0.106188 0.00577977 0.0060459 0.00236842 0.011358 0.0129622 0.0176559 -0.0121793 0.010532 0.0560509 0.000357072 0.00323572 0.00464327 0.00123215 0.0136818 -0.0218814
internal_weight=26485 7260 19225 14692 5413 4533 1847 1642 1527 1455 65 115 90 49 47 41 8307 1390 284 194 90 32 162 34 128 106 35 71 48 1106 652 454 437 112 414 398 240 158 109 540 96 65 49 2659 80 63 44 5388 5364 2948 772 757 638 119 2416 40 5819 3701 495 463 301 162
internal_count=26485 7260 19225 14692 5413 4533 1847 1642 1527 1455 65 115 90 49 47 41 8307 1390 284 194 90 32 162 34 128 106 35 71 48 1106 652 454 437 112 414 398 240 158 109 540 96 65 49 2659 80 63 44 5388 5364 2948 772 757 638 119 2416 40 5819 3701 495 463 301 162
is_linear=0
shrinkage=0.04


Tree=81
num_leaves=63
num_cat=0
split_feature=2 10 22 10 10 24 24 24 14 20 8 14 15 0 14 10 2 18 15 16 4 23 20 17 15 20 7 4 5 22 14 23 18 24 2 13 6 18 3 4 15 14 3 6 11 4 4 11 23 3 32 18 18 3 13 7 8 5 1 13 0 4
split_gain=438.39 150.353 148.351 111.778 84.9569 76.124 65.0253 60.3727 58.5265 78.8972 78.5263 70.4897 64.1033 72.9245 59.3377 58.9961 88.119 57.7577 61.6249 58.5396 55.6503 53.2874 51.3425 50.9963 52.7007 50.575 48.0169 47.8147 53.3285 47.4642 85.6377 73.3932 69.2156 64.0884 49.4351 47.9057 46.6934 72.4464 88.2225 82.2603 94.9786 87.1507 77.3002 72.0107 108.07 98.1057 107.231 84.448 66.0693 78.357 96.536 76.0822 123.486 71.9261 80.5781 71.407 67.5068 65.3026 103.663 64.409 64.3507 63.2662
threshold=9.5000000000000018 11.250000000000002 1.5000000000000002 4.7500000000000009 6.6833333333333345 7.5000000000000009 6.5000000000000009 5.5000000000000009 11.904383535044749 8.5000000000000018 11.642857142857144 9.821244489207416 11.400396572612159 13.500000000000002 10.908351001626794 12.616666666666669 16.500000000000004 2.8601774569516509 8.6164495451703527 8.5892957359451962 57.500000000000007 15.500000000000002 -10.499999999999998 337.50000000000006 13.263896072563972 -4.4999999999999991 126.50000000000001 360.50000000000006 350.50000000000006 4.5000000000000009 10.180117834828975 22.500000000000004 1.673666997390953 1.5000000000000002 7.5000000000000009 4.8759319769330451 189.50000000000003 2.1520363236103468 23.500000000000004 269.50000000000006 14.976947427623816 11.480218960795368 20.500000000000004 271.50000000000006 7.5655862454997722 366.50000000000006 146.50000000000003 8.6986589004665991 14.500000000000002 15.500000000000002 144.50000000000003 1.9630765735060216 2.0469274328859064 16.500000000000004 6.4282064591250929 392.50000000000006 16.785714285714288 339.50000000000006 11.500000000000002 5.2530232081806405 15.500000000000002 383.50000000000006
decision_type=2 2 2 2 2 2 2 2 2 2 2 2 2 2 2 2 2 2 2 2 2 2 2 2 2 2 2 2 2 2 2 2 2 2 2 2 2 2 2 2 2 2 2 2 2 2 2 2 2 2 2 2 2 2 2 2 2 2 2 2 2 2
left_child=2 22 4 -4 7 36 20 -1 11 10 -10 -7 13 21 -14 16 -16 27 19 -19 26 -13 -2 -12 -25 -22 -5 28 -6 30 32 -32 33 34 -27 -33 37 39 -39 40 41 -3 -42 44 61 46 -46 -48 49 56 53 57 -53 -51 60 -52 -45 58 -50 -43 -55 -38
right_child=1 5 3 6 17 8 -8 -9 9 -11 23 12 14 -15 15 -17 -18 18 -20 -21 25 -23 -24 24 -26 29 -28 -29 -30 -31 31 35 -34 -35 -36 -37 43 38 -40 -41 42 59 -44 48 45 -47 47 -49 51 50 55 52 -54 54 -56 -57 -58 -59 -60 -61 -62 -63
leaf_value=0.0053519761996516351 -0.066875292510719761 0.10375780232944845 -0.0098474948516569377 -0.10464802940160231 0.018202849669029127 -0.029058608855689848 -0.0068453980633335458 -0.0050436831697648404 -0.061496776997857376 -0.085900812461114043 0.011535403637184081 0.040949200323258321 -0.034531837788233218 -0.0067344934430288439 0.037082816600100384 0.068326579943681381 -0.076458173390501025 0.00080967172409520175 -0.039037337130701483 0.083872814557410233 0.014177839749888295 0.12079542055036674 0.0046690648509973556 0.010762298071562353 -0.078731745233363154 -0.012056828794680584 -0.0034387516185937338 0.04587346637039813 -0.033214121432947621 -0.0038788714715515455 0.013467518287611882 0.091762954466178284 0.0058232279426387989 -0.0045076028974716789 -0.071461980666991179 0.0093902552275924207 0.021047502299871214 0.025374420102007252 -0.063514488519642351 0.12660104451021312 0.049819763791522802 0.061741788213569411 0.15617320125563103 0.025991173245220139 0.029063280966327088 0.043480613293585837 -0.10839552234867122 -0.012917770266016839 0.041070872210313414 0.1037582956888399 0.11560341267118984 0.11949343079355508 0.020617954517846725 0.020188043514180434 0.052650026269777571 0.03939736222076546 -0.053865773727756514 -0.066712874168957464 -0.019337692720383461 -0.019667048157774251 -0.072226561070618478 -0.016021404900819637
leaf_weight=1939 15.999999999999998 15.999999999999998 4911 15.000000000000002 598 40 3474 1658 32 19 243 26 33 20 34 35 15.999999999999998 135 59 14.999999999999998 390 28 4772 20 22 47 14.999999999999998 95 34 3296 142 39 1653 651 43 15.999999999999998 403 275 19 21 31 21 17 149 21 23 42 23 75 18 52 22 239 28 50 32 19 23 115 59 21 90
leaf_count=1939 16 16 4911 15 598 40 3474 1658 32 19 243 26 33 20 34 35 16 135 59 15 390 28 4772 20 22 47 15 95 34 3296 142 39 1653 651 43 16 403 275 19 21 31 21 17 149 21 23 42 23 75 18 52 22 239 28 50 32 19 23 115 59 21 90
internal_value=0.00019061 0.00856504 -0.00297178 -0.00492358 0.00335376 0.0165764 -0.00245102 0.000559641 0.00371972 -0.00694479 -0.00218051 0.0191698 0.0292377 0.0584043 0.0108959 0.0285759 0.00062969 0.0140881 -0.00443444 0.00917965 -3.01318e-05 0.0825347 0.00442818 0.00449178 -0.0361437 0.000229734 -0.0542894 0.0194156 0.0154288 -0.00069418 0.00335627 0.0287004 0.00126878 -0.00888785 -0.0405093 0.0678968 0.0204103 0.0315303 0.0196035 0.0527448 0.0418798 0.0188442 0.0877746 0.0168748 0.00630212 -0.0297178 -0.0493451 -0.0747135 0.0244209 0.037115 0.0539666 0.0145289 0.0290025 0.0304107 0.0169634 0.0866777 0.0169212 -0.00320231 0.00450633 0.0017282 -0.0194439 0.0142744
internal_weight=26485 7260 19225 14692 4533 2472 9781 3597 568 336 317 232 192 74 118 85 50 936 209 150 6307 54 4788 285 42 6277 30 727 632 5887 2591 197 2394 741 90 55 1904 459 294 165 144 96 48 1445 602 109 86 65 843 369 201 474 261 117 99 84 168 213 190 80 49 493
internal_count=26485 7260 19225 14692 4533 2472 9781 3597 568 336 317 232 192 74 118 85 50 936 209 150 6307 54 4788 285 42 6277 30 727 632 5887 2591 197 2394 741 90 55 1904 459 294 165 144 96 48 1445 602 109 86 65 843 369 201 474 261 117 99 84 168 213 190 80 49 493
is_linear=0
shrinkage=0.04


Tree=82
num_leaves=63
num_cat=0
split_feature=10 22 10 22 10 6 22 22 6 13 14 18 13 16 31 6 5 21 21 18 3 14 11 11 12 32 19 21 2 13 18 10 18 9 7 8 22 9 0 5 6 29 29 15 14 7 23 16 7 5 27 18 22 23 10 0 19 2 5 10 10 31
split_gain=406.631 214.021 131.922 114.026 85.5542 107.742 79.9625 97.8295 50.756 50.9746 48.8877 46.8753 45.5218 44.8282 44.2454 46.5593 81.6521 52.1702 49.6197 43.9644 43.5428 42.4563 156.695 64.0877 52.664 46.7402 42.2489 40.1481 62.8318 102.397 61.0229 48.3778 55.9563 42.7303 47.5378 61.248 46.1187 40.7387 73.7782 111.166 82.491 53.3036 55.1949 41.1337 58.5874 78.1792 93.2439 56.85 58.0612 49.0861 41.1673 40.0063 39.771 64.1363 89.7809 119.777 78.9619 85.0947 64.8929 62.0684 71.1368 71.1955
threshold=9.4500000000000011 4.5000000000000009 5.4166666666666679 5.5000000000000009 13.41666666666667 492.50000000000006 3.5000000000000004 2.5000000000000004 522.50000000000011 4.8472056175543559 3.729236423565601 3.1704005006257825 6.2484939739696008 2.7954543581490428 71.765000000000015 495.50000000000006 462.50000000000006 2.5000000000000004 9.5000000000000018 2.4005208333333337 5.5000000000000009 9.3933272484935468 4.7409060817728239 3.2071349029490968 5.2759040695012871 144.50000000000003 190.50000000000003 16.500000000000004 15.500000000000002 4.7241127610706295 1.621691639826355 11.91666666666667 2.5386608210442412 13.750000000000002 230.50000000000003 14.642857142857144 3.5000000000000004 13.107142857142859 11.500000000000002 205.50000000000003 279.50000000000006 16.500000000000004 41.500000000000007 9.3632458910132961 9.3933272484935468 385.50000000000006 19.500000000000004 9.3049280785172233 178.50000000000003 294.50000000000006 -0.56174490092936669 5.2667410714285721 1.5000000000000002 19.500000000000004 12.050000000000002 14.500000000000002 -81.499999999999986 13.500000000000002 360.50000000000006 11.450000000000001 11.15 135.37000000000003
decision_type=2 2 2 2 2 2 2 2 2 2 2 2 2 2 2 2 2 2 2 2 2 2 2 2 2 2 2 2 2 2 2 2 2 2 2 2 2 2 2 2 2 2 2 2 2 2 2 2 2 2 2 2 2 2 2 2 2 2 2 2 2 2
left_child=1 2 13 4 12 51 7 8 9 -4 -3 -9 14 -1 21 16 27 -18 -19 -14 -8 22 23 -2 -23 -25 -22 33 29 -29 -31 32 -32 37 35 -35 -36 43 41 -40 -41 -39 -43 47 45 -45 -47 49 -49 -16 -50 -6 53 54 55 56 57 -46 -58 60 61 -55
right_child=3 10 6 -5 5 -7 20 11 -10 -11 -12 -13 19 -15 15 -17 17 18 -20 -21 26 24 -24 25 -26 -27 -28 28 -30 30 31 -33 -34 34 36 -37 -38 38 39 40 -42 42 -44 44 52 46 -48 48 50 -51 -52 -53 -54 59 -56 -57 58 -59 -60 -61 -62 -63
leaf_value=-0.016173681428616672 0.056070240592457229 -0.018931753071508621 0.0048828651594519249 -0.0040792191111844647 0.020132825441127437 -0.080018083561233605 0.039035136097807968 -0.010894295711461468 -0.049276767735803681 -0.0687240178735051 -0.0078300948034510393 0.0065912995438686759 -0.05032834858499885 -0.0033343262154088334 0.017733817225100527 0.04792859927592031 -0.062288230699196721 0.049090520403304021 -0.038933976980356062 0.015283042402504995 0.0075395568201846973 -0.00021906391375976512 0.083809651181355596 0.0057666458842635469 -0.033447541356337436 -0.056471499580404032 0.029129461119286059 0.081347699618427513 0.058663356600066233 -0.057572757099167447 0.075498276966524308 -0.024244597681806233 -0.013892071005737125 -0.02815926219544139 -0.069655080079333173 0.075411514486215123 0.010844495937838192 0.016093103993532344 -0.074887446927193985 0.084113114205320264 0 0.13513859825436345 0.03520486989558138 0.00013228361574229303 0.059563134501439442 -0.0089494105040807126 -0.12455775456278735 0.079173289485405807 -0.017881383228138141 -0.066617331215512679 0.036153907595047885 0.07571044930914568 0.0075421940307625205 -0.010161276024855751 0.062205773087139933 -0.049245357627392627 0.044441027560826581 -0.045400857990519933 -0.016015217484168284 0.0099861437905027304 0.12118120420030701 0.068322951859500186
leaf_weight=469 19 729 4586 947 1305 17 87 1217 28 14.999999999999998 4922 307 41 6024 31 52 40 19 22 27 1317 387 41 38 95 39 163 27 70 27 27 34 19 21 34 15.999999999999998 17 22 20 29 52 22 14.999999999999998 231 15.999999999999998 27 19 40 29 17 100 21 2061 28 45 59 121 53 37 68 23 54
leaf_count=469 19 729 4586 947 1305 17 87 1217 28 15 4922 307 41 6024 31 52 40 19 22 27 1317 387 41 38 95 39 163 27 70 27 27 34 19 21 34 16 17 22 20 29 52 22 15 231 16 27 19 40 29 17 100 21 2061 28 45 59 121 53 37 68 23 54
internal_value=0.00018309 -0.0026783 -6.01152e-05 0.00876791 0.0109125 0.0197338 0.00347391 0.00141906 0.00431334 0.00464097 -0.00926291 -0.00737042 0.00817624 -0.00426228 0.00869472 0.0103743 0.00982875 -0.0298467 0.00182939 -0.0242632 0.0115406 -0.00118958 0.0184478 -0.00950452 -0.00677797 -0.025763 0.00992052 0.0107455 0.0279693 0.0118883 -0.00567972 0.0118592 0.0385827 0.00968156 -0.0177961 0.0166567 -0.042814 0.0104339 0.0301103 0.00930601 0.0301859 0.0656145 0.0948829 0.00940311 0.00811977 -0.00935046 -0.0569107 0.0261901 0.0370994 -0.0121754 0.0239865 0.0210202 0.0100075 0.0200813 0.00975205 0.001473 0.01468 -0.0209815 0.0302697 0.0398156 0.0590868 0.0415194
internal_weight=26485 19864 14213 6621 5674 1343 7720 6153 4629 4601 5651 1524 4331 6493 4263 3644 3592 81 41 68 1567 619 137 96 482 77 1480 3511 204 134 107 80 46 3307 88 37 51 3219 160 101 81 59 37 3059 2842 277 46 217 169 48 129 1326 2565 504 331 286 227 69 158 173 105 82
internal_count=26485 19864 14213 6621 5674 1343 7720 6153 4629 4601 5651 1524 4331 6493 4263 3644 3592 81 41 68 1567 619 137 96 482 77 1480 3511 204 134 107 80 46 3307 88 37 51 3219 160 101 81 59 37 3059 2842 277 46 217 169 48 129 1326 2565 504 331 286 227 69 158 173 105 82
is_linear=0
shrinkage=0.04


Tree=83
num_leaves=63
num_cat=0
split_feature=10 22 10 2 26 5 18 22 22 24 24 14 18 21 12 19 6 6 8 10 9 32 9 28 12 5 9 2 14 16 24 9 9 20 18 10 1 20 1 21 5 23 11 17 12 21 17 28 17 17 26 2 18 18 16 14 23 19 11 12 8 12
split_gain=378.109 213.077 143.907 89.0656 85.0577 75.1956 74.3028 67.5785 104.745 57.9953 51.6706 50.2691 49.6205 106.761 58.538 49.0215 48.5876 47.8591 71.4411 52.6286 98.532 80.0543 97.2254 107.483 139.068 86.4697 65.5343 59.3596 61.6524 108.164 95.2366 79.4676 56.5686 69.8777 64.4793 79.238 58.4155 86.5874 134.221 69.7659 67.8398 63.5167 59.615 78.7484 84.1126 57.4112 56.3859 65.5664 105.271 73.6735 73.2772 76.7976 70.045 68.9762 56.2019 105.635 75.9962 55.9565 53.5118 51.7137 50.5126 49.6943
threshold=10.516666666666667 4.5000000000000009 5.4166666666666679 11.500000000000002 1.0000000180025095e-35 57.500000000000007 3.8563492063492069 3.5000000000000004 2.5000000000000004 7.5000000000000009 8.5000000000000018 3.729236423565601 2.3425615480410005 -13.499999999999998 5.1486151798745512 190.50000000000003 522.50000000000011 446.50000000000006 14.785714285714286 13.350000000000003 12.964285714285717 165.00000000000003 15.250000000000002 312.50000000000006 6.5683222471843719 273.50000000000006 14.178571428571429 12.500000000000002 13.328439915466772 14.116214904974724 5.5000000000000009 13.821428571428575 13.392857142857144 -2.4999999999999996 1.3828158923143727 13.083333333333334 18.500000000000004 1.0000000180025095e-35 20.500000000000004 19.500000000000004 234.50000000000003 27.500000000000004 4.2706082983686642 113.50000000000001 4.8166947919293479 1.5000000000000002 77.500000000000014 164.50000000000003 154.50000000000003 107.50000000000001 1.0000000180025095e-35 19.500000000000004 1.2336702559934987 1.6993436011840923 12.269968827785037 11.904383535044749 29.500000000000004 -75.499999999999986 6.1373175465073242 5.1845077759726559 16.642857142857149 5.9669418971861576
decision_type=2 2 2 2 2 2 2 2 2 2 2 2 2 2 2 2 2 2 2 2 2 2 2 2 2 2 2 2 2 2 2 2 2 2 2 2 2 2 2 2 2 2 2 2 2 2 2 2 2 2 2 2 2 2 2 2 2 2 2 2 2 2
left_child=1 2 4 -2 -1 6 -4 8 16 17 -6 -3 13 -10 -15 -9 -7 19 59 32 -21 27 23 24 25 -23 -25 -22 29 31 -31 -29 36 -34 -35 45 39 38 -38 41 -39 42 43 -5 57 -36 60 48 50 -49 51 -48 -52 -54 55 56 -43 -45 -41 -19 -30 -61
right_child=3 11 5 9 10 7 -8 15 12 -11 -12 -13 -14 14 -16 -17 -18 18 -20 20 21 22 -24 26 -26 -27 -28 28 46 30 -32 -33 33 34 35 -37 37 40 -40 58 -42 54 -44 44 -46 -47 47 49 -50 -51 52 -53 53 -55 -56 -57 -58 -59 -60 61 -62 -63
leaf_value=0.0014383746046752268 0.0039906077953244549 -0.018174586863801273 -0.12086022392803472 0.12312159918850253 -0.0049277827832888959 0.0052676354979662512 -0.0091667577714241773 0.008525641849258225 0.077561337851800055 0.0045256464734184741 -0.015149911012560434 -0.006992304489278605 0.002043054149704055 -0.012164683203033849 -0.091515599686578422 0.029556848659759667 -0.046552397598515677 0.027426235618945964 -0.021820558328279022 0.10432413135821395 0.082196650548630776 -0.055913050568481372 -0.096837020017947376 0.0014586509594702608 0.12584795684363712 0.063876795350023871 -0.10391722934287892 0.086867875977960557 0.12473544414963153 0.021474678392047121 0.14743008924022702 -0.011489013662813961 0.037487817586768078 0.037360808164375259 0.046103506014213792 -0.10018130741933912 0.12129182919659062 -0.067322948942121291 -0.0051452675645385307 0.12440282977969438 0.034983194519025679 -0.051777114574539713 0.0088340955561454059 -0.052874940204394365 0.085544961315233592 -0.045524688266938736 -0.0017742429756970133 -0.053153042543620965 -0.084587841949027603 0.027126710946486526 0.032898341821009418 0.12386027759274111 -0.11120843248757703 0.0061544151811410265 0.035986628600206419 -0.10896124550919511 0.045848135577197885 0.029547531105514266 0.017422546211457411 0.13383175981767251 0.022383743804063855 0.041536655255726397
leaf_weight=2640 1968 729 14.999999999999998 15.999999999999998 2740 5385 26 1632 21 631 1113 5484 714 1051 14.999999999999998 199 29 32 19 24 30 22 17 21 20 17 17 19 15.000000000000002 14.999999999999998 27 42 32 18 15.999999999999998 28 37 14.999999999999998 21 15.000000000000002 33 27 685 21 26 34 16.000000000000004 19 24 428 25 14.999999999999998 17 14.999999999999998 21 23 24 35 14.999999999999998 23 15.999999999999998 15.999999999999998
leaf_count=2640 1968 729 15 16 2740 5385 26 1632 21 631 1113 5484 714 1051 15 199 29 32 19 24 30 22 17 21 20 17 17 19 15 15 27 42 32 18 16 28 37 15 21 15 33 27 685 21 26 34 16 19 24 428 25 15 17 15 21 23 24 35 15 23 16 16
internal_value=0.000175838 -0.00204173 0.000455842 0.010476 -0.00409181 0.00370554 -0.0502735 0.00395097 0.00220889 0.0151605 -0.00788144 -0.00830497 -0.00614663 -0.0115276 -0.0132916 0.010814 0.00498884 0.0183654 0.0469019 0.0170799 0.0245491 0.0222471 -0.0088866 0.00659064 0.0403749 -0.00361599 -0.0457797 0.0271595 0.0247625 0.0533183 0.102651 0.019206 0.0114451 -0.0135959 -0.0306659 -0.0464177 0.0146091 0.0427024 0.0755484 0.0113229 0.00289745 0.00926634 0.0130158 0.0421859 0.0262385 -0.0161302 0.0197658 0.0168412 -0.0105069 0.0236988 0.00974734 0.0591551 -0.0171451 -0.0562845 -0.0215973 -0.0379922 -0.00579686 -0.0013644 0.0712147 0.0653254 0.0722149 0.0962213
internal_weight=26485 21793 15580 4692 6493 9087 41 9046 7215 2724 3853 6213 1801 1087 1066 1831 5414 2093 90 2003 861 837 114 97 59 39 38 723 693 103 42 61 1142 128 96 78 1014 106 58 908 48 878 783 98 82 50 590 559 112 447 88 31 57 32 95 74 51 56 30 71 31 39
internal_count=26485 21793 15580 4692 6493 9087 41 9046 7215 2724 3853 6213 1801 1087 1066 1831 5414 2093 90 2003 861 837 114 97 59 39 38 723 693 103 42 61 1142 128 96 78 1014 106 58 908 48 878 783 98 82 50 590 559 112 447 88 31 57 32 95 74 51 56 30 71 31 39
is_linear=0
shrinkage=0.04


Tree=84
num_leaves=63
num_cat=0
split_feature=3 13 22 24 16 6 3 4 0 4 12 7 22 4 1 11 12 3 23 14 18 18 3 11 7 17 7 1 23 7 12 1 20 7 2 17 23 6 5 24 20 22 13 23 13 16 3 23 13 2 16 19 16 2 24 18 24 2 5 31 5 3
split_gain=348.871 146.094 109.565 104.371 82.0131 66.7483 63.2755 65.9001 175.076 94.2948 122.911 88.8534 105.884 65.2586 84.3282 72.0639 63.6448 90.0582 118.104 157.331 83.2128 76.137 84.9839 76.349 84.132 74.1431 92.3447 74.0639 73.781 69.4833 67.0891 184.762 77.1117 71.8228 80.0602 115.536 69.5899 63.875 62.9765 60.9081 59.2555 57.0912 73.4325 56.9058 75.6391 56.1856 53.5781 59.7902 53.2594 59.0526 63.6044 53.2388 91.7067 53.0073 51.3884 69.5939 84.8706 83.4779 51.0977 50.1762 87.8126 49.9927
threshold=11.500000000000002 2.0117471105438716 1.5000000000000002 7.5000000000000009 11.16463158313516 98.500000000000014 12.500000000000002 146.50000000000003 13.500000000000002 160.50000000000003 6.1981918667932749 182.50000000000003 1.5000000000000002 166.50000000000003 16.500000000000004 6.0513674172906997 6.5683222471843719 16.500000000000004 18.500000000000004 15.930550448298703 1.9348469256496015 3.4186793176154882 19.500000000000004 6.5755680544037558 142.50000000000003 362.50000000000006 470.50000000000006 8.5000000000000018 28.500000000000004 450.50000000000006 7.9567850795096424 13.500000000000002 1.0000000180025095e-35 189.50000000000003 20.500000000000004 179.50000000000003 21.500000000000004 144.50000000000003 249.50000000000003 8.5000000000000018 8.5000000000000018 5.5000000000000009 5.8562275324653248 15.500000000000002 5.3004554105996329 12.40163884625357 22.500000000000004 2.5000000000000004 6.1620827692159885 11.500000000000002 11.316116684108897 -97.499999999999986 13.751083698554426 10.500000000000002 4.5000000000000009 1.6563458588957058 5.5000000000000009 18.500000000000004 236.50000000000003 135.37000000000003 136.50000000000003 20.500000000000004
decision_type=2 2 2 2 2 2 2 2 2 2 2 2 2 2 2 2 2 2 2 2 2 2 2 2 2 2 2 2 2 2 2 2 2 2 2 2 2 2 2 2 2 2 2 2 2 2 2 2 2 2 2 2 2 2 2 2 2 2 2 2 2 2
left_child=1 -1 51 4 61 -6 13 8 11 10 -9 -8 -13 -7 15 -15 21 18 19 -18 -21 25 23 24 -23 26 27 45 37 30 32 -32 54 -34 35 -35 -33 -29 -17 41 -5 42 -4 -26 -45 -11 47 -39 49 53 -51 -3 -53 -49 -19 -56 -57 -58 -50 -10 -61 -2
right_child=3 2 39 40 5 6 7 9 59 16 -12 12 -14 14 -16 38 17 29 -20 20 -22 22 -24 -25 43 -27 -28 28 -30 -31 31 36 33 34 -36 -37 -38 46 -40 -41 -42 -43 -44 44 -46 -47 -48 48 58 50 -52 52 -54 -55 55 56 57 -59 -60 60 -62 -63
leaf_value=-0.0073012662580971459 0.0070691542325225934 -0.0667296660909001 0.00069102271816532323 0.0010548985903797311 0.067848098362959144 -0.0095421744443447663 0.17478054871622303 0.020709329934731069 -0.024632141401995288 0.010885616262528729 -0.098683341420444604 0.11457115157894121 0.0018395139419191604 0.07663672798758378 0.11860476033384448 0.051080431164495191 0.030505331169635164 -0.042084567511987955 0.044640236522035963 -0.033511337926669146 -0.1608784348225733 -0.056987118514912637 -0.097835895038400025 -0.069519425594445433 0.086607388314746667 0.061975949532400793 -0.078551536133276173 -0.048999188712854407 -0.045682404936051427 0.11938861100570015 0.079360225787482308 -0.0032313525627262855 0.1176727546629949 0.073538386799187297 0.093703128884405837 -0.050414193084229633 -0.10291504139018849 -0.044001665075784895 -0.062622668980071267 -0.0072612111412474738 -0.066556107794504035 -0.0058313497798947143 0.023346415286179034 -0.057862431358846812 0.061306090292351012 0.052863481391590021 -0.04858340385612718 0.0022159511203706447 0.012795938576360147 0.09215524323167601 0.01607648529016352 0.0057656583815397502 0.10454358635359254 -0.08864296148944377 0.090835225648614043 0.077480191123436098 0.051162960371134963 -0.048973983357817844 0.088722946795091892 0.11410395649292612 0.00083760333849010316 0.077872530673601614
leaf_weight=6000 1877 15.999999999999998 6637 1216 45 26 14.999999999999998 28 46 97 27 30 24 34 29 15.000000000000002 27 17 45 15.999999999999998 17 20 19 23 23 48 18 28 43 15.999999999999998 29 24 33 25 35 23 21 24 15.999999999999998 2622 21 2280 237 15.999999999999998 18 108 21 32 25 19 225 3869 14.999999999999998 14.999999999999998 25 24 21 36 33 14.999999999999998 40 15.999999999999998
leaf_count=6000 1877 16 6637 1216 45 26 15 28 46 97 27 30 24 34 29 15 27 17 45 16 17 20 19 23 23 48 18 28 43 16 29 24 33 25 35 23 21 24 16 2622 21 2280 237 16 18 108 21 32 25 19 225 3869 15 15 25 24 21 36 33 15 40 16
internal_value=0.000168955 -0.00199335 3.8167e-05 0.00991554 0.0133832 0.0198196 0.0184916 0.0162713 0.0397362 0.013299 -0.037938 0.0888004 0.0646012 0.0464509 0.0619532 0.0365039 0.0154896 0.0279658 -0.00426817 -0.040996 -0.0994729 0.00915174 -0.0205149 -0.00572082 0.0133754 0.0139532 0.0105914 0.0130006 0.00416292 0.0382574 0.0340669 0.00075573 0.0443679 0.0677622 0.0477765 0.0141215 -0.0499198 0.0092563 -0.00755339 -0.00188618 -9.6574e-05 -0.000346319 0.00147275 0.0381556 0.00516291 0.0330255 0.0134127 0.0169206 0.0211272 0.0141312 0.0220442 0.00584912 0.00615034 -0.0268657 0.0222516 0.0326184 0.0145358 -0.0120214 0.0561086 0.00614259 0.0319157 0.00767274
internal_weight=26485 21676 15676 4809 3572 1679 1634 1514 170 1344 55 69 54 120 94 65 1289 434 105 60 33 855 119 100 77 736 688 670 465 329 313 74 239 116 83 48 45 422 31 11776 1237 9154 6874 57 34 205 394 373 349 291 244 3900 3884 47 123 106 81 57 58 101 55 1893
internal_count=26485 21676 15676 4809 3572 1679 1634 1514 170 1344 55 69 54 120 94 65 1289 434 105 60 33 855 119 100 77 736 688 670 465 329 313 74 239 116 83 48 45 422 31 11776 1237 9154 6874 57 34 205 394 373 349 291 244 3900 3884 47 123 106 81 57 58 101 55 1893
is_linear=0
shrinkage=0.04


Tree=85
num_leaves=63
num_cat=0
split_feature=2 24 10 25 4 1 25 11 14 10 14 16 9 1 4 2 4 10 11 19 19 24 19 15 9 29 23 6 17 17 18 11 20 18 10 2 20 30 18 11 9 19 8 20 1 18 2 30 1 8 15 19 14 23 19 19 19 6 3 3 13 13
split_gain=407.341 167.427 120.231 78.2935 86.8407 70.7157 69.8288 76.8416 66.5978 67.8692 84.2223 84.0857 67.5044 90.1915 65.009 62.4219 96.9409 81.0258 62.3574 81.7587 75.2565 77.3445 92.5943 69.8323 80.6931 65.4343 62.1824 60.6207 71.296 67.501 62.89 59.5791 89.2514 63.7208 69.9453 118.123 73.1998 110.259 167.094 111.127 70.1792 97.37 83.227 68.5546 76.0182 62.78 58.906 94.9182 78.8756 57.9653 55.9271 87.0577 54.8189 70.8001 63.3104 60.6175 70.8518 53.1319 52.1876 76.458 76.5416 96.8491
threshold=11.500000000000002 8.5000000000000018 6.9833333333333343 1.0000000180025095e-35 57.500000000000007 19.500000000000004 1.0000000180025095e-35 4.0355562548073074 7.6731285265438727 11.250000000000002 11.480218960795368 11.399408334311376 11.607142857142859 17.500000000000004 121.50000000000001 12.500000000000002 314.50000000000006 13.41666666666667 5.8878405775519065 90.500000000000014 127.50000000000001 5.5000000000000009 190.50000000000003 15.215142762333548 15.392857142857144 11.500000000000002 12.500000000000002 263.50000000000006 111.50000000000001 131.50000000000003 1.3126745810055869 4.760952285695244 -3.4999999999999996 2.3313246451519225 11.91666666666667 16.500000000000004 -1.0000000180025095e-35 2.5000000000000004 1.4349054286416116 5.3229064742237764 13.178571428571429 -90.499999999999986 14.071428571428573 -7.4999999999999991 10.500000000000002 1.4673405119869976 18.500000000000004 2.5000000000000004 5.5000000000000009 15.500000000000002 14.73993817187278 -105.49999999999999 6.6303419317682097 1.5000000000000002 -69.499999999999986 -101.49999999999999 -94.499999999999986 185.50000000000003 14.500000000000002 15.500000000000002 6.0089970096740606 6.4282064591250929
decision_type=2 2 2 2 2 2 2 2 2 2 2 2 2 2 2 2 2 2 2 2 2 2 2 2 2 2 2 2 2 2 2 2 2 2 2 2 2 2 2 2 2 2 2 2 2 2 2 2 2 2 2 2 2 2 2 2 2 2 2 2 2 2
left_child=1 2 6 4 -4 8 7 -1 -2 11 14 -10 -12 15 -11 16 17 -14 25 23 -21 22 -22 50 -25 -7 -27 28 -15 -30 -29 32 -17 34 35 -33 46 39 -39 -38 41 -41 -42 -35 -45 -44 47 -36 -48 -50 51 -20 -6 54 -54 -55 -57 -34 -16 -60 -61 -62
right_child=5 -3 3 -5 52 18 -8 -9 9 10 12 -13 13 27 58 31 -18 -19 19 20 21 -23 -24 24 -26 26 -28 30 29 -31 -32 33 57 43 36 -37 37 38 -40 40 42 -43 45 44 -46 -47 48 -49 49 -51 -52 -53 53 55 -56 56 -58 -59 59 60 61 -63
leaf_value=-0.00017471921479964445 0.022800152247120186 -0.0081517897104742294 -0.081063842208761921 -0.00037434005043758669 0.030312967171154833 0.12571203889109153 -0.0079357626169615832 -0.043502324577956365 0.0034590872200724381 0.10911405104287664 -0.023352149340998381 -0.078737912562059517 -0.02654041938355698 -0.050289761693645803 0.0092127826128015396 -0.10819557947828282 0.10777241088987627 0.081228704439342367 0.084621676128843554 0.11210063610242042 0.0091870142000293302 -0.0060132631018526544 0.12400024131521002 0.087510222828685175 0.010910184383611255 -0.018418647424498599 0.069360931656037017 -0.11424747463883154 0.098363186211613884 0.0043430743845322296 -0.023872557391744886 0.14388737586007189 0.06280645333091664 -0.059003041212849078 -0.008490277843117405 0.017549850869526977 0.087100105336588671 0.038271369525938792 -0.074780019690457375 0.12833528553707557 -0.065825380439011649 0.0070865177901402064 -0.026012408089743481 0.022735488887298958 -0.016801344007369975 0.034310488009251627 -0.01167584002405018 0.077373407145836182 0.0915175869474502 0.027364048766862614 -0.066372573279786393 -0.016715755772611408 0.038131783561252831 -0.065936339696248375 -0.041353576401844346 0.077896481524859229 0.0090028566382696334 -0.021598340130760587 0.092219128253646296 0.04426305834307178 -0.075526980059179238 0.051238346349949025
leaf_weight=7132 512 5425 17 2799 187 18 2888 66 2120 15.999999999999998 97 20 29 24 152 14.999999999999998 29 18 15.999999999999998 23 22 45 23 28 102 20 36 14.999999999999998 17 43 68 20 15.999999999999998 27 77 29 35 34 54 17 28 28 45 198 128 71 23 28 68 34 26 86 20 17 79 24 2800 46 37 119 22 17
leaf_count=7132 512 5425 17 2799 187 18 2888 66 2120 16 97 20 29 24 152 15 29 18 16 23 22 45 23 28 102 20 36 15 17 43 68 20 16 27 77 29 35 34 54 17 28 28 45 198 128 71 23 28 68 34 26 86 20 17 79 24 2800 46 37 119 22 17
internal_value=0.000282955 -0.0020779 -2.20394e-05 0.00449086 0.0088227 0.0107893 -0.0026814 -0.000572876 0.00924328 0.00744587 0.0133522 0.00268631 0.00878297 0.0112523 0.0304712 0.0154221 0.0503823 0.0147752 0.0259822 0.0192767 0.0476372 0.0310349 0.0680585 0.00683388 0.0274786 0.0595021 0.0379985 -0.01612 0.00781467 0.0311347 -0.0403473 0.0128132 -0.020989 0.0155744 0.0236054 0.0693449 0.0194545 0.00682139 -0.0310845 0.0217291 0.00957318 0.0531189 -0.00404842 0.00212027 0.0072053 0.0108899 0.0365725 0.0144395 0.0551219 0.0702004 -0.0141229 -0.000732787 0.00931458 0.0079773 -0.0252535 0.00913685 0.0095918 0.000217398 0.0268089 0.0405028 0.0283287 -0.0202294
internal_weight=26275 21454 16029 5943 3144 4821 10086 7198 4376 3864 1724 2140 1361 1264 363 1097 76 47 445 371 113 90 45 258 130 74 56 167 84 60 83 1021 77 944 591 49 542 312 88 224 189 45 144 353 326 116 230 105 125 102 128 102 3127 2940 99 2841 2824 62 347 195 158 39
internal_count=26275 21454 16029 5943 3144 4821 10086 7198 4376 3864 1724 2140 1361 1264 363 1097 76 47 445 371 113 90 45 258 130 74 56 167 84 60 83 1021 77 944 591 49 542 312 88 224 189 45 144 353 326 116 230 105 125 102 128 102 3127 2940 99 2841 2824 62 347 195 158 39
is_linear=0
shrinkage=0.04


Tree=86
num_leaves=63
num_cat=0
split_feature=2 24 10 22 4 24 26 22 18 10 13 15 22 11 3 19 21 21 13 12 5 13 11 23 19 23 2 19 19 24 21 32 3 11 24 19 9 10 3 10 21 9 29 12 8 24 21 21 29 18 18 24 19 30 18 18 12 11 3 11 21 12
split_gain=375.473 154.299 110.805 90.0358 65.9622 65.772 89.283 159.088 74.0344 80.4323 74.1864 72.3337 64.3535 70.8261 64.0245 68.8624 61.4905 60.6184 57.887 56.3369 85.2027 73.3602 172.487 122.073 85.5974 82.501 89.0022 67.7306 64.8146 79.2578 56.5622 55.4255 57.5464 55.1088 155.803 71.4105 71.3485 66.609 129.47 87.0208 68.7082 60.6239 52.5488 52.1125 89.8777 57.2656 86.5243 92.5795 74.881 62.453 81.3998 62.2623 59.9922 72.59 56.7549 69.8465 54.7695 64.4547 58.781 51.5624 51.4574 63.6295
threshold=11.500000000000002 8.5000000000000018 6.9833333333333343 5.5000000000000009 57.500000000000007 8.5000000000000018 1.0000000180025095e-35 2.5000000000000004 1.1152462645268402 14.716666666666667 6.3399843850778161 14.976947427623816 4.5000000000000009 4.0355562548073074 16.500000000000004 -106.49999999999999 12.500000000000002 22.500000000000004 4.9527653949557591 7.9567850795096424 274.50000000000006 6.5559045619348062 5.8878405775519065 3.5000000000000004 -96.499999999999986 20.500000000000004 21.500000000000004 -97.499999999999986 30.500000000000004 5.5000000000000009 8.5000000000000018 191.50000000000003 5.5000000000000009 4.4614753058558971 2.5000000000000004 90.500000000000014 10.107142857142859 12.183333333333335 17.500000000000004 12.816666666666668 4.5000000000000009 12.107142857142859 33.500000000000007 4.3532228808722273 11.357142857142859 5.5000000000000009 14.500000000000002 -16.499999999999996 6.5000000000000009 1.2698899600740094 1.5598913043478262 6.5000000000000009 -92.499999999999986 1.0000000180025095e-35 1.6993436011840923 1.9348469256496015 5.7390601804336789 6.5755680544037558 17.500000000000004 3.60555127546399 8.5000000000000018 6.5683222471843719
decision_type=2 2 2 2 2 2 2 2 2 2 2 2 2 2 2 2 2 2 2 2 2 2 2 2 2 2 2 2 2 2 2 2 2 2 2 2 2 2 2 2 2 2 2 2 2 2 2 2 2 2 2 2 2 2 2 2 2 2 2 2 2 2
left_child=1 2 12 4 -4 6 17 43 -9 11 -11 -10 13 -1 -12 -16 -3 19 -18 21 -21 24 -23 -24 25 26 -2 -25 -29 -30 -31 32 -26 34 -34 -36 -37 41 39 42 -40 -35 -39 44 -8 52 47 51 -48 -49 -51 -47 53 -45 -52 -56 -55 -58 -59 -33 61 -7
right_child=5 16 3 -5 -6 60 7 8 9 10 14 -13 -14 -15 15 -17 18 -19 -20 20 -22 22 23 27 31 -27 -28 28 29 30 -32 59 33 37 35 36 -38 38 40 -41 -42 -43 -44 45 -46 46 48 49 -50 50 54 -53 -54 56 55 -57 57 58 -60 -61 -62 -63
leaf_value=-0.00016773055543488471 -0.062653364046505747 -0.0072654809899213866 -0.063507015891549709 -0.0045566510934387568 0.0073739168962577073 -0.0039879645091529092 0.0053961289772335268 0.045165130327613073 -0.018146829856136956 0.073157606542746792 -0.04188962799690437 -0.10718062094899994 -0.0076183431065010576 -0.041764863911176418 0.092766058821427202 -0.0097330630661376736 -0.023942131394349687 0.098515176646756825 -0.10228427382663906 0.015886797728166702 -0.093254465911928458 0.15384569134878281 0.13056160374691611 -0.011913632504231173 0.096105052699213434 0.032329772518008865 0.040586062369987977 0.10092605813056635 0.091236751950972264 0.026923465646190557 -0.072612099726468524 0.042122979827596045 -0.013883359616172477 0.012585184451507492 0.032675676862287124 0.05127087770735405 0.13373474714301881 0.067405092718999415 -0.022860427285327584 0.035873991837216603 0.040189345819217008 -0.021804450486549675 0.15706438733645134 -0.032433713185076679 -0.088304502252946823 -0.052994129762162258 0.039927243068549133 0.082806123580516686 -0.033019620999891502 -0.024958592726778805 0.10685125994015925 0.016202663324791006 0.019775100183228179 0.11326472603229888 -0.036444817704039727 0.038539276779285203 0.002566924888717115 0.035417170572875072 0.11659112716086523 -0.027934119520807234 0.016861237950736203 -0.076465823276719053
leaf_weight=7132 61 5333 21 1400 4522 546 388 36 456 28 36 14.999999999999998 2888 66 17 27 73 14.999999999999998 19 31 18 20 17 67 15.999999999999998 37 17 22 17 23 14.999999999999998 22 103 595 343 63 23 24 69 75 46 95 19 14.999999999999998 17 41 28 32 113 45 15.999999999999998 42 494 25 23 142 34 32 26 70 204 20
leaf_count=7132 61 5333 21 1400 4522 546 388 36 456 28 36 15 2888 66 17 27 73 15 19 31 18 20 17 67 16 37 17 22 17 23 15 22 103 595 343 63 23 24 69 75 46 95 19 15 17 41 28 32 113 45 16 42 494 25 23 142 34 32 26 70 204 20
internal_value=0.000271807 -0.00199482 -2.1189e-05 0.00431119 0.00704444 0.0103588 0.0123957 0.00674869 -0.0104027 -0.0138683 0.0172437 -0.0210087 -0.00257418 -0.000549996 -0.00236806 0.0299441 -0.00782572 0.018643 -0.0402367 0.0180089 -0.0242735 0.0191257 0.0433219 0.0294929 0.0165121 -0.0167738 -0.0401037 0.0174649 0.0430364 0.019703 -0.0124019 0.0189633 0.0208476 0.0200121 0.030269 0.0408751 0.0734781 0.0140954 0.0325852 0.0620028 0.00235511 0.00784501 0.107341 0.0137219 0.00143725 0.0182099 0.00783824 0.0187376 -0.0185015 0.0305591 0.0231191 -0.0179775 0.0261899 0.0501487 0.0350903 0.0280591 0.060772 0.0463784 0.071978 -0.0111321 -0.000355034 -0.00656561
internal_weight=26275 21454 16029 5943 4543 4821 4051 2128 615 579 108 471 10086 7198 80 44 5425 1923 92 1908 49 1859 181 161 1678 115 78 144 77 55 38 1563 1471 1455 532 429 86 923 233 118 115 690 43 1513 405 1108 482 341 141 258 226 83 626 132 181 165 117 92 58 92 770 566
internal_count=26275 21454 16029 5943 4543 4821 4051 2128 615 579 108 471 10086 7198 80 44 5425 1923 92 1908 49 1859 181 161 1678 115 78 144 77 55 38 1563 1471 1455 532 429 86 923 233 118 115 690 43 1513 405 1108 482 341 141 258 226 83 626 132 181 165 117 92 58 92 770 566
is_linear=0
shrinkage=0.04


Tree=87
num_leaves=63
num_cat=0
split_feature=2 24 10 22 1 4 3 19 19 24 11 12 29 15 14 21 11 10 14 9 29 9 1 31 22 11 4 14 31 12 19 2 4 10 21 11 4 11 12 3 29 4 1 30 31 19 5 17 12 2 26 22 9 4 5 3 3 2 8 1 29 10
split_gain=346.116 142.205 102.117 82.9766 64.2252 60.813 60.7866 67.9341 96.4205 94.8828 79.5115 99.0284 67.552 66.5468 60.1692 61.8969 66.8809 61.2214 76.4378 71.8925 68.5438 60.752 82.4045 61.3234 59.3075 65.2815 59.1835 57.7435 71.4425 57.6654 57.3488 56.8792 89.1893 73.2083 56.6917 55.4363 81.5307 58.9725 69.854 67.8861 64.5078 77.0131 63.1691 57.7163 55.4672 70.3246 54.6673 124.463 51.2272 49.1872 48.7421 59.9662 58.5383 48.0252 48.0716 48.0191 70.2527 53.4533 63.2906 66.6811 59.8248 71.2904
threshold=11.500000000000002 8.5000000000000018 6.9833333333333343 5.5000000000000009 19.500000000000004 57.500000000000007 28.500000000000004 90.500000000000014 127.50000000000001 5.5000000000000009 5.8878405775519065 6.3730200545255364 34.500000000000007 14.976947427623816 7.6731285265438727 11.500000000000002 5.3229064742237764 11.250000000000002 11.480218960795368 11.892857142857144 20.500000000000004 11.607142857142859 17.500000000000004 355.67000000000002 4.5000000000000009 4.0355562548073074 121.50000000000001 6.6303419317682097 56.675000000000004 6.6971372748771953 162.50000000000003 12.500000000000002 314.50000000000006 13.41666666666667 12.500000000000002 4.760952285695244 209.50000000000003 5.5205244747388358 5.9188653501297903 13.500000000000002 18.500000000000004 261.50000000000006 6.5000000000000009 1.5000000000000002 83.690000000000012 -90.499999999999986 182.50000000000003 113.50000000000001 7.2887839420121301 14.500000000000002 1.0000000180025095e-35 2.5000000000000004 7.2500000000000009 254.50000000000003 392.50000000000006 14.500000000000002 15.500000000000002 17.500000000000004 11.785714285714286 15.500000000000002 33.500000000000007 11.716666666666667
decision_type=2 2 2 2 2 2 2 2 2 2 2 2 2 2 2 2 2 2 2 2 2 2 2 2 2 2 2 2 2 2 2 2 2 2 2 2 2 2 2 2 2 2 2 2 2 2 2 2 2 2 2 2 2 2 2 2 2 2 2 2 2 2
left_child=1 2 24 5 14 -4 7 10 -9 30 12 13 -6 -12 15 16 -2 19 26 -16 -21 -20 31 46 25 50 -19 28 -7 -13 -10 32 33 -23 -3 36 -33 38 39 42 41 -41 -37 -38 45 -39 47 -24 -25 -46 -1 -52 -53 -30 -55 -28 -57 58 60 -60 61 -58
right_child=4 34 3 -5 6 27 -8 8 9 -11 11 29 -14 -15 17 -17 -18 18 21 20 -22 22 23 48 -26 -27 55 -29 53 -31 -32 35 -34 -35 -36 37 43 44 -40 40 -42 -43 -44 -45 49 -47 -48 -49 -50 -51 51 52 -54 54 -56 56 57 -59 59 -61 -62 -63
leaf_value=0.0038883376041351065 0.02154416329744183 -0.0069748672579173681 -0.060978776182608579 -0.0043743980569114025 0.099095820476004556 0.10429232368482411 -0.051866327709292767 0.12191445948118233 0.0057029374308933487 -0.0038398455154872902 -0.047844126513009892 0.080167626011545756 0.0047316672434261188 0.034040674349708012 0.0034470376464187081 0.096220632631179179 -0.05894976578260723 0.10371911872988161 -0.022464805107437133 -0.097287084810874044 -0.00670776854512279 -0.025701606064727624 -0.032244841327983366 -0.087225396983402301 -0.0073136199946314288 -0.040096796709091692 0.0083088552540830692 0.0061313534252188098 0.001617425696534564 0.015239251802473675 0.098221544875247577 -0.08776310373821529 0.10276840482124758 0.07673584699630738 -0.038633576051193524 0.10621571150693025 -0.026938443483195754 0.018787927023776164 0.077645938193716971 0.11303229497955336 -0.022243234119576336 -0.0012930142285814323 0.025271007270570012 0.056765366357649664 -0.01744668348247044 -0.077024289938225146 -0.018106507790210436 0.11824901626124019 0.0036252471311202898 0.015940919984883027 0.00052452659989654681 -0.0086008981011510399 -0.083068934407150546 0.064729550721023973 -0.0042085648821545887 0.087896355549601526 0.016926619419876814 0.057594498833298896 -0.062234000662962599 0.035527938235530535 -0.0183476927954489 0.13157314102101769
leaf_weight=2853 478 5333 21 1400 31 18 15.999999999999998 25 14.999999999999998 52 64 26 20 21 2084 17 17 15.999999999999998 97 22 34 29 18 29 2888 66 152 4332 95 137 38 21 29 18 92 23 35 23 44 14.999999999999998 68 25 47 21 80 26 88 17 14.999999999999998 593 2831 1431 17 54 23 37 19 57 29 18 19 15.999999999999998
leaf_count=2853 478 5333 21 1400 31 18 16 25 15 52 64 26 20 21 2084 17 17 16 97 22 34 29 18 29 2888 66 152 4332 95 137 38 21 29 18 92 23 35 23 44 15 68 25 47 21 80 26 88 17 15 593 2831 1431 17 54 23 37 19 57 29 18 19 16
internal_value=0.000261116 -0.00191509 -2.0384e-05 0.00413867 0.00994574 0.00676259 0.0244247 0.0272861 0.0514247 0.0345224 0.0167707 0.00739672 0.0622111 -0.027574 0.00847238 0.0213583 0.0187643 0.0067639 0.0123735 0.00224344 -0.0424381 0.00802051 0.0103631 -0.0158006 -0.00247125 -0.000528031 0.0286821 0.00707897 0.0286594 0.025651 0.0721347 0.014349 0.0477209 0.0135669 -0.00751282 0.0118585 -0.020747 0.0145221 0.0325511 0.0213555 0.00143912 0.0417041 0.0520092 0.00446007 0.00897209 -0.0320638 -0.00127341 0.0409238 -0.0562702 0.0119671 -0.000161021 -0.0028614 -0.00948223 0.0206767 0.044133 0.0251876 0.0383231 0.0266532 0.00913186 -0.0247549 0.0386541 0.069619
internal_weight=26275 21454 16029 5943 4821 4543 445 429 130 105 299 248 51 85 4376 512 495 3864 1724 2140 56 1361 1264 167 10086 7198 363 4522 190 163 53 1097 76 47 5425 1021 77 944 222 178 108 40 70 56 722 49 123 35 44 673 7132 4279 1448 172 77 347 195 158 101 47 54 35
internal_count=26275 21454 16029 5943 4821 4543 445 429 130 105 299 248 51 85 4376 512 495 3864 1724 2140 56 1361 1264 167 10086 7198 363 4522 190 163 53 1097 76 47 5425 1021 77 944 222 178 108 40 70 56 722 49 123 35 44 673 7132 4279 1448 172 77 347 195 158 101 47 54 35
is_linear=0
shrinkage=0.04


Tree=88
num_leaves=63
num_cat=0
split_feature=10 22 22 22 22 24 1 30 19 18 14 7 19 21 12 17 7 21 10 18 14 7 15 24 23 28 23 10 15 1 14 6 28 13 14 7 13 21 15 28 18 10 24 10 7 7 6 28 15 12 10 16 19 23 32 16 21 1 28 13 7 13
split_gain=301.76 118.849 118.577 79.5198 147.915 96.7913 74.6345 68.2623 112.004 65.0409 75.8071 65.1744 64.7393 63.0561 105.085 73.0275 67.2695 61.3045 61.4684 89.1286 60.4825 58.6343 58.6091 56.8327 55.9021 55.5753 54.5391 60.3339 98.0235 73.6931 77.2276 73.1968 66.4875 64.1065 63.8209 56.202 96.5119 52.6115 52.1909 51.7893 95.2829 66.6006 59.6687 49.4827 48.8221 48.4951 55.1845 48.0707 47.5645 53.8176 47.1826 91.778 68.3664 83.5084 74.7699 51.2322 62.2596 58.1205 53.0429 84.0709 53.3749 83.7381
threshold=8.3166666666666682 4.5000000000000009 1.5000000000000002 3.5000000000000004 2.5000000000000004 5.5000000000000009 26.500000000000004 3.5000000000000004 193.50000000000003 1.0136060718252502 7.8935432666985319 478.50000000000006 -65.499999999999986 12.500000000000002 6.3730200545255364 177.50000000000003 84.500000000000014 -5.4999999999999991 14.716666666666667 2.7175191815856783 3.0471327133399071 101.50000000000001 14.976947427623816 6.5000000000000009 11.500000000000002 196.50000000000003 28.500000000000004 8.8833333333333346 9.3172599394221169 10.500000000000002 7.760734547997191 220.50000000000003 269.50000000000006 3.8381029796969535 8.6605299697717495 264.50000000000006 3.9389011721012284 -9.4999999999999982 8.9814531536458784 115.50000000000001 1.0996453900709222 9.7166666666666668 5.5000000000000009 6.8166666666666673 470.50000000000006 462.50000000000006 410.50000000000006 291.50000000000006 9.0739853954089877 3.8998450236889193 17.083333333333339 15.516951024422003 -85.499999999999986 21.500000000000004 139.00000000000003 10.318460603446564 -10.499999999999998 12.500000000000002 170.50000000000003 3.643447905992097 398.50000000000006 3.7016616337227224
decision_type=2 2 2 2 2 2 2 2 2 2 2 2 2 2 2 2 2 2 2 2 2 2 2 2 2 2 2 2 2 2 2 2 2 2 2 2 2 2 2 2 2 2 2 2 2 2 2 2 2 2 2 2 2 2 2 2 2 2 2 2 2 2
left_child=2 3 43 4 5 7 45 26 12 -5 -11 13 -9 16 15 -15 -12 -6 22 24 -4 -18 -19 -22 25 -20 27 35 29 30 -29 -31 -33 -30 -35 36 48 -37 -32 41 42 -23 -41 -1 -45 -7 -47 -28 49 -2 51 52 53 -42 -55 58 57 -57 59 -54 61 -60
right_child=1 -3 20 9 17 6 -8 8 -10 10 11 -13 -14 14 -16 -17 21 18 19 -21 23 39 -24 -25 -26 -27 47 28 33 31 38 32 -34 34 -36 37 -38 -39 -40 40 50 -43 -44 44 -46 46 -48 -49 -50 -51 -52 -53 55 54 -56 56 -58 -59 60 -61 -62 -63
leaf_value=0.00019816400357621674 0.0055840777709292811 -0.001012767445294335 -0.016536480505800595 -0.053691012432326123 0.0098328018432370171 0.0067520225170504379 -0.069972881400754666 -0.026345205884602225 -0.10635185423998804 0.10250325268472148 -0.055874376208034912 -0.038585410219300946 0.037370918424697613 0.067895148398540273 0.11560863928438506 -0.01958437127116313 0.09147860501244752 -0.011574762010918137 0.098285024856889475 0.09802643930724779 -0.0022713700656846587 -0.092246455380458711 -0.091075877195951963 -0.0081971366673600134 -0.025868762549321359 -0.0085492024066285317 0.014378837965109935 0.13958434279283247 -0.058025079624993453 0.07903981024553762 0.025184760677840916 -0.075900173772845358 0.037341564960361263 -0.048222168310364674 0.02371502814226166 -0.03540096422764643 -0.049766125308526699 0.03708598517084459 0.085901204996667563 0.024732939826775779 -0.035902282405918119 0.0053540398622160725 0.12862102222679858 0.0081640682570198204 0.052623080239968874 -0.060199962227813639 0.01569985428304051 -0.03594162103420722 -0.047256241000216942 0.079238782218008327 -0.053594769578895821 0.075470055074136788 -0.029430374653018704 0.081983441341490979 -0.020923038981349219 -0.058163139167286104 0.036288708401696165 0.028933743859616272 0.034447970666786835 0.075399749303223643 0.043393707934681204 -0.010401761158748128
leaf_weight=3913 51 2662 689 20 348 1963 21 53 17 17 20 32 49 29 28 32 17 888 15.000000000000002 19 7448 14.999999999999998 14.999999999999998 3971 47 15.999999999999998 77 22 15.999999999999998 18 45 17 15.999999999999998 20 1056 19 62 99 46 15.999999999999998 83 43 20 1045 41 37 26 50 15.999999999999998 23 14.999999999999998 42 17 23 22 23 334 26 87 43 52 283
leaf_count=3913 51 2662 689 20 348 1963 21 53 17 17 20 32 49 29 28 32 17 888 15 19 7448 15 15 3971 47 16 77 22 16 18 45 17 16 20 1056 19 62 99 46 16 83 43 20 1045 41 37 26 50 16 23 15 42 17 23 22 23 334 26 87 43 52 283
internal_value=0.000250827 0.00610642 -0.00288721 0.0090196 0.00676754 0.0107885 0.00486191 0.017633 -0.011609 0.0177073 0.0187954 0.0176931 0.00425055 0.0191157 0.051579 0.0220146 0.0166634 -0.00462254 -0.00965548 0.0205803 -0.00502708 0.0179194 -0.0129075 -0.00433231 0.00158826 0.0432303 0.0197399 0.0218361 0.0255239 0.0543609 0.0723669 0.0143626 -0.0209877 0.0211867 0.0223717 0.00467058 -0.0113974 0.0253773 0.0559591 0.0168166 0.0187847 -0.0199684 0.0827004 0.00229532 0.00984907 0.00564199 -0.0288693 -0.00542932 0.0150381 0.0285798 0.0165837 0.0176078 0.0151511 -0.012116 0.0316944 0.0191893 0.0301114 -0.0119429 0.0105019 0.0456651 0.00548802 0.000145041
internal_weight=26275 9168 17107 6506 5167 3819 2047 1772 119 1339 1319 1302 102 1270 89 61 1181 1348 1000 97 12108 1161 903 11419 78 31 1653 1526 1256 164 113 51 33 1092 1076 270 152 118 91 1144 1086 58 36 4999 1086 2026 63 127 90 74 1050 1035 993 128 45 865 383 49 482 60 422 370
internal_count=26275 9168 17107 6506 5167 3819 2047 1772 119 1339 1319 1302 102 1270 89 61 1181 1348 1000 97 12108 1161 903 11419 78 31 1653 1526 1256 164 113 51 33 1092 1076 270 152 118 91 1144 1086 58 36 4999 1086 2026 63 127 90 74 1050 1035 993 128 45 865 383 49 482 60 422 370
is_linear=0
shrinkage=0.04


Tree=89
num_leaves=63
num_cat=0
split_feature=2 24 10 22 13 11 32 13 21 24 24 7 24 21 14 14 10 2 15 7 24 6 7 13 28 7 14 1 28 15 15 21 13 16 22 2 17 17 10 16 10 31 3 10 28 2 30 8 13 18 2 21 18 17 11 28 7 20 21 31 6 1
split_gain=293.849 126.129 91.6274 72.3829 71.0136 61.0772 69.3854 70.5396 63.0437 58.3372 65.3169 120.826 86.5995 81.1269 66.6307 86.5363 68.4559 74.439 95.0475 80.3558 63.596 62.6272 79.4581 54.7394 53.6191 84.1549 80.2524 66.3574 87.8427 53.2681 75.2973 53.0347 53.3881 52.9362 50.6902 50.4756 72.5449 68.4001 59.3731 77.1526 59.2292 58.6923 88.3503 93.8434 156.638 94.8647 68.69 84.0177 66.6831 62.8395 78.9457 55.5977 54.5672 51.8066 93.2639 83.6774 54.0071 65.9688 61.0721 77.8071 56.9619 51.5677
threshold=11.500000000000002 8.5000000000000018 4.2833333333333341 5.5000000000000009 3.8381029796969535 4.4507891221134939 189.50000000000003 4.3035002874471404 -1.4999999999999998 8.5000000000000018 2.5000000000000004 113.50000000000001 3.5000000000000004 16.500000000000004 7.6731285265438727 7.542930474548613 11.783333333333337 12.500000000000002 11.400396572612159 342.50000000000006 6.5000000000000009 154.50000000000003 202.50000000000003 4.1496433858688428 383.50000000000006 480.50000000000006 13.328439915466772 7.5000000000000009 402.50000000000006 9.3172599394221169 8.088870434405921 12.500000000000002 4.9527653949557591 8.0548107473856092 1.5000000000000002 17.500000000000004 109.50000000000001 65.500000000000014 14.250000000000002 15.516951024422003 18.216666666666672 373.51000000000005 23.500000000000004 14.250000000000002 306.50000000000006 16.500000000000004 2.5000000000000004 16.785714285714288 6.9843009022385756 1.8282636834319528 15.500000000000002 8.5000000000000018 2.5143437002907141 149.50000000000003 6.0944940022004435 162.50000000000003 363.50000000000006 -1.4999999999999998 13.500000000000002 294.05500000000006 287.50000000000006 19.500000000000004
decision_type=2 2 2 2 2 2 2 2 2 2 2 2 2 2 2 2 2 2 2 2 2 2 2 2 2 2 2 2 2 2 2 2 2 2 2 2 2 2 2 2 2 2 2 2 2 2 2 2 2 2 2 2 2 2 2 2 2 2 2 2 2 2
left_child=1 2 -1 4 34 6 8 29 33 10 11 -2 13 -12 15 -14 24 19 -19 20 -18 22 -13 -7 25 26 -16 -26 -29 30 -8 -3 -33 -6 -4 41 37 -37 -39 -40 53 42 43 45 46 -20 47 -45 -46 50 -43 -51 -47 54 -38 -55 -57 60 59 -59 -58 -48
right_child=9 31 3 -5 5 23 7 -9 -10 -11 12 21 14 -15 16 -17 17 18 35 -21 -22 -23 -24 -25 27 -27 -28 28 -30 -31 -32 32 -34 -35 -36 36 40 38 39 -41 -42 49 -44 44 48 52 61 -49 -50 51 -52 -53 -54 55 -56 56 57 58 -60 -61 -62 -63
leaf_value=-0.0055702366167679753 -0.092724985885413697 -0.0065157998081629576 0.0061302851062792962 -0.0047085908301532078 -0.034314559846190924 -0.01477598869726098 -0.019114963625933949 -0.062398625479003815 0.01259156386633987 -0.00092567756600313213 0.024520576758665983 -0.0041423198373656258 0.023394858083696311 0.092469916100121813 0.0022802406888282022 0.10851510564862835 0.10364853714250589 0.089763864786976358 0.010554669596486061 -0.012096930033685756 0.021474211710617253 0.0073252464400095597 -0.11046439173277359 0.007302217869786392 -0.0097882195766465074 -0.070168662440732832 -0.087616935147446867 0.1038872181410077 0.022183391908039893 -0.03971501328402164 0.10524108242544328 -0.021489598743763098 -0.096720863989510464 0.040317634219319574 -0.00092990239821083695 0.047952841609271601 0.095796735679726241 0.0027690550768486809 -0.12634742749299055 -0.0049566450024282694 -0.043657803303822511 -0.036498935438188794 -0.051496545320572559 0.011956726524379799 0.15464438035589825 -0.074319042477394973 0.020569507739076582 -0.094741913293371158 0.052116324520526239 -0.094952215265973181 0.068888729363679888 -0.0062130124991788913 0.0071510618539591935 -0.043722948005192233 0.026901411395850866 0.013529401734557876 0.14762703017683221 0.0088063022035126236 -0.0230850902783502 0.10462697597422124 0.050114915602843924 0.10951329953922248
leaf_weight=3629 23 5333 2346 2323 15.999999999999998 207 15.000000000000002 33 489 770 436 33 206 30 1207 21 41 25 248 24 24 351 17 1355 71 27 15.999999999999998 26 110 19 15.999999999999998 73 19 273 5308 20 41 32 19 14.999999999999998 21 28 37 54 21 38 30 14.999999999999998 20 28 19 19 20 33 135 327 14.999999999999998 33 29 23 27 15.999999999999998
leaf_count=3629 23 5333 2346 2323 16 207 15 33 489 770 436 33 206 30 1207 21 41 25 248 24 24 351 17 1355 71 27 16 26 110 19 16 73 19 273 5308 20 41 32 19 15 21 28 37 54 21 38 30 15 20 28 19 19 20 33 135 327 15 33 29 23 27 16
internal_value=0.000240879 -0.00176429 1.98708e-05 0.00165607 0.00312352 0.00909155 0.0176456 -0.0170903 0.0213556 0.00916435 0.0110827 -0.00376823 0.0128194 0.0289182 0.0104446 0.0313225 0.00882762 0.014896 0.012618 0.0503473 0.0734176 0.00135089 -0.0404801 0.00437432 0.00267393 -0.000447744 0.00109545 0.0215254 0.0378828 0.0128381 0.0451365 -0.00703612 -0.0371364 0.0361684 0.00123388 0.011195 0.0179499 -0.0166474 -0.0362964 -0.0730229 0.0223046 0.00241898 0.00788493 0.012655 0.037893 -0.000213021 0.0139058 -0.0113132 0.104928 -0.0265534 0.00611793 -0.0592107 -0.0462275 0.0244032 0.0430075 0.0176681 0.0221435 0.0442791 0.0239318 0.0483132 0.0852561 0.0517203
internal_weight=26275 21454 16029 12400 10077 2423 861 83 778 4821 4051 424 3627 466 3161 227 2934 1477 1388 89 65 401 50 1562 1457 1250 1223 207 136 50 31 5425 92 289 7654 1363 770 86 66 34 684 593 499 462 156 306 115 69 41 94 47 47 58 663 176 487 454 127 85 56 42 46
internal_count=26275 21454 16029 12400 10077 2423 861 83 778 4821 4051 424 3627 466 3161 227 2934 1477 1388 89 65 401 50 1562 1457 1250 1223 207 136 50 31 5425 92 289 7654 1363 770 86 66 34 684 593 499 462 156 306 115 69 41 94 47 47 58 663 176 487 454 127 85 56 42 46
is_linear=0
shrinkage=0.04


Tree=90
num_leaves=63
num_cat=0
split_feature=10 22 22 22 20 18 12 24 11 31 12 11 4 5 17 22 26 7 10 4 4 4 8 30 20 11 12 11 5 6 19 7 15 18 12 20 18 7 5 12 30 18 18 12 6 16 8 16 9 4 2 1 32 8 24 14 6 7 18 18 20 10
split_gain=230.518 128.049 140.677 108.762 64.3409 80.5371 98.7949 136.537 84.2881 82.6673 83.0922 70.5438 67.3032 66.174 65.5312 63.7925 96.3619 62.5074 63.0307 58.9147 105.77 74.2578 67.6634 58.4132 57.7074 57.5747 81.6528 47.8429 118.577 85.9494 73.6816 69.51 60.8018 47.528 53.8933 46.9823 46.3531 46.9709 66.401 66.3986 127.178 140.641 155.643 96.3182 64.0674 61.0622 56.8573 72.1263 102.579 95.6357 68.0913 128.466 58.3601 62.9352 64.9806 62.8875 61.6136 69.9577 62.0737 75.3767 55.702 46.6068
threshold=6.5833333333333339 4.5000000000000009 3.5000000000000004 2.5000000000000004 -1.4999999999999998 2.8446273943846765 6.5683222471843719 4.5000000000000009 8.3978450500995709 145.06500000000003 4.2192650784464556 2.8784916685157036 130.50000000000003 124.50000000000001 140.50000000000003 4.5000000000000009 1.0000000180025095e-35 98.500000000000014 8.3833333333333346 326.50000000000006 337.50000000000006 312.50000000000006 9.3571428571428594 1.0000000180025095e-35 9.5000000000000018 5.8878405775519065 4.9057042375110713 6.369570517030847 158.50000000000003 257.50000000000006 -85.499999999999986 192.50000000000003 11.240155544288131 3.3144907689186449 4.8166947919293479 -2.4999999999999996 2.7658770161290325 376.50000000000006 271.50000000000006 6.2724322671072512 1.0000000180025095e-35 2.3079002079002082 2.5522973958556787 6.4580215875299762 180.50000000000003 13.276078868578773 6.3571428571428585 9.2662333133299821 9.0357142857142865 339.50000000000006 9.5000000000000018 11.500000000000002 81.000000000000014 9.7857142857142865 5.5000000000000009 9.3464071376970921 160.50000000000003 220.50000000000003 2.1114379084967325 1.2434547797242101 1.5000000000000002 13.616666666666669
decision_type=2 2 2 2 2 2 2 2 2 2 2 2 2 2 2 2 2 2 2 2 2 2 2 2 2 2 2 2 2 2 2 2 2 2 2 2 2 2 2 2 2 2 2 2 2 2 2 2 2 2 2 2 2 2 2 2 2 2 2 2 2 2
left_child=15 2 3 4 12 36 7 11 -8 23 -11 -7 25 -13 -14 16 -1 18 -16 21 22 27 -21 -9 -4 26 -2 30 -29 -30 -5 -31 -32 -12 -35 -34 37 39 -39 46 -41 43 -43 -42 -45 -40 -6 48 -48 -50 51 -49 55 -54 61 -52 57 -56 59 -58 -57 -55
right_child=1 -3 24 19 5 6 8 9 -10 10 33 13 14 -15 17 -17 -18 -19 -20 20 -22 -23 -24 -25 -26 -27 -28 28 29 31 32 -33 35 34 -36 -37 -38 38 45 40 41 42 -44 44 -46 -47 47 50 49 -51 52 -53 53 54 56 60 58 -59 -60 -61 -62 -63
leaf_value=0.0029085892295226956 -0.0099464375307463642 -0.0023715171329233356 0.014970075147841827 -0.040234133000202225 0.045301448292622497 0.091886638273363519 0.070287142099889399 -0.068864882503237052 -0.033697189906535786 -0.017324380630478101 -0.032408509864133017 0.062676128137151274 0.034906205455985204 0.00046501237601511938 -0.0035470205508419217 -0.0083437741629601228 -0.0054553169663257607 0.010340981925618024 0.099943761018167931 0.0065522462214338837 0.0011659177974333223 -0.046512917171300378 0.10024432309838228 -0.0026732163451298114 0.078598092523488136 0.044753349981696354 -0.10114537180406261 -0.070526007985637199 0.07200836110263753 -0.047783213629493851 -0.009564246305874052 0.031196172301462655 -0.014102692140610947 -0.12727029622237454 -0.055305750888203782 0.034226948718332241 0.036276845831012053 0.047027601410521432 0.013129667306211425 0.078591325828685096 -0.080095619233432169 -0.158097248918288 0.0026917824945094423 0.066152337282491494 -0.0085279852714591018 -0.068678664797978684 0.0035712756733095549 0.02010304134997461 -0.037763601025397879 0.041568820858341092 -0.010126425555968216 0.12404115126588038 0.040980375628766476 0.0092243776013513391 0 0.09316295103593307 0.018967950376730564 -0.11334247168758152 0.026343934429980176 -0.032022331847817324 0.027220813267061671 0.067912637310594451
leaf_weight=3721 89 3976 1938 110 57 15.999999999999998 46 23 17 136 48 30 243 301 14.999999999999998 3583 5405 1134 25 21 466 78 30 280 23 22 19 22 48 27 959 52 48 28 42 97 84 96 435 20 26 24 15.999999999999998 22 109 14.999999999999998 1097 91 180 28 35 24 71 350 15.999999999999998 34 67 19 73 150 52 23
leaf_count=3721 89 3976 1938 110 57 16 46 23 17 136 48 30 243 301 15 3583 5405 1134 25 21 466 78 30 280 23 22 19 22 48 27 959 52 48 28 42 97 84 96 435 20 26 24 16 22 109 15 1097 91 180 28 35 24 71 350 16 34 67 19 73 150 52 23
internal_value=5.38426e-05 0.00366875 0.00615845 0.00371814 0.00650024 0.00392065 -0.0061989 -0.00957745 0.0421872 -0.0218469 -0.0386752 0.0101122 0.01347 0.00612675 0.0159978 -0.00382088 -0.00204484 0.0120797 0.0611728 -0.00441959 0.00716117 -0.00857611 0.0617927 -0.00772533 0.0157213 -0.0140588 -0.0260879 -0.00640039 0.014979 0.0298505 -0.00902706 0.00415165 -0.00591248 -0.0632305 -0.0842606 0.0182157 0.00696605 0.00617766 0.0168376 0.00392387 -0.0172458 -0.0270205 -0.0938854 -0.00992318 0.00403939 0.0103836 0.00586614 0.00489027 -0.00131108 -0.0270598 0.0129441 0.0419008 0.00919598 0.0051277 0.00147258 0.0350093 -0.0115971 -0.0616571 -0.00552934 -0.0162681 0.0533921 0.0128658
internal_weight=26332 13623 9647 7686 5728 4181 967 904 63 557 254 347 1547 331 1417 12709 9126 1174 40 1958 517 1441 51 303 1961 130 108 1363 149 127 1214 79 1104 118 70 145 3214 3130 546 2584 217 197 40 157 131 450 2367 2310 1305 208 1005 115 890 769 698 121 325 35 290 217 86 373
internal_count=26332 13623 9647 7686 5728 4181 967 904 63 557 254 347 1547 331 1417 12709 9126 1174 40 1958 517 1441 51 303 1961 130 108 1363 149 127 1214 79 1104 118 70 145 3214 3130 546 2584 217 197 40 157 131 450 2367 2310 1305 208 1005 115 890 769 698 121 325 35 290 217 86 373
is_linear=0
shrinkage=0.04


Tree=91
num_leaves=63
num_cat=0
split_feature=10 26 26 26 18 26 27 20 26 18 13 14 5 31 18 5 4 4 19 5 23 21 18 6 4 14 19 18 7 2 18 31 13 6 6 21 12 23 5 6 29 2 21 20 4 4 29 1 6 17 10 23 21 18 14 12 8 6 7 19 8 7
split_gain=216.061 90.8237 129.064 86.6446 111.177 87.4051 67.3298 89.0892 66.0595 63.2779 114.921 163.641 88.0184 93.5984 86.7097 90.2657 63.0427 64.8694 59.8979 96.2952 59.8127 59.5648 58.4591 88.0351 67.4979 58.3191 85.9552 59.6641 57.5982 76.9274 122.563 81.7896 62.7486 82.2261 75.5776 61.6803 73.4926 68.6379 92.1161 81.204 78.3483 75.5496 66.1836 87.5844 67.4963 81.2777 60.6872 65.1845 60.5345 59.9448 66.4246 56.8744 55.5968 54.7375 54.6301 53.9501 53.5984 50.8294 69.1679 50.4819 81.671 60.8803
threshold=8.5166666666666675 -0.60785761079279388 1.0000000180025095e-35 -0.60785761079279388 0.99423396477234982 -1.0000000180025095e-35 -0.22252093395631442 -1.4999999999999998 0.6078576107927941 2.8446273943846765 6.6955121290552251 14.119832939461391 264.50000000000006 187.48000000000002 5.2667410714285721 92.500000000000014 440.50000000000006 452.50000000000006 181.50000000000003 386.50000000000006 30.500000000000004 -5.4999999999999991 4.2189640410958917 132.50000000000003 176.50000000000003 9.8740848304294619 -73.499999999999986 3.0255208333333337 355.50000000000006 14.500000000000002 1.338667008021847 287.83500000000009 4.1267281298228502 383.50000000000006 334.50000000000006 18.500000000000004 7.9567850795096424 11.500000000000002 104.50000000000001 197.50000000000003 27.500000000000004 14.500000000000002 3.5000000000000004 -7.4999999999999991 364.50000000000006 198.50000000000003 53.500000000000007 5.5000000000000009 333.50000000000006 321.50000000000006 11.183333333333335 16.500000000000004 11.500000000000002 1.7460728678345261 9.759080285240687 4.8748062796111489 11.642857142857144 243.50000000000003 303.50000000000006 18.500000000000004 8.5000000000000018 313.50000000000006
decision_type=2 2 2 2 2 2 2 2 2 2 2 2 2 2 2 2 2 2 2 2 2 2 2 2 2 2 2 2 2 2 2 2 2 2 2 2 2 2 2 2 2 2 2 2 2 2 2 2 2 2 2 2 2 2 2 2 2 2 2 2 2 2
left_child=1 -1 -3 -2 -5 20 21 28 52 16 12 -12 14 18 15 -11 59 -18 25 54 22 -7 23 24 -6 26 -14 -27 35 31 -31 32 -30 34 -34 36 37 42 -39 40 51 46 43 -8 45 -44 47 49 -32 50 -41 -40 -4 -48 -20 -33 -15 58 -43 -9 -61 -62
right_child=3 2 8 4 5 6 7 9 -10 10 11 -13 13 56 -16 -17 17 -19 19 -21 -22 -23 -24 -25 -26 27 -28 -29 29 30 48 55 33 -35 -36 -37 -38 38 39 41 -42 57 44 -45 -46 -47 53 -49 -50 -51 -52 -53 -54 -55 -56 -57 -58 -59 -60 60 61 -63
leaf_value=-0.0070944042548005057 -0.00097236891180073023 0.004199325470297278 -0.009919258777885966 -0.062252750255766015 0.040836975548148809 0.012143564606334612 -0.059983940798574713 0.0099320260014087863 -0.0014280455621392945 -0.085806117378480262 0.11812758051601284 -0.018479396526756155 0.072075409726326506 -0.04077166950322389 0.10138268274581985 0.011058660148969919 0.11170419246452289 0.02063366084130721 0.090954297553454189 -0.022713237242347632 -0.035646333413541856 -0.0073984450598849304 0.05604716034045272 0.01957169289035076 -0.04838310597784639 -0.0045266611028832995 -0.034418617438395985 -0.096873662052197759 0.046211203173694447 -0.067054492773846799 0.025499992177373452 -0.021649221570165324 -0.027102521880092271 -0.10198118696741711 0.076258647101266036 -0.038632711209233873 0.098741535960356772 -0.065434722293556014 0.13390663315488405 0.046535800157063476 0.016733115378092016 -0.10114855970732228 0.038470051548281529 0.032436256208469086 0.0089400312340511667 0.10937004818454325 0.024004429223244649 0.0003550566914984082 0.10492968938740127 -0.016453579868400951 0.13205045721148917 0.051425755512688527 0.067059324715804586 -0.077184043368923733 0.012573817394397875 -0.11072421900668548 -0.10990490148670939 3.4782191012034891e-05 0.0043470009725067498 0.084858686987137957 -0.0053721707527001773 -0.066642069621442479
leaf_weight=4966 2593 5101 2432 36 18 340 19 1507 5021 17 27 29 15.999999999999998 72 14.999999999999998 154 18 41 24 80 33 937 64 1118 54 17 49 33 35 15.999999999999998 40 24 38 14.999999999999998 15.999999999999998 25 21 22 19 76 81 22 51 116 33 53 17 67 25 18 18 46 14.999999999999998 17 35 20 24 94 18 14.999999999999998 341 28
leaf_count=4966 2593 5101 2432 36 18 340 19 1507 5021 17 27 29 16 72 15 154 18 41 24 80 33 937 64 1118 54 17 49 33 35 16 40 24 38 15 16 25 21 22 19 76 81 22 51 116 33 53 17 67 25 18 18 46 15 17 35 20 24 94 18 15 341 28
internal_value=5.17588e-05 -0.00251454 -0.000704841 0.00516735 0.00773377 0.00814358 0.00569768 0.00849422 -0.0040549 0.0044279 -0.00702341 0.0474422 -0.0127254 -0.024541 0.00949884 0.00137262 0.00790561 0.0485937 -0.0118042 0.00585197 0.017417 -0.00219329 0.0188178 0.0168093 -0.0260246 -0.0331491 -0.00810353 -0.0655873 0.0182241 0.000448101 0.031772 -0.0166917 0.00264414 -0.019461 0.00357039 0.0231079 0.0250252 0.0230434 0.0144477 0.018029 0.0430486 0.0074869 0.0392997 0.0193794 0.0588861 0.0746913 0.0222906 0.0315997 0.0561949 0.0502558 0.0630551 0.0757349 -0.00944385 -0.0266091 0.0445912 -0.0623425 -0.0581722 -0.0160286 -0.0537332 0.00663256 -0.00631014 -0.0100436
internal_weight=26332 17535 12569 8797 6204 6168 4881 3604 7468 2542 592 56 536 350 186 171 1950 59 254 139 1287 1277 1254 1190 72 115 65 50 1062 229 81 148 104 69 54 833 808 787 515 493 146 347 272 135 137 104 213 179 65 112 94 65 2447 34 59 44 96 134 40 1891 384 369
internal_count=26332 17535 12569 8797 6204 6168 4881 3604 7468 2542 592 56 536 350 186 171 1950 59 254 139 1287 1277 1254 1190 72 115 65 50 1062 229 81 148 104 69 54 833 808 787 515 493 146 347 272 135 137 104 213 179 65 112 94 65 2447 34 59 44 96 134 40 1891 384 369
is_linear=0
shrinkage=0.04


Tree=92
num_leaves=63
num_cat=0
split_feature=3 24 22 10 31 4 22 12 5 5 30 18 23 15 29 18 21 2 10 18 15 18 21 21 20 1 12 0 5 2 8 3 4 2 13 23 16 15 0 5 23 18 23 30 18 4 18 13 31 14 14 4 23 14 23 10 0 20 24 18 5 29
split_gain=202.117 110.768 77.1574 68.9631 61.0089 73.9116 62.389 58.1779 74.4297 57.9176 66.6883 54.179 102.868 52.2612 68.0972 50.6435 56.7595 51.2797 60.3576 49.2488 104.928 85.9934 77.9316 66.8075 92.523 115.687 82.9691 64.0202 50.1335 66.4932 73.6155 63.0415 49.4511 86.5349 93.9192 83.9401 74.1201 76.7471 60.8634 56.9954 48.3453 63.4172 59.083 57.1108 49.154 46.5567 46.1871 46.0394 44.9242 58.8941 55.1008 70.1316 53.6878 62.696 52.698 68.9445 62.8446 49.5771 49.5346 59.3934 73.1604 62.8222
threshold=11.500000000000002 8.5000000000000018 5.5000000000000009 6.9166666666666679 71.765000000000015 480.50000000000006 3.5000000000000004 3.480716106691935 252.50000000000003 65.500000000000014 2.5000000000000004 3.954195804195805 24.500000000000004 6.7793874950490549 47.500000000000007 2.8601774569516509 7.5000000000000009 13.500000000000002 9.0500000000000025 3.0636609253630538 8.9369398836360983 2.6613329919781537 -15.499999999999998 -8.4999999999999982 -6.4999999999999991 17.500000000000004 4.2998849971843436 10.500000000000002 201.50000000000003 18.500000000000004 15.071428571428573 18.500000000000004 283.50000000000006 15.500000000000002 6.3399843850778161 16.500000000000004 10.203401339204328 11.008152247936367 9.5000000000000018 330.50000000000006 23.500000000000004 1.2606122974015952 12.500000000000002 2.5000000000000004 1.5444115713346485 255.50000000000003 2.7032108516483522 3.8822466191633005 83.690000000000012 13.938197461873763 9.3464071376970921 158.50000000000003 1.5000000000000002 9.2490255681082783 5.5000000000000009 17.083333333333339 18.500000000000004 13.500000000000002 5.5000000000000009 5.0659420289855079 172.50000000000003 41.500000000000007
decision_type=2 2 2 2 2 2 2 2 2 2 2 2 2 2 2 2 2 2 2 2 2 2 2 2 2 2 2 2 2 2 2 2 2 2 2 2 2 2 2 2 2 2 2 2 2 2 2 2 2 2 2 2 2 2 2 2 2 2 2 2 2 2
left_child=1 2 3 -1 5 15 48 8 -8 10 -5 19 -13 14 -11 46 17 18 -17 21 -21 22 -9 26 25 -25 -24 -28 29 31 -31 40 33 36 35 -35 -30 -38 -34 -40 41 43 -43 -26 -42 -29 -2 -23 49 50 -6 -52 53 -50 55 56 -54 58 59 60 -56 -61
right_child=4 -3 -4 9 6 -7 7 11 -10 13 -12 12 -14 -15 -16 16 -18 -19 -20 20 -22 47 23 24 28 -27 27 45 32 30 -32 -33 38 34 -36 -37 37 -39 39 -41 44 42 -44 -45 -46 -47 -48 -49 52 -51 51 -53 54 -55 57 -57 -58 -59 -60 61 -62 -63
leaf_value=-0.00082134575808380321 -0.0041515041522027915 -0.0066031793244486405 -0.0059248072150704682 -0.10259859481053045 -0.0052610361474192038 0.064932188071403274 0.014440249141174751 0.084323796820047217 0.090912597648740767 0.017539262265230705 0.0048749239676034277 0.070076895252717084 -0.031560458878134662 0.0049576576329782279 0.10008627184587925 0.011937232097754111 -0.079613002813149147 0.035755573149883382 -0.077889616491694111 0.08527279582244672 -0.028061101526850655 -0.014747324203023849 0.058891849833608463 0.14195690627185462 -0.048753781259371971 -0.0063082367596247347 -0.092355219987925563 0.030398289653199226 -0.02364786268256942 0.020668892198138764 0.14233563320526224 -0.044713722625090373 -0.037584181108237226 -0.12232412853487022 0.020966636811178253 -0.024251635172188916 0.10956226785280551 0.012019722607625181 0.071892849185460156 0.01194794649134945 0.026632936196540717 0.023615323559669412 0.10393376496635449 0.053515044939443923 -0.068849320938650357 -0.055674796460279778 0.051423087931011774 0.060935299222012199 0.038821387440746362 -0.013871648678810631 -0.010906771022270167 0.069189533937133313 0.022796086915659233 -0.04291330516465891 -0.012493957382995196 0.10375783099243974 -0.027156951228993056 -0.062004288826858142 -0.0011265248003599381 0.00098627898669400769 0.013668724941380881 0.11050692880340895
leaf_weight=8583 511 5336 2856 17 35 24 44 22 38 79 20 65 21 4620 20 22 29 23 26 14.999999999999998 97 14.999999999999998 14.999999999999998 19 19 14.999999999999998 27 20 64 17 14.999999999999998 24 26 28 24 28 17 53 36 86 20 28 31 15.999999999999998 14.999999999999998 20 25 87 19 46 22 84 319 70 210 14.999999999999998 46 18 1238 14.999999999999998 918 19
leaf_count=8583 511 5336 2856 17 35 24 44 22 38 79 20 65 21 4620 20 22 29 23 26 15 97 15 15 19 19 15 27 20 64 17 15 24 26 28 24 28 17 53 36 86 20 28 31 16 15 20 25 87 19 46 22 84 319 70 210 15 46 18 1238 15 918 19
internal_value=4.97671e-05 -0.00160499 4.17397e-05 0.00131942 0.00747115 -0.00382084 0.00927142 0.0176057 0.0499706 0.00518314 -0.0445943 0.0149046 0.0452274 0.00557478 0.0343198 -0.00642824 -0.0325464 -0.0132089 -0.0367382 0.0119969 -0.0128021 0.0155298 0.01042 0.00795233 0.0127255 0.0766605 -0.0258175 -0.0448716 0.00873457 0.0256679 0.0780282 0.0146598 7.05716e-05 -0.0122165 -0.0451121 -0.0734542 0.0074268 0.0358597 0.0178467 0.0296974 0.0257477 0.0406836 0.0659548 -0.00192607 -0.0143106 -0.0126199 -0.00154657 0.0497824 0.00637741 0.025375 0.0381937 0.0525523 0.00514535 -0.0254179 0.0061191 0.0199659 0.0164894 0.00394145 0.00443944 0.0103708 0.00879556 0.0623922
internal_weight=26332 21531 16195 13339 4801 660 4141 1067 82 4756 37 985 86 4719 99 636 100 71 48 899 112 787 685 663 581 34 82 67 547 185 32 153 362 214 80 56 134 70 148 122 129 94 59 35 35 40 536 102 3074 187 141 106 2887 89 2798 380 365 2418 2400 1162 1128 34
internal_count=26332 21531 16195 13339 4801 660 4141 1067 82 4756 37 985 86 4719 99 636 100 71 48 899 112 787 685 663 581 34 82 67 547 185 32 153 362 214 80 56 134 70 148 122 129 94 59 35 35 40 536 102 3074 187 141 106 2887 89 2798 380 365 2418 2400 1162 1128 34
is_linear=0
shrinkage=0.04


Tree=93
num_leaves=63
num_cat=0
split_feature=10 22 22 22 22 24 4 9 24 14 11 4 29 5 13 7 32 10 6 1 14 6 24 23 23 11 4 1 21 10 32 11 10 7 31 23 21 11 12 19 29 10 21 32 6 19 31 23 3 17 3 31 20 12 13 3 6 15 4 3 3 13
split_gain=188.418 80.4518 103.33 94.6016 77.5053 60.8185 65.0726 61.0103 55.5907 55.3244 100.236 84.1367 82.3814 78.9397 60.8583 85.2709 69.1365 74.5753 73.9952 66.7867 61.3843 96.0279 55.8978 66.2029 54.1698 52.1131 51.7591 55.2086 51.6123 60.1167 67.6311 50.9159 50.406 48.6466 48.0061 65.5214 47.4311 47.0939 87.6304 69.5308 79.3603 68.3203 61.3048 61.5261 68.3501 91.3079 60.6653 88.4988 134.385 51.8061 56.5078 57.7243 51.7433 62.6885 57.2979 65.54 61.236 58.8007 50.6117 61.5668 49.5787 59.1583
threshold=8.5166666666666675 4.5000000000000009 3.5000000000000004 1.5000000000000002 5.5000000000000009 7.5000000000000009 70.500000000000014 15.750000000000002 1.5000000000000002 8.9494493156219779 4.347960660443233 213.50000000000003 54.500000000000007 372.50000000000006 4.1996168407600445 202.50000000000003 136.50000000000003 8.9500000000000011 366.50000000000006 11.500000000000002 8.1139729399495923 310.50000000000006 2.5000000000000004 28.500000000000004 17.500000000000004 2.7602622373694223 140.50000000000003 11.500000000000002 12.500000000000002 9.9166666666666696 86.000000000000014 7.27520231683883 10.41666666666667 158.50000000000003 109.16500000000002 14.500000000000002 11.500000000000002 4.6084807950229489 5.5699842663482269 -79.499999999999986 41.500000000000007 10.816666666666668 -9.4999999999999982 176.50000000000003 146.50000000000003 172.50000000000003 124.61000000000001 1.5000000000000002 14.500000000000002 236.50000000000003 9.5000000000000018 375.27000000000004 -5.4999999999999991 4.8748062796111489 6.6955121290552251 17.500000000000004 199.50000000000003 11.400396572612159 456.50000000000006 15.500000000000002 20.500000000000004 4.7989462444865172
decision_type=2 2 2 2 2 2 2 2 2 2 2 2 2 2 2 2 2 2 2 2 2 2 2 2 2 2 2 2 2 2 2 2 2 2 2 2 2 2 2 2 2 2 2 2 2 2 2 2 2 2 2 2 2 2 2 2 2 2 2 2 2 2
left_child=1 2 3 -1 5 6 -2 25 -4 10 11 34 22 28 16 -16 20 -18 -19 -17 21 -13 23 26 33 -7 27 -11 29 -12 -31 -9 -26 -14 -8 -36 -5 38 39 40 -24 49 -43 44 -44 -46 52 48 -48 50 -41 -52 53 -39 55 56 -55 -58 -49 -60 61 -54
right_child=4 -3 8 36 -6 7 9 31 -10 12 13 14 24 -15 15 19 17 18 -20 -21 -22 -23 37 -25 32 -27 -28 -29 -30 30 -32 -33 -34 -35 35 -37 -38 46 -40 41 -42 42 43 -45 45 -47 47 58 -50 -51 51 -53 60 54 -56 -57 57 -59 59 -61 -62 -63
leaf_value=0.0013474868909461215 -0.039306804730893506 -0.0066590203376182405 -0.013114134935548154 -0.006608996858558004 -0.004284855295786134 0.058649720632697487 0.028284592477918417 0.0086035096013782845 0.0085401520599182375 -0.081313632380418263 -0.021546248092557622 0.11343323559661186 0.023492642336445976 0.064103390441317742 0.049916025942742234 -0.0074859321700094187 0.029115303505071837 0.054991851758002197 0.16953532856821227 -0.099371479261688322 -0.012811053455064709 -0.017089074320263332 -0.039965740761789013 -0.05562949305549883 0.013185366450619105 0.00063897063427830196 0.0043663958093385575 0.014358830148388879 0.047091271402211206 -0.032995725773782 0.06151198187083276 -0.085098957317993357 -0.052807428664505766 -0.034470882616295592 0.040498350396380868 0.11557096244124196 0.064382511803645959 -0.043097167541967567 0.080498403213981898 0.0052801729880335227 0.059512522568613842 0.10504149189901568 0.090749527693387885 0.1092001426614673 0.027802736729056771 -0.071438697220870803 0.017750196561356572 0.015269289148426802 -0.10579624505631952 -0.0022864207996091154 0.041268916741598154 -0.025279780920449788 -0.012639162895653424 0.10592002599444612 -0.031616898530758684 0.1263595754547131 0.069884953623387355 -0.015460598614077158 -0.060734446558538359 0.02545657740526901 -0.034478716058067134 0.0081985551815495113
leaf_weight=5173 45 4966 207 4925 1277 25 48 14.999999999999998 2249 24 190 19 27 29 30 49 61 23 14.999999999999998 17 67 17 63 36 151 1936 451 15.999999999999998 27 19 33 24 21 159 36 39 14.999999999999998 18 35 185 15.999999999999998 22 20 14.999999999999998 82 18 32 1741 25 214 214 23 354 14.999999999999998 15.999999999999998 14.999999999999998 20 36 31 23 71 567
leaf_count=5173 45 4966 207 4925 1277 25 48 15 2249 24 190 19 27 29 30 49 61 23 15 17 67 17 63 36 151 1936 451 16 27 19 33 24 21 159 36 39 15 18 35 185 16 22 20 15 82 18 32 1741 25 214 214 23 354 15 16 15 20 36 31 23 71 567
internal_value=4.79212e-05 -0.00234859 -0.000645344 -0.0024328 0.00482507 0.00637236 0.00853763 0.000395104 0.00671378 0.00893195 0.0192747 0.0318379 0.00736757 0.00151449 0.0203275 -0.00587242 0.0327856 0.0566422 0.100585 -0.0312982 0.00980339 0.0518657 0.00886985 -0.00334856 -0.0110796 0.0013825 0.000491142 -0.0430544 -0.0052469 -0.0111116 0.0269449 -0.0490786 0.00509048 -0.026038 0.0596694 0.0796646 -0.00639173 0.0105338 0.018511 0.0160117 -0.0197432 0.0195783 0.0432079 0.0330463 0.0234274 0.00986578 0.00809156 0.0125257 -0.0364922 0.0137361 0.0218647 0.0347942 0.000704368 0.0255028 0.0376587 0.0505921 0.0344016 0.0150545 0.0140853 -0.0240073 -0.0022957 0.000186595
internal_weight=26332 17535 12569 10113 8797 7520 5520 2000 2456 5475 719 421 4756 298 298 96 202 99 38 66 103 36 4398 527 358 1961 491 40 269 242 52 39 172 186 123 75 4940 3871 907 872 79 793 157 135 120 100 2964 1852 57 636 422 237 1112 120 102 86 71 56 1795 54 992 921
internal_count=26332 17535 12569 10113 8797 7520 5520 2000 2456 5475 719 421 4756 298 298 96 202 99 38 66 103 36 4398 527 358 1961 491 40 269 242 52 39 172 186 123 75 4940 3871 907 872 79 793 157 135 120 100 2964 1852 57 636 422 237 1112 120 102 86 71 56 1795 54 992 921
is_linear=0
shrinkage=0.04


Tree=94
num_leaves=63
num_cat=0
split_feature=10 22 22 22 24 4 4 4 11 23 31 19 12 2 10 24 4 17 10 24 19 11 24 31 0 11 19 32 13 15 22 26 12 19 23 13 23 2 29 32 13 10 10 19 4 19 16 9 17 4 12 0 4 10 14 4 9 23 14 11 0 7
split_gain=178.002 95.2732 113.227 89.2597 58.9219 54.3506 97.047 68.7766 61.1804 47.7466 47.7242 83.5478 47.9635 96.9898 74.564 60.0673 59.1917 75.2277 46.6629 45.6634 73.0562 58.0387 44.3929 44.2761 43.4918 42.5972 69.4514 64.0522 56.1832 53.7136 42.5069 47.3005 41.9752 38.6538 83.037 69.3288 62.8448 60.7429 59.6814 58.4238 77.7173 56.6589 116.391 64.7843 60.2759 55.908 59.9377 79.7769 92.7591 98.431 69.3363 57.8117 48.6103 70.6091 57.1191 60.2207 47.0588 45.9416 45.0272 43.8463 71.5791 53.6527
threshold=6.5833333333333339 4.5000000000000009 3.5000000000000004 2.5000000000000004 6.5000000000000009 326.50000000000006 337.50000000000006 312.50000000000006 4.347960660443233 30.500000000000004 71.765000000000015 283.50000000000006 3.3446693688335158 12.500000000000002 7.7166666666666677 2.5000000000000004 164.50000000000003 232.50000000000003 2.9833333333333338 5.5000000000000009 -51.499999999999993 3.4846602621858516 6.5000000000000009 269.81000000000006 11.500000000000002 6.369570517030847 -85.499999999999986 63.500000000000007 6.8414725846441007 11.240155544288131 4.5000000000000009 1.0000000180025095e-35 3.5394169756433764 -80.499999999999986 22.500000000000004 4.8759319769330451 13.500000000000002 22.500000000000004 25.500000000000004 158.50000000000003 5.739408030017815 11.850000000000003 11.583333333333334 153.50000000000003 375.50000000000006 77.500000000000014 8.8075771800800826 9.4642857142857171 184.50000000000003 234.50000000000003 4.4109005833326229 11.500000000000002 192.50000000000003 10.883333333333335 10.631368095481783 256.50000000000006 15.821428571428575 12.500000000000002 8.8963476787533491 5.0896720822428332 12.500000000000002 289.50000000000006
decision_type=2 2 2 2 2 2 2 2 2 2 2 2 2 2 2 2 2 2 2 2 2 2 2 2 2 2 2 2 2 2 2 2 2 2 2 2 2 2 2 2 2 2 2 2 2 2 2 2 2 2 2 2 2 2 2 2 2 2 2 2 2 2
left_child=4 2 3 -2 18 7 8 25 -7 10 11 -4 13 15 16 -12 -14 -18 -1 21 -21 -17 -3 -8 -9 26 -5 -27 -29 -28 31 32 -20 34 35 36 -16 -36 52 56 57 42 43 45 -45 46 -40 50 51 -50 -48 -49 53 -35 55 -54 -37 -41 -57 60 -56 -61
right_child=1 22 9 5 -6 6 23 24 -10 -11 12 -13 14 -15 33 19 17 -19 30 20 -22 -23 -24 -25 -26 27 29 28 -30 -31 -32 -33 -34 38 37 39 -38 -39 41 40 -42 -43 -44 44 -46 -47 47 48 49 -51 -52 -53 54 -55 59 58 -58 -59 -60 61 -62 -63
leaf_value=-0.011500481826608892 0.0057013184689849996 0.0010136202750338883 -0.0021723984161050466 -0.038865982606722811 -0.0069626287387589041 0.0067267082257293411 0.0089850213817963542 -0.022827957757765069 0.095826149552169435 -0.024199231815198164 -0.012745686581560001 0.085932603883479841 -0.071855606394993818 0.13234394089275639 -0.0015858639593709979 0.082397915455909909 0.039252842454857516 -0.03529197222076657 0.0066143629286841126 0.069654401581322731 0.0023508269829209351 -0.0061889314019916873 -0.0079387829503325749 -0.018307282531243533 -0.085684217931599638 -0.040310610290948186 -0.0089765385539737914 0.045850942240139123 -0.012018074727712425 0.017133764981617609 -0.0051895312985764377 -0.0016170955660940365 -0.050071260850011456 0.042327500288119303 0.05615125769025079 -0.028555164258012203 -0.10620267583363091 -0.026549554407925894 -0.014036015048540393 0.03061909001298815 -0.01786650560351007 0.042596538350555671 -0.099463752108331055 -0.067370746456507438 0.0097616116851143679 0.074088123162130745 0.082769828474796206 -0.068393660246655108 0.10918511749867578 0.0047802076396611147 -0.010107278625170388 0.014132305739826186 -0.033405514069057125 0.13533909788413076 0.02752343904460389 0.076920870133300331 0.038160495419072876 0.12693313860735356 0.0085976064631551642 0.0047739811561601734 0.10408908073921942 0.05976302256186803
leaf_weight=659 5728 2643 354 110 4620 21 333 51 30 51 47 18 24 14.999999999999998 17 55 40 47 2146 37 85 14.999999999999998 1333 133 27 28 959 81 40 145 2116 3147 21 71 66 85 20 18 90 17 25 81 15.999999999999998 30 35 26 52 31 21 46 17 24 43 15.999999999999998 43 20 21 14.999999999999998 67 80 36 44
leaf_count=659 5728 2643 354 110 4620 21 333 51 30 51 47 18 24 15 17 55 40 47 2146 37 85 15 1333 133 27 28 959 81 40 145 2116 3147 21 71 66 85 20 18 90 17 25 81 16 30 35 26 52 31 21 46 17 24 43 16 43 20 21 15 67 80 36 44
internal_value=4.61573e-05 0.00322273 0.00537028 0.00318095 -0.00335871 -0.00419111 0.00693195 -0.00818342 0.0592622 0.0139496 0.0149705 0.00210732 0.0180801 0.0339669 0.0149334 0.0277314 -0.016381 -0.000989815 -0.00130004 0.0376518 0.0228193 0.0634047 -0.0019874 0.00118904 -0.0446934 -0.00608948 -0.00856802 0.0140836 0.02671 -0.00554414 -0.0003949 0.00151398 0.00606182 0.0178995 0.00504128 -0.00896963 -0.0583232 0.0383954 0.022004 0.00224997 0.0348831 0.0121855 0.00582235 0.0103817 -0.025856 0.0180666 0.0128515 0.0255321 0.00605831 0.0376479 0.0598766 -0.0323857 0.0329576 0.0595918 0.0259773 0.00525159 -0.0152956 0.0760834 0.0243973 0.039231 0.0625269 0.0243348
internal_weight=26332 13623 9647 7686 12709 1958 517 1441 51 1961 1910 372 1538 254 1284 239 111 87 8089 192 122 70 3976 466 78 1363 1214 149 121 1104 7430 5314 2167 1173 284 200 37 84 889 163 57 469 388 372 65 307 281 191 122 67 69 55 420 87 333 130 106 32 87 203 79 124
internal_count=26332 13623 9647 7686 12709 1958 517 1441 51 1961 1910 372 1538 254 1284 239 111 87 8089 192 122 70 3976 466 78 1363 1214 149 121 1104 7430 5314 2167 1173 284 200 37 84 889 163 57 469 388 372 65 307 281 191 122 67 69 55 420 87 333 130 106 32 87 203 79 124
is_linear=0
shrinkage=0.04


Tree=95
num_leaves=63
num_cat=0
split_feature=10 22 22 22 19 16 6 29 20 6 1 29 16 23 1 5 29 13 17 24 10 8 2 12 20 11 1 3 13 29 11 22 11 13 12 12 28 12 10 16 17 16 9 2 19 0 7 8 3 3 19 7 23 19 7 23 8 8 19 11 28 6
split_gain=166.198 111.959 76.1528 110.069 62.5765 86.9953 64.706 76.774 101.773 68.6336 79.0113 62.6441 87.6888 107.733 93.9103 99.3609 79.1739 79.5921 64.3882 58.0694 74.889 104.649 73.8853 96.0773 65.3258 62.8923 60.9514 102.419 102.214 57.5942 85.8991 75.5463 61.0319 56.8919 56.8755 65.5889 54.5475 53.8934 91.1869 89.7672 84.9167 56.7388 51.8051 67.9107 54.7334 73.3024 91.5748 51.0045 50.7627 120.634 110.664 93.5646 85.5543 75.9524 65.1559 62.775 55.1021 53.8081 50.7551 49.8101 49.6891 52.5422
threshold=5.4166666666666679 4.5000000000000009 3.5000000000000004 2.5000000000000004 -80.499999999999986 10.748794346448699 198.50000000000003 6.5000000000000009 -4.4999999999999991 214.50000000000003 10.500000000000002 34.500000000000007 12.840303133017812 15.500000000000002 17.500000000000004 271.50000000000006 42.500000000000007 5.628999211117141 289.50000000000006 5.5000000000000009 11.016666666666667 10.357142857142859 13.500000000000002 4.8166947919293479 8.5000000000000018 4.8989794855663611 26.500000000000004 24.500000000000004 7.1541724119366874 11.500000000000002 6.7046536787802093 1.5000000000000002 5.3229064742237764 5.0098753053057772 6.9537323569687279 6.1071026924969543 326.50000000000006 5.1845077759726559 9.9500000000000011 10.091746959490251 107.50000000000001 9.9209214154493353 17.250000000000004 25.500000000000004 -115.49999999999999 21.500000000000004 228.50000000000003 12.214285714285717 20.500000000000004 18.500000000000004 230.50000000000003 298.50000000000006 6.5000000000000009 141.50000000000003 211.50000000000003 4.5000000000000009 17.357142857142858 14.642857142857144 73.500000000000014 4.928053803045815 373.50000000000006 385.50000000000006
decision_type=2 2 2 2 2 2 2 2 2 2 2 2 2 2 2 2 2 2 2 2 2 2 2 2 2 2 2 2 2 2 2 2 2 2 2 2 2 2 2 2 2 2 2 2 2 2 2 2 2 2 2 2 2 2 2 2 2 2 2 2 2 2
left_child=-1 2 3 19 11 -6 7 -7 -9 58 -11 12 13 47 15 -14 -13 -18 -15 20 24 -22 23 -23 37 -24 27 42 -29 31 32 -25 -31 -10 35 -16 -5 39 -39 41 -41 59 43 44 -21 -46 -47 -4 49 52 53 54 55 56 -51 -27 57 -50 -8 -2 61 -61
right_child=1 -3 4 36 5 6 9 8 33 10 -12 16 14 18 34 -17 17 -19 -20 26 21 22 25 29 -26 48 -28 28 -30 30 -32 -33 -34 -35 -36 -37 -38 38 -40 40 -42 -43 -44 -45 45 46 -48 -49 50 51 -52 -53 -54 -55 -56 -57 -58 -59 -60 60 -62 -63
leaf_value=-0.0045060818373015574 0.0077533387059172485 -0.0028922048106546612 0.050781589286369187 -0.0082117771232080427 0.0094007131727639488 0.089359391346491499 0.150087736882038 0.095927598861433719 0.024683149239035692 0.11935338354999234 0.025547598688524492 0.058084363193641478 0.12021252861339084 -0.12802689039471632 -0.010181461187144416 -0.0017632364667238402 0.027002080712574986 -0.061724740029229813 -0.031388314613321207 0.058962426880995435 0.1183686381473876 0.10577438231718501 -0.030389895102012621 0.03494155212441373 -0.057066896330579493 0.024680028252585237 -0.066237098368423244 -0.012909704509534332 0.11296371497984589 0.013937888804873729 -0.020706551487827712 -0.065198705738754636 0.095388016478714019 -0.032687305256261838 0.018427176347291799 -0.1170547714187731 0.0051174518171245567 -0.018477917141316795 0.055176854555372863 -0.10230243982444882 -0.012741977437137375 0.04770482505645858 -0.054938624754719355 0.083587565844103415 0.0015658615190798694 -0.10555246724710836 -0.0028712765579549677 -0.043199300433865828 0.011145790908794376 0.094826540920615848 0.084749245280461599 0.15060384236646621 0.0026740882189763282 -0.11408602006388029 -0.0097970446781139465 0.11984463919592168 0.052299183737363253 -0.085100238884930846 0.052880703390756352 -0.015775400768462226 0.035776230554128513 -0.09483862449704912
leaf_weight=9105 2440 4978 17 1824 1849 18 15.999999999999998 15.999999999999998 44 15.999999999999998 136 45 18 29 20 26 38 28 18 26 17 30 54 28 26 29 21 17 26 22 23 21 45 74 25 17 672 39 86 19 151 54 26 15.999999999999998 3487 23 35 20 18 18 14.999999999999998 18 256 14.999999999999998 20 18 14.999999999999998 19 19 125 26 14.999999999999998
leaf_count=9105 2440 4978 17 1824 1849 18 16 16 44 16 136 45 18 29 20 26 38 28 18 26 17 30 54 28 26 29 21 17 26 22 23 21 45 74 25 17 672 39 86 19 151 54 26 16 3487 23 35 20 18 18 15 18 256 15 20 18 15 19 19 125 26 15
internal_value=-0.000131607 0.00217031 0.00421537 0.00263324 0.0104658 0.0128185 0.0314459 0.0120331 0.0015722 0.0471996 0.035507 -0.00662793 -0.0205765 -0.0510779 0.00360098 0.04825 0.017227 -0.0106458 -0.0912041 0.00510115 0.00866655 0.0206347 0.0181121 0.0409443 0.00593118 0.0103061 0.0015496 0.00194132 0.0632389 0.0268718 0.0458569 -0.00798035 0.0687336 -0.0112752 -0.0280799 -0.0595225 -0.00462228 0.00648807 0.0321842 0.00535128 -0.0228177 0.00715309 0.0012095 0.00161856 0.00124841 0.000822903 -0.0437357 0 0.0152996 0.0217866 -0.0130687 0.075675 0.0117988 -0.0350918 0.0398278 0.0613456 -0.0120913 -0.0383201 0.0976762 0.00631024 -0.0148814 -0.0243224
internal_weight=26407 17302 12324 9835 2489 2188 339 152 134 187 152 301 190 84 106 44 111 66 47 7339 3662 681 664 169 2981 495 3677 3656 43 139 90 49 67 118 62 37 2496 2955 125 2830 170 2660 3613 3587 3571 3545 58 37 441 359 82 56 303 67 38 47 52 37 35 2606 166 140
internal_count=26407 17302 12324 9835 2489 2188 339 152 134 187 152 301 190 84 106 44 111 66 47 7339 3662 681 664 169 2981 495 3677 3656 43 139 90 49 67 118 62 37 2496 2955 125 2830 170 2660 3613 3587 3571 3545 58 37 441 359 82 56 303 67 38 47 52 37 35 2606 166 140
is_linear=0
shrinkage=0.04


Tree=96
num_leaves=63
num_cat=0
split_feature=10 22 22 22 18 1 15 24 10 11 20 14 32 0 20 31 13 9 14 7 5 1 3 13 18 4 13 13 5 3 14 23 29 7 10 7 21 29 7 0 3 21 16 21 9 4 14 18 9 1 4 4 13 18 21 23 16 11 1 14 21 6
split_gain=153.179 103.192 70.1931 101.445 55.6278 65.3945 72.4045 53.5254 69.0601 75.2499 114.744 69.9252 64.6757 71.5627 62.3568 70.1776 84.0237 84.2161 73.8636 86.7358 61.2465 56.1946 94.413 94.2385 55.9706 55.5304 60.7999 55.1452 72.9347 54.0577 57.404 53.2449 59.7348 53.086 52.0927 51.1939 50.9762 53.6187 93.6521 48.6728 48.0985 48.1565 65.9805 47.9303 47.7585 45.6245 45.3538 45.1805 128.068 53.2245 70.6741 44.5613 44.0176 43.1038 73.8758 45.2586 43.099 45.0801 45.4477 45.361 49.1227 43.0685
threshold=5.4166666666666679 4.5000000000000009 3.5000000000000004 2.5000000000000004 3.0026041666666674 22.500000000000004 16.61472332663838 5.5000000000000009 11.016666666666667 5.8878405775519065 -2.4999999999999996 10.631368095481783 86.000000000000014 11.500000000000002 10.500000000000002 197.39000000000001 5.6848255364004148 13.178571428571429 12.422800907317102 274.50000000000006 166.50000000000003 26.500000000000004 24.500000000000004 7.1541724119366874 2.9638796734633019 156.50000000000003 5.9209835310239018 4.3575802628438689 162.50000000000003 15.500000000000002 11.389851692969883 10.500000000000002 16.500000000000004 219.50000000000003 14.483333333333336 475.50000000000006 17.500000000000004 34.500000000000007 236.50000000000003 17.500000000000004 4.5000000000000009 12.500000000000002 13.592025710129628 -1.4999999999999998 17.250000000000004 176.50000000000003 12.310006863174088 2.4005208333333337 15.107142857142859 8.5000000000000018 213.50000000000003 160.50000000000003 5.1627534309228631 3.2379287379287383 1.5000000000000002 4.5000000000000009 10.203401339204328 4.928053803045815 15.500000000000002 8.4648897111476007 7.5000000000000009 396.50000000000006
decision_type=2 2 2 2 2 2 2 2 2 2 2 2 2 2 2 2 2 2 2 2 2 2 2 2 2 2 2 2 2 2 2 2 2 2 2 2 2 2 2 2 2 2 2 2 2 2 2 2 2 2 2 2 2 2 2 2 2 2 2 2 2 2
left_child=-1 2 3 7 5 6 61 8 11 12 20 24 13 -10 15 16 17 -12 -18 -20 -11 22 44 -24 27 -14 36 56 -29 30 33 -7 -33 -13 -6 40 37 39 -39 -27 -4 -42 -43 -32 -9 -26 -28 49 -49 50 -17 -30 -53 54 -47 -55 57 58 -2 60 -59 -5
right_child=1 -3 35 4 34 31 -8 21 9 10 14 29 25 -15 -16 47 18 -19 19 -21 -22 -23 23 -25 45 26 46 28 51 -31 43 32 -34 -35 -36 -37 -38 38 -40 -41 41 42 -44 -45 -46 53 -48 48 -50 -51 -52 52 -54 55 -56 -57 -58 59 -60 -61 -62 -63
leaf_value=-0.0043258405507123508 0.0041204144721037105 -0.0027765189526309355 0.058899650703384085 -0.010287615560704216 0.0038706742291084728 0.085132822911321265 -0.09082944448231256 0.0015538613027188237 0.14639507653550329 0.12363465593350645 -0.03319989957478111 -0.087521182359838065 -0.031189728662433462 0.039479798552514878 0.072306120092083939 -0.058138570038904068 -0.052839558667946401 -0.14505288107795003 -0.016178939635446182 0.079384342746121259 0.033151963134304116 -0.063600171651885418 -0.012396336326822202 0.10846247880394888 -0.027751293531717489 0.053268799126244638 -0.068898800757547091 -0.019949132890918417 0.094789162918647613 0.041643424181647556 0.02757507553185953 0.058255520647729347 -0.045993176573547866 -0.02363622281376734 0.058870611051513574 -0.024676781345423705 0.10458094997300627 -0.065136157486111068 0.057111399673042497 -0.011937298814267343 0.009199110692235956 0.015473586280564755 0.088570934857699485 -0.05442148909065294 -0.052749501626610303 0.078937953095474175 0.022815159683796896 0.045283045582296719 -0.099728166375370964 0.062812077843939884 0.045856965924754287 0.019390972811284629 0.077902893297600015 0.054259622568196032 0.016133520608735626 0.010680206903572685 -0.061458358039632871 -0.11331440448390771 -0.057898869027642047 0.0040507257329689345 -0.015557225851984749 0.0089297042252417889
leaf_weight=9105 1821 4978 33 1662 522 21 17 3587 15.999999999999998 14.999999999999998 33 34 24 27 15.999999999999998 19 35 15.999999999999998 41 24 59 21 17 26 33 139 14.999999999999998 57 15.999999999999998 20 39 17 18 54 29 66 18 21 19 21 2299 62 29 15.999999999999998 26 50 20 21 18 41 23 192 23 42 75 409 17 15.999999999999998 19 31 17 210
leaf_count=9105 1821 4978 33 1662 522 21 17 3587 16 15 33 34 24 27 16 19 35 16 41 24 59 21 17 26 33 139 15 57 16 20 39 17 18 54 29 66 18 21 19 21 2299 62 29 16 26 50 20 21 18 41 23 192 23 42 75 409 17 16 19 31 17 210
internal_value=-0.00012619 0.00208373 0.00404709 0.00252811 -0.00443736 -0.00761611 -0.00888047 0.00489738 0.00832045 0.0198135 0.00728436 0.00569365 0.033935 0.079556 -0.00416504 -0.00871232 -0.0271276 -0.0699851 -0.00605854 0.019143 0.0516621 0.00148759 0.00186373 0.0607168 0.00716777 0.0268196 0.0323406 0.00420626 0.0205261 -0.019768 -0.0283941 0.0349375 0.00460664 -0.0484131 0.00677919 0.010048 0.040198 0.0343442 -0.00702108 0.0446959 0.0109957 0.0103309 0.038862 0.00362975 0.00116108 0.0179042 -0.0165182 0.0137659 -0.0216779 0.0304504 -0.00116748 0.0305265 0.025693 0.0205277 0.0413143 0.0147542 0.00175757 0.00232625 0.0034758 -0.0306461 -0.0632142 -0.0081304
internal_weight=26407 17302 12324 9835 2496 1945 1889 7339 3662 681 361 2981 320 43 287 271 149 49 100 65 74 3677 3656 43 2818 277 253 2209 288 163 143 56 35 88 551 2489 218 200 40 160 2423 2390 91 55 3613 609 35 122 39 83 42 231 215 576 125 451 1921 1904 1840 64 33 1872
internal_count=26407 17302 12324 9835 2496 1945 1889 7339 3662 681 361 2981 320 43 287 271 149 49 100 65 74 3677 3656 43 2818 277 253 2209 288 163 143 56 35 88 551 2489 218 200 40 160 2423 2390 91 55 3613 609 35 122 39 83 42 231 215 576 125 451 1921 1904 1840 64 33 1872
is_linear=0
shrinkage=0.04


Tree=97
num_leaves=63
num_cat=0
split_feature=10 25 26 27 24 10 8 2 10 14 18 8 6 19 16 32 29 9 21 6 21 18 10 3 19 3 7 18 7 21 28 20 21 10 8 5 3 14 16 20 28 5 7 19 5 21 29 17 5 7 2 31 3 18 29 10 9 6 24 15 14 7
split_gain=142.566 96.8646 70.9649 102.544 58.2361 66.0704 94.772 67.9066 87.0793 63.5362 63.2225 60.9168 55.6812 54.9521 84.6324 77.3539 70.2875 111.396 108.225 67.068 86.621 61.9842 57.1649 53.1209 115.646 115.197 84.9595 67.7711 62.0241 54.6125 79.8901 59.1415 63.4653 52.8075 51.6028 50.0991 49.8403 52.9117 49.8067 66.63 49.4102 56.142 51.3842 76.3161 49.3338 59.8484 49.104 48.8626 65.3644 48.3555 53.909 48.3473 48.2069 48.187 58.7556 53.5297 89.6111 66.8495 77.0934 54.931 48.0245 47.3975
threshold=4.7833333333333341 1.0000000180025095e-35 -1.0000000180025095e-35 -0.22252093395631442 5.5000000000000009 11.016666666666667 10.357142857142859 13.500000000000002 11.383333333333335 10.631368095481783 1.2336702559934987 11.928571428571431 166.50000000000003 -80.499999999999986 10.748794346448699 160.50000000000003 40.500000000000007 13.464285714285717 4.5000000000000009 335.50000000000006 -1.0000000180025095e-35 2.2750661375661383 11.016666666666667 20.500000000000004 232.50000000000003 18.500000000000004 298.50000000000006 1.8633250311332505 211.50000000000003 15.500000000000002 250.50000000000003 -3.4999999999999996 -13.499999999999998 13.41666666666667 10.785714285714286 57.500000000000007 15.500000000000002 11.389851692969883 13.926596345300252 3.5000000000000004 326.50000000000006 523.50000000000011 523.50000000000011 -69.499999999999986 356.50000000000006 14.500000000000002 42.500000000000007 183.50000000000003 273.50000000000006 75.500000000000014 9.5000000000000018 269.81000000000006 5.5000000000000009 3.0255208333333337 56.500000000000007 8.8833333333333346 9.0357142857142865 197.50000000000003 3.5000000000000004 8.9369398836360983 15.599583820803131 144.50000000000003
decision_type=2 2 2 2 2 2 2 2 2 2 2 2 2 2 2 2 2 2 2 2 2 2 2 2 2 2 2 2 2 2 2 2 2 2 2 2 2 2 2 2 2 2 2 2 2 2 2 2 2 2 2 2 2 2 2 2 2 2 2 2 2 2
left_child=-1 2 13 40 5 9 -7 8 11 53 -10 -8 -12 15 49 16 17 18 -2 20 -19 38 -23 25 27 29 28 -25 -27 31 -31 -9 -33 47 -24 -6 37 44 39 -16 -4 42 43 -42 45 -11 -18 -14 -49 50 -15 -45 -51 55 -55 56 59 58 -58 -5 -48 -34
right_child=1 -3 3 4 35 6 7 23 10 36 12 -13 33 14 21 -17 46 19 -20 -21 -22 22 34 24 -26 26 -28 -29 -30 30 -32 32 61 -35 -36 -37 -38 -39 -40 -41 41 -43 -44 51 -46 -47 60 48 -50 52 -52 -53 -54 54 -56 -57 57 -59 -60 -61 -62 -63
leaf_value=-0.0049453597282244259 -0.10029803707738069 -0.0027887850630945073 -0.0078105761427222963 0.0028668990614684844 -0.065511755465802568 0.1120299102200402 0.049804069103158981 0.038666630395803821 -0.038479575064387254 -0.05228145196108492 0.099825034637971474 0.1546932412220153 -0.05703921023188837 0.007637964119843397 0.049237695087867323 0.033684690163258507 0.049634464480609541 0.095917895484657192 0.0090316497879241835 -0.046040514855040716 -0.019206820236139996 0.076999560541181428 0.06891520997437324 0.0069000247479304409 0.081433444447470027 0.08646757779945255 0.13607845908060123 -0.072107435362521566 -0.011940258398854356 0.084318717106991098 -0.0042457342832110077 0.031330315688791494 -0.081736112786920043 0.080302966509885443 -0.0028464754602787411 0.0011839804031614342 0.039985974638616265 0.0034811640045387562 0.095186240501010544 -0.029846323271888995 0.046218063909454869 -0.067390094124085712 -0.054115617620459508 0.010426671921453417 -0.096755359461813253 0.033281558720775727 0.0086399867660747077 0.081935665346496725 -0.0076139119886002452 0.031624701585565199 -0.086446006548338838 -0.013943063161745142 0.0073991237501080708 0.011971234318771654 0.050114586007330528 0.015902606687747713 -0.015924788080685509 -0.011265477721102906 -0.12316374834846049 0.074883309539995696 -0.070756284153979748 -0.0135568976430649
leaf_weight=7148 52 5550 2042 1922 18 17 22 49 22 47 18 14.999999999999998 14.999999999999998 21 112 60 32 19 20 29 23 20 18 29 14.999999999999998 19 19 43 22 32 33 48 18 20 140 4035 20 55 29 20 74 17 22 445 23 18 50 20 37 141 18 184 1933 628 72 494 21 99 22 17 15.999999999999998 168
leaf_count=7148 52 5550 2042 1922 18 17 22 49 22 47 18 15 15 21 112 60 32 19 20 29 23 20 18 29 15 19 19 43 22 32 33 48 18 20 140 4035 20 55 29 20 74 17 22 445 23 18 50 20 37 141 18 184 1933 628 72 494 21 99 22 17 16 168
internal_value=-0.000121049 0.00166941 0.00347444 0.00203153 0.00429035 0.00763989 0.019023 0.0166222 0.0385109 0.00538406 0.0232526 0.092683 0.0356409 0.00921572 0.011196 -0.00690805 -0.0170322 -0.0349086 -0.0699305 0.000626938 0.03293 0.0297488 0.0134546 0.00913883 -0.0192123 0.0151924 0.0663353 -0.0402918 0.0337141 0.00635242 0.0393871 -0.0012392 -0.00961704 0.0229666 0.00535467 0.000885672 -0.0189796 -0.0272627 0.0477316 0.0372266 -0.00459809 0.0042399 0.00593132 0.00782073 -0.0464825 -0.0285416 0.00904132 0.00692287 0.0238604 0.0082173 -0.0358443 0.00329358 0.0090485 0.00659781 0.015904 0.00406668 0.00125541 -0.0294042 -0.0709961 0.00350316 -0.0106553 -0.020206
internal_weight=26407 19259 13709 10956 8172 4119 681 664 169 3438 132 37 110 2753 2452 301 241 143 72 71 42 339 178 495 87 408 60 72 41 348 65 283 234 92 158 4053 163 143 161 132 2784 742 725 703 88 65 98 72 57 2113 39 629 2074 3275 700 2575 2081 142 43 1939 66 186
internal_count=26407 19259 13709 10956 8172 4119 681 664 169 3438 132 37 110 2753 2452 301 241 143 72 71 42 339 178 495 87 408 60 72 41 348 65 283 234 92 158 4053 163 143 161 132 2784 742 725 703 88 65 98 72 57 2113 39 629 2074 3275 700 2575 2081 142 43 1939 66 186
is_linear=0
shrinkage=0.04


Tree=98
num_leaves=63
num_cat=0
split_feature=10 22 22 22 19 16 32 29 9 21 6 1 6 29 20 6 1 11 29 20 12 21 17 9 31 10 19 10 6 10 4 12 20 1 10 17 14 14 5 19 6 4 9 20 21 7 20 16 12 31 15 1 31 9 19 14 14 12 10 5 19 5
split_gain=131.537 87.9007 59.9993 86.3227 54.3044 73.1284 71.2992 64.7822 102.677 101.012 61.8291 127.204 58.3991 69.4644 93.7394 62.5145 72.0111 52.4749 53.0819 71.8517 52.1281 51.2871 51.0277 46.7197 46.4399 62.1901 101.549 83.0007 65.9776 50.439 121.001 52.8284 45.9424 43.8657 44.1031 43.0406 51.4446 56.1117 42.8165 85.4701 68.8853 68.0195 45.8318 45.2416 108.687 64.3994 51.4582 56.0732 55.7033 44.3613 42.7754 63.2652 42.2239 47.3006 69.3252 62.0143 54.9835 81.2178 52.7405 57.8787 53.3566 52.6643
threshold=5.4166666666666679 4.5000000000000009 3.5000000000000004 1.5000000000000002 -80.499999999999986 10.748794346448699 160.50000000000003 40.500000000000007 13.464285714285717 8.5000000000000018 335.50000000000006 18.500000000000004 198.50000000000003 6.5000000000000009 -4.4999999999999991 214.50000000000003 10.500000000000002 7.27520231683883 42.500000000000007 -1.0000000180025095e-35 5.2759040695012871 -5.4999999999999991 77.500000000000014 12.607142857142859 258.4550000000001 14.583333333333334 -85.499999999999986 13.816666666666668 377.50000000000006 15.050000000000002 236.50000000000003 6.6971372748771953 -1.0000000180025095e-35 15.500000000000002 11.183333333333335 90.500000000000014 14.726224732608241 12.207402142542479 252.50000000000003 -107.49999999999999 291.50000000000006 229.50000000000003 17.178571428571434 3.5000000000000004 -7.4999999999999991 118.50000000000001 7.5000000000000009 9.5957461516460008 5.1845077759726559 43.170000000000009 16.205748264621267 26.500000000000004 375.27000000000004 9.6071428571428594 -76.499999999999986 10.119827225805473 9.821244489207416 4.1990318088659606 9.0500000000000025 257.50000000000006 -59.499999999999993 308.50000000000006
decision_type=2 2 2 2 2 2 2 2 2 2 2 2 2 2 2 2 2 2 2 2 2 2 2 2 2 2 2 2 2 2 2 2 2 2 2 2 2 2 2 2 2 2 2 2 2 2 2 2 2 2 2 2 2 2 2 2 2 2 2 2 2 2
left_child=-1 2 3 50 6 52 7 8 9 -4 11 -10 13 -7 -15 32 -17 18 -9 -20 33 35 -22 -24 25 26 27 28 -23 -27 31 -31 -14 34 -16 36 37 -5 40 -40 42 -41 43 45 46 -37 47 -45 -49 -43 51 -2 53 55 -55 56 58 -58 -6 60 -60 -61
right_child=1 -3 4 21 5 12 -8 17 10 -11 -12 -13 15 14 20 16 -18 -19 19 -21 22 24 23 -25 -26 29 -28 -29 -30 30 -32 -33 -34 -35 -36 38 -38 -39 39 41 -42 49 -44 44 -46 -47 -48 48 -50 -51 -52 -53 -54 54 -56 -57 57 -59 59 61 -62 -63
leaf_value=-0.0040077505002379032 0.0060871317613264645 -0.0025539112615134978 -0.091415985565887009 0.025525133251238598 0.0071770763698361982 0.083671940092964733 0.032339543880718122 0.072226150916325102 0.097816646285860787 0.024983824021768887 -0.044205224530393723 -0.04122492243401446 0.13616199561904149 0.09072846871355307 0.038608945473929894 0.11241261414119176 0.022862555956704753 -0.052810967176000048 0.061833382595830884 -0.032526243551120868 0.021630448049899793 -0.041404933847499166 -0.11145877655988894 -0.028876386367187878 -0.013283911187487115 0.08236988088269255 -0.001069052483421086 -0.10898067210143779 0.049597347663796462 0.010982487690374718 0.073344032024679665 -0.091488025084785804 0.043983618228407621 0.06909195969447246 -0.058047412657333125 0.042140887055174388 0.090988025635665992 -0.046461415255247655 0.0800603468057169 0.073252960144183338 -0.089274714869379213 0.052530578686199647 -0.072283508477621522 -0.031143418646406851 0.098857793755087506 -0.0081058403611276274 -0.056543580750442302 0.080397856000164775 -0.0023050375739891689 0.0024253700839602988 0.040873135701220302 -0.054102891127834118 0.038807639558713213 0.068032508663266725 -0.015579656258426073 0.042692480560491665 -0.0030942480566648416 -0.10978251659317524 0.034193002197666099 -0.035343921451647747 0.12122578261410379 0.042373483435354922
leaf_weight=9105 4763 4978 57 125 1291 18 60 24 22 14.999999999999998 29 20 18 15.999999999999998 15.000000000000002 15.999999999999998 136 18 20 36 19 61 15.999999999999998 35 774 23 1832 23 15.999999999999998 15.999999999999998 28 15.999999999999998 17 18 14.999999999999998 43 15.999999999999998 20 25 23 14.999999999999998 29 14.999999999999998 26 23 766 19 27 25 1002 56 28 70 17 219 86 47 14.999999999999998 28 24 19 33
leaf_count=9105 4763 4978 57 125 1291 18 60 24 22 15 29 20 18 16 15 16 136 18 20 36 19 61 16 35 774 23 1832 23 16 16 28 16 17 18 15 43 16 20 25 23 15 29 15 26 23 766 19 27 25 1002 56 28 70 17 219 86 47 15 28 24 19 33
internal_value=-0.000116069 0.00193178 0.00374385 0.00233948 0.00929194 0.0114837 -0.00663172 -0.0163518 -0.0335139 -0.0671373 0.000601335 0.0316182 0.0285621 0.0101205 0.000170515 0.043528 0.0323697 0.00867916 0.0225881 0.00118812 -0.012158 -0.00135429 -0.0341641 -0.0549911 -0.00495604 -0.00175565 -0.0032138 -0.0424453 -0.0224296 0.0321248 0.0127259 -0.0403159 0.0916995 0.019897 -0.00968508 0.00321293 0.0231175 0.015557 0.00163845 0.00710477 -0.00450988 0.005365 -0.00315155 -0.00202551 0.0208802 -0.00542777 0.00228733 0.0166976 0.0406704 0.00384163 0.00614106 0.00573382 0.00834999 0.00714831 -0.00952201 0.00969976 0.00774818 -0.0290734 0.0093881 0.036782 0.0696016 0.00961075
internal_weight=26407 17302 12324 9835 2489 2188 301 241 143 72 71 42 339 152 134 187 152 98 80 56 118 4988 70 51 2789 2015 1932 100 77 83 60 32 35 48 30 2199 161 145 2038 1079 959 1054 944 929 120 809 97 78 52 1031 4847 4791 1849 1779 236 1543 1457 62 1395 104 47 57
internal_count=26407 17302 12324 9835 2489 2188 301 241 143 72 71 42 339 152 134 187 152 98 80 56 118 4988 70 51 2789 2015 1932 100 77 83 60 32 35 48 30 2199 161 145 2038 1079 959 1054 944 929 120 809 97 78 52 1031 4847 4791 1849 1779 236 1543 1457 62 1395 104 47 57
is_linear=0
shrinkage=0.04


Tree=99
num_leaves=63
num_cat=0
split_feature=10 22 22 22 24 10 8 2 10 14 18 11 8 6 14 21 14 7 7 11 2 13 11 15 3 3 14 7 5 5 21 28 11 3 3 29 16 2 21 16 18 29 16 18 7 8 21 28 30 11 29 28 5 7 3 17 10 18 5 13 5 11
split_gain=122.721 82.6859 60.7115 88.3166 54.1444 60.668 87.4073 63.2929 79.7027 58.9737 58.2945 56.8593 55.7791 51.2286 50.2949 77.3931 60.4222 48.3972 48.8929 47.7055 61.6899 60.704 46.5484 88.3302 46.5014 46.1299 48.3064 47.6136 46.1101 45.6508 45.5564 45.3093 48.9523 50.7174 58.714 49.1398 47.8523 49.7854 44.451 60.5611 44.1723 54.2039 49.2496 60.8297 85.4011 49.3288 56.0996 55.3779 53.5799 49.0534 45.8842 44.1458 50.2719 45.696 43.4015 91.5384 42.9945 68.1413 42.9935 42.9474 42.5837 41.7558
threshold=4.7833333333333341 4.5000000000000009 3.5000000000000004 2.5000000000000004 5.5000000000000009 11.016666666666667 10.357142857142859 13.500000000000002 11.383333333333335 10.631368095481783 1.2336702559934987 4.8989794855663611 11.928571428571431 166.50000000000003 12.310006863174088 -2.4999999999999996 11.144253482272484 75.500000000000014 475.50000000000006 6.0513674172906997 19.500000000000004 5.4128412288625185 7.27520231683883 16.61472332663838 5.5000000000000009 15.500000000000002 11.389851692969883 219.50000000000003 57.500000000000007 195.50000000000003 -1.4999999999999998 146.50000000000003 8.6986589004665991 22.500000000000004 16.500000000000004 34.500000000000007 14.800228432477924 19.500000000000004 12.500000000000002 13.592025710129628 3.0255208333333337 56.500000000000007 9.3049280785172233 2.3425615480410005 185.50000000000003 10.214285714285717 11.500000000000002 234.50000000000003 2.5000000000000004 5.0237531028201525 33.500000000000007 326.50000000000006 523.50000000000011 523.50000000000011 24.500000000000004 199.50000000000003 8.4500000000000011 1.9730636676945406 260.50000000000006 4.0234942210877405 150.50000000000003 7.5655862454997722
decision_type=2 2 2 2 2 2 2 2 2 2 2 2 2 2 2 2 2 2 2 2 2 2 2 2 2 2 2 2 2 2 2 2 2 2 2 2 2 2 2 2 2 2 2 2 2 2 2 2 2 2 2 2 2 2 2 2 2 2 2 2 2 2
left_child=-1 2 3 4 5 9 -7 8 12 40 -10 -9 -8 -12 16 -16 -15 -4 24 20 -13 -21 51 61 -19 26 27 -11 -6 -28 -25 -23 33 34 -33 36 37 -36 -26 -40 42 -42 45 44 -44 46 49 -47 56 -2 -45 -5 53 -53 -30 -56 57 -48 -37 -58 -46 -24
right_child=1 -3 17 22 28 6 7 11 10 25 13 19 -14 14 15 -17 -18 18 -20 21 -22 31 23 30 38 -27 29 -29 54 -31 -32 32 -34 -35 35 58 -38 -39 39 -41 41 -43 43 50 60 47 48 -49 -50 -51 -52 52 -54 -55 55 -57 59 -59 -60 -61 -62 -63
leaf_value=-0.0045872403424564541 0.0016549538231896558 -0.0025690876855803979 -0.03210451040893729 -0.0083589525198671227 -0.06300306792911245 0.10743734570971705 0.047733620248768656 -0.030108295018042745 -0.036931390778511354 -0.081794945206110775 0.095806352219528906 0.020412397504804204 0.14811160070710627 0.05510592463420845 0.0033920453172741512 0.11094562156454878 -0.037972023457381585 0.03271102927158507 -0.023271151950761123 -0.054964598734716805 0.090899917852310899 0.055169523213788915 0.10200236106445776 -0.072721880367282998 0.0078186941702293108 0.038301633329533818 -0.056263253341447439 -0.021294137312722512 0.00051690559655827089 0.025331090614385435 0.019748238776781543 -0.019990339935479301 0.063973779853101792 -0.056221129974995954 -0.0088778255897689149 0.019753341785869242 -0.05147541478363394 0.078135024934842451 0.013885727942757751 0.083915202458904367 0.011349302258064041 0.047985729300694731 0.086261054708747106 0.011609169100114686 -0.021394444544430812 -0.075388752046106483 -0.014927003461623858 0.020203704897141614 -0.0059995516775988786 -0.043579223474578176 -0.047383676517495942 0.0067150625169941072 -0.064535651457937132 -0.051723040132635852 -0.0043831961101274399 0.10686811978904365 0.035556811467369095 0.078974077470266996 0.11266694190339273 0.11986517247105144 0.026887263860542805 0.030062132709197009
leaf_weight=7148 2017 5550 46 1967 18 17 22 54 22 34 18 144 14.999999999999998 17 23 20 32 138 72 26 23 30 18 18 2406 20 14.999999999999998 54 3985 40 15.999999999999998 82 19 25 25 15.999999999999998 17 18 62 29 628 72 35 58 35 27 32 14.999999999999998 51 39 33 680 17 22 31 19 20 20 15.999999999999998 19 174 46
leaf_count=7148 2017 5550 46 1967 18 17 22 54 22 34 18 144 15 17 23 20 32 138 72 26 23 30 18 18 2406 20 15 54 3985 40 16 82 19 25 25 16 17 18 62 29 628 72 35 58 35 27 32 15 51 39 33 680 17 22 31 19 20 20 16 19 174 46
internal_value=-0.000111271 0.0015499 0.0032176 0.00188298 0.00397926 0.00720898 0.0181168 0.0158111 0.0369431 0.00504731 0.0223443 0.00858629 0.0887708 0.0342404 0.0220822 0.0536047 -0.00559248 0.00852796 0.00922032 0.0133347 0.0301808 0.00305259 -0.00426954 0.0227909 0.0101097 -0.0184252 -0.0263943 -0.0447585 0.000696363 0.00298007 -0.0292176 0.00916281 0.00280004 -0.00305982 0.00459472 0.0265271 0.00511116 0.0275965 0.00885859 0.0362924 0.0062167 0.0151268 0.00379327 0.018096 0.0285043 0.00165263 0.00247487 -0.0412342 0.0267823 0.000793862 -0.00979042 -0.00525841 0.00322108 0.00487371 0.000982574 0.0379813 0.0451629 0.0212327 0.0664787 0.0768828 0.0187859 0.0504541
internal_weight=26407 19259 13709 10956 8172 4119 681 664 169 3438 132 495 37 110 92 43 49 2753 2707 441 167 274 2784 98 2635 163 143 88 4053 55 34 248 218 199 174 92 60 43 2497 91 3275 700 2575 335 244 2240 2198 42 142 2056 91 2686 719 702 4035 50 91 52 32 39 209 64
internal_count=26407 19259 13709 10956 8172 4119 681 664 169 3438 132 495 37 110 92 43 49 2753 2707 441 167 274 2784 98 2635 163 143 88 4053 55 34 248 218 199 174 92 60 43 2497 91 3275 700 2575 335 244 2240 2198 42 142 2056 91 2686 719 702 4035 50 91 52 32 39 209 64
is_linear=0
shrinkage=0.04


Tree=100
num_leaves=63
num_cat=0
split_feature=16 22 22 28 13 29 14 16 18 2 18 20 12 13 16 1 17 2 9 5 0 24 14 19 19 18 8 9 19 1 19 16 9 7 5 2 23 29 7 6 6 6 17 13 1 12 16 8 24 17 19 24 9 12 9 6 28 12 9 8 12 16
split_gain=129.665 66.6159 62.5684 57.1351 43.6713 42.6962 77.2117 78.1308 71.6275 60.5626 59.4968 46.3135 83.2633 96.4526 63.4049 48.2464 44.6546 59.6917 44.7158 49.5658 43.5836 42.5767 41.9408 41.4171 40.6955 68.1303 55.9911 68.4516 89.1969 47.3764 69.6829 45.4796 48.3338 57.8457 77.2929 75.2398 72.3962 43.7508 43.0886 73.5357 69.5545 96.6674 70.3135 69.285 57.2972 56.0472 52.7523 49.0418 44.602 74.6963 87.6102 73.6147 73.579 92.7091 69.424 60.4679 55.3302 62.6129 50.5166 49.2852 99.116 93.7128
threshold=7.9266643366313536 4.5000000000000009 1.5000000000000002 57.500000000000007 4.1267281298228502 54.500000000000007 7.6731285265438727 8.9383338801456222 1.4247640002839097 5.5000000000000009 1.0642580645161293 -1.0000000180025095e-35 3.765809166874853 3.7424253000476573 9.7076952655349782 11.500000000000002 307.50000000000006 14.500000000000002 8.8214285714285747 268.50000000000006 8.5000000000000018 7.5000000000000009 3.0471327133399071 -54.499999999999993 -128.49999999999997 1.6916590541775001 19.214285714285719 15.892857142857144 -117.49999999999999 26.500000000000004 -121.49999999999999 15.263003336440795 17.892857142857146 266.50000000000006 234.50000000000003 18.500000000000004 16.500000000000004 20.500000000000004 502.50000000000006 450.50000000000006 416.50000000000006 402.50000000000006 352.50000000000006 5.0492972084093646 8.5000000000000018 4.8166947919293479 8.8556281500210776 7.3571428571428585 2.5000000000000004 140.50000000000003 242.50000000000003 3.5000000000000004 10.821428571428575 5.4837422050483537 9.6785714285714288 234.50000000000003 360.50000000000006 5.0903917248172492 11.035714285714286 9.2142857142857171 4.7082459886506021 8.9784132032074968
decision_type=2 2 2 2 2 2 2 2 2 2 2 2 2 2 2 2 2 2 2 2 2 2 2 2 2 2 2 2 2 2 2 2 2 2 2 2 2 2 2 2 2 2 2 2 2 2 2 2 2 2 2 2 2 2 2 2 2 2 2 2 2 2
left_child=2 3 4 -2 -1 21 7 8 -7 -8 -11 12 13 -12 16 -16 17 18 -14 20 -20 24 -4 -24 25 -5 27 28 -26 30 -29 -32 33 36 35 -35 -33 -31 40 -40 41 47 -42 45 -45 46 -43 -30 49 50 54 56 55 58 -49 -51 59 -58 -54 -50 61 -61
right_child=1 -3 22 5 -6 6 9 -9 -10 10 11 -13 14 -15 15 -17 -18 -19 19 -21 -22 -23 23 -25 26 -27 -28 29 38 37 31 32 -34 34 -36 -37 -38 -39 39 -41 42 43 -44 44 -46 -47 -48 48 51 52 -52 -53 53 -55 -56 -57 57 -59 -60 60 -62 -63
leaf_value=0.0018901122311477628 -0.052301873850646496 -0.0014196905196199097 -0.013128148328550153 -0.097615920048675767 -0.06214473689508717 -0.04930426494028773 0.065967285918039187 0.11196196887666818 0.03213543302491402 0.052715974021783636 -0.025653738047915639 -0.0035750374532533915 0.016555040115987702 0.08512961256560557 -0.047604479804593772 -0.12806610368891974 -0.080865298041498473 0.049960469054301994 -0.021216683884461719 -0.001590193363519206 -0.098195621848516046 0.0016471923433780745 -0.015766360616463283 -0.0026640023739796996 -0.075733857747927236 0.020655894235054154 -0.067624136185803957 0.095262977370587962 0.070975639060955151 -0.054610151451919713 0.083314046780644996 0.090765465588147354 0.082955162261731066 -0.040714792986814886 -0.062375231641264718 0.062160935537670853 0.010316915748932043 0.034881619148372858 -0.068676623872055628 0.03399173904848362 0.082431041155336851 0.027253416784551759 0.020744373124531475 -0.13770712858991116 -0.028653532907089087 0.055758298509609616 -0.066666198497302695 -0.011547128444626218 0.0039439090801923005 0.036695727932037778 0.046666013069821696 0.0074399332871986999 -0.11257576436272465 0.030474392856399073 -0.072062108978081088 0.0032708050628450069 0.017918148704719344 -0.068801187714694234 -0.030575438929648559 0.018802662016840197 0.018460728560672292 0.083757615241718583
leaf_weight=4776 27 3012 720 15.000000000000002 17 22 17 14.999999999999998 79 23 31 366 28 21 36 18 19 19 20 30 29 1758 401 10318 20 15.999999999999998 14.999999999999998 28 20 19 21 27 18 19 29 28 53 15.999999999999998 29 18 33 14.999999999999998 281 15.000000000000002 15.999999999999998 15.999999999999998 26 65 112 119 22 2630 19 27 57 318 36 21 33 57 250 95
leaf_count=4776 27 3012 720 15 17 22 17 15 79 23 31 366 28 21 36 18 19 19 20 30 29 1758 401 10318 20 16 15 28 20 19 21 27 18 19 29 28 53 16 29 18 33 15 281 15 16 16 26 65 112 119 22 2630 19 27 57 318 36 21 33 57 250 95
internal_value=4.7419e-05 0.00357594 -0.00217496 0.00566257 0.00166128 0.00588139 -0.00299721 0.0270708 0.0143451 -0.00831236 -0.0102985 -0.0126589 -0.0258901 0.0191248 -0.0376666 -0.0746491 -0.023838 -0.0151655 -0.0267845 -0.0421721 -0.0669236 0.00695209 -0.00378254 -0.00315449 0.00895545 -0.036638 0.0092624 0.00951458 0.00832619 0.0295326 0.0363237 0.0278059 0.0210512 0.013847 -0.0111176 0.0205323 0.0375727 -0.0136598 0.00871666 -0.0293257 0.00913527 0.00770038 0.0272579 -0.0337282 -0.0817588 -0.00747378 -0.032274 0.00864111 0.00831587 -0.00114926 -0.0266145 0.010268 0.00595721 -0.0295371 -0.0398728 0.0123837 0.0232871 -0.0140606 -0.0607341 0.0274346 0.0339717 0.059441
internal_weight=26456 10224 16232 7212 4793 7185 773 116 101 657 640 617 251 52 199 54 145 126 107 79 49 6412 11439 10719 4654 31 4623 4608 4350 258 223 195 174 156 76 47 80 35 4330 47 4283 3969 314 88 31 57 41 3881 3861 660 144 3201 516 79 122 437 571 57 52 514 402 152
internal_count=26456 10224 16232 7212 4793 7185 773 116 101 657 640 617 251 52 199 54 145 126 107 79 49 6412 11439 10719 4654 31 4623 4608 4350 258 223 195 174 156 76 47 80 35 4330 47 4283 3969 314 88 31 57 41 3881 3861 660 144 3201 516 79 122 437 571 57 52 514 402 152
is_linear=0
shrinkage=0.04


Tree=101
num_leaves=63
num_cat=0
split_feature=10 22 4 13 22 11 26 2 22 5 19 11 29 5 6 23 5 9 13 5 6 32 2 18 18 23 9 13 29 18 18 10 31 2 11 13 12 13 23 10 2 13 3 18 18 4 32 20 24 18 29 6 6 19 16 30 29 5 4 29 19 6
split_gain=127.834 67.0365 63.1362 59.3268 58.3469 41.3078 42.3485 76.5757 60.0258 57.8184 55.4164 54.0808 53.0403 52.5936 70.445 60.2517 57.2296 51.6586 90.8053 57.4155 123.793 77.1699 75.6964 63.3131 79.367 57.0866 85.2105 78.3655 68.2902 56.0605 52.2646 50.9382 74.1454 159.091 74.7402 80.1384 71.4928 70.8442 50.8376 50.548 49.8192 74.5378 52.1412 49.3618 55.1206 71.675 54.6367 53.8502 49.0928 62.9699 48.0442 46.0759 67.8744 45.8203 55.7281 44.295 44.0023 43.519 73.4165 43.2019 48.2394 42.6537
threshold=7.7166666666666677 4.5000000000000009 57.500000000000007 3.1222229039690572 1.5000000000000002 2.6726124191242504 1.0000000180025095e-35 26.500000000000004 1.5000000000000002 507.50000000000006 283.50000000000006 2.9840847683606322 6.5000000000000009 289.50000000000006 392.50000000000006 17.500000000000004 271.50000000000006 8.3928571428571441 3.5757805996106256 254.50000000000003 246.50000000000003 63.500000000000007 18.500000000000004 1.9438488878697548 2.3189294923090604 25.500000000000004 11.107142857142859 4.7989462444865172 33.500000000000007 1.1412736428395973 1.7358531757582816 17.383333333333336 355.67000000000002 22.500000000000004 7.7336617335854427 7.1541724119366874 7.6891888265186079 3.7759066810989648 23.500000000000004 8.1833333333333353 14.500000000000002 4.251977227693911 20.500000000000004 1.1412736428395973 1.621691639826355 91.500000000000014 60.000000000000007 5.5000000000000009 6.5000000000000009 2.9283144912641319 2.5000000000000004 361.50000000000006 324.50000000000006 -97.499999999999986 15.836698264477794 1.5000000000000002 34.500000000000007 234.50000000000003 181.50000000000003 57.500000000000007 -60.499999999999993 220.50000000000003
decision_type=2 2 2 2 2 2 2 2 2 2 2 2 2 2 2 2 2 2 2 2 2 2 2 2 2 2 2 2 2 2 2 2 2 2 2 2 2 2 2 2 2 2 2 2 2 2 2 2 2 2 2 2 2 2 2 2 2 2 2 2 2 2
left_child=4 2 -2 -4 -1 -5 11 8 10 43 12 -7 13 16 -15 -16 57 39 -19 20 25 -22 59 51 -25 27 -27 28 30 -30 -20 32 53 34 35 37 -35 -34 -29 -14 41 -26 -42 50 45 -45 -46 61 49 -43 -10 52 -21 -13 -55 -31 -12 58 -8 60 -23 -47
right_child=1 -3 3 5 -6 6 7 -9 9 -11 56 31 17 14 15 -17 -18 18 19 23 21 22 -24 24 40 26 -28 38 29 55 -32 -33 33 36 -36 -37 -38 -39 -40 -41 42 48 -44 44 46 47 -48 -49 -50 -51 -52 -53 -54 54 -56 -57 -58 -59 -60 -61 -62 -63
leaf_value=0.0015365277463211268 -0.053351709383357433 -0.0015579976557570786 0.056139286529985725 0.030211653885458802 -0.0038033939216593751 -0.030102853087074194 0.003698239139814818 0.080514278334764711 -0.051695920183563865 -0.065381178910595403 0.023959451204519776 -0.013074485841373615 0.0054172713486872678 -0.023293040383184829 0.00082031342238862053 0.099446252755697254 0.11428052958586941 -0.06403280701071834 0.043985536245633838 -0.020824158667668086 0.11549032929055977 0.018859337586389805 0.10733753886670698 0.030853158853196491 0.013109436005411128 -0.00054391975266083212 -0.097086731845682325 0.018103599926510196 -0.10377781763411405 0.025307861875866259 -0.029597804337383741 -0.048356792016642711 0.088110585370899955 0.13333307090493823 -0.060406364158810115 0.11100422415512289 0.031527341459337513 0.01258295324796526 0.091578737086022807 0.05522287660242136 0.023752776314061762 -0.024246855249436591 -0.054881169144411261 0.049203521722178921 -0.029144914844120393 -0.02547670119728937 0.0028871287016799941 -0.044930346216323559 -0.0071413586356423118 -0.10391033854971905 0.02207448450430631 0.018996596772100121 -0.095420165167892507 0.0081694363496126517 0.076801774632868344 -0.045681303560240485 0.10525944745873812 -0.0030049503664685111 0.090097319416061999 -0.043548471832906957 0.095151600411396156 -0.0029914219546827688
leaf_weight=4631 29 3068 37 106 11168 56 28 20 14.999999999999998 22 32 165 73 59 22 18 15.999999999999998 33 40 56 19 111 18 102 52 40 23 129 17 21 25 24 21 29 19 14.999999999999998 18 346 17 59 83 30 15.999999999999998 30 89 195 1943 79 34 34 217 21 30 2239 19 42 15.999999999999998 35 36 14.999999999999998 14.999999999999998 439
leaf_count=4631 29 3068 37 106 11168 56 28 20 15 22 32 165 73 59 22 18 16 33 40 56 19 111 18 102 52 40 23 129 17 21 25 24 21 29 19 15 18 346 17 59 83 30 16 30 89 195 1943 79 34 34 217 21 30 2239 19 42 16 35 36 15 15 439
internal_value=4.55067e-05 0.00343103 0.00544819 0.00567472 -0.00223803 0.00542551 0.00507061 0.00261296 0.00226027 -0.000918093 0.00905539 0.00878908 0.00757039 0.0258588 0.00445497 0.0453892 0.0442474 0.00417822 0.00113633 0.00331691 0.0122551 0.0394562 0.0302909 -0.00706149 0.00114692 -0.00142394 -0.0359194 0.00604706 -0.0147682 -0.039498 0.0156515 0.0095431 0.0100295 0.0249791 0.0168 0.0206602 0.0945358 0.016933 0.0267294 0.027719 -0.0110214 -0.0255542 0.0109815 -0.000443641 -0.00192636 -0.0112488 0.0014818 -0.0138018 -0.0460825 -0.0666954 0.017276 -0.0339828 -0.0469499 0.00726363 0.00875121 -0.0219839 0.0512635 0.0328048 0.0523937 0.0203719 0.0280259 -0.00991332
internal_weight=26456 10657 7589 7560 15799 7523 7417 4466 4446 3029 1417 2951 1369 214 99 40 115 1155 1023 990 532 178 159 458 351 354 63 291 145 80 65 2895 2871 448 401 382 47 367 146 132 249 150 99 3007 2775 743 2032 713 98 64 232 107 86 2423 2258 63 48 99 64 141 126 634
internal_count=26456 10657 7589 7560 15799 7523 7417 4466 4446 3029 1417 2951 1369 214 99 40 115 1155 1023 990 532 178 159 458 351 354 63 291 145 80 65 2895 2871 448 401 382 47 367 146 132 249 150 99 3007 2775 743 2032 713 98 64 232 107 86 2423 2258 63 48 99 64 141 126 634
is_linear=0
shrinkage=0.04


Tree=102
num_leaves=63
num_cat=0
split_feature=16 22 26 22 14 24 18 21 3 9 11 8 9 13 3 21 17 16 3 24 17 24 21 13 3 4 4 27 1 4 17 23 19 23 17 13 17 14 32 17 32 8 2 9 17 21 2 2 18 11 28 3 19 17 2 9 13 17 14 14 13 23
split_gain=112.666 67.9352 74.5029 76.732 45.6291 52.2824 52.1262 71.9292 45.028 73.4702 51.8641 52.5867 42.15 44.8387 55.14 42.0177 52.0601 41.1745 52.9427 44.7695 71.0177 48.9754 76.5889 59.4557 94.5717 68.9305 67.5019 99.537 58.3294 56.7937 54.0456 49.6098 48.0295 43.6657 57.3532 42.2822 44.4812 62.4539 80.9364 81.0776 57.9426 65.2948 56.0384 54.8642 50.6929 57.6063 48.8382 44.9667 43.1782 44.5823 77.7797 53.297 42.0126 40.6404 66.7022 46.3197 63.6953 45.8996 39.7379 79.4955 58.51 40.3798
threshold=9.4614369234506075 4.5000000000000009 1.0000000180025095e-35 2.5000000000000004 8.3303123285336813 8.5000000000000018 5.0659420289855079 5.5000000000000009 17.500000000000004 9.9642857142857171 5.4138266479561548 10.500000000000002 10.392857142857144 4.551114553399084 11.500000000000002 8.5000000000000018 192.50000000000003 9.5416404001829331 6.5000000000000009 2.5000000000000004 349.50000000000006 3.5000000000000004 16.500000000000004 5.0492972084093646 12.500000000000002 304.50000000000006 138.50000000000003 -0.56174490092936669 16.500000000000004 341.50000000000006 141.50000000000003 20.500000000000004 181.50000000000003 21.500000000000004 266.50000000000006 5.119772329933217 242.50000000000003 10.836609324272663 124.50000000000001 154.50000000000003 106.50000000000001 11.357142857142859 16.500000000000004 10.964285714285717 232.50000000000003 -13.499999999999998 16.500000000000004 15.500000000000002 1.9533797000652033 4.1115400891590479 257.50000000000006 14.500000000000002 -74.499999999999986 140.50000000000003 10.500000000000002 10.821428571428575 4.7241127610706295 168.50000000000003 7.9729195820360825 8.1932519204162109 3.5583801041368908 25.500000000000004
decision_type=2 2 2 2 2 2 2 2 2 2 2 2 2 2 2 2 2 2 2 2 2 2 2 2 2 2 2 2 2 2 2 2 2 2 2 2 2 2 2 2 2 2 2 2 2 2 2 2 2 2 2 2 2 2 2 2 2 2 2 2 2 2
left_child=1 2 8 15 12 6 17 -8 9 10 11 -1 13 -2 -15 -4 58 18 -6 20 53 22 23 24 29 26 -25 31 -26 33 -29 -28 -27 34 -21 36 37 38 40 -40 43 -42 44 47 45 -39 -45 52 49 -38 -51 -52 -23 54 -19 57 -57 -55 60 -60 61 -17
right_child=4 -3 3 -5 5 -7 7 -9 -10 -11 -12 -13 -14 14 -16 16 -18 19 -20 21 -22 35 -24 25 28 32 27 30 -30 -31 -32 -33 -34 -35 -36 -37 48 42 39 -41 41 -43 -44 46 -46 -47 -48 -49 -50 50 51 -53 -54 55 -56 56 -58 -59 59 -61 -62 -63
leaf_value=0.0037263252937889861 0.058834744317321483 -0.0052395224081528396 -0.0012238150047214616 -0.0077913259703009611 -0.0090666097754899429 -0.0040043415275098646 0.0099026356097488936 0.071397978560358885 0.066507820144542665 -0.054378855471257807 -0.04784143421044304 0.070217029143378379 0.07358270586196787 0.047534468082053145 -0.035982521901731963 -0.011942689696032231 0.01623210029307948 -0.0075887700111059511 0.042978707122339282 0.022423853644992966 0.052607265714927229 0.076940806437442652 0.074759600841142568 -0.055094077736139287 0.073980386623969441 -0.077294285678371932 0.024635990507158877 0.061031722884151818 -0.0080260585902030002 -0.03108444892959086 -0.014375332950856284 0.10703902378245507 0.004352229265642416 -0.0092873688331373081 0.10191770289376466 0.0077556491398048325 -0.062161460367347737 -0.033155362347360176 -0.035608056003390315 0.012261167342004161 0.11972303387266479 0.01834663632652522 -0.041181627362084069 -0.03853332299885788 0.065523719550496309 0.002473005296999487 0.046451622861505344 0.082682455335415267 -0.002894226851254103 -0.0684590946976395 -0.012428661863490061 0.060581150532333768 0.016490142115785103 0.04206364426043839 -0.077884926540452024 -0.074729798409333179 -0.0073413455569668789 -0.0039253585284506152 -0.087278913646549369 -0.0067214499552842293 0.044236038914844816 0.03878702568453412
leaf_weight=5633 26 5521 4793 2814 46 1063 94 45 18 35 31 19 27 20 34 151 532 54 97 98 29 21 34 23 74 29 23 18 17 43 95 24 19 54 17 2306 42 84 79 199 22 19 59 38 18 531 14.999999999999998 24 494 31 66 21 146 44 36 31 81 163 23 130 53 30
leaf_count=5633 26 5521 4793 2814 46 1063 94 45 18 35 31 19 27 20 34 151 532 54 97 98 29 21 34 23 74 29 23 18 17 43 95 24 19 54 17 2306 42 84 79 199 22 19 59 38 18 531 15 24 494 31 66 21 146 44 36 31 81 163 23 130 53 30
internal_value=4.3804e-05 -0.00147216 -1.35972e-05 -0.00238504 0.00453833 0.00411547 0.00568437 0.0298626 0.00351095 0.00331112 0.00366772 0.00395144 0.0304399 0.0157806 -0.00498265 0.000278096 0.0081127 0.00505691 0.0262282 0.00447616 -0.00776084 0.00559731 0.0166236 0.0129051 0.0245565 -0.00237342 0.00881288 0.0180407 0.0586466 0.00989338 -0.00230256 0.0668945 -0.0449924 0.0203437 0.0342708 0.00411061 -0.000291595 0.00411497 0.0140073 -0.00134268 0.0289825 0.0729513 -0.00393123 0.0215592 -0.000450124 -0.00239466 -0.0144011 0.0315505 -0.00875002 -0.0268042 -0.0141605 0.00522075 0.0241452 -0.0120579 -0.0357847 -0.00534848 -0.0260614 0.00585602 -0.003045 -0.0188936 0.00731261 -0.00350663
internal_weight=26456 19783 14262 8526 6673 6566 5503 139 5736 5718 5683 5652 107 80 54 5712 919 5364 143 5221 438 4783 568 534 303 231 183 160 91 212 113 47 48 169 115 4215 1909 1255 563 278 285 41 692 244 633 615 53 191 654 160 118 87 167 409 90 319 112 207 387 153 234 181
internal_count=26456 19783 14262 8526 6673 6566 5503 139 5736 5718 5683 5652 107 80 54 5712 919 5364 143 5221 438 4783 568 534 303 231 183 160 91 212 113 47 48 169 115 4215 1909 1255 563 278 285 41 692 244 633 615 53 191 654 160 118 87 167 409 90 319 112 207 387 153 234 181
is_linear=0
shrinkage=0.04


Tree=103
num_leaves=63
num_cat=0
split_feature=24 16 8 29 14 3 22 24 24 17 7 2 11 18 12 12 21 8 8 31 7 23 0 9 9 8 11 8 21 22 9 12 16 9 2 5 5 24 21 3 29 12 8 21 3 32 8 27 16 7 3 11 12 21 4 2 21 11 6 9 22 8
split_gain=106.182 88.4583 51.1241 50.8886 80.2287 54.0911 46.0928 44.7229 43.1829 60.4357 62.1006 58.4418 50.6789 49.5378 42.4534 41.8485 40.9061 37.2501 105.787 64.5245 64.33 59.4968 49.5734 46.676 53.7725 35.8319 49.8314 48.9331 41.8439 39.9311 45.7254 35.3688 75.7968 35.2253 34.8261 46.5226 35.639 34.4214 68.2948 40.9311 53.0625 90.7621 69.2929 72.9915 64.8715 58.6325 53.8193 72.5854 103.471 55.8406 68.9529 52.8301 67.021 48.0568 46.743 43.2771 42.5621 38.6866 37.1788 35.6465 52.2593 46.5813
threshold=7.5000000000000009 7.9266643366313536 7.5000000000000009 54.500000000000007 7.6731285265438727 11.500000000000002 1.5000000000000002 1.5000000000000002 2.5000000000000004 140.50000000000003 434.50000000000006 12.500000000000002 3.7733400639347701 3.3382905793896511 5.2172578152392779 3.7298911394419956 21.500000000000004 17.928571428571434 17.642857142857149 355.67000000000002 204.50000000000003 23.500000000000004 20.500000000000004 18.464285714285719 17.250000000000004 8.7857142857142865 4.7908643220593321 11.214285714285717 -9.4999999999999982 1.5000000000000002 8.8214285714285747 3.9557997482622462 7.6295518610800785 8.6071428571428594 26.500000000000004 303.50000000000006 468.50000000000006 3.5000000000000004 16.500000000000004 8.5000000000000018 25.500000000000004 4.7082459886506021 12.642857142857144 -5.4999999999999991 12.500000000000002 95.500000000000014 12.785714285714286 -0.56174490092936669 9.755909181738355 333.50000000000006 13.500000000000002 5.2734735999646221 4.3532228808722273 -3.4999999999999996 300.50000000000006 16.500000000000004 2.5000000000000004 6.7046536787802093 227.50000000000003 15.964285714285717 1.5000000000000002 16.785714285714288
decision_type=2 2 2 2 2 2 2 2 2 2 2 2 2 2 2 2 2 2 2 2 2 2 2 2 2 2 2 2 2 2 2 2 2 2 2 2 2 2 2 2 2 2 2 2 2 2 2 2 2 2 2 2 2 2 2 2 2 2 2 2 2 2
left_child=1 6 33 8 5 -5 31 -8 9 11 25 12 -4 -13 -6 -14 -2 18 34 -20 22 23 -19 24 -22 28 27 -27 -11 30 -30 -1 -33 -3 36 -36 37 38 39 -10 46 44 43 -43 45 -42 47 48 -41 50 -50 52 -49 -47 -53 -48 -46 -44 -45 61 -61 -39
right_child=16 2 3 4 14 -7 7 -9 17 10 -12 13 15 -15 -16 -17 -18 20 19 -21 21 -23 -24 -25 -26 26 -28 -29 29 -31 -32 32 -34 -35 35 -37 -38 59 -40 40 41 42 57 58 56 53 55 51 49 -51 -52 54 -54 -55 -56 -57 -58 -59 -60 60 -62 -63
leaf_value=0.0040652569451267708 -0.0039827885982407739 0.023649274319526292 -0.043293903003884922 0.0069062183779231533 -0.006188115278472987 0.078294142364841154 -0.010249786188759298 -0.0010954724120670811 0.0022731846408427202 0.07180583959985605 -0.054020175277367494 -0.088300197458712856 0.067428185442425556 -0.00011340067086630309 -0.053878868657293043 -0.0042438712029019615 0.059834688906066164 -0.10614347990929035 0.024427893219286935 0.13651252806556891 0.026613730423486054 0.068667454082928403 -0.019502728491809444 0.048101080955817679 -0.053531682388926687 -0.0058307516496750814 0.014866540747176128 -0.079542630350352916 0.014859863620151504 0.00057356177958929123 0.10255832572646491 -0.056350798872516324 0.026440293678303355 0.09061173148502577 -0.0049118378620274022 0.089061689214556636 -0.010710333045347371 0.0057569266495959325 0.067925011425648094 -0.00076613601981377112 0.085113547446718257 -0.071074963130396934 0.083475522426154108 -0.023632121983254366 0.14138165311433784 0.064193796400698069 0.010311550450898528 -0.0092071841878982839 0.1155851921814167 0.14207758604783063 -0.00021433295301310923 0.0072892629902665783 0.067166238798866407 -0.021919417520568949 -0.079406992741839377 -0.05702454541609666 0.060140538021450134 0.0045179437231599234 0.04541369511192575 0.053789444651498812 0.010524489058369831 -0.033438981839449981
leaf_weight=3181 7854 77 49 41 763 29 975 6876 365 23 29 32 14.999999999999998 14.999999999999998 31 95 15.999999999999998 17 17 15.999999999999998 20 19 28 17 40 319 235 14.999999999999998 26 104 14.999999999999998 45 29 14.999999999999998 14.999999999999998 19 174 3970 37 44 25 24 24 23 20 15.999999999999998 29 57 14.999999999999998 17 18 18 27 29 22 32 22 17 27 59 184 49
leaf_count=3181 7854 77 49 41 763 29 975 6876 365 23 29 32 15 15 31 95 16 17 17 16 20 19 28 17 40 319 235 15 26 104 15 45 29 15 15 19 174 3970 37 44 25 24 24 23 20 16 29 57 15 17 18 18 27 29 22 32 22 17 27 59 184 49
internal_value=4.21615e-05 0.00169123 0.00505374 0.00468414 -0.0044365 0.0365792 -0.000573303 -0.0022327 0.00589238 -0.00188351 0.00328723 -0.0211126 -0.00949816 -0.0602579 -0.00805917 0.00556379 -0.00385203 0.00725409 0.00778328 0.0790806 -0.0130311 0.00545674 -0.0524408 -0.0101836 -0.0267834 0.00555194 0.00075459 -0.00916997 0.0217781 0.0137848 0.0471648 0.00342846 -0.0238868 0.0346753 0.00734396 0.0476513 0.00708625 0.00768579 0.0147584 0.01249 0.019854 0.0342132 0.00921737 -0.0138745 0.0598295 0.03612 0.00815583 0.017454 0.0439447 0.0832532 0.0525516 -0.00263081 0.0153683 0.00872872 -0.0404229 -0.0250151 0.0991182 0.0508763 0.0136289 0.00617823 0.0210552 0.00527773
internal_weight=26456 18586 7480 7388 864 70 11106 7851 6524 972 766 206 159 47 794 110 7870 5552 5411 33 141 96 45 77 60 737 569 334 168 145 41 3255 74 92 5378 34 5344 5170 908 871 506 227 115 74 112 70 279 218 94 50 33 124 84 45 40 61 42 41 50 4262 243 4019
internal_count=26456 18586 7480 7388 864 70 11106 7851 6524 972 766 206 159 47 794 110 7870 5552 5411 33 141 96 45 77 60 737 569 334 168 145 41 3255 74 92 5378 34 5344 5170 908 871 506 227 115 74 112 70 279 218 94 50 33 124 84 45 40 61 42 41 50 4262 243 4019
is_linear=0
shrinkage=0.04


Tree=104
num_leaves=63
num_cat=0
split_feature=13 24 21 4 6 29 11 29 29 13 8 4 24 21 11 7 7 13 2 21 13 9 16 17 14 13 11 9 11 2 31 6 17 13 17 29 18 16 14 16 21 9 15 14 24 26 0 16 21 3 21 23 17 3 11 23 3 21 17 11 6 6
split_gain=97.8805 76.8231 60.3072 57.8292 86.8761 57.1231 50.1256 72.3975 59.2646 46.3036 52.2798 45.6244 43.8102 43.3591 42.3428 47.9972 58.508 61.2043 42.2556 53.5901 43.826 55.3798 71.2501 50.6947 45.6108 42.0352 53.3665 39.9622 45.0488 39.538 136.756 48.8983 127.336 87.473 80.6634 67.7914 44.6481 65.7641 80.6526 43.4742 38.9193 42.0132 77.0603 53.5036 38.4324 48.815 44.3734 40.006 37.1956 52.5736 36.1342 69.8494 50.7349 64.1114 60.7078 80.3916 41.5285 49.691 57.3991 53.526 40.1847 144.66
threshold=1.8307714597761884 5.5000000000000009 11.500000000000002 57.500000000000007 75.500000000000014 58.500000000000007 4.1804533816549796 6.5000000000000009 23.500000000000004 5.1627534309228631 13.071428571428573 508.50000000000006 2.5000000000000004 -20.499999999999996 3.7796447300922833 75.500000000000014 98.500000000000014 6.1620827692159885 18.500000000000004 23.500000000000004 5.9209835310239018 15.035714285714286 13.926596345300252 83.500000000000014 13.034456401519362 4.0611702067600985 4.5617456975947102 9.0357142857142865 4.4507891221134939 22.500000000000004 373.51000000000005 209.50000000000003 190.50000000000003 7.3430316392219952 115.50000000000001 20.500000000000004 1.1238711739790619 13.592025710129628 15.930550448298703 12.546139441178147 21.500000000000004 14.250000000000002 12.723762662046814 15.28109300472657 11.500000000000002 1.0000000180025095e-35 8.5000000000000018 11.944523693951396 -24.499999999999996 14.500000000000002 1.5000000000000002 6.5000000000000009 316.50000000000006 14.500000000000002 5.0896720822428332 10.500000000000002 10.500000000000002 14.500000000000002 131.50000000000003 6.2411842588070581 162.50000000000003 140.50000000000003
decision_type=2 2 2 2 2 2 2 2 2 2 2 2 2 2 2 2 2 2 2 2 2 2 2 2 2 2 2 2 2 2 2 2 2 2 2 2 2 2 2 2 2 2 2 2 2 2 2 2 2 2 2 2 2 2 2 2 2 2 2 2 2 2
left_child=-1 2 12 4 -3 6 7 -4 -9 10 13 14 -2 -5 -11 -16 17 -17 19 20 23 22 24 -8 -22 26 -25 -27 -29 36 31 34 -33 35 -31 -34 37 39 -39 -18 41 42 -20 -43 47 -46 -47 -15 49 -14 -38 56 54 -54 55 -53 -52 58 -58 -60 61 -56
right_child=1 3 5 9 -6 -7 18 8 -10 11 -12 -13 48 44 15 16 29 -19 40 -21 21 -23 -24 25 -26 27 -28 28 -30 30 -32 32 33 -35 -36 -37 50 38 -40 -41 -42 43 -44 -45 45 46 -48 -49 -50 -51 51 52 53 -55 60 -57 57 -59 59 -61 -62 -63
leaf_value=-0.0053572962184373178 -0.0015012674726831749 -0.11386010692264494 0.11143930879745695 -0.032061465619016891 -0.0077380059366031076 -0.044277986354298061 -0.056920568580785508 -0.010762896372445752 0.044782580487575718 0.068422134187486425 -0.047771769588130369 -0.052054349890661447 0.011129878583220752 -0.0030650123595067015 -0.063576967479279323 0.10805392478711039 0.036156493175480371 0.0005428527749103049 0.062274462545619295 0.063419492413323245 -0.06398396215940777 0.02255456570329701 -0.11790733312597926 0.020734949352998813 0.025928097364166017 0.07725655363001234 -0.045533660143401447 -0.045103567894840733 0.018254699140670509 -0.0061698216267300947 0.12452980787966263 -0.08350895094206609 0.10706358393221671 -0.049356681049218649 0.10772786122083006 -0.0019808467148994062 -0.0054419438178170678 -0.041256800058103428 0.058035442932293971 0.12021287532831661 -0.018405454191713699 0.10463566689556818 -0.054944160434583951 0.013328058667804883 -0.0019869326835204476 0.0041435836694399117 0.02972223729370144 0.018809717504593666 0.0039953964057881444 0.09017190118110617 -0.0095732257905688702 -0.041445246942785403 0.0090854366243380922 -0.064385219402146754 0.02398462039125545 0.062938428785025299 0.12547306666945851 0.0052261846876510264 0.0094777190583383922 0.083708198926414887 0.0058712866515953635 -0.090593438631277598
leaf_weight=4467 2943 18 18 76 39 26 18 46 92 17 40 22 46 7744 15.999999999999998 18 29 15.999999999999998 22 25 17 27 15.999999999999998 36 19 17 42 19 297 22 19 25 21 17 18 15.999999999999998 700 32 22 14.999999999999998 18 29 14.999999999999998 15.999999999999998 589 242 197 136 7404 19 31 14.999999999999998 36 40 39 54 17 39 35 28 290 32
leaf_count=4467 2943 18 18 76 39 26 18 46 92 17 40 22 46 7744 16 18 29 16 22 25 17 27 16 36 19 17 42 19 297 22 19 25 21 17 18 16 700 32 22 15 18 29 15 16 589 242 197 136 7404 19 31 15 36 40 39 54 17 39 35 28 290 32
internal_value=4.0654e-05 0.00113734 0.0034522 -0.00127736 -0.041426 0.0139307 0.0158567 0.036165 0.0262586 -0.00106301 -0.0021986 0.00503166 0.00263168 -0.00199494 0.00579298 0.00513922 0.00582049 0.0576691 0.0108438 0.00635947 0.00353553 -0.0238177 -0.047931 0.00858164 -0.0165346 0.0114684 -0.0149352 0.0176616 0.0144258 0.00470836 0.0251638 0.00919057 -0.00903823 0.0254926 0.0451751 0.0599771 0.00276396 0.0288237 -0.000734935 0.065065 0.0346948 0.0463835 0.0146795 0.0723166 -0.00173784 0.00553537 0.0156306 -0.00268699 0.00426044 0.0343682 0.000877119 0.00762287 0.000510358 -0.0295908 0.00584086 0.0401902 0.0315861 0.0423241 0.0603553 0.0425811 -0.000728304 -0.0276829
internal_weight=26456 21989 11227 10762 57 815 789 156 138 10705 9024 1681 10412 8984 1659 1642 1626 34 633 533 508 79 52 429 36 411 78 333 316 1592 138 119 79 54 40 37 1454 98 54 44 100 82 37 45 8908 1028 439 7880 7469 65 1356 656 506 76 430 69 150 119 80 63 361 71
internal_count=26456 21989 11227 10762 57 815 789 156 138 10705 9024 1681 10412 8984 1659 1642 1626 34 633 533 508 79 52 429 36 411 78 333 316 1592 138 119 79 54 40 37 1454 98 54 44 100 82 37 45 8908 1028 439 7880 7469 65 1356 656 506 76 430 69 150 119 80 63 361 71
is_linear=0
shrinkage=0.04


Tree=105
num_leaves=63
num_cat=0
split_feature=10 1 8 24 20 21 20 8 8 21 24 3 2 8 24 17 17 13 5 10 17 20 16 15 6 3 5 16 11 28 6 20 21 19 11 1 8 15 13 21 13 1 13 28 5 6 19 15 6 32 14 20 21 7 17 7 1 13 16 15 31 24
split_gain=106.745 64.9823 61.4467 59.4742 44.9943 41.3092 74.0423 63.44 76.1229 71.6196 81.2983 84.7786 54.1801 52.7856 51.5629 63.9072 60.9944 51.3854 72.5579 64.15 47.5672 47.3376 45.703 91.6353 87.5522 78.5401 65.0924 55.5404 50.1559 82.9556 92.4596 68.9215 74.0089 52.7266 52.33 50.4874 49.5669 47.5731 64.3891 47.0206 82.8327 71.4341 57.342 52.0226 47.0691 74.289 46.5181 46.3293 45.1821 54.533 45.0556 73.9177 44.3181 43.1828 42.5139 41.7663 41.7458 41.3897 60.3985 40.654 61.8753 39.6829
threshold=9.4500000000000011 1.0000000180025095e-35 19.785714285714288 8.5000000000000018 12.500000000000002 5.5000000000000009 5.5000000000000009 17.642857142857149 16.357142857142858 -12.499999999999998 5.5000000000000009 13.500000000000002 10.500000000000002 10.500000000000002 3.5000000000000004 74.500000000000014 271.50000000000006 4.90238037419918 250.50000000000003 10.683333333333335 276.50000000000006 2.5000000000000004 11.478255652672901 10.541125121100194 268.50000000000006 14.500000000000002 373.50000000000006 11.399408334311376 6.0513674172906997 162.50000000000003 234.50000000000003 -4.4999999999999991 23.500000000000004 138.50000000000003 7.1280799525204417 28.500000000000004 15.071428571428573 9.4717565620338586 4.2805360068275586 11.500000000000002 5.4128412288625185 6.5000000000000009 6.2484939739696008 248.50000000000003 271.50000000000006 426.50000000000006 -71.499999999999986 11.008152247936367 238.50000000000003 114.50000000000001 12.534205020093209 1.0000000180025095e-35 15.500000000000002 172.50000000000003 431.50000000000006 224.50000000000003 4.5000000000000009 4.22581013113082 9.8539555251671676 9.9530426445144293 83.690000000000012 1.5000000000000002
decision_type=2 2 2 2 2 2 2 2 2 2 2 2 2 2 2 2 2 2 2 2 2 2 2 2 2 2 2 2 2 2 2 2 2 2 2 2 2 2 2 2 2 2 2 2 2 2 2 2 2 2 2 2 2 2 2 2 2 2 2 2 2 2
left_child=1 -1 4 61 5 6 54 8 9 12 13 48 -8 -11 15 -7 17 18 -17 -19 -15 -18 23 24 53 37 27 52 36 30 34 33 35 -31 -30 -33 39 38 -26 41 50 -24 -42 -44 -43 -46 -27 -28 49 -12 51 -41 -25 -16 -2 -21 -14 58 -39 60 -59 -3
right_child=2 3 -4 -5 -6 14 7 -9 -10 10 11 -13 56 20 22 16 21 19 -20 55 -22 -23 28 26 25 46 47 -29 29 31 -32 32 -34 -35 -36 -37 -38 57 -40 40 42 44 43 -45 45 -47 -48 -49 -50 -51 -52 -53 -54 -55 -56 -57 -58 59 -60 -61 -62 -63
leaf_value=-0.070117357731944288 0.0031462433880520497 -0.0063943483683720917 0.080040354505617015 -0.0051663235394089181 -0.032558094959025556 0.096882643844541261 -0.02669103240804974 -0.081816683414295252 0.051094385781109974 -0.076435736344251409 -0.050917656628981879 -0.10685849909558673 0.0064454127653785376 0.015321411133843266 0.059089369837514422 0.055539656862410539 0.025575613986097787 -0.074845071538763852 -0.0096285296321674506 0.044690528560787757 -0.059511742192025506 0.091920497068651422 -0.050557934002617738 -0.012664852986422828 0.10427362559004599 -0.0091754294233203429 -0.10291840531673475 -0.072942987019149821 -0.032340126668666792 0.071042018828917447 -0.095124901998565492 0.0033654502236913761 0.054968871845950347 -0.012612001636753911 0.037979798740346488 -0.066862813764148279 0.077559160587797132 0.0021285340396356785 0.0055775047364342257 -0.12554434770382711 0.041561404260331891 0.019184181950777337 0.028220289864155066 -0.075110218177568036 0.083187399937809894 0.0041729959130727056 -0.084545630988284076 -0.027231906805395029 -0.067326619103265456 0.050269688716909497 0.003872386176522784 -0.0074069214723386815 0.026581132631818254 0.018027852512152966 0.039179676218894913 -0.013789747018895918 0.095314693650158738 0.034616670892728088 -0.095456534090621686 0.027935018030583555 -0.072516798907844585 0.00051317895334776985
leaf_weight=22 3981 1480 17 5191 53 18 22 22 28 14.999999999999998 15.999999999999998 34 15.999999999999998 87 50 65 45 20 47 28 15.999999999999998 28 14.999999999999998 208 15.999999999999998 24 21 20 45 48 25 388 44 15.999999999999998 27 17 25 23 31 15.999999999999998 86 89 16.000000000000004 14.999999999999998 65 27 29 34 26 18 30 18 59 228 53 64 18 14.999999999999998 18 58 20 13181
leaf_count=22 3981 1480 17 5191 53 18 22 22 28 15 16 34 16 87 50 65 45 20 47 28 16 28 15 208 16 24 21 20 45 48 25 388 44 16 27 17 25 23 31 16 86 89 16 15 65 27 29 34 26 18 30 18 59 228 53 64 18 15 18 58 20 13181
internal_value=-9.93346e-05 -0.00156337 0.00430683 -0.00148694 0.00410983 0.0044081 0.0021557 -0.0164229 -0.0115298 -0.0180967 -0.0287261 -0.0564611 0.0220873 -0.00658615 0.00890135 0.0238706 0.0194078 0.00903892 0.0281903 -0.0101026 0.003631 0.0511413 0.00637217 -0.000440237 0.0102655 -0.0077556 -0.0164716 -0.00881493 0.0121224 0.00488781 -0.0290105 0.0113057 0.0057602 0.0501103 -0.00592631 0.000396883 0.0230914 0.0047809 0.0393687 0.0194546 0.00473688 0.0330264 0.0247534 -0.0217948 0.0399884 0.0600498 -0.0505349 -0.056301 -0.0277391 0.00258379 -0.0318061 -0.0632648 -0.00397833 0.0254388 0.00362112 0.00401608 0.053694 -0.00735604 -0.040793 0.0073915 -0.0265777 -0.000184025
internal_weight=26477 19874 6603 19852 6586 6533 4352 318 296 268 212 94 56 118 2181 315 297 224 112 112 103 73 1866 854 512 234 342 287 1012 610 97 513 449 64 72 405 402 181 47 377 181 196 117 31 181 92 53 55 60 34 64 34 267 278 4034 92 34 134 41 93 35 14661
internal_count=26477 19874 6603 19852 6586 6533 4352 318 296 268 212 94 56 118 2181 315 297 224 112 112 103 73 1866 854 512 234 342 287 1012 610 97 513 449 64 72 405 402 181 47 377 181 196 117 31 181 92 53 55 60 34 64 34 267 278 4034 92 34 134 41 93 35 14661
is_linear=0
shrinkage=0.04


Tree=106
num_leaves=63
num_cat=0
split_feature=10 1 8 24 9 1 6 1 20 22 26 11 11 16 2 24 21 28 6 23 7 20 13 28 11 9 31 10 11 32 11 21 17 6 20 17 11 6 6 11 17 13 9 20 14 3 1 7 3 8 14 23 7 22 11 20 10 22 28 9 13 6
split_gain=98.3751 59.9106 56.6582 54.8115 47.8806 99.227 81.5631 60.3693 41.4726 41.3726 56.404 40.5275 42.9505 41.1842 40.4593 37.4161 46.3934 58.1189 136.287 59.5848 66.8409 58.3241 48.0472 47.6758 53.1407 90.578 50.838 75.7989 59.1113 68.4933 60.4502 53.9318 52.9372 80.1483 61.9998 67.5677 52.0082 50.885 58.7939 50.8355 45.4756 45.1153 66.7849 77.1525 67.5679 83.2943 68.1058 56.9242 74.896 68.5347 53.9241 54.5606 52.8506 52.0003 46.3491 61.7952 60.8249 98.7873 44.3644 43.6306 43.0243 42.8805
threshold=9.4500000000000011 1.0000000180025095e-35 19.785714285714288 8.5000000000000018 9.8928571428571441 9.5000000000000018 366.50000000000006 7.5000000000000009 12.500000000000002 4.5000000000000009 1.0000000180025095e-35 2.6903708365382029 2.968084198523314 9.9209214154493353 8.5000000000000018 7.5000000000000009 5.5000000000000009 162.50000000000003 234.50000000000003 10.500000000000002 172.50000000000003 -9.4999999999999982 4.0839607041612185 201.50000000000003 5.0403086906595584 10.392857142857144 220.44000000000003 16.483333333333338 5.7569833370313956 63.500000000000007 4.8989794855663611 8.5000000000000018 346.50000000000006 462.50000000000006 -4.4999999999999991 321.50000000000006 3.909694909544009 152.50000000000003 170.50000000000003 3.9880774697543142 218.50000000000003 5.5192973876903109 12.107142857142859 -10.499999999999998 12.422800907317102 13.500000000000002 14.500000000000002 206.50000000000003 10.500000000000002 12.785714285714286 11.144253482272484 14.500000000000002 283.50000000000006 3.5000000000000004 5.2734735999646221 -6.4999999999999991 11.250000000000002 2.5000000000000004 142.50000000000003 15.964285714285717 5.2039993462146308 466.50000000000006
decision_type=2 2 2 2 2 2 2 2 2 2 2 2 2 2 2 2 2 2 2 2 2 2 2 2 2 2 2 2 2 2 2 2 2 2 2 2 2 2 2 2 2 2 2 2 2 2 2 2 2 2 2 2 2 2 2 2 2 2 2 2 2 2
left_child=1 -1 8 4 9 7 14 -6 11 10 -3 13 -13 -2 -7 16 41 18 19 -18 -21 -19 -23 24 25 -24 27 28 29 40 36 -32 34 -34 -30 -36 -31 -28 -39 -40 -25 42 43 -14 45 -44 47 -46 -49 -50 51 -43 -51 -48 56 -56 60 -58 -22 -17 -45 -57
right_child=2 3 -4 -5 5 6 -8 -9 -10 -11 -12 12 15 -15 -16 59 17 21 -20 20 58 22 23 26 -26 -27 37 -29 32 30 31 -33 33 -35 35 -37 -38 38 39 -41 -42 50 44 54 46 -47 53 48 49 52 -52 -53 -54 -55 55 61 57 -59 -60 -61 -62 -63
leaf_value=-0.067325354534036971 0.097156780871334461 0.0049628986436292414 0.076857463825515837 -0.0049596745949250579 -0.014462978036840629 -0.025010436042237672 0.0091841462197431653 0.074464288303508097 -0.031258222845763586 -0.0033424618885349727 -0.0010391740620534207 -0.044471570394702793 -0.073069183176727656 0.0062078975027764754 -0.097003141347133059 -3.7183111814775618e-05 -0.022838525837652751 0.072815322893572038 -0.090857941347734505 0.070413009906854965 0.021659488915153763 0.054143293047294913 0.056504672373528096 0.12538895920937104 0.040944232968052746 -0.046699345490903654 -0.05764049232919554 0.081567952169312369 0.049291020548620897 0.057518936802898595 0.070761397675552493 0.020769417220117336 0.11585950238815208 -0.010620156150115164 -0.0062249257868125041 -0.090689167798676099 -0.008233229616653152 0.061913492083549501 -0.073460114096632653 -0.00036711158663596348 0.034636459015495141 0.087515464325392381 -0.0079201911749966648 0.0053650929963092921 -0.020255951329540833 -0.085346976788271051 -0.068949620154848137 -0.016885762300905306 -0.0064068345403113557 0.13734437778982192 0.0077830753136472058 0.0098277267264171297 0.043788723248747441 -0.010817448311047147 0.051317573925778535 -0.011868295242730587 0.071784754532268014 0.0094553071850787176 -0.032367996171838533 -0.047130035833916936 -0.05521076639285262 0.05661128754647362
leaf_weight=22 14.999999999999998 4209 17 5191 31 18 26 20 53 4128 6187 29 21 17 42 1628 84 27 27 32 79 45 23 15.999999999999998 161 33 26 26 30 22 46 139 14.999999999999998 17 260 15.999999999999998 149 23 15.999999999999998 281 20 28 45 1041 51 44 35 31 17 19 983 30 20 83 28 464 59 131 35 32 19 14.999999999999998
leaf_count=22 15 4209 17 5191 31 18 26 20 53 4128 6187 29 21 17 42 1628 84 27 27 32 79 45 23 16 161 33 26 26 30 22 46 139 15 17 260 16 149 23 16 281 20 28 45 1041 51 44 35 31 17 19 983 30 20 83 28 464 59 131 35 32 19 15
internal_value=-9.53893e-05 -0.00150085 0.00413449 -0.00142747 -0.00017666 -0.0237045 -0.0499049 0.0204488 0.00394531 4.52934e-05 0.0013907 0.00423168 0.0040099 0.0490724 -0.0755162 0.00422813 0.00601449 0.0114569 -0.00601153 0.00397517 0.019421 0.0146859 0.0135286 0.0121374 0.0292751 -0.00425117 0.00875857 0.0145707 0.0121709 0.0227383 0.0174016 0.0332422 -8.18257e-05 0.0487811 -0.00521248 -0.0111597 0.000243097 -0.00393562 0.000438297 -0.00433491 0.0752619 0.00317888 -0.000164973 0.00295943 -0.016269 -0.0462739 -0.00581575 0.0132487 0.0329131 0.0604969 0.00999956 0.0474527 0.089653 -0.0281208 0.00387338 -0.00632463 0.00801147 0.0288483 0.00504074 -0.000948986 0.00427231 -0.0097083
internal_weight=26477 19874 6603 19852 14661 137 86 51 6586 14524 10396 6533 6501 32 60 6472 4812 1648 257 230 146 1391 1364 1319 217 56 1102 756 730 392 356 185 338 32 306 276 171 346 320 297 36 3164 2123 1778 345 89 256 138 87 56 1041 58 39 118 1757 507 1250 190 114 1660 1060 479
internal_count=26477 19874 6603 19852 14661 137 86 51 6586 14524 10396 6533 6501 32 60 6472 4812 1648 257 230 146 1391 1364 1319 217 56 1102 756 730 392 356 185 338 32 306 276 171 346 320 297 36 3164 2123 1778 345 89 256 138 87 56 1041 58 39 118 1757 507 1250 190 114 1660 1060 479
is_linear=0
shrinkage=0.04


Tree=107
num_leaves=63
num_cat=0
split_feature=10 1 8 24 14 7 5 4 16 22 16 24 16 11 11 16 32 24 15 5 5 13 12 1 1 13 15 13 0 23 11 31 22 13 7 8 31 0 12 12 7 6 7 13 17 4 8 1 21 4 4 4 7 21 5 0 11 21 31 4 13 11
split_gain=90.6783 55.2347 52.242 50.5138 37.9761 46.4846 45.7848 44.5703 41.5776 40.2051 44.1807 39.7298 42.5338 37.854 39.127 37.9718 34.6137 33.5818 41.4509 37.6658 49.5508 67.5957 51.8441 51.1084 43.5149 52.2779 37.5271 60.321 62.3488 67.0231 57.0271 71.6654 58.1172 68.6655 59.3156 84.0937 56.5485 45.7887 73.4519 60.384 60.8163 53.0533 52.8793 56.9985 51.6831 48.2878 44.5016 44.1114 43.7874 49.8072 44.2014 42.7159 74.2535 58.6089 51.3596 43.947 51.0113 42.4398 48.2958 41.1243 56.8534 45.6134
threshold=9.4500000000000011 1.0000000180025095e-35 19.785714285714288 8.5000000000000018 10.69199772019741 383.50000000000006 236.50000000000003 346.50000000000006 9.6478627453445398 5.5000000000000009 9.4614369234506075 1.5000000000000002 9.0272676418546709 2.6903708365382029 2.968084198523314 9.9209214154493353 165.00000000000003 7.5000000000000009 8.3479211627009473 208.50000000000003 195.50000000000003 5.5192973876903109 4.8748062796111489 3.5000000000000004 13.500000000000002 4.6307319249681873 10.297907360516669 5.5752428924150577 9.5000000000000018 28.500000000000004 5.8878405775519065 220.44000000000003 1.0000000180025095e-35 5.628999211117141 310.50000000000006 11.785714285714286 135.37000000000003 11.500000000000002 5.0903917248172492 5.0513843168465726 110.50000000000001 450.50000000000006 168.50000000000003 4.22581013113082 342.50000000000006 109.50000000000001 12.928571428571431 7.5000000000000009 -13.499999999999998 311.50000000000006 292.50000000000006 354.50000000000006 296.50000000000006 16.500000000000004 373.50000000000006 15.500000000000002 4.760952285695244 -2.4999999999999996 220.44000000000003 142.50000000000003 4.9268207968183875 6.29436633975555
decision_type=2 2 2 2 2 2 2 2 2 2 2 2 2 2 2 2 2 2 2 2 2 2 2 2 2 2 2 2 2 2 2 2 2 2 2 2 2 2 2 2 2 2 2 2 2 2 2 2 2 2 2 2 2 2 2 2 2 2 2 2 2 2
left_child=1 -1 13 4 8 6 -6 -8 9 10 11 12 -3 15 -15 -2 -12 26 -19 20 23 22 -22 -20 -25 -26 -16 28 -28 37 31 32 36 -34 35 -35 -29 38 42 40 -39 44 -30 -44 59 -42 -36 -37 -31 50 -50 53 55 54 -47 -53 -57 58 -40 -41 61 -61
right_child=2 3 -4 -5 5 -7 7 -9 -10 -11 16 -13 -14 14 17 -17 -18 18 19 -21 21 -23 -24 24 25 -27 27 30 29 48 -32 -33 33 34 46 47 -38 39 57 41 45 -43 43 -45 -46 51 -48 -49 49 -51 -52 52 -54 -55 -56 56 -58 -59 -60 60 -62 -63
leaf_value=-0.064644525083481452 0.093296244791801416 -0.0045505518094422093 0.073801142040051906 -0.0047612914057067338 -0.033177560419965377 -0.07318959068388961 0.042309935584292822 -0.020555187230903198 -0.058928485029030836 -0.0050350164919179255 0.01461429758334723 0.0016041149170973699 -0.048014146114456049 -0.04269881945500259 0.012737495934712363 0.0059610335729275536 0.081964094559790687 0.062754611820908052 0.055960469776871566 -0.0060751079921489764 0.039700659059005793 0.09301300129591128 -0.03485724553917393 -0.010421941717684926 0.076044191777409606 0.0066576622530940986 -0.011455493022386598 0.039557394284298615 -0.048149865752612923 -0.081181774755209199 0.005257585524200469 -0.0050342578147799712 0.08848128599002647 0.075856066985367648 0.0067188337098848337 -0.058643982234971352 0.12544613467461152 0.08007433266151899 -0.0019893456204545814 -0.038183369195946004 -0.046140925333954981 0.046891063294050211 0.059817792148359361 0.00013373524962294808 -0.081480863110119137 0.011432887077353888 0.071762174094331249 0.0020949398979048382 -0.017487645335094903 0.02269628437126384 -0.091629935969477105 0.020579924276427582 -0.091072536908238147 0.076005793914941083 0.086617570221917517 -0.088406177476443221 -0.00038610946503799524 0.078956342162499568 0.083916854139984842 -0.028957278572404634 0.006395390350483008 0.0301018614937161
leaf_weight=22 14.999999999999998 1260 17 5191 73 22 37 35 19 2069 38 11053 37 29 920 17 18 15.999999999999998 26 1090 42 23 23 299 20 129 607 35 25 18 1252 112 24 22 27 23 19 20 34 59 24 29 34 103 14.999999999999998 400 45 111 65 39 15.999999999999998 82 14.999999999999998 26 14.999999999999998 14.999999999999998 35 43 14.999999999999998 158 351 24
leaf_count=22 15 1260 17 5191 73 22 37 35 19 2069 38 11053 37 29 920 17 18 16 26 1090 42 23 23 299 20 129 607 35 25 18 1252 112 24 22 27 23 19 20 34 59 24 29 34 103 15 400 45 111 65 39 16 82 15 26 15 15 35 43 15 158 351 24
internal_value=-9.14905e-05 -0.00144086 0.00396955 -0.00137039 -0.000169614 -0.0191296 -0.0108688 0.0117366 4.88361e-05 0.000126795 0.000987846 0.000826792 -0.0057956 0.00378787 0.00357526 0.0471248 0.0364056 0.00378188 -0.00111383 -0.00173738 0.00667168 0.0342202 0.0132749 0.00154684 -0.00161841 0.0160295 0.00546357 0.00376301 -0.000485765 0.0035247 0.00953153 0.0223238 0.0323421 0.0242421 0.0174355 0.00355215 0.0699905 0.00594639 0.0214456 0.00283863 0.0115953 -0.0058603 0.00521291 0.0149933 -0.00839115 0.00934146 0.0474418 -0.00835144 -0.0231546 -0.0143735 -0.0322526 0.0116169 -0.0070433 0.0178417 0.0141754 0.00255205 -0.0269558 0.049971 0.0243851 -0.00652239 -0.00300745 -0.021146
internal_weight=26477 19874 6603 19852 14661 167 145 72 14494 14475 12406 12350 1297 6586 6554 32 56 6525 1668 1652 562 88 65 474 448 149 4857 3937 2267 1660 1670 418 306 252 228 156 54 1522 254 1268 632 636 162 137 607 612 72 134 138 120 81 588 147 441 415 132 50 92 49 592 533 182
internal_count=26477 19874 6603 19852 14661 167 145 72 14494 14475 12406 12350 1297 6586 6554 32 56 6525 1668 1652 562 88 65 474 448 149 4857 3937 2267 1660 1670 418 306 252 228 156 54 1522 254 1268 632 636 162 137 607 612 72 134 138 120 81 588 147 441 415 132 50 92 49 592 533 182
is_linear=0
shrinkage=0.04


Tree=108
num_leaves=63
num_cat=0
split_feature=10 24 0 8 24 16 20 22 19 8 17 21 0 12 18 14 13 20 16 19 15 6 13 12 13 3 0 16 18 13 6 22 18 12 21 13 31 30 12 0 8 9 4 14 21 17 15 8 7 7 18 24 18 21 0 16 13 3 4 19 14 22
split_gain=83.5897 50.8291 54.5286 48.1698 43.0836 41.6804 49.6354 38.9194 44.7435 43.9924 44.8083 40.2511 42.8431 61.7345 39.5939 38.9014 45.5914 38.147 37.5986 84.7044 81.7795 64.4006 59.9849 43.7015 94.9095 62.6281 46.9294 52.3925 41.9374 85.4518 41.7653 40.3123 40.0654 37.5701 43.0017 64.5383 39.0006 37.4427 36.7122 42.6789 36.1823 35.9663 54.5154 35.0503 34.3094 48.303 33.5516 51.3731 40.3838 61.8065 50.1689 34.4553 55.5804 49.5325 49.3319 42.7966 58.4446 46.9241 51.8074 54.8867 53.06 46.9987
threshold=9.4500000000000011 5.5000000000000009 1.0000000180025095e-35 19.785714285714288 1.5000000000000002 9.0272676418546709 1.5000000000000002 4.5000000000000009 103.50000000000001 10.214285714285717 289.50000000000006 11.500000000000002 13.500000000000002 3.7453267584381118 4.9708013640238713 8.4648897111476007 3.4208622963479072 12.500000000000002 8.3711125659394998 55.500000000000007 8.8433193011842892 170.50000000000003 3.7759066810989648 4.2192650784464556 3.6623276311877055 12.500000000000002 5.5000000000000009 9.1188993479751002 1.4673405119869976 3.5397577681913899 238.50000000000003 3.5000000000000004 1.6563458588957058 3.9972518031795281 6.5000000000000009 3.9787509993118211 269.81000000000006 1.5000000000000002 5.9669418971861576 27.500000000000004 8.2142857142857171 9.9642857142857171 280.50000000000006 9.3464071376970921 23.500000000000004 146.50000000000003 9.4717565620338586 10.357142857142859 204.50000000000003 124.50000000000001 3.5341135789333693 7.5000000000000009 5.0659420289855079 4.5000000000000009 14.500000000000002 10.373152454488128 4.1049451534269839 13.500000000000002 185.50000000000003 -66.499999999999986 10.119827225805473 3.5000000000000004
decision_type=2 2 2 2 2 2 2 2 2 2 2 2 2 2 2 2 2 2 2 2 2 2 2 2 2 2 2 2 2 2 2 2 2 2 2 2 2 2 2 2 2 2 2 2 2 2 2 2 2 2 2 2 2 2 2 2 2 2 2 2 2 2
left_child=1 4 -3 17 5 -1 43 8 9 11 -11 12 18 -14 -10 16 -16 44 20 21 31 -20 -21 24 28 30 37 -28 -23 -30 -26 33 -27 -6 36 40 -35 -25 -19 -40 -36 -4 -43 -7 46 -46 47 48 49 -2 -51 52 -48 -54 -55 57 -57 58 -53 60 -60 -59
right_child=3 2 41 -5 7 6 -8 -9 14 10 -12 -13 13 -15 15 -17 -18 38 19 22 -22 23 -24 26 25 32 27 -29 29 -31 -32 -33 -34 34 35 -37 -38 -39 39 -41 -42 42 -44 -45 45 -47 51 -49 -50 50 -52 55 53 54 -56 56 -58 61 59 -61 -62 -63
leaf_value=-0.0046024573157150209 -0.02771831436275941 -0.077185769066307114 -0.0033447933857909586 0.070866361305727599 0.00031080338922998858 -0.058033788551557927 -0.092264649866451137 -0.0026196193923606189 0.01509851937845494 -0.0413722073231233 0.019891545914142068 0.023172318763265573 -0.10129677226211853 -0.0093443211620662797 -0.0082175429884555687 -0.062354081664954757 0.065596448301479524 -0.082907721214736538 0.073377493094432394 0.0094541409190412578 -0.091829634218026493 0.035589061141674538 -0.088394380514090667 -0.081933881500004482 -0.014067279570330228 0.056492804965347192 0.031671165353153716 -0.042077212012350838 0.0057827951760194033 -0.088064715897859039 0.048100337450333097 0.0084853909568836268 0.1435601734483479 -0.019185747569021971 -0.043400022065417349 0.010927878165105629 0.04616690321118419 -0.0025010675285499131 0.03100936348461986 -0.053649336471742019 -0.13039323165716715 -0.1010820882920398 0.0032279361340037563 0.022589530096718328 -0.014887858489891149 0.056229271211737805 0.0038305622157160202 0.07826339065092397 0.0034567987534783583 0.057518047001459405 -0.010297119800861065 0.026256803803973727 0.010620544928942485 0.10560725181133716 0.021652644327862767 0.078907210140038805 -0.00028491899723246869 -0.019622425579336373 -0.085574544583869511 3.9421064793474725e-05 -0.010884150559224955 -0.091190633902411236
leaf_weight=1426 24 15.999999999999998 8840 17 3977 14.999999999999998 19 2718 751 71 26 143 14.999999999999998 52 118 18 14.999999999999998 14.999999999999998 32 19 14.999999999999998 36 21 19 24 20 57 21 68 20 61 1026 14.999999999999998 62 16.000000000000004 17 19 19 20 18 14.999999999999998 14.999999999999998 17 20 23 45 4422 19 313 83 22 53 68 23 22 14.999999999999998 1187 38 31 91 30 24
leaf_count=1426 24 16 8840 17 3977 15 19 2718 751 71 26 143 15 52 118 18 15 15 32 19 15 36 21 19 24 20 57 21 68 20 61 1026 15 62 16 17 19 19 20 18 15 15 17 20 23 45 4422 19 313 83 22 53 68 23 22 15 1187 38 31 91 30 24
internal_value=-8.77188e-05 -0.00138327 -0.00363229 0.00381135 0.000436083 -0.00591182 -0.0403792 0.00142466 0.00304435 0.00177255 -0.0249268 0.00222069 0.00168928 -0.0300808 0.0113401 -0.00733683 0.000135346 0.00363689 0.00207171 0.0134052 0.00111983 0.019069 -0.0419588 0.014217 0.0238248 0.0491688 -0.00597858 0.0117618 -0.000705297 -0.0155992 0.0305277 0.00139368 0.0941671 -0.000378062 -0.0216147 -0.0515761 -0.00379343 -0.0423808 -0.0301256 -0.00907519 -0.0858417 -0.00349855 -0.0457677 -0.0119732 0.00391156 0.032159 0.00361364 0.0140129 0.0112294 0.0300556 0.0432938 0.00281462 0.00453936 0.0322309 0.0647461 -0.00250847 0.000708154 -0.0169916 -0.00774819 -0.0196278 -0.0489522 -0.0474607
internal_weight=26477 19874 8888 6603 10986 1480 54 9506 6788 5886 97 5789 5646 67 902 151 133 6586 5579 432 5147 392 40 360 244 120 116 78 124 88 85 5132 35 4106 129 48 81 38 53 38 31 8872 32 35 6533 68 6465 461 442 129 105 6004 4535 113 45 1469 1202 267 205 152 61 62
internal_count=26477 19874 8888 6603 10986 1480 54 9506 6788 5886 97 5789 5646 67 902 151 133 6586 5579 432 5147 392 40 360 244 120 116 78 124 88 85 5132 35 4106 129 48 81 38 53 38 31 8872 32 35 6533 68 6465 461 442 129 105 6004 4535 113 45 1469 1202 267 205 152 61 62
is_linear=0
shrinkage=0.04


Tree=109
num_leaves=63
num_cat=0
split_feature=24 13 1 11 31 22 13 2 20 13 11 20 2 7 22 29 22 8 24 12 13 13 28 20 13 9 11 18 18 6 9 17 11 19 9 7 22 2 21 9 28 20 9 7 2 28 9 24 21 32 31 23 19 15 2 8 12 21 13 31 7 19
split_gain=78.0082 72.469 49.6082 49.367 84.5032 67.6778 67.9346 65.8457 56.7574 56.6604 50.8183 48.5823 47.9907 47.8568 57.4913 46.3499 43.5048 43.033 40.27 36.6162 44.661 51.9565 35.5881 35.4617 44.4061 55.2965 41.0012 35.9514 33.5428 35.725 56.2712 34.907 43.3226 68.9808 44.4471 38.7183 32.803 34.2754 32.3245 32.253 37.4111 31.9756 58.1391 31.6825 42.0353 32.8226 31.4348 31.4189 40.3161 36.729 45.483 61.4961 31.1139 31.081 32.9255 58.3339 74.9169 39.7517 36.4373 29.6582 79.2683 50.2514
threshold=8.5000000000000018 5.5752428924150577 1.0000000180025095e-35 5.7981934789249348 220.44000000000003 1.0000000180025095e-35 6.2484939739696008 11.500000000000002 1.5000000000000002 5.628999211117141 5.559205150447494 -1.4999999999999998 14.500000000000002 368.50000000000006 4.5000000000000009 25.500000000000004 5.5000000000000009 19.785714285714288 1.5000000000000002 6.6971372748771953 6.4282064591250929 6.0850768225306675 484.50000000000006 -4.4999999999999991 4.5284541017574789 10.035714285714286 5.0662280511902154 2.6306020066889637 5.0659420289855079 107.50000000000001 15.178571428571429 113.50000000000001 7.0203785001746448 130.50000000000003 15.250000000000002 233.50000000000003 1.5000000000000002 12.500000000000002 13.500000000000002 14.535714285714286 266.50000000000006 -10.499999999999998 11.607142857142859 310.50000000000006 15.500000000000002 256.50000000000006 10.750000000000002 11.500000000000002 7.5000000000000009 114.50000000000001 355.67000000000002 23.500000000000004 -50.499999999999993 11.164143304241792 13.500000000000002 9.2142857142857171 5.2759040695012871 1.5000000000000002 5.4128412288625185 376.18000000000006 282.50000000000006 -102.49999999999999
decision_type=2 2 2 2 2 2 2 2 2 2 2 2 2 2 2 2 2 2 2 2 2 2 2 2 2 2 2 2 2 2 2 2 2 2 2 2 2 2 2 2 2 2 2 2 2 2 2 2 2 2 2 2 2 2 2 2 2 2 2 2 2 2
left_child=1 2 -1 4 5 8 7 -7 15 -9 39 38 13 14 -6 -3 18 22 23 20 21 47 28 -4 26 -26 36 46 29 30 -5 32 35 34 -34 -31 37 -25 -2 40 -11 42 -20 44 45 -8 -27 53 -49 52 51 -51 -50 54 58 57 -57 -56 -13 61 -61 -43
right_child=11 3 16 17 12 6 43 9 -10 10 -12 19 -14 -15 -16 -17 -18 -19 41 -21 -22 -23 -24 24 25 27 -28 -29 -30 31 -32 -33 33 -35 -36 -37 -38 -39 -40 -41 -42 59 -44 -45 -46 -47 -48 48 49 50 -52 -53 -54 -55 55 56 -58 -59 -60 60 -62 -63
leaf_value=-0.069828864276779354 0.003106602657182276 0.091770950283920558 0.026563314000581859 0.096188566029420372 0.087641626508292103 0.0073930462870329585 -0.027402239706098418 0.12835426540958961 0.13188291811803629 0.11351670211302367 -0.00049517921069338656 -0.0080487401328555516 -0.037486346381181951 -0.044692031605201847 0.00038115473672342443 0.0019630402193140627 -0.0043844791590723145 0.068048281585961046 -0.060348961109301109 -0.059795026289882938 0.058837946510454361 -0.062203359211084948 -0.039571119420921674 0.0073986109759977634 -0.095159572746741208 0.051705485771823406 0.06080327593727617 -0.059104808847702549 0.046199741217867733 0.055921097929841575 -0.0025321090043480717 0.0052521536040280913 -0.06143256570094198 -0.10372034054776137 0.019499413389781301 -0.012148577829862992 -0.0095367262098967082 -0.049046138498664557 -0.047965903804076844 0.019206197179112757 0.042216823470538553 -0.071100620986610061 0.034350700757361408 0.031094962134132525 -0.072198296936836034 0.040081072151660908 -0.023870373195593389 -0.0025342334549762037 -0.051819946743686743 -0.007853080557892694 0.095931204885070079 0.076862814169359445 0.01836961628876049 0.0064301110866879178 -0.031688549044536565 -0.055245522390404707 0.038061038077988239 0.048741846703863764 0.047358754075946606 0.057355773786420497 -0.026873616960125035 0.0019054869789533564
leaf_weight=15.999999999999998 1446 17 54 17 19 74 29 14.999999999999998 17 26 28 3074 52 17 33 20 2592 17 33 20 17 26 29 349 19 14.999999999999998 14.999999999999998 20 31 18 20 1210 18 19 27 51 916 18 20 19 22 14.999999999999998 14.999999999999998 27 18 19 21 1167 15.999999999999998 39 17 21 27 236 17 95 15.999999999999998 23 19 49 28 14097
leaf_count=16 1446 17 54 17 19 74 29 15 17 26 28 3074 52 17 33 20 2592 17 33 20 17 26 29 349 19 15 15 20 31 18 20 1210 18 19 27 51 916 18 20 19 22 15 15 27 18 19 21 1167 16 39 17 21 27 236 17 95 16 23 19 49 28 14097
internal_value=-8.427e-05 0.00112836 0.000353457 0.00854394 0.0200928 0.0305486 0.0225359 0.0366142 0.0714961 0.0562293 0.0446972 -0.00397148 -0.00849464 0.0133479 0.0324102 0.0434162 0.000415458 0.00495869 0.00120988 -0.00590737 -0.00568165 -0.00591214 0.00420782 -0.00519567 -0.00644805 -0.0363577 -0.00471562 -0.0162374 0.00511176 0.00418403 0.0429091 0.00311254 -0.0163274 -0.0400086 -0.0128935 0.00563502 -0.00548786 0.00461215 0.00240525 0.0635859 0.0810349 0.00185209 -0.0307038 -0.00530583 -0.0202518 -0.000620721 0.00762017 -0.0056034 -0.00026184 0.0218042 0.0383291 0.0218428 -0.00776066 -0.00757821 -0.0085981 -0.0268366 -0.0417558 0.0145153 -0.00770621 0.00196258 0.0267058 0.00182724
internal_weight=26477 20181 18272 1909 452 331 277 184 54 110 95 6296 121 69 52 37 18256 1457 15664 4830 4810 4793 1440 1427 1373 75 1298 56 1411 1380 37 1343 133 64 45 69 1283 367 1466 67 48 14237 48 93 66 48 36 4767 1287 120 77 60 43 3480 3244 151 111 40 3093 14189 77 14112
internal_count=26477 20181 18272 1909 452 331 277 184 54 110 95 6296 121 69 52 37 18256 1457 15664 4830 4810 4793 1440 1427 1373 75 1298 56 1411 1380 37 1343 133 64 45 69 1283 367 1466 67 48 14237 48 93 66 48 36 4767 1287 120 77 60 43 3480 3244 151 111 40 3093 14189 77 14112
is_linear=0
shrinkage=0.04


Tree=110
num_leaves=63
num_cat=0
split_feature=24 10 15 23 32 11 3 16 27 14 23 23 18 16 3 11 15 15 10 11 18 5 29 15 10 32 22 7 8 18 13 1 11 10 6 13 3 14 16 6 18 13 27 13 8 8 11 26 24 3 2 5 11 26 6 16 8 1 24 1 2 18
split_gain=84.6702 68.3302 45.935 92.3702 81.36 59.2949 44.443 40.3594 38.6775 49.6154 40.1554 42.7687 38.0105 50.0397 42.3604 40.691 47.4021 37.2896 36.9846 36.9287 38.0058 45.7903 45.4926 36.4141 52.4381 36.0158 34.209 44.9942 67.9096 42.6021 39.6395 30.0383 31.9298 33.8071 76.0628 69.7782 68.2079 76.6336 74.7369 78.773 43.6521 52.5137 46.161 42.7157 41.2477 65.8886 34.3585 62.9077 31.3452 40.2127 52.6528 78.3209 43.6243 43.5752 36.0891 30.0068 29.3886 29.8969 29.0083 55.0666 33.9751 51.0494
threshold=7.5000000000000009 8.5166666666666675 8.748201339084611 16.500000000000004 191.50000000000003 5.2982434007256076 24.500000000000004 8.5059881195043392 -0.22252093395631442 7.7153292517560699 5.5000000000000009 11.500000000000002 4.9708013640238713 9.4101337152699447 7.5000000000000009 5.0237531028201525 13.968594585012147 11.834523999002755 2.9833333333333338 4.6547466812563192 1.3828158923143727 234.50000000000003 27.500000000000004 8.43382733143976 8.6500000000000004 165.00000000000003 1.5000000000000002 126.50000000000001 6.9285714285714297 4.4775252525252531 4.1049451534269839 23.500000000000004 6.7046536787802093 11.383333333333335 101.50000000000001 6.0850768225306675 14.500000000000002 11.480218960795368 12.971416895394524 361.50000000000006 2.7175191815856783 6.6955121290552251 -0.56174490092936669 4.749712628820725 12.214285714285717 11.642857142857144 5.0403086906595584 1.0000000180025095e-35 11.500000000000002 5.5000000000000009 11.500000000000002 176.50000000000003 3.8297084310253515 1.0000000180025095e-35 187.50000000000003 7.0437198463128459 8.2142857142857171 12.500000000000002 8.5000000000000018 8.5000000000000018 8.5000000000000018 1.5874562937062939
decision_type=2 2 2 2 2 2 2 2 2 2 2 2 2 2 2 2 2 2 2 2 2 2 2 2 2 2 2 2 2 2 2 2 2 2 2 2 2 2 2 2 2 2 2 2 2 2 2 2 2 2 2 2 2 2 2 2 2 2 2 2 2 2
left_child=1 18 3 8 5 7 31 23 -3 10 -10 -12 -4 -14 -15 -16 17 -17 -1 26 -21 22 -22 24 -5 56 27 28 -20 30 -29 32 33 48 -35 36 43 46 44 -40 41 42 -37 -36 45 -39 -38 -48 -2 -50 52 -52 -51 -53 -54 -31 -23 -58 59 -45 -60 -62
right_child=6 2 12 4 -6 -7 -8 -9 9 -11 11 -13 13 14 15 16 -18 -19 19 20 21 25 -24 -25 -26 -27 -28 29 -30 55 -32 -33 -34 34 35 40 37 38 39 -41 -42 -43 -44 58 -46 -47 47 -49 49 50 51 53 54 -55 -56 -57 57 -59 60 -61 61 -63
leaf_value=-0.0094832259570550564 -0.0053281827392419514 0.070837235517125674 0.003378228840051194 0.049225493547239978 -0.086161607200314544 -0.06270815975593598 -0.072014735502912514 0.025608994698790803 0.008665343490406055 0.010052960020260758 0.11285062629033915 0.032183212129233391 -0.032822509664216189 -0.003351462821826301 0.088749670292682575 0.037910878906830647 0.07389222289410588 -0.032992798083889961 0.0007135042868711823 -0.051115782779072923 -0.0090432942331646355 0.0015131214415409649 0.077829391036117287 -0.066216870325290597 -0.026158400940613485 0.03170040593384215 -0.00084950775839269565 0.0040542870809727001 -0.039383830779565962 0.01849991010311915 0.059102352416910822 0.049632459401387212 -0.022934975261397431 -0.072749995523722397 0.047653465040051309 -0.093832034307165385 0.10508569506041678 -0.036600671391285471 0.085747195945020296 -0.02162963491789302 0.025876017847831303 0.02507540731408477 -0.025898278453426717 0.079315633414858616 -0.056762216902656475 0.071976951849386558 0.096611223655511003 -0.010390539499577025 -0.0043718432398694405 0.0086020623230548907 0.061044998581995039 -0.059419079344162073 -0.0092142318181342477 -0.0033786563378199069 0.053002420238898902 0.067740308652708539 -0.076081477599488009 -0.014096108281640644 0.0083635425978303719 0.001841754669874487 -0.078859824066038253 -0.010338687153137517
leaf_weight=658 5458 43 5826 24 15.999999999999998 18 14.999999999999998 138 20 97 24 19 22 39 26 27 26 21 270 42 22 25 17 14.999999999999998 38 15.999999999999998 8035 2699 90 142 21 17 132 19 32 22 27 20 34 15.999999999999998 29 22 59 18 23 15.999999999999998 18 17 922 478 17 46 19 43 68 23 31 21 79 78 23 71
leaf_count=658 5458 43 5826 24 16 18 15 138 20 97 24 19 22 39 26 27 26 21 270 42 22 25 17 15 38 16 8035 2699 90 142 21 17 132 19 32 22 27 20 34 16 29 22 59 18 23 16 18 17 922 478 17 46 19 43 68 23 31 21 79 78 23 71
internal_value=3.52452e-05 0.00150808 0.00483758 0.0171334 0.000795693 0.00680999 -0.00345039 0.0126659 0.0371531 0.0280494 0.0556668 0.0774107 0.00390868 0.0230774 0.0319565 0.0457362 0.0304969 0.00684484 -0.000261811 0.000267836 -0.0180135 -0.00743513 0.0288753 -0.0105081 0.00302253 -0.0226982 0.000550171 0.00401647 -0.00931343 0.00568078 0.00448218 -0.00331775 -0.00343395 -0.00309796 0.00583181 0.0083187 0.0155104 0.035678 0.0154325 0.0513721 -0.0173741 -0.029584 -0.044467 0.00403834 -0.0150263 0.0116664 0.0711563 0.0447004 -0.00388732 0.00104819 0.00849821 -0.0173513 0.0133536 -0.0324 0.0393969 0.0254127 -0.0340542 -0.0511624 -0.00115843 0.0164563 -0.0109485 -0.0271917
internal_weight=26389 18551 6439 452 249 233 7838 215 203 160 63 43 5987 161 139 100 74 48 12112 11454 174 132 39 77 62 93 11280 3245 360 2885 2720 7823 7806 7674 623 604 472 171 109 50 132 103 81 301 59 36 62 35 7051 1593 671 106 565 89 87 165 77 52 269 96 173 94
internal_count=26389 18551 6439 452 249 233 7838 215 203 160 63 43 5987 161 139 100 74 48 12112 11454 174 132 39 77 62 93 11280 3245 360 2885 2720 7823 7806 7674 623 604 472 171 109 50 132 103 81 301 59 36 62 35 7051 1593 671 106 565 89 87 165 77 52 269 96 173 94
is_linear=0
shrinkage=0.04


Tree=111
num_leaves=63
num_cat=0
split_feature=24 20 18 26 3 4 1 2 19 12 1 15 18 19 3 3 6 7 4 13 12 4 19 11 16 11 19 19 6 18 18 3 23 23 7 4 7 27 0 18 3 7 3 20 6 1 3 18 15 26 3 29 4 0 18 6 1 16 0 11 6 18
split_gain=78.0325 59.6879 109.779 66.2589 73.8731 73.3961 66.1604 60.3622 74.3513 60.8186 56.9229 55.6633 50.9419 80.735 75.9594 49.0294 66.011 66.1141 108.29 61.8843 47.5175 52.4344 68.9909 56.8902 46.1413 96.9062 80.8738 65.0275 61.0159 79.4588 62.1704 60.0452 101.194 54.1759 68.2727 71.2632 62.7678 101.901 72.8532 72.2687 53.4548 55.717 52.1147 50.2442 50.0059 55.881 48.5242 47.4294 51.4301 50.4585 48.8785 45.8209 64.5268 48.4942 45.5394 44.7382 54.0052 45.8686 72.1557 48.7233 47.051 42.4297
threshold=7.5000000000000009 -4.4999999999999991 1.0025510204081634 0.87837969732492682 14.500000000000002 319.50000000000006 5.5000000000000009 23.500000000000004 -107.49999999999999 7.6891888265186079 22.500000000000004 17.149593151480783 1.416161799383276 -64.499999999999986 18.500000000000004 11.500000000000002 416.50000000000006 181.50000000000003 354.50000000000006 6.6955121290552251 7.9567850795096424 278.50000000000006 183.50000000000003 8.6986589004665991 15.263003336440795 5.8878405775519065 -115.49999999999999 -110.49999999999999 398.50000000000006 2.5903020134228192 2.1957281848586203 23.500000000000004 13.500000000000002 28.500000000000004 388.50000000000006 150.50000000000003 126.50000000000001 1.0000000180025095e-35 13.500000000000002 3.7756055693305366 16.500000000000004 353.50000000000006 13.500000000000002 4.5000000000000009 140.50000000000003 7.5000000000000009 12.500000000000002 1.8018353174603177 10.800546363060134 0.6078576107927941 13.500000000000002 11.500000000000002 398.50000000000006 7.5000000000000009 2.7658770161290325 216.50000000000003 16.500000000000004 12.036790982486872 8.5000000000000018 5.4423384329760021 370.50000000000006 4.2189640410958917
decision_type=2 2 2 2 2 2 2 2 2 2 2 2 2 2 2 2 2 2 2 2 2 2 2 2 2 2 2 2 2 2 2 2 2 2 2 2 2 2 2 2 2 2 2 2 2 2 2 2 2 2 2 2 2 2 2 2 2 2 2 2 2 2
left_child=1 2 -1 7 -5 6 -6 8 11 -9 12 -4 14 55 -10 -3 20 18 -18 51 24 23 -23 -22 26 -26 -17 -28 31 30 -30 33 -33 36 35 -35 37 43 46 -38 42 -42 -27 -29 61 -46 -39 49 -49 50 -37 52 -19 -53 -20 -14 57 58 -57 60 -60 -41
right_child=-2 15 3 4 5 -7 -8 9 10 -11 -12 -13 13 -15 -16 16 17 19 54 -21 21 22 -24 -25 25 40 27 28 29 -31 -32 32 -34 34 -36 47 39 38 -40 44 41 -43 -44 -45 45 -47 -48 48 -50 -51 -52 53 -54 -55 -56 56 -58 -59 59 -61 -62 -63
leaf_value=-0.09025269533458509 -0.0033123149844823331 -0.00011750607926877513 0.1245481650737109 0.0055290426563643566 -0.12419529448806969 0.020010796618043329 -0.015074431927788337 0.017693646727808262 0.025229932230609608 -0.095832768291827075 0.086359175588544557 0.020009239177830176 -0.072927014270023988 0.019226831546967447 0.11631823481239888 -0.089135366038770883 0.14530976351241617 0.090973617275414517 0.086962706546605748 -0.060409877673227176 -0.039143695290238215 -0.11765489653329164 -0.0034924320848832213 0.046291869667185327 0.11419196738137138 0.022629941201313231 0.060280807651463333 0.023322214182712693 -0.032813974825658482 -0.080155515722767953 0.068462290305964998 0.040852391988236383 -0.08754433002760402 0.036215135315665149 0.061270588106579246 -0.02289687365231672 0.0065470036363444841 -0.020483073149508198 0.023119163386869115 -0.039675087845116329 0.040306529674565321 -0.024798410292786201 -0.059839417418300879 -0.054354402230393069 0.13116303109175323 0.041128181158929994 -0.10274825942813526 -0.024248939347827039 -0.084522902132385835 -0.066474481465653601 0.060458152152915695 -0.050446777896643757 0.011780881492277035 0.017505200403223026 0.0072065056708555423 0.032978351313412334 -0.046806779099521495 0.038722029299901525 0.008777222620509062 -0.097551537538995814 -0.073086153787115346 0.030578955885623392
leaf_weight=17 7838 14326 18 158 22 17 14.999999999999998 15.000000000000002 166 14.999999999999998 18 14.999999999999998 17 434 15.999999999999998 14.999999999999998 17 28 15.999999999999998 17 27 18 15.999999999999998 23 17 23 32 77 27 32 14.999999999999998 14.999999999999998 28 28 17 24 1886 17 14.999999999999998 17 108 26 26 15.999999999999998 14.999999999999998 42 36 51 41 15.999999999999998 21 22 40 70 40 41 40 46 37 14.999999999999998 15.999999999999998 70
leaf_count=17 7838 14326 18 158 22 17 15 15 166 15 18 15 17 434 16 15 17 28 16 17 27 18 16 23 17 23 32 77 27 32 15 15 28 28 17 24 1886 17 15 17 108 26 26 16 15 42 36 51 41 16 21 22 40 70 40 41 40 46 37 15 16 70
internal_value=3.39021e-05 0.00144783 0.0103229 0.0118579 -0.00826975 -0.0486165 -0.0801709 0.0165547 0.0184618 -0.0391329 0.0161557 0.0772949 0.0146168 0.00934341 0.0333082 0.000867645 0.00543999 0.0251415 0.0571529 0.0119029 0.00370234 -0.0259124 -0.0641578 0.0001307 0.00460758 0.0231061 0.0031568 0.00370654 0.00298094 -0.0327729 0.00338532 0.00407097 -0.0427175 0.00491572 -0.0151137 -0.0223288 0.00672729 -0.0173019 -0.0544842 0.0086348 0.0145759 0.0276502 -0.0211213 0.00989298 0.0359417 0.0650448 -0.0764872 -0.0330725 -0.0511945 -0.00566918 0.0160056 0.0196316 0.0445047 0.00119697 0.030144 -0.0108797 -0.00542561 0.0052638 -0.0088604 -0.0341275 -0.0159897 0.0167984
internal_weight=26389 18551 1138 1121 212 54 37 909 879 30 846 33 828 646 182 17413 3087 250 73 177 2837 84 34 50 2753 200 2553 2538 2506 74 42 2432 43 2389 198 181 2191 161 68 2030 183 134 49 93 144 57 53 153 92 61 45 160 68 92 56 212 195 155 109 68 53 87
internal_count=26389 18551 1138 1121 212 54 37 909 879 30 846 33 828 646 182 17413 3087 250 73 177 2837 84 34 50 2753 200 2553 2538 2506 74 42 2432 43 2389 198 181 2191 161 68 2030 183 134 49 93 144 57 53 153 92 61 45 160 68 92 56 212 195 155 109 68 53 87
is_linear=0
shrinkage=0.04


Tree=112
num_leaves=63
num_cat=0
split_feature=24 10 14 17 28 20 11 2 5 27 17 23 31 0 17 18 18 31 9 20 14 18 5 15 30 1 17 9 7 11 5 31 14 6 10 11 18 5 29 7 21 6 20 12 5 5 27 23 32 2 23 12 10 18 26 21 11 7 9 28 2 18
split_gain=71.9156 60.1935 43.9006 56.4669 69.7161 74.2135 74.04 111.618 68.1777 62.1588 58.1163 57.9889 51.3479 64.4101 56.6236 49.503 46.7776 44.2403 52.2768 44.2278 43.7596 40.6903 39.8613 37.1174 36.6681 36.0106 41.1211 61.3704 36.2139 55.1302 44.7485 35.4557 40.6085 34.5192 33.8965 34.1962 35.1621 42.1076 41.7382 33.6233 41.013 39.602 38.731 33.3254 33.2965 45.8946 42.9581 50.3633 33.2038 28.3354 49.1657 36.7577 41.7379 37.0549 28.1245 26.9745 35.0182 37.2591 34.097 29.2866 44.0717 30.4959
threshold=7.5000000000000009 8.5166666666666675 9.0489908891556645 63.500000000000007 229.50000000000003 -4.4999999999999991 4.2706082983686642 6.5000000000000009 250.50000000000003 -0.56174490092936669 213.50000000000003 21.500000000000004 145.06500000000003 9.5000000000000018 344.50000000000006 4.9708013640238713 1.8109998109998113 145.06500000000003 9.4642857142857171 12.500000000000002 8.2858083640410332 1.0814112760692827 228.50000000000003 15.854679228676813 1.5000000000000002 15.500000000000002 314.50000000000006 9.3214285714285747 363.50000000000006 4.6084807950229489 366.50000000000006 294.05500000000006 8.1522058183743233 308.50000000000006 2.9833333333333338 4.6547466812563192 1.3828158923143727 234.50000000000003 27.500000000000004 219.50000000000003 5.5000000000000009 335.50000000000006 3.5000000000000004 3.882901373576606 488.50000000000006 483.50000000000006 1.0000000180025095e-35 22.500000000000004 165.00000000000003 14.500000000000002 19.500000000000004 4.598733700525794 8.9166666666666696 1.3908012218045116 1.0000000180025095e-35 21.500000000000004 6.7046536787802093 412.50000000000006 15.964285714285717 215.50000000000003 16.500000000000004 2.7810744382022476
decision_type=2 2 2 2 2 2 2 2 2 2 2 2 2 2 2 2 2 2 2 2 2 2 2 2 2 2 2 2 2 2 2 2 2 2 2 2 2 2 2 2 2 2 2 2 2 2 2 2 2 2 2 2 2 2 2 2 2 2 2 2 2 2
left_child=1 34 3 -3 6 11 7 -5 16 -8 17 -6 14 31 25 19 -7 24 -19 44 -16 -11 49 -21 -9 26 28 -28 29 30 33 32 -14 43 -1 -36 -37 38 -38 40 41 -17 -42 -10 45 -4 -46 -48 54 51 -51 52 -23 -53 -39 56 -2 58 59 60 -58 -61
right_child=55 2 15 4 5 8 9 10 12 21 -12 -13 13 -15 20 39 -18 18 -20 23 -22 22 -24 -25 -26 -27 27 -29 -30 -31 -32 -33 -34 -35 35 36 37 48 -40 -41 42 -43 -44 -45 46 -47 47 -49 -50 50 -52 53 -54 -55 -56 -57 57 -59 -60 61 -62 -63
leaf_value=-0.0090992550911344183 -0.0029148798719157982 -0.064070601763314763 0.0030629151973003226 -0.0096274607391005733 0.063299123472829913 -0.10122938241686252 -0.066503282874267294 0.01600330551465352 0.047446894519376434 0.072446444969809523 0.015039739801444314 -0.010052613784592466 0.017571692585352044 -0.072079265432796261 -0.053775614951536106 0.013989574246614882 -0.020556183438406699 0.13180505150574046 0.046966614176555226 -0.063838126544690219 0.016273556454210265 -0.004145146035357733 0.069788630585007325 0.011848051162980358 0.079253582709695597 0.079990209100539222 0.012459665760768585 0.11948685723227381 -0.013460774044651055 -0.025548351922358173 0.00066844921002442808 0.020999654906393217 -0.056335266683109848 0.019766163662163133 0.00050751615981402211 -0.049196313534666407 -0.0086785189315204698 -0.013302005190568365 0.074529324735117225 0.071181170077345493 0.07505891847390174 -0.057246321584807323 -0.0018283950912286035 0.13108535038018077 -0.0444772673394047 0.06687406572518427 -0.025414073144890872 0.065208230472592082 0.030411822373822606 0.013808739969084934 -0.08392695519308381 0.038078084765754125 0.077779575192550729 -0.036660135547926957 -0.06293392301793907 0.050223584662604806 0.0025292797974699756 -0.074849018354690516 -0.055548514987652502 0.040322806369107095 -0.081604047633117502 -0.017874903281529742
leaf_weight=658 7678 14.999999999999998 5211 46 55 14.999999999999998 15.999999999999998 26 15.000000000000002 18 33 25 20 26 30 72 49 34 18 29 27 18 14.999999999999998 15.999999999999998 34 17 20 14.999999999999998 61 25 26 53 29 17 11280 42 22 47 17 22 30 14.999999999999998 15.999999999999998 15.999999999999998 53 18 25 15.999999999999998 15.999999999999998 18 14.999999999999998 15.999999999999998 22 31 30 14.999999999999998 26 19 26 32 15.999999999999998 26
leaf_count=658 7678 15 5211 46 55 15 16 26 15 18 33 25 20 26 30 72 49 34 18 29 27 18 15 16 34 17 20 15 61 25 26 53 29 17 11280 42 22 47 17 22 30 15 16 16 53 18 25 16 16 18 15 16 22 31 30 15 26 19 26 32 16 26
internal_value=3.25585e-05 0.00138994 0.00451493 0.0126253 0.0139113 0.00482865 0.0275499 0.0446095 -0.00134175 0.00824279 0.0618242 0.0403678 0.00483302 -0.0160059 0.0147586 0.00316924 -0.0396236 0.0755654 0.102623 0.00252508 -0.020589 0.0161108 0.00853648 -0.0369165 0.0519506 0.0242771 0.0193713 0.0585952 0.0107474 0.0256822 0.0430279 -0.00163647 -0.0261541 0.065882 -0.000271225 0.000235821 -0.0173562 -0.00718054 0.0276383 0.0254492 0.0178217 0.00163294 0.0483262 0.0909621 0.00285957 0.00328423 -0.0207203 0.00997468 -0.0218175 0.00081157 -0.0306755 0.0127994 0.0409452 -0.011148 -0.0327216 -0.00317982 -0.00328312 -0.0227527 -0.0148279 -0.00417566 -0.0295917 0.0142139
internal_weight=26389 18551 6439 916 901 541 360 191 461 169 145 80 397 128 269 5523 64 112 52 5368 57 153 135 45 60 212 195 35 160 99 74 102 49 48 12112 11454 174 132 39 155 133 87 46 31 5323 5229 94 41 93 120 33 87 40 47 77 7838 7823 145 126 100 42 58
internal_count=26389 18551 6439 916 901 541 360 191 461 169 145 80 397 128 269 5523 64 112 52 5368 57 153 135 45 60 212 195 35 160 99 74 102 49 48 12112 11454 174 132 39 155 133 87 46 31 5323 5229 94 41 93 120 33 87 40 47 77 7838 7823 145 126 100 42 58
is_linear=0
shrinkage=0.04


Tree=113
num_leaves=63
num_cat=0
split_feature=24 20 5 18 24 13 32 29 3 6 4 21 24 7 16 15 15 2 2 19 12 1 13 4 22 22 20 7 21 1 19 21 13 31 6 1 12 1 30 16 16 4 31 4 1 7 7 13 12 21 12 3 4 4 5 23 29 31 12 15 3 20
split_gain=66.9642 63.3875 54.264 67.5448 52.988 48.8952 62.078 60.6586 48.4187 51.1277 49.0629 46.8525 45.8786 39.7594 37.3729 51.6176 38.8832 46.7388 114.148 45.6944 48.7086 38.3492 36.722 54.7121 35.5202 37.4972 73.7614 51.3955 100.629 69.7616 49.1093 54.117 60.181 49.2818 42.6431 38.4596 36.9207 55.6163 35.1808 35.1369 118.333 50.9141 49.2582 60.6842 43.8318 76.749 62.7877 86.4955 50.1073 44.3947 39.9718 39.2887 38.1969 47.7712 36.8185 35.1017 43.2138 34.6157 39.79 34.4426 42.9356 36.9249
threshold=5.5000000000000009 -4.4999999999999991 57.500000000000007 0.99423396477234982 2.5000000000000004 5.3496159449471152 176.50000000000003 51.500000000000007 14.500000000000002 311.50000000000006 283.50000000000006 -5.4999999999999991 3.5000000000000004 98.500000000000014 8.9784132032074968 8.6592414370606487 8.891569006515331 9.5000000000000018 10.500000000000002 -59.499999999999993 4.1727793989244111 2.5000000000000004 5.628999211117141 320.50000000000006 4.5000000000000009 3.5000000000000004 9.5000000000000018 456.50000000000006 7.5000000000000009 12.500000000000002 -85.499999999999986 -1.0000000180025095e-35 5.4128412288625185 373.51000000000005 202.50000000000003 19.500000000000004 5.0903917248172492 13.500000000000002 1.5000000000000002 6.4585971667435702 7.0112718049555136 350.50000000000006 67.465000000000018 229.50000000000003 8.5000000000000018 215.50000000000003 255.50000000000003 3.9787509993118211 4.4109005833326229 3.5000000000000004 3.5394169756433764 8.5000000000000018 224.50000000000003 152.50000000000003 295.50000000000006 21.500000000000004 40.500000000000007 145.67500000000004 4.1727793989244111 12.125531437030196 16.500000000000004 7.5000000000000009
decision_type=2 2 2 2 2 2 2 2 2 2 2 2 2 2 2 2 2 2 2 2 2 2 2 2 2 2 2 2 2 2 2 2 2 2 2 2 2 2 2 2 2 2 2 2 2 2 2 2 2 2 2 2 2 2 2 2 2 2 2 2 2 2
left_child=1 5 3 -2 59 8 7 22 9 13 11 -10 -11 -1 15 57 17 -16 -19 -20 -21 -17 -7 -24 25 27 30 -6 29 -29 31 38 -33 35 -35 36 39 -38 -27 -32 51 42 43 -42 45 -44 52 49 -49 50 -48 -41 53 -46 -45 56 -43 58 -4 60 61 -3
right_child=2 4 14 -5 24 6 -8 -9 10 12 -12 -13 -14 -15 16 21 -18 18 19 20 -22 -23 23 -25 -26 26 -28 28 -30 -31 33 32 -34 34 -36 -37 37 -39 -40 40 41 55 44 54 46 -47 47 48 -50 -51 -52 -53 -54 -55 -56 -57 -58 -59 -60 -61 -62 -63
leaf_value=-0.041100587211780663 -0.11258582108857618 -0.0020464895219533519 -0.00038820829564515367 -0.016161752368839287 0.0023056329481182833 0.096353325848560406 -0.026268730108956417 -0.016337383858148487 -0.10678943882320102 0.016898369606255452 0.019518852560456226 -0.019165801064399638 -0.026968125921403765 0.023217386492863801 -0.0077894257356219973 -0.082184022262396392 0.00034651899196583508 0.1205481798435325 -0.0026983453469235025 0.0074319545760828786 0.099289794877089194 -0.016635599640603523 0.024577286423620108 0.093041245616764648 -0.00089573367079247876 0.053144570790738331 0.091051959919007455 0.017288729210955305 0.07407769541578435 -0.064227467636475383 0.0042665504738740295 -0.1038540809113942 -0.0094111930279142837 -0.0021085466296467559 0.080304662201095653 0.063686682906760994 -0.073738713874636097 0.0079886925732329944 -0.021763439336659217 0.1152594096513721 0.010350308496261311 0.043835553839059453 0.11384011962957549 -0.11290201354500472 -0.023499425378543937 0.0046297175043273249 0.077164139013416719 0.12586541872031939 0.033483816632976775 -0.037261274796780021 -0.0065026544273157662 0.047408801526054187 -0.047720424791041952 0.06276490044120131 -0.025413125077297222 0.07256197837896125 -0.025216359993721023 -0.0049567692059524987 0.025243055220101621 -0.038757056955728508 0.039232216909936543 -0.048054459580747264
leaf_weight=15.999999999999998 14.999999999999998 4252 3035 51 4783 25 25 24 14.999999999999998 69 26 28 85 338 69 14.999999999999998 3916 20 69 19 18 273 74 25 2550 19 18 139 47 19 575 19 25 14.999999999999998 30 21 21 36 21 21 32 42 17 15.000000000000002 32 26 14.999999999999998 15.999999999999998 23 32 23 40 44 14.999999999999998 15.999999999999998 30 22 4879 100 41 40 28
leaf_count=16 15 4252 3035 51 4783 25 25 24 15 69 26 28 85 338 69 15 3916 20 69 19 18 273 74 25 2550 19 18 139 47 19 575 19 25 15 30 21 21 36 21 21 32 42 17 15 32 26 15 16 23 32 23 40 44 15 16 30 22 4879 100 41 40 28
internal_value=3.13302e-05 0.00193992 -0.00209596 -0.0382437 0.00129508 0.0132503 0.0319001 0.0417505 0.00765055 0.0119244 -0.0237574 -0.0499554 -0.00730247 0.0202939 -0.00190329 -0.00344782 0.00121535 0.0186438 0.0331297 0.0165188 0.0523206 -0.0200839 0.0530135 0.0419628 0.00308205 0.00470556 0.0108685 0.00314694 0.0227556 0.00743907 0.00969852 -0.0198095 -0.0503817 0.0118404 0.0528455 0.0101776 0.00914197 -0.0221628 0.0138118 0.0108682 0.0190954 0.0111668 0.00324571 -0.0282366 0.0114243 0.0480163 0.00352692 0.0240036 0.0716601 -0.00258373 0.0265871 0.0709504 -0.0209775 0.00406409 -0.0680377 0.0369002 0.0200654 -0.00284948 0.000429517 -0.00230995 -0.00196269 -0.00234906
internal_weight=26389 13910 12479 66 13160 750 173 148 577 508 69 43 154 354 12413 8302 4111 195 126 106 37 288 124 99 8799 6249 1261 4988 205 158 1243 84 44 1159 45 1114 1093 57 40 1036 461 400 306 63 243 43 200 109 39 70 38 61 91 47 31 94 64 8014 3135 4361 4320 4280
internal_count=26389 13910 12479 66 13160 750 173 148 577 508 69 43 154 354 12413 8302 4111 195 126 106 37 288 124 99 8799 6249 1261 4988 205 158 1243 84 44 1159 45 1114 1093 57 40 1036 461 400 306 63 243 43 200 109 39 70 38 61 91 47 31 94 64 8014 3135 4361 4320 4280
is_linear=0
shrinkage=0.04


end of trees

feature_importances:
dayofweek=498
sold_roll30_mean=465
sold_ewma30=414
month=365
sold_roll30_std=362
sold_roll14_mean=320
sold_lag14=315
sold_lag7=308
sin_dow=275
stock_vs_reorder=270
stock_lag14=241
stock_lag1=230
sold_roll14_std=227
demand_accel=226
sold_ewma7=219
sold_roll7_std=216
stock_trend_7d=216
stock_lag7=183
sold_lag3=179
dayofmonth=165
sold_ewma14=162
stock_roll7_min=161
sold_roll7_mean=157
sold_lag1=146
stock_lag3=144
demand_trend_7d=139
unit_cost=127
product_id=104
reorder_point=62
is_weekend=53
opening_stock=46
cos_dow=37
category_enc=36

parameters:
[boosting: gbdt]
[objective: regression]
[metric: rmse,l1]
[tree_learner: serial]
[device_type: cpu]
[data_sample_strategy: bagging]
[data: ]
[valid: ]
[num_iterations: 114]
[learning_rate: 0.04]
[num_leaves: 63]
[num_threads: 0]
[seed: 42]
[deterministic: 0]
[force_col_wise: 0]
[force_row_wise: 0]
[histogram_pool_size: -1]
[max_depth: -1]
[min_data_in_leaf: 15]
[min_sum_hessian_in_leaf: 0.001]
[bagging_fraction: 0.85]
[pos_bagging_fraction: 1]
[neg_bagging_fraction: 1]
[bagging_freq: 5]
[bagging_seed: 400]
[bagging_by_query: 0]
[feature_fraction: 0.8]
[feature_fraction_bynode: 1]
[feature_fraction_seed: 30056]
[extra_trees: 0]
[extra_seed: 12879]
[early_stopping_round: 0]
[early_stopping_min_delta: 0]
[first_metric_only: 0]
[max_delta_step: 0]
[lambda_l1: 0.05]
[lambda_l2: 0.1]
[linear_lambda: 0]
[min_gain_to_split: 0]
[drop_rate: 0.1]
[max_drop: 50]
[skip_drop: 0.5]
[xgboost_dart_mode: 0]
[uniform_drop: 0]
[drop_seed: 17869]
[top_rate: 0.2]
[other_rate: 0.1]
[min_data_per_group: 100]
[max_cat_threshold: 32]
[cat_l2: 10]
[cat_smooth: 10]
[max_cat_to_onehot: 4]
[top_k: 20]
[monotone_constraints: ]
[monotone_constraints_method: basic]
[monotone_penalty: 0]
[feature_contri: ]
[forcedsplits_filename: ]
[refit_decay_rate: 0.9]
[cegb_tradeoff: 1]
[cegb_penalty_split: 0]
[cegb_penalty_feature_lazy: ]
[cegb_penalty_feature_coupled: ]
[path_smooth: 0]
[interaction_constraints: ]
[verbosity: -1]
[saved_feature_importance_type: 0]
[use_quantized_grad: 0]
[num_grad_quant_bins: 4]
[quant_train_renew_leaf: 0]
[stochastic_rounding: 1]
[linear_tree: 0]
[max_bin: 255]
[max_bin_by_feature: ]
[min_data_in_bin: 3]
[bin_construct_sample_cnt: 200000]
[data_random_seed: 175]
[is_enable_sparse: 1]
[enable_bundle: 1]
[use_missing: 1]
[zero_as_missing: 0]
[feature_pre_filter: 1]
[pre_partition: 0]
[two_round: 0]
[header: 0]
[label_column: ]
[weight_column: ]
[group_column: ]
[ignore_column: ]
[categorical_feature: ]
[forcedbins_filename: ]
[precise_float_parser: 0]
[parser_config_file: ]
[objective_seed: 16083]
[num_class: 1]
[is_unbalance: 0]
[scale_pos_weight: 1]
[sigmoid: 1]
[boost_from_average: 1]
[reg_sqrt: 0]
[alpha: 0.9]
[fair_c: 1]
[poisson_max_delta_step: 0.7]
[tweedie_variance_power: 1.5]
[lambdarank_truncation_level: 30]
[lambdarank_norm: 1]
[label_gain: ]
[lambdarank_position_bias_regularization: 0]
[eval_at: ]
[multi_error_top_k: 1]
[auc_mu_weights: ]
[num_machines: 1]
[local_listen_port: 12400]
[time_out: 120]
[machine_list_filename: ]
[machines: ]
[gpu_platform_id: -1]
[gpu_device_id: -1]
[gpu_use_dp: 0]
[num_gpu: 1]

end of parameters

pandas_categorical:[]
