tree
version=v4
num_class=1
num_tree_per_iteration=1
label_index=0
max_feature_idx=19
objective=regression
feature_names=log_amount disputed default_payment_terms inv_month inv_quarter inv_weekday inv_dayofyear days_to_month_end is_month_end is_quarter_end recency_days frequency monetary_avg mean_days_late_hist std_days_late_hist late_rate_hist late_rate_90d sum_amount_late_hist dispute_rate_hist amount_vs_cust_avg
feature_infos=[7.2284319919900026:10.596951932782932] [0:1] [15:60] [1:12] [1:4] [0:6] [1:366] [0:30] [0:1] [0:1] [1:999] [0:113] [2025.52:25853.66] [-11:21.875] [0:9.5588944846209039] [0:1] [0:1] [0:871349.26000000001] [0:1] [0.13725555238479609:5.246645328080759]
tree_sizes=5193 5298 5266 5318 5276 5305 5292 5335 5325 5339 5349 5304 5353 5364 5357 5359 5333 5377 5363 5391 5376 5374 5340 5365 5388 5348 5386 5390 5364 5376 5413 5419 5418 5403 5400 5346 5395 5370 5386 5395 5380 5412 5413 5409 5415 5432 5443 5422 5454 5426 5406 5425 5435 5408 5448 5434 5452 5460 5452 5442 5423 5427 5448 5405 5433

Tree=0
num_leaves=63
num_cat=0
split_feature=13 13 1 10 1 1 14 7 14 16 10 12 13 14 10 16 10 19 13 13 0 7 12 13 17 18 0 5 7 19 0 0 0 12 7 12 7 0 18 12 12 0 18 0 11 16 0 10 10 11 7 12 18 0 13 14 19 12 7 14 13 16
split_gain=83010.7 14326.2 6512 3344.98 1951.76 1444.7 1101.09 353.329 253.943 243.896 200.184 198.65 156.489 227.377 147.695 143.354 329.455 193.917 168.849 151.095 168.907 129.651 123.432 121.993 120.034 117.411 121.645 112.856 94.6201 99.8621 92.6984 307.405 152.361 194.941 192.711 172.896 161.623 124.15 87.1889 173.65 82.4572 183.55 240.652 195.283 107.77 100.218 99.3426 69.5503 68.1482 59.264 56.367 81.8604 112.101 86.7069 77.009 56.3351 50.226 49.9789 49.957 58.7747 87.0374 58.9427
threshold=-1.5999999999999999 10.961538461538463 1.0000000180025095e-35 40.500000000000007 1.0000000180025095e-35 1.0000000180025095e-35 7.3233863326935902 11.500000000000002 1.0000000180025095e-35 0.93095238095238109 6.5000000000000009 8985.0506663630858 7.0500000000000007 5.8311941144234556 5.5000000000000009 0.77097902097902116 14.500000000000002 1.9570104378510191 6.0064935064935074 5.6685606060606073 9.067113931499545 2.5000000000000004 8467.5533098591568 5.0438166311300643 53682.715000000011 0.09491634491634493 8.474093593534457 2.5000000000000004 6.5000000000000009 1.1291348401519119 8.5247823209671036 8.2942583679723914 8.947258550057418 9609.5613311688339 21.500000000000004 8771.6016829268319 13.500000000000002 8.778031670413279 0.078278186274509817 8421.3120082074001 8559.8243921232879 9.0385634235587968 0.066352201257861648 8.6570151231422479 32.500000000000007 0.84412955465587058 8.9209454191081203 25.500000000000004 4.5000000000000009 63.500000000000007 20.500000000000004 8262.5087174588025 0.043167701863354044 8.9520960524254019 5.4223818350324384 5.9717405810239859 1.6296136773133287 7519.341085972851 13.500000000000002 2.7253230577523837 -3.6882591093117405 0.06458333333333334
decision_type=2 2 2 2 2 2 2 2 2 2 2 2 2 2 2 2 2 2 2 2 2 2 2 2 2 2 2 2 2 2 2 2 2 2 2 2 2 2 2 2 2 2 2 2 2 2 2 2 2 2 2 2 2 2 2 2 2 2 2 2 2 2
left_child=5 2 3 12 6 8 10 -8 -1 14 11 -3 15 -14 27 16 17 19 40 23 -21 -5 -20 24 -2 26 -26 -4 -28 55 31 -23 36 35 -35 -34 -32 -38 -25 -40 44 42 43 -42 46 -43 57 58 -48 -44 51 52 -46 -53 -52 -30 -50 -17 -10 61 -61 -60
right_child=1 4 9 21 -6 -7 7 -9 47 -11 -12 -13 13 -15 -16 18 -18 -19 22 20 -22 30 -24 38 25 -27 28 -29 29 -31 32 -33 33 34 -36 -37 37 -39 39 -41 41 45 49 -45 50 -47 48 -49 56 -51 54 53 -54 -55 -56 -57 -58 -59 59 60 -62 -63
leaf_value=0.7809392947230368 0.96512105917154645 1.3536827083810339 1.1366981368481925 0.94082057628541849 1.6920157374841844 0.91434453291069473 1.5724574557085018 1.3768742096342339 0.65664534158373722 1.4100053457112018 1.1659272757014396 1.199557301229387 1.1815445571070538 0.9962030116787044 1.3149270069296093 0.95422722863802911 1.1665457722376109 0.92693601842655382 0.99789811505981574 1.1494530896055135 1.0144356450981897 0.78407030974842773 0.90338746739854758 1.0241779095882653 0.95891984882172498 1.1421745746992931 1.1202024984224548 1.2760016177449762 1.0355529523443967 1.1011052698515034 0.87401156185534368 0.99999448220070353 0.84941212041558201 0.73911237971568644 0.89572908113676641 0.99999448488432496 0.80251605843110396 0.67222449591590472 0.86874012642873966 1.0056369357161166 0.91447557757352083 0.90520775482876459 1.157912303818905 1.0677459869211057 1.0226648662486224 1.0127590893156777 1.1069623319473085 0.72495683809674105 0.97749415078822555 1.0682409258621719 0.98638351784132927 0.97442338463412859 0.91143588726861924 1.0702381979049644 0.89199767511136308 0.94764340428233651 1.0690364386337423 1.0267317095192021 0.63925047311102057 0.66187772210978324 0.60690421922315685 0.60108241028238785
leaf_weight=24 30 33 20 22 28 34 26 40 733 26 37 25 22 21 49 34 27 32 43 33 28 21 46 52 25 21 29 20 30 24 20 21 29 31 21 21 24 23 24 39 23 21 33 32 25 42 28 20 20 21 30 30 35 32 26 20 20 29 469 347 55 80
leaf_count=24 30 33 20 22 28 34 26 40 733 26 37 25 22 21 49 34 27 32 43 33 28 21 46 52 25 21 29 20 30 24 20 21 29 31 21 21 24 23 24 39 23 21 33 32 25 42 28 20 20 21 30 30 35 32 26 20 20 29 469 347 55 80
internal_value=0.844615 1.05671 1.0118 0.985477 1.38317 0.656349 1.32896 1.45493 0.651268 1.29984 1.24087 1.28801 1.01652 1.09163 1.26704 1.01321 1.03124 1.02171 1.00008 1.03022 1.08789 0.848636 0.949191 1.01817 1.03895 1.05371 1.03896 1.2073 1.05824 1.03359 0.838994 0.892094 0.825766 0.856535 0.802374 0.912878 0.778948 0.73848 0.985678 0.953636 1.00947 1.0319 1.06341 1.00393 0.996921 0.977091 1.02462 0.649447 1.05838 1.12355 0.976436 0.991787 0.958031 1.02419 0.942757 1.0007 1.02376 0.987867 0.648559 0.642348 0.654294 0.633641
internal_weight=3326 1564 1375 1260 189 1762 161 66 1728 115 95 58 1027 43 89 984 414 387 570 355 61 233 89 294 179 149 128 40 103 74 211 42 169 102 52 50 67 47 115 63 481 172 109 55 309 63 131 1704 68 54 178 122 60 62 56 50 40 63 1684 951 402 549
internal_count=3326 1564 1375 1260 189 1762 161 66 1728 115 95 58 1027 43 89 984 414 387 570 355 61 233 89 294 179 149 128 40 103 74 211 42 169 102 52 50 67 47 115 63 481 172 109 55 309 63 131 1704 68 54 178 122 60 62 56 50 40 63 1684 951 402 549
is_linear=0
shrinkage=1


Tree=1
num_leaves=63
num_cat=0
split_feature=13 13 1 10 1 1 13 3 17 2 7 6 16 18 6 6 0 13 0 15 10 17 16 5 15 6 17 17 0 0 7 10 13 10 0 0 17 18 6 13 7 0 7 18 6 7 13 17 13 5 13 13 13 0 0 10 7 10 0 10 7 18
split_gain=76516.1 13206.5 6003.08 3083.64 1799.29 1331.57 899.751 291.893 289.308 238.188 363.378 271.586 224.836 221.107 211.524 190.095 159.364 154.577 146.119 161.779 155.236 200.101 168.367 217.961 185.965 178.623 147.367 170.584 222.076 140.711 136.989 136.807 134.082 128.806 145.878 154.888 141.196 107.807 107.244 107.2 100.172 97.0118 147.63 89.6102 88.1108 84.5319 84.2211 75.308 72.7406 124.824 72.7042 71.5437 68.2429 67.4451 129.451 63.9089 54.8976 50.2604 49.2467 54.3345 45.6229 43.4483
threshold=-1.5999999999999999 10.961538461538463 1.0000000180025095e-35 40.500000000000007 1.0000000180025095e-35 1.0000000180025095e-35 13.353469387755103 7.5000000000000009 558595.43000000028 37.500000000000007 18.500000000000004 50.500000000000007 0.93095238095238109 0.2869249394673124 35.500000000000007 17.500000000000004 8.976826988944735 -3.0954545454545452 9.1220570327386081 0.99456521739130443 4.5000000000000009 25709.700000000004 0.78759398496240618 1.5000000000000002 0.7891030392883619 221.50000000000003 33701.235000000008 161703.00500000003 8.8058525241540853 9.0813011600692288 24.500000000000004 9.5000000000000018 4.9008196721311483 2.5000000000000004 9.3029997182318755 9.4648282564316997 367749.48000000004 0.08631332481907196 183.50000000000003 12.820450885668278 21.500000000000004 8.9520960524254019 13.500000000000002 0.07634032634032635 253.50000000000003 11.500000000000002 5.1656862745098051 384988.25000000006 4.5577777777777788 2.5000000000000004 5.1228448275862073 5.6685606060606073 5.5917467948717956 8.474093593534457 8.8156341786190868 25.500000000000004 13.500000000000002 4.5000000000000009 9.3384653006307747 10.500000000000002 15.500000000000002 0.064368156259248313
decision_type=2 2 2 2 2 2 2 2 2 2 2 2 2 2 2 2 2 2 2 2 2 2 2 2 2 2 2 2 2 2 2 2 2 2 2 2 2 2 2 2 2 2 2 2 2 2 2 2 2 2 2 2 2 2 2 2 2 2 2 2 2 2
left_child=5 2 3 18 6 17 7 8 -3 10 -5 14 31 -8 15 -11 -16 55 20 32 26 -22 24 37 -23 50 -2 28 43 -12 41 40 48 36 47 -36 -34 -24 -32 -9 -4 42 51 -28 46 -17 -44 60 49 -20 -25 61 -43 -26 -55 56 -1 -37 59 -58 -35 -29
right_child=1 4 12 9 -6 -7 13 39 -10 11 29 -13 -14 -15 16 45 -18 -19 19 -21 21 22 23 25 53 -27 27 30 -30 -31 38 -33 33 34 35 57 -38 -39 -40 -41 -42 52 44 -45 -46 -47 -48 -49 -50 -51 -52 -53 -54 54 -56 -57 58 -59 -60 -61 -62 -63
leaf_value=-0.18109384353303956 0.059877397677710442 0.50862094762489518 0.41003331222923139 0.17183984851509373 0.81220433000992198 0.065527606898388907 0.68777697028955476 0.23898068722207746 0.3229281108187273 -0.0796238367379207 -0.075540627149792552 0.1122965968307571 0.54144039146744882 0.52031095101393965 -0.1852247802251602 0.00038781134264210453 -0.040737376858988601 -0.10068427307728195 0.073331343330004642 0.2456453820018025 0.31465190769936796 0.17639240006799056 0.26912610415245469 0.09265893528741119 0.20660238595299457 0.04170744929072815 0.11957941379071724 0.12167681203634252 0.29523518116674685 0.065913521362141986 0.021239665045495675 0.47076424624624563 0.11335391202241259 0.12480048005614799 0.1972481981175758 0.050677197116544878 0.22645763146733228 0.15311542761339322 0.14794776589521647 0.37202370553220049 0.2966313600746584 0.24498644326325394 0.20807904196001287 0.22624993518630476 0.24951407983705592 0.10392245356123246 0.097675784736613688 -0.0093083185268239398 0.21747998627759241 0.20454638789849452 0.18090953466729814 0.16239067114276803 0.1482250693811113 0.373977388813721 0.23181557043290238 -0.11631669140573758 -0.20516346694951879 0.11968788427031206 -0.17834976044484827 -0.17126553293378893 0.039997638573045308 0.046831083402301153
leaf_weight=728 24 42 33 29 28 34 24 20 21 36 24 20 26 33 24 34 25 33 22 23 21 77 33 21 20 30 33 21 32 21 23 33 39 21 36 26 33 22 20 21 23 31 22 21 23 20 23 21 41 25 56 23 20 20 23 20 648 50 208 91 20 31
leaf_count=728 24 42 33 29 28 34 24 20 21 36 24 20 26 33 24 34 25 33 22 23 21 77 33 21 20 30 33 21 32 21 23 33 39 21 36 26 33 22 20 21 23 31 22 21 23 20 23 21 41 25 56 23 20 20 23 20 648 50 208 91 20 31
internal_value=-0.00140776 0.202223 0.159103 0.133828 0.515667 -0.182159 0.463611 0.392756 0.447365 0.00244173 0.061684 -0.025139 0.435657 0.591939 -0.0449948 -0.0085278 -0.111781 -0.187037 0.163631 0.1428 0.174705 0.194779 0.186335 0.158294 0.218633 0.124776 0.155962 0.163075 0.211533 -0.00948456 0.145401 0.404159 0.135641 0.120351 0.101588 0.128847 0.165463 0.22312 0.0804266 0.307913 0.364105 0.159743 0.142583 0.161441 0.185354 0.0388922 0.152037 0.0521874 0.178174 0.143455 0.157019 0.103583 0.207444 0.269867 0.298698 -0.188711 -0.189567 0.0962029 -0.196059 -0.201016 0.0836799 0.0772712
internal_weight=3326 1564 1375 1260 189 1762 161 104 63 233 74 159 115 57 139 90 49 1728 1027 357 670 323 302 162 140 107 347 323 86 45 237 89 334 246 174 112 72 55 43 41 56 194 143 54 68 54 45 62 88 47 77 75 51 63 43 1695 1675 76 947 739 41 52
internal_count=3326 1564 1375 1260 189 1762 161 104 63 233 74 159 115 57 139 90 49 1728 1027 357 670 323 302 162 140 107 347 323 86 45 237 89 334 246 174 112 72 55 43 41 56 194 143 54 68 54 45 62 88 47 77 75 51 63 43 1695 1675 76 947 739 41 52
is_linear=0
shrinkage=0.04


Tree=2
num_leaves=63
num_cat=0
split_feature=13 13 10 13 0 5 14 13 14 3 11 0 12 0 0 7 0 3 5 3 10 0 12 10 7 11 19 12 13 16 7 12 11 17 12 12 13 7 14 10 16 5 19 0 19 7 19 19 16 0 0 12 14 16 10 10 7 14 13 13 5 5
split_gain=70529.8 12174.7 2751.97 1572.44 361.107 615.878 341.029 253.93 313.997 203.094 170.139 156.471 150.405 506.496 343.793 227.92 207.935 316.421 130.997 163.482 131.178 198.065 127.24 124.062 187.409 163.38 265.496 224.298 230.704 156.879 131.954 159.631 120.548 119.4 86.1978 130.912 83.9588 129.347 92.2611 110.591 134.8 87.8871 83.0889 113.043 82.6442 130.661 80.7349 153.659 95.8214 80.6888 79.704 76.6377 75.5168 68.9464 94.2164 175.919 67.811 65.4762 97.3912 64.2861 63.9641 88.7368
threshold=-1.5999999999999999 10.961538461538463 40.500000000000007 13.353469387755103 9.1968598107530948 2.5000000000000004 1.0000000180025095e-35 7.0500000000000007 5.8311941144234556 8.5000000000000018 65.500000000000014 9.1220570327386081 8819.5639720412055 9.1787294662563941 8.7882396528750828 21.500000000000004 8.2361026497979264 1.5000000000000002 2.5000000000000004 8.5000000000000018 10.500000000000002 9.2980567913430363 7457.8997976190467 9.5000000000000018 22.500000000000004 7.5000000000000009 1.0761039209160004 8423.7003571428595 6.0064935064935074 0.84807692307692317 22.500000000000004 8743.2819781144772 77.500000000000014 25709.700000000004 8165.970875 8738.0948611111126 5.0319185059422757 21.500000000000004 5.196359309370945 2.5000000000000004 0.84807692307692317 2.5000000000000004 0.60434372530753488 8.976826988944735 1.4632662287472764 18.500000000000004 0.8643082064648171 0.52474293645812298 0.78759398496240618 8.9643272945966874 8.5504519220447524 9090.4167730923709 5.3025507865477701 0.80625000000000013 2.5000000000000004 7.5000000000000009 13.500000000000002 2.7253230577523837 -3.6882591093117405 5.7083096993760645 1.5000000000000002 3.5000000000000004
decision_type=2 2 2 2 2 2 2 2 2 2 2 2 2 2 2 2 2 2 2 2 2 2 2 2 2 2 2 2 2 2 2 2 2 2 2 2 2 2 2 2 2 2 2 2 2 2 2 2 2 2 2 2 2 2 2 2 2 2 2 2 2 2
left_child=6 2 7 9 5 -5 -1 11 -9 10 -3 23 14 -14 16 49 -4 50 19 22 21 -20 -13 25 46 33 27 36 29 30 31 52 42 -2 -21 -36 37 41 39 -38 -41 -27 -31 -44 -23 -46 47 -25 -49 -16 -18 -33 -29 54 -24 -56 -8 -58 -59 -40 -15 -62
right_child=1 3 12 4 -6 -7 56 8 -10 -11 -12 18 13 60 15 -17 17 -19 20 34 -22 44 53 24 -26 26 -28 28 -30 32 -32 51 -34 -35 35 -37 38 -39 59 40 -42 -43 43 -45 45 -47 -48 48 -50 -51 -52 -53 -54 -55 55 -57 57 58 -60 -61 61 -63
leaf_value=-0.027973034201390239 0.17722195768830787 0.47266557622295863 -0.053215695281526934 0.40474440587640365 0.78488249365963147 0.68169030173663614 -0.16787851092894315 0.36402368757459846 0.15743440929850841 0.31472920512873404 0.33675812123587762 0.24996100784107966 0.21930428476791097 0.069993033476915406 -0.056635099169742541 -0.16336149189806631 0.21959797887659782 -0.0097599202374002783 0.12549888151051464 0.011783582517321076 0.095455352927584114 0.27988887545925611 0.2411837126129302 0.13181155479300566 0.30791378712730771 0.15112300831880141 0.30696176367052364 0.20638689297348706 0.10010513751758593 0.20944618511538934 0.12345369649061938 0.30127757017002549 0.1694125518216906 0.045879953524980886 0.18413789734318481 0.03918753517800895 0.10753163375587108 0.10363665269050763 0.080314308212955363 0.28200002893286558 0.13554199872706174 0.25990091218383882 0.35523851543200718 0.23586313602728243 0.23839346134147199 0.11436691699855363 0.13989302683298227 0.3150833317303558 0.20626527829568869 0.048165398210421942 0.10929956848487195 0.20475456028491601 0.095436572014395871 0.1073238275744645 0.065932982576675569 0.21995382170871369 -0.19315958973893604 -0.16407645200386176 -0.22184236262541285 0.1635229941565006 -0.071012400631451505 0.043660052913060118
leaf_weight=25 20 56 20 21 20 36 762 26 22 34 22 20 27 21 25 22 20 29 45 21 25 33 20 24 31 20 27 20 31 21 37 30 21 25 20 20 32 23 60 20 21 32 32 23 45 20 31 24 31 22 23 26 20 56 26 22 560 360 55 20 22 21
leaf_count=25 20 56 20 21 20 36 762 26 22 34 22 20 27 21 25 22 20 29 45 21 25 33 20 24 31 20 27 20 31 21 37 30 21 25 20 20 32 23 60 20 21 32 32 23 45 20 31 24 31 22 23 26 20 56 26 22 560 360 55 20 22 21
internal_value=-0.00133822 0.194165 0.152763 0.495116 0.634621 0.58058 -0.174875 0.179569 0.269903 0.398708 0.434839 0.175508 0.0332787 0.0743562 0.0100169 -0.057415 0.0606199 0.0922986 0.1544 0.132746 0.180717 0.195532 0.156022 0.186698 0.220551 0.178147 0.184539 0.177714 0.203126 0.216953 0.188335 0.213165 0.255937 0.104562 0.0776019 0.111991 0.14854 0.183467 0.131297 0.163938 0.207546 0.218472 0.279565 0.305873 0.227509 0.200496 0.195656 0.217307 0.254271 -0.00753897 0.161038 0.256944 0.151338 0.140665 0.167895 0.136878 -0.176986 -0.184084 -0.171789 0.10132 0.0129283 -0.0149918
internal_weight=3326 1564 1375 189 77 57 1762 1123 48 112 78 1075 252 91 161 69 92 72 373 205 168 143 144 702 141 561 516 489 261 230 133 96 97 45 61 40 228 75 153 73 41 52 76 55 98 65 110 79 55 47 43 56 40 124 68 48 1737 975 415 80 64 43
internal_count=3326 1564 1375 189 77 57 1762 1123 48 112 78 1075 252 91 161 69 92 72 373 205 168 143 144 702 141 561 516 489 261 230 133 96 97 45 61 40 228 75 153 73 41 52 76 55 98 65 110 79 55 47 43 56 40 124 68 48 1737 975 415 80 64 43
is_linear=0
shrinkage=0.04


Tree=3
num_leaves=63
num_cat=0
split_feature=13 13 1 10 1 1 14 7 2 19 12 12 12 14 15 10 12 2 5 2 17 19 13 10 15 11 17 17 19 10 10 5 13 6 7 14 17 6 7 19 12 13 11 18 2 12 19 7 11 12 19 17 17 17 13 10 5 11 14 19 7 14
split_gain=65011.9 11223 5463.83 2632.29 1619.02 1224.09 865.625 314.185 219.802 283.714 265.584 238.117 212.002 204.245 191.553 180.245 169.745 167.741 132.994 146.359 125.822 182.931 146.847 126.21 115.897 110.486 114.372 100.67 153.659 161.179 159.443 282.621 118.117 162.412 114.225 109.272 106.891 104.045 93.6945 97.1833 111.024 127.418 82.9689 79.9391 74.0477 71.058 70.1427 76.5377 63.0312 99.4945 122.514 98.6445 82.5269 77.0565 90.3495 58.8898 47.8099 46.6977 44.4269 39.783 37.936 49.8346
threshold=-1.5999999999999999 10.961538461538463 1.0000000180025095e-35 40.500000000000007 1.0000000180025095e-35 1.0000000180025095e-35 7.3233863326935902 11.500000000000002 52.500000000000007 0.99984801714121374 7911.738630136987 6777.2826315789489 4237.6150000000007 1.0000000180025095e-35 0.84764185703758299 6.5000000000000009 8985.0506663630858 37.500000000000007 2.5000000000000004 37.500000000000007 207804.02000000002 0.46043614414499495 7.0500000000000007 14.500000000000002 0.76975051975051989 6.5000000000000009 25709.700000000004 216652.14500000002 0.88060056048106083 2.5000000000000004 4.5000000000000009 1.0000000180025095e-35 5.0438166311300643 99.500000000000014 13.500000000000002 5.8400278700586208 335864.50000000006 317.50000000000006 2.5000000000000004 0.74007204932568926 7570.3875000000007 5.2099143206854359 18.500000000000004 0.091431556948798343 37.500000000000007 9557.4530566534941 1.4857175150366435 15.500000000000002 36.500000000000007 8669.8525294117662 1.2167152672823096 322507.71500000003 363608.02500000002 439892.66500000004 5.3308457711442792 25.500000000000004 2.5000000000000004 43.500000000000007 5.5137556052264811 1.0723466035058122 13.500000000000002 2.7253230577523837
decision_type=2 2 2 2 2 2 2 2 2 2 2 2 2 2 2 2 2 2 2 2 2 2 2 2 2 2 2 2 2 2 2 2 2 2 2 2 2 2 2 2 2 2 2 2 2 2 2 2 2 2 2 2 2 2 2 2 2 2 2 2 2 2
left_child=5 2 3 20 6 13 15 -8 9 12 -11 56 -5 -1 18 16 -3 -12 24 -20 21 -2 23 25 -4 26 -23 -22 30 36 32 -32 -29 -34 -35 37 -30 44 -27 42 41 -41 -40 59 -33 -13 47 -42 -31 51 -51 57 -53 -54 -55 60 -10 -50 -36 -38 -15 -62
right_child=1 4 14 8 -6 -7 7 -9 11 10 17 45 -14 55 -16 -17 -18 -19 19 -21 27 22 -24 -25 -26 38 -28 28 29 48 31 35 33 34 58 -37 43 -39 39 40 46 -43 -44 -45 -46 -47 -48 -49 49 50 -52 52 53 54 -56 -57 -58 -59 -60 -61 61 -63
leaf_value=-0.056268635943717484 0.072434844159588369 0.45312746761068473 0.40351292636060065 0.018830355467734396 0.75660505559520785 0.069583319023557424 0.64816691767666978 0.46443241502875993 -0.071991925313698121 -0.12730996693367566 0.0930993977494953 0.061719428770769684 0.18414668941849713 -0.16795076218556776 0.52230458679922376 0.27705520821710156 0.31095552299127155 -0.028279533239886582 0.49896869980969188 0.3512221711450278 0.073235118334789226 0.15701765774395265 0.25321694901368685 0.26562100692767998 0.27371814670790712 0.25336604438755844 0.044573528200264292 0.20346638651906102 0.10344995924206668 0.17398963688674129 0.3041328507166764 0.16929847655472929 0.043309829773386654 0.093663491829028056 0.15010218373578579 0.087110692076868834 0.1190991051050159 0.11454752839893934 0.16785169433517708 0.25199252381443549 0.18692152878672805 0.13023375236266874 0.27195194481724527 0.24905621274810874 0.25453451595997878 -0.03879185470924558 0.052368919612163334 0.09830585301771462 0.10463057113199657 0.0050641950622786203 0.12112336306736386 0.20958998420227193 0.055266180507737586 0.18480839650264647 0.093813888974203744 -0.1047841505268913 -0.15826178876253275 0.025889278342820937 0.23684039563088866 0.19619416297224054 -0.18843563174923528 -0.16944509852083722
leaf_weight=24 29 33 22 23 28 34 26 40 20 23 34 24 27 733 21 37 25 39 26 21 35 37 37 20 25 22 24 31 30 21 30 35 35 34 20 23 21 25 30 28 29 28 22 27 33 21 20 35 27 33 26 21 22 37 34 20 22 22 20 24 549 402
leaf_count=24 29 33 22 23 28 34 26 40 20 23 34 24 27 733 21 37 25 39 26 21 35 37 37 20 25 22 24 31 30 21 30 35 35 34 20 23 21 25 30 28 29 28 22 27 33 21 20 35 27 33 26 21 22 37 34 20 22 22 20 24 549 402
internal_value=-0.00127163 0.186428 0.146678 0.122565 0.475377 -0.167882 0.426016 0.537714 0.00117444 0.0311667 -0.00907285 -0.0491124 0.10833 -0.172559 0.410517 0.34791 0.392522 0.0282758 0.384993 0.433883 0.150101 0.169232 0.177657 0.168091 0.335243 0.160896 0.112955 0.139704 0.143375 0.125284 0.165141 0.194506 0.134386 0.114552 0.148117 0.165899 0.167586 0.185248 0.174493 0.165318 0.147688 0.191489 0.21237 0.194101 0.211005 0.0147878 0.118271 0.13872 0.107458 0.10108 0.0563612 0.117209 0.137644 0.121169 0.141455 -0.174192 -0.117497 0.0694428 0.194004 0.160605 -0.175009 -0.180429
internal_weight=3326 1564 1375 1260 189 1762 161 66 233 146 96 87 50 1728 115 95 58 73 94 47 1027 361 332 295 47 275 61 666 631 345 286 146 140 109 74 116 102 93 214 192 140 56 52 72 68 45 84 64 243 222 59 163 114 93 71 1704 42 49 40 45 1684 951
internal_count=3326 1564 1375 1260 189 1762 161 66 233 146 96 87 50 1728 115 95 58 73 94 47 1027 361 332 295 47 275 61 666 631 345 286 146 140 109 74 116 102 93 214 192 140 56 52 72 68 45 84 64 243 222 59 163 114 93 71 1704 42 49 40 45 1684 951
is_linear=0
shrinkage=0.04


Tree=4
num_leaves=63
num_cat=0
split_feature=13 13 10 13 2 0 5 6 6 13 0 0 13 13 2 0 0 0 6 5 6 10 0 6 19 6 17 11 19 19 6 10 17 19 17 5 17 10 11 17 2 6 6 0 16 19 19 16 19 7 6 10 7 0 13 0 10 6 11 19 15 10
split_gain=59925.8 10345.7 2338.27 1347.46 404.602 325.593 567.47 285.529 218.536 216.448 208.244 402.978 198.41 184.508 148.995 249.323 159.207 135.296 121.893 116.901 175.028 118.302 177.851 112.256 110.703 187.083 133.026 207.9 162.962 207.922 121.216 110.827 106.61 90.3636 88.3665 138.788 117.519 94.2723 136.169 104.19 96.168 148.409 104.994 113.052 114.6 130.42 86.1675 83.827 78.2972 116.628 74.2385 72.1803 67.9704 62.6044 55.0675 58.4476 65.8297 54.1843 52.9827 51.6666 51.2207 45.5479
threshold=-1.5999999999999999 10.961538461538463 40.500000000000007 13.353469387755103 37.500000000000007 9.1968598107530948 2.5000000000000004 50.500000000000007 242.50000000000003 7.0500000000000007 8.8003030542807696 9.0854175316082628 -3.0954545454545452 11.921327642037093 52.500000000000007 8.8373952110106675 8.8003030542807696 9.1220570327386081 98.500000000000014 2.5000000000000004 203.50000000000003 10.500000000000002 9.2980567913430363 29.500000000000004 1.0761039209160004 99.500000000000014 445021.48500000004 82.500000000000014 0.75703785920135658 0.52474293645812298 351.50000000000006 4.5000000000000009 621552.85500000021 2.0351453302864702 413209.77500000008 2.5000000000000004 351165.09500000009 9.5000000000000018 19.500000000000004 59012.005000000005 22.500000000000004 191.50000000000003 269.50000000000006 8.8560012691172947 0.88562091503267981 0.70438916614757785 1.4143572004728149 0.81534090909090928 1.4632662287472764 18.500000000000004 278.50000000000006 2.5000000000000004 13.500000000000002 8.9970858677763257 -3.648863636363636 9.3384653006307747 16.500000000000004 148.50000000000003 19.500000000000004 0.76019057376888155 0.83678646934460899 5.5000000000000009
decision_type=2 2 2 2 2 2 2 2 2 2 2 2 2 2 2 2 2 2 2 2 2 2 2 2 2 2 2 2 2 2 2 2 2 2 2 2 2 2 2 2 2 2 2 2 2 2 2 2 2 2 2 2 2 2 2 2 2 2 2 2 2 2
left_child=12 2 9 8 10 6 -5 14 13 17 -4 -12 52 -3 16 -16 -6 24 -11 20 33 22 -21 -18 26 -26 30 28 29 -28 34 -31 -29 47 36 -36 37 39 -39 -2 41 -41 43 44 45 58 -22 61 -24 57 -48 -38 -1 -30 55 56 -54 -50 -42 -40 -49 -19
right_child=1 3 4 5 7 -7 -8 -9 -10 18 11 -13 -14 -15 15 -17 23 19 -20 21 46 -23 48 -25 25 -27 27 32 53 31 -32 -33 -34 -35 35 -37 51 38 59 40 42 -43 -44 -45 -46 -47 50 60 49 -51 -52 -53 54 -55 -56 -57 -58 -59 -60 -61 -62 -63
leaf_value=-0.15392204787162442 0.09066323252491941 0.315132965433645 0.18965979019391166 0.36583670877167396 0.09818417277469102 0.72801349450106645 0.63132245145676213 0.13320473361354304 0.28573278270119601 0.30317118429416434 -0.079634646917406418 0.14542268370356515 -0.065122822736365354 0.45202696445697321 -0.13746848846702883 0.0082393240553187575 -0.092536204130940852 0.17285294437705542 0.17180878804097721 0.11474240242080255 0.032389997885296035 0.086084465505592386 0.26228989943997016 0.028920654634707967 0.13804098536126055 0.30077795658604239 0.17881492905951074 0.08353503020246697 0.12737915435513317 0.25653446402485008 0.060030470864096679 0.38883936698402838 0.19919933789456054 0.076410655452741838 0.17609383248604868 0.028722676139565841 0.16294140257645601 0.27288319143755679 0.19110276924578892 0.19226771735497727 0.13968953085161442 0.058724701873018592 0.23363479406879881 0.21316436283945187 0.053336534802190853 0.08728891315650307 0.16937196432131724 0.081993399378247733 0.17993945725885521 0.10380768790173887 0.066831779831434152 0.26265349048510239 -0.17532390855082572 0.21939976253550808 -0.19637271757720379 -0.14666742181322578 -0.11954223259440008 0.27094788138546155 0.219919156205622 0.11036586560344244 0.16621429279721534 0.25220879882129271
leaf_weight=757 44 25 29 21 25 20 36 21 37 28 21 32 34 50 37 38 22 32 20 45 38 25 33 27 20 27 27 31 26 22 20 21 22 21 21 20 20 26 35 22 22 34 36 42 22 30 21 21 25 20 25 31 626 23 117 191 37 20 37 21 27 20
leaf_count=757 44 25 29 21 25 20 36 21 37 28 21 32 34 50 37 38 22 32 20 45 38 25 33 27 20 27 27 31 26 22 20 21 22 21 21 20 20 26 35 22 22 34 36 42 22 30 21 21 25 20 25 31 626 23 117 191 37 20 37 21 27 20
internal_value=-0.00120785 0.179 0.140835 0.456425 0.030696 0.585564 0.534359 -0.00450571 0.367182 0.165543 0.103616 0.0562293 -0.161168 0.406903 -0.0240043 -0.0637039 0.0162365 0.161795 0.248949 0.142167 0.121716 0.167022 0.181088 -0.0256477 0.172199 0.232011 0.167869 0.198285 0.227712 0.267101 0.156995 0.321947 0.131869 0.152541 0.161166 0.104499 0.16664 0.158694 0.196866 0.147792 0.158002 0.111473 0.171712 0.156986 0.135538 0.155752 0.0771615 0.168416 0.211385 0.185147 0.113953 0.223985 -0.163053 0.170972 -0.170152 -0.166535 -0.172232 0.220943 0.190324 0.161113 0.129656 0.203838
internal_weight=3326 1564 1375 189 252 77 57 170 112 1123 82 53 1762 75 149 75 74 1075 48 373 205 168 143 49 702 47 655 172 119 70 483 43 53 121 463 41 422 371 82 289 245 56 189 153 111 89 84 100 98 65 46 51 1728 49 971 854 663 45 59 56 48 52
internal_count=3326 1564 1375 189 252 77 57 170 112 1123 82 53 1762 75 149 75 74 1075 48 373 205 168 143 49 702 47 655 172 119 70 483 43 53 121 463 41 422 371 82 289 245 56 189 153 111 89 84 100 98 65 46 51 1728 49 971 854 663 45 59 56 48 52
is_linear=0
shrinkage=0.04


Tree=5
num_leaves=63
num_cat=0
split_feature=13 13 1 10 13 1 1 13 15 17 3 6 0 6 6 6 0 0 15 6 3 17 17 14 13 13 10 10 19 0 0 11 5 17 14 3 5 5 12 14 15 13 0 12 13 19 12 16 16 5 6 12 14 14 6 14 12 19 19 10 13 17
split_gain=53298.9 9728.72 4748.92 1965.15 1942.23 891.299 537.597 383.855 263.878 249.539 152.043 161.112 146.571 134.982 282.959 128.987 110.072 104.753 103.013 159.151 143.96 84.1054 196.51 132.529 92.3591 124.7 122.574 83.8363 97.2036 182.588 153.734 142.858 78.4083 72.237 90.7021 97.5186 182.728 179.507 111.655 104.129 63.7794 231.193 144.199 119.027 127.211 131.812 108.533 93.8572 84.7123 84.6513 52.9243 70.3997 51.8052 51.3992 51.351 47.5008 47.4938 44.3449 42.7296 38.2535 33.7585 38.7395
threshold=-1.5999999999999999 9.2916666666666696 1.0000000180025095e-35 40.500000000000007 13.353469387755103 1.0000000180025095e-35 1.0000000180025095e-35 -3.0954545454545452 0.84764185703758299 532647.30000000005 7.5000000000000009 112.50000000000001 10.022094145022225 32.500000000000007 50.500000000000007 14.500000000000002 9.0106917638308435 8.8775500327218051 0.78171368861024049 96.500000000000014 5.5000000000000009 25709.700000000004 33701.235000000008 4.2265825009042226 5.0533428165007122 5.0736224028906962 15.500000000000002 14.500000000000002 1.4143572004728149 9.2398219852143662 9.4867015404918771 51.500000000000007 2.5000000000000004 61105.830000000009 5.0490626614898391 5.5000000000000009 1.5000000000000002 1.5000000000000002 7815.7340492957765 5.4143856534526948 0.86542009055844382 6.0064935064935074 8.7882396528750828 8504.4842260442274 5.1961867426942279 0.60861127077563992 8289.4765430402931 0.91287878787878796 0.84807692307692317 1.5000000000000002 113.50000000000001 7876.5089015151525 5.3281403211265994 9.1096127961859477 56.500000000000007 2.450575636393745 9334.7732183908065 0.76511588564357691 0.9525385872938823 24.500000000000004 -3.9654761904761902 22298.495000000006
decision_type=2 2 2 2 2 2 2 2 2 2 2 2 2 2 2 2 2 2 2 2 2 2 2 2 2 2 2 2 2 2 2 2 2 2 2 2 2 2 2 2 2 2 2 2 2 2 2 2 2 2 2 2 2 2 2 2 2 2 2 2 2 2
left_child=5 2 3 12 9 7 53 54 18 10 11 -3 21 15 17 16 -5 -15 19 -4 -20 23 -23 -2 26 -26 33 28 29 40 -30 -31 -17 -24 -35 36 -36 -37 -39 -38 41 43 -43 44 -27 -46 49 48 56 -47 -42 -52 -32 -6 55 -1 -45 -41 -12 -56 61 -57
right_child=1 4 8 13 6 -7 -8 -9 -10 -11 58 -13 -14 14 -16 32 -18 -19 20 -21 -22 22 24 -25 25 27 -28 -29 30 31 52 -33 -34 34 35 37 39 38 -40 57 50 42 -44 47 45 46 -48 -49 -50 -51 51 -53 -54 -55 59 60 -58 -59 -60 -61 -62 -63
leaf_value=-0.20212661626473283 0.1308688238379794 0.33633007938643372 0.24937756843122252 -0.061392285896470347 0.48240769956865875 0.067517048280263683 0.75945430900248301 -0.016338016687865425 0.51103553620143904 0.23171313486366626 0.26525277448422979 0.48471056999557044 0.026277176562826431 -0.1367932348409702 0.094953012964618735 0.026673567375974983 0.04126870248478709 -0.031819464199223747 0.46890102869784661 0.39679595394514089 0.32089538442108018 0.022408501840682615 0.090128992907354752 0.26673840624776046 0.043046226994137918 0.1790377532910305 0.24591760695520026 0.072456739289419994 0.26077100085025007 0.12487988626405437 0.18611646912404609 -0.0016019663614096099 0.10299059807784915 0.21194621404012043 0.24345511607185955 0.025898114579190185 0.082090694209788942 0.083061846385439078 0.19257415315297643 0.21946915835290404 0.20877110450809988 0.11362397055226968 -0.024877594167535953 0.19705041194134182 0.024102871254137698 0.017848199837243377 0.16944246281920589 0.11982341139335333 0.26058230392171139 0.12497314406834108 0.18989696881205764 0.10361190506338713 0.10923911700948784 0.57174074651875018 -0.15639249219082627 -0.16362169174047619 0.12050884777900732 0.13965780465204097 0.35094430879722183 -0.10204431438338164 -0.1872861965495709 -0.1064850965188988
leaf_weight=78 28 25 31 36 35 29 21 31 20 32 23 25 20 27 20 50 31 35 22 20 23 25 32 20 27 43 22 37 24 28 24 29 38 38 36 27 35 25 38 20 32 25 23 38 29 20 42 38 24 29 29 33 36 23 1378 74 21 28 20 22 61 27
leaf_count=78 28 25 31 36 35 29 21 31 20 32 23 25 20 27 20 50 31 35 22 20 23 25 32 20 27 43 22 37 24 28 24 29 38 38 36 27 35 25 38 20 32 25 23 38 29 20 42 38 24 29 29 33 36 23 1378 74 21 28 20 22 61 27
internal_value=0.00340196 0.170495 0.132307 0.109773 0.428249 -0.152092 0.583669 -0.155909 0.377144 0.32962 0.363002 0.41138 0.133772 0.00595562 -0.0355104 0.0279141 -0.0138719 -0.0777127 0.348727 0.307891 0.394177 0.135907 0.133274 0.18796 0.136243 0.12746 0.154602 0.131222 0.13504 0.128051 0.175 0.0606043 0.0597308 0.147309 0.154669 0.144149 0.168025 0.112406 0.149349 0.135031 0.137055 0.128684 0.0473033 0.14241 0.119895 0.0985544 0.122206 0.172598 0.196563 0.0814148 0.16643 0.144244 0.140282 0.51879 -0.158545 -0.175949 0.170091 0.173341 0.305877 -0.155547 -0.163216 -0.148488
internal_weight=3282 1582 1378 1262 204 1700 79 1671 116 125 93 50 1025 237 82 155 67 62 96 51 45 1005 957 48 932 631 301 604 567 483 84 57 88 279 247 209 119 90 63 83 426 332 48 284 163 120 91 121 83 49 94 62 60 58 1640 240 59 48 43 1400 162 101
internal_count=3282 1582 1378 1262 204 1700 79 1671 116 125 93 50 1025 237 82 155 67 62 96 51 45 1005 957 48 932 631 301 604 567 483 84 57 88 279 247 209 119 90 63 83 426 332 48 284 163 120 91 121 83 49 94 62 60 58 1640 240 59 48 43 1400 162 101
is_linear=0
shrinkage=0.04


Tree=6
num_leaves=63
num_cat=0
split_feature=13 13 10 13 13 17 18 18 7 3 6 0 18 9 6 6 0 0 0 6 13 7 0 11 17 17 19 7 10 19 0 14 18 19 14 7 14 14 15 13 12 12 12 14 14 15 14 14 7 0 0 18 6 17 14 7 12 12 15 19 7 13
split_gain=49129.8 8969.12 1911.28 1790.48 334.539 230.075 207.385 190.474 179.285 140.109 148.49 138.794 136.533 128.812 110.144 262.397 109.881 283.613 276.748 143.094 108.437 103.104 98.0941 97.7611 100.725 239.899 286.626 212.396 163.17 145.581 284.07 206.736 128.191 106.405 179.698 97.3861 92.3006 227.065 171.273 148.141 142.569 106.902 90.0585 87.1379 83.7482 148.215 71.9365 68.8756 86.947 72.8415 84.7672 65.9047 60.3873 58.3721 57.3726 62.7375 56.2258 54.1911 111.701 46.4079 44.7837 42.3695
threshold=-1.5999999999999999 9.2916666666666696 40.500000000000007 13.353469387755103 -3.0954545454545452 532647.30000000005 0.31884057971014496 0.14174107142857145 11.500000000000002 7.5000000000000009 112.50000000000001 9.5768185722905681 0.2869249394673124 1.0000000180025095e-35 50.500000000000007 35.500000000000007 8.9970858677763257 8.5364123151350295 8.2462015366760646 10.500000000000002 6.0064935064935074 14.500000000000002 8.8775500327218051 88.500000000000014 455885.82500000007 490261.85000000003 0.77225648791899382 10.500000000000002 2.5000000000000004 1.0761039209160004 9.1030874626548215 6.4845969404375383 0.037268518518518527 1.4143572004728149 5.3130176434362832 13.500000000000002 5.0490626614898391 4.6076982324121678 0.87859649122807026 5.1228448275862073 9246.7210833333356 7792.085392254221 8142.2206346153853 5.2154708092892532 6.4488008953677252 0.81669985067197615 5.1748179151023521 6.1014113789048405 5.5000000000000009 8.3295494970936819 8.93234192060849 0.10790020790020792 92.500000000000014 263673.97000000003 6.2780919687934817 17.500000000000004 7519.341085972851 8205.9323325358873 0.77459677419354855 0.8643082064648171 15.500000000000002 -3.9422863485016646
decision_type=2 2 2 2 2 2 2 2 2 2 2 2 2 2 2 2 2 2 2 2 2 2 2 2 2 2 2 2 2 2 2 2 2 2 2 2 2 2 2 2 2 2 2 2 2 2 2 2 2 2 2 2 2 2 2 2 2 2 2 2 2 2
left_child=4 2 6 5 56 9 7 11 -5 10 -3 13 -10 23 15 16 17 18 -4 -18 -9 -21 -17 24 29 26 -26 46 -29 36 -31 32 -32 53 -35 -19 37 38 -2 -39 43 -40 -13 -38 45 -42 -27 48 -45 -50 57 52 -30 -34 -49 -56 60 58 -51 -48 -1 -58
right_child=1 3 14 8 -6 -7 -8 20 12 -11 -12 42 -14 -15 -16 22 19 35 -20 21 -22 -23 -24 -25 25 27 -28 28 51 30 31 -33 33 34 -36 -37 40 39 41 -41 44 -43 -44 47 -46 -47 59 54 49 50 -52 -53 -54 -55 55 -57 61 -59 -60 -61 -62 -63
leaf_value=-0.14474891964370412 0.039577675147250128 0.32293047488923088 -0.019222835189667505 0.63475219470136479 -0.015686597026812684 0.22247348505388537 0.26869162119796008 0.13221656798402925 0.58779568117056313 0.2937014288913346 0.4653993867972932 0.045215621384861626 0.44060929280131256 0.23261982494085764 0.11621818262253893 -0.12088224819882423 1.2784986203657709e-05 0.013905724247461532 0.18188591297236717 0.073326328064232185 0.018711262173499922 0.18640492249484086 -0.011870181736989322 0.085760511921997296 0.35246569884250833 0.26741052932264398 0.14802706030470814 0.20174331840290965 0.061247582127205762 0.28420326052115402 0.065330872884517305 0.26978644938490504 0.16843092832368672 0.29487254479631259 0.13437225866135052 -0.094002673887335186 0.04738931383829792 0.28539112275053063 0.23117373725407803 0.14629932967689929 0.2531835514307022 0.11499862614935234 0.12931720308138084 0.073457942187690278 0.10938083718179172 0.1161572948112307 0.13339098492665077 0.037375450556971633 0.081654628499061271 0.21598400342523755 0.095508644202438139 0.024598218218773199 0.1601430078288216 0.09278693718678506 0.15004688646375519 0.058692934467894205 -0.14156045032365433 0.21483524986717242 0.0831959004311765 0.22155745613041208 -0.19729678947772783 -0.15576462335292854
leaf_weight=46 27 25 20 33 31 32 23 26 20 43 25 28 26 34 21 22 26 24 24 37 28 20 33 34 25 24 20 25 20 33 31 22 29 20 26 30 31 31 22 21 33 31 77 31 24 21 20 25 22 20 24 22 20 39 29 21 1026 41 21 20 67 530
leaf_count=46 27 25 20 33 31 32 23 26 20 43 25 28 26 34 21 22 26 24 24 37 28 20 33 34 25 24 20 25 20 33 31 22 29 20 26 30 31 31 22 21 33 31 77 31 24 21 20 25 22 20 24 22 20 39 29 21 1026 41 21 20 67 530
internal_value=0.003278 0.163703 0.127036 0.41119 -0.146011 0.316491 0.149591 0.14707 0.560416 0.348546 0.394992 0.150864 0.505783 0.155758 0.028627 0.0207785 0.044032 0.0152978 0.0905912 0.0778758 0.0735423 0.113295 -0.0556516 0.152842 0.155448 0.180901 0.262178 0.156508 0.115538 0.148029 0.176794 0.155401 0.137858 0.157488 0.204687 -0.0460694 0.135879 0.164485 0.121872 0.229646 0.124819 0.163604 0.106974 0.110721 0.172489 0.200246 0.211904 0.119078 0.13405 0.14864 0.162434 0.0804762 0.111021 0.125276 0.0871759 0.111912 -0.148429 0.181857 0.148387 0.177967 -0.17607 -0.14641
internal_weight=3282 1582 1378 204 1700 125 1121 1098 79 93 50 1044 46 939 257 236 181 98 44 83 54 57 55 905 871 196 45 151 87 675 200 167 145 114 46 54 475 132 80 52 343 53 105 265 78 54 64 234 159 128 106 62 40 68 75 50 1669 82 41 40 113 1556
internal_count=3282 1582 1378 204 1700 125 1121 1098 79 93 50 1044 46 939 257 236 181 98 44 83 54 57 55 905 871 196 45 151 87 675 200 167 145 114 46 54 475 132 80 52 343 53 105 265 78 54 64 234 159 128 106 62 40 68 75 50 1669 82 41 40 113 1556
is_linear=0
shrinkage=0.04


Tree=7
num_leaves=63
num_cat=0
split_feature=13 13 1 15 1 14 1 7 13 13 15 7 2 7 7 15 0 12 0 0 6 18 18 13 17 17 12 13 15 12 7 19 0 17 12 13 17 18 6 18 17 6 7 7 13 6 12 13 15 19 12 7 19 12 14 17 12 18 13 13 15 19
split_gain=45286.5 8294.14 4257.32 1786.04 1416.25 823.059 820.994 446.96 335.496 326.737 242.557 177.142 169.646 373.469 289.312 154.243 130.838 116.221 93.4504 312.55 90.8659 87.6203 141.561 115.457 87.3414 123.697 76.7551 71.1031 122.687 130.851 118.907 102.389 108.144 83.2982 133.475 118.765 76.3084 85.2566 70.9303 101.131 99.4152 98.7152 93.2723 152.43 134.389 123.24 74.066 77.9519 77.3202 114.965 78.1408 75.1446 66.6677 65.3824 81.1536 63.0232 59.9363 55.8176 67.4562 58.6196 51.3174 47.8642
threshold=-1.5999999999999999 11.921327642037093 1.0000000180025095e-35 0.18333333333333338 1.0000000180025095e-35 7.3233863326935902 1.0000000180025095e-35 11.500000000000002 9.2916666666666696 -3.0954545454545452 0.84764185703758299 12.500000000000002 37.500000000000007 18.500000000000004 24.500000000000004 0.78171368861024049 10.022094145022225 9108.066930438843 8.8775500327218051 9.1170840664550905 239.50000000000003 0.31884057971014496 0.14174107142857145 6.0064935064935074 22298.495000000006 37661.125000000007 5918.8233333333346 5.0533428165007122 0.75688305127557476 7850.4805263157896 25.500000000000004 0.5357292972010721 8.5805444050894959 88473.515000000029 8738.0948611111126 4.5577777777777788 612720.08499999996 0.11796331435800128 294.50000000000006 0.062019230769230778 335864.50000000006 351.50000000000006 27.500000000000004 18.500000000000004 5.1961867426942279 162.50000000000003 8944.6548713738393 5.8950428396572834 0.80374649859943992 1.4143572004728149 7778.7351576994452 7.5000000000000009 0.83833851740381682 7711.3453333333346 5.2154708092892532 439892.66500000004 8637.0273347435232 0.016807909604519777 -3.6882591093117405 -3.7299679487179485 0.87240537240537253 0.82978190700553178
decision_type=2 2 2 2 2 2 2 2 2 2 2 2 2 2 2 2 2 2 2 2 2 2 2 2 2 2 2 2 2 2 2 2 2 2 2 2 2 2 2 2 2 2 2 2 2 2 2 2 2 2 2 2 2 2 2 2 2 2 2 2 2 2
left_child=6 2 3 12 5 17 9 -7 16 57 11 -4 13 -2 18 -13 21 20 26 -20 -3 22 24 -24 -5 -26 -14 30 29 -29 31 -27 -33 -34 52 -36 38 -38 42 -40 -41 56 43 46 -45 -46 48 -48 51 50 -50 -30 -35 -54 -55 -53 -42 -1 59 -59 -52 -9
right_child=1 4 10 8 -6 7 -8 61 -10 -11 -12 15 14 -15 -16 -17 -18 -19 19 -21 -22 -23 23 -25 25 27 -28 28 36 -31 -32 32 33 34 35 -37 37 -39 39 40 41 -43 -44 44 45 -47 47 -49 49 -51 60 55 53 54 -56 -57 -58 58 -60 -61 -62 -63
leaf_value=-0.1533820360724539 0.15746545978795701 0.37579634666442863 0.40454214758743329 0.20042861006285745 0.67455542023648918 0.59641605762537997 0.070584268152099297 0.33361439398865195 0.25612627104547625 -0.015061155331479774 0.48084660539129892 0.23398433079938039 -0.047265074950774699 -0.026662618284640102 0.096971609518700042 0.36330017890053229 0.020968170272770207 0.20979862501188529 0.093584742851528846 -0.07636488866118793 0.26143328149656681 0.20778926192231439 0.11877623986406445 -0.0038305898182895556 0.03619300855583403 0.085401231668146713 -0.14226899208714119 0.12456050157250456 0.16448705640853259 -0.018072281652152255 0.070835893334218747 0.23257806993798164 0.20900413141509916 0.052880161708438546 0.13804324603370355 0.26001674253703194 0.12553546452414396 0.011367413477221531 0.022989630747704482 0.048893476976341457 0.2078128670299568 0.06536734782641207 0.20436608412733109 0.18808223159752083 0.030742890914708904 0.11967382138227008 0.23718754216021065 0.13216533657330184 0.20833284133983448 0.24494497120083861 0.14074083499777132 0.032600259456597981 0.078141674925424023 0.2123767289196774 0.11720067122630645 0.12595716169095153 0.12057247050396808 -0.13532504412526547 -0.16423573317377119 -0.072208650862553209 0.068284332531070288 0.42966281266947881
leaf_weight=861 32 22 33 25 29 27 29 20 31 31 21 37 43 39 29 26 20 28 28 45 26 20 24 25 25 33 20 20 22 21 33 30 33 23 30 23 22 20 22 25 30 20 30 20 51 49 28 20 21 20 58 26 28 23 40 21 23 618 136 25 22 20
leaf_count=861 32 22 33 25 29 27 29 20 31 31 21 37 43 39 29 26 20 28 28 45 26 20 24 25 25 33 20 20 22 21 33 30 33 23 30 23 22 20 22 25 30 20 30 20 51 49 28 20 21 20 58 26 28 23 40 21 23 618 136 25 22 20
internal_value=0.00315866 0.157181 0.125171 0.104243 0.41935 0.367146 -0.140172 0.469579 0.126455 -0.143835 0.35615 0.32838 0.00473931 0.0564013 -0.0174996 0.287876 0.122511 0.276319 -0.0419769 -0.0111125 0.314564 0.124525 0.122813 0.0563006 0.126283 0.124227 -0.0776344 0.126701 0.118596 0.0515898 0.142832 0.151828 0.161309 0.150497 0.138806 0.191403 0.123577 0.0713734 0.127874 0.100729 0.118119 0.1417 0.136236 0.130466 0.0935171 0.074415 0.149041 0.193836 0.137617 0.156989 0.139327 0.10344 0.114189 0.129588 0.152261 0.0745342 0.17029 -0.146267 -0.138382 -0.132886 0.12095 0.38264
internal_weight=3282 1582 1410 1293 172 143 1700 67 1057 1671 117 96 236 71 165 63 1026 76 136 73 48 1006 986 49 937 912 63 887 591 41 296 263 230 200 167 53 550 42 508 120 98 73 388 358 120 100 238 48 190 121 101 69 114 91 63 47 53 1640 779 643 80 40
internal_count=3282 1582 1410 1293 172 143 1700 67 1057 1671 117 96 236 71 165 63 1026 76 136 73 48 1006 986 49 937 912 63 887 591 41 296 263 230 200 167 53 550 42 508 120 98 73 388 358 120 100 238 48 190 121 101 69 114 91 63 47 53 1640 779 643 80 40
is_linear=0
shrinkage=0.04


Tree=8
num_leaves=63
num_cat=0
split_feature=13 13 1 10 1 14 1 7 13 13 15 7 2 0 19 0 6 0 6 13 6 0 0 18 18 13 10 6 7 0 19 11 0 14 19 11 18 10 18 15 19 13 10 12 12 15 6 14 14 2 14 18 13 13 18 12 0 2 19 6 0 12
split_gain=41744 7646.54 3924.68 1657.98 1305.42 758.797 756.724 411.91 308.604 301.104 223.655 163.251 155.888 272.609 148.285 145.304 123.938 120.932 107.438 139.389 84.7926 146.489 197.863 80.5061 131.063 106.447 80.9754 215.861 95.4688 63.3799 104.229 86.5081 78.2929 254.05 147.408 185.993 100.313 88.8574 135.936 126.329 171.661 118.927 93.4903 195.874 124.321 107.062 89.884 72.53 57.177 121.988 131.886 51.4171 62.2244 61.1125 50.6849 65.4835 48.4559 45.9792 44.0933 42.5035 41.8971 38.4258
threshold=-1.5999999999999999 11.921327642037093 1.0000000180025095e-35 40.500000000000007 1.0000000180025095e-35 7.3233863326935902 1.0000000180025095e-35 11.500000000000002 9.2916666666666696 -3.0954545454545452 0.84764185703758299 12.500000000000002 52.500000000000007 8.8373952110106675 0.99976723133874223 9.1652488593346764 35.500000000000007 10.022094145022225 221.50000000000003 12.820450885668278 10.500000000000002 9.1220570327386081 8.8560012691172947 0.31884057971014496 0.14174107142857145 6.0064935064935074 13.500000000000002 225.50000000000003 18.500000000000004 9.5768185722905681 1.5065786741392111 50.500000000000007 9.2456901389271504 5.1050825650481224 1.0761039209160004 31.500000000000004 0.10790020790020792 4.5000000000000009 0.057641196013289042 0.7891030392883619 0.78308584904622214 4.732057416267943 2.5000000000000004 8185.6028231970768 8292.5334374162449 0.83225108225108235 176.50000000000003 5.8400278700586208 5.3363607841262075 37.500000000000007 4.9556473559372956 0.016807909604519777 -3.7071428571428569 -3.7299679487179485 0.035929432013769365 9090.4167730923709 8.6825983002715077 37.500000000000007 0.82978190700553178 56.500000000000007 9.1030874626548215 9246.7210833333356
decision_type=2 2 2 2 2 2 2 2 2 2 2 2 2 2 2 2 2 2 2 2 2 2 2 2 2 2 2 2 2 2 2 2 2 2 2 2 2 2 2 2 2 2 2 2 2 2 2 2 2 2 2 2 2 2 2 2 2 2 2 2 2 2
left_child=6 2 3 8 5 18 9 -7 17 51 11 -4 16 -14 -13 -15 20 23 -3 -20 -5 22 -22 24 26 -26 29 28 -28 30 32 -32 34 -34 37 -36 -35 38 46 40 47 -40 44 -44 -43 -45 -2 -39 49 -41 -51 59 53 -53 60 -56 -46 -31 -9 -1 -54 -50
right_child=1 4 10 12 -6 7 -8 58 -10 -11 -12 14 13 15 -16 -17 -18 -19 19 -21 21 -23 -24 -25 25 -27 27 -29 -30 57 31 -33 33 36 35 -37 -38 39 41 48 -42 42 43 45 56 -47 -48 -49 61 50 -52 52 54 -55 55 -57 -58 -59 -60 -61 -62 -63
leaf_value=-0.16656894863996871 0.040047387722606825 0.3250851991723146 0.38840934828328944 -0.0045130738062871788 0.64766591776687255 0.5726474432223837 0.067770599188263891 0.32033620986179329 0.2459141615272718 -0.01446064210014711 0.46170389179934818 0.33356331180092874 -0.10495142770789709 0.11000764428721786 0.20839571667700696 -0.035184869435958527 -0.049208772109386109 0.020133617825769071 0.15473007167056524 0.29553913731595649 0.08803593212538191 0.14760188692830989 -0.064645107007139671 0.199519045815539 0.11404490663302884 -0.0036779731820779015 0.26869391428046963 0.082054621703114339 0.15402046400231201 0.052509296455808416 0.13509611460819973 0.24112216622082155 -0.043698015877263456 0.14974868610531636 0.2559035492600919 0.12827805791349733 0.049538739509107657 0.19240207427051437 0.20893455921255086 0.057249020288594042 0.031203021039487182 0.077513825810321457 0.18267742925615452 -0.012468972376688498 0.1282390908441183 0.099847208929259745 0.11071078994091908 0.097799616093313141 0.15300347233412998 0.23476523622932274 0.10268251802816808 -0.12991291860723317 -0.20511087904483938 -0.062927749373696065 -0.16523285145176914 -0.084739700687313416 0.19872302165249928 0.12039551955527485 0.41256180342750165 -0.14297967791506663 -0.13872966806252163 0.21414612256886323
leaf_weight=155 75 30 33 36 29 27 29 20 31 31 21 34 46 21 29 23 26 20 23 23 38 26 21 20 24 25 25 34 23 40 34 20 20 49 28 54 24 25 22 24 38 39 20 31 29 24 47 28 36 24 25 618 45 23 40 28 37 27 20 706 25 34
leaf_count=155 75 30 33 36 29 27 29 20 31 31 21 34 46 21 29 23 26 20 23 23 38 26 21 20 24 25 25 34 23 40 34 20 20 49 28 54 24 25 22 24 38 39 20 31 29 24 47 28 36 24 25 618 45 23 40 28 37 27 20 706 25 34
internal_value=0.00304407 0.15092 0.120185 0.100091 0.402646 0.352525 -0.134567 0.450879 0.121547 -0.138083 0.341957 0.315288 0.00446826 -0.0369575 0.2764 0.0341585 0.0298525 0.11776 0.265313 0.225666 0.0468839 0.0686553 0.0336406 0.119699 0.118056 0.0540563 0.121398 0.159612 0.214222 0.117708 0.120902 0.174775 0.116908 0.0823653 0.12191 0.17214 0.116943 0.114496 0.100824 0.133366 0.0962711 0.120985 0.110114 0.0757703 0.134531 0.0365977 0.0673549 0.142739 0.156874 0.131585 0.167763 -0.140418 -0.132849 -0.127523 -0.157463 -0.132291 0.168024 0.0800349 0.367413 -0.147247 -0.181664 0.182993
internal_weight=3282 1582 1410 1293 172 143 1700 67 1056 1671 117 96 237 90 63 44 147 1025 76 46 121 85 59 1005 985 49 936 82 48 854 787 54 733 93 640 82 73 558 324 234 91 202 180 75 105 55 122 53 143 73 49 1640 779 641 138 68 66 67 40 861 70 70
internal_count=3282 1582 1410 1293 172 143 1700 67 1056 1671 117 96 237 90 63 44 147 1025 76 46 121 85 59 1005 985 49 936 82 48 854 787 54 733 93 640 82 73 558 324 234 91 202 180 75 105 55 122 53 143 73 49 1640 779 641 138 68 66 67 40 861 70 70
is_linear=0
shrinkage=0.04


Tree=9
num_leaves=63
num_cat=0
split_feature=13 13 1 10 1 14 1 13 13 15 2 6 0 0 6 6 6 13 2 0 0 18 14 18 18 13 17 17 13 13 10 17 18 0 14 13 0 10 14 6 14 0 0 0 14 17 14 17 13 0 14 10 5 16 6 14 0 18 13 13 18 18
split_gain=38478.6 7049.54 3618.05 1528.47 1203.28 699.568 697.497 284.462 277.49 206.229 146.061 179.682 285.369 111.473 102.854 111.179 98.9933 128.485 80.7645 121.153 77.4557 272.801 161.342 74.2254 120.816 98.1408 77.1873 112.035 65.699 113.641 94.4906 66.3414 78.6667 64.7051 63.1544 78.2751 62.1641 57.6184 64.7325 110.606 141.213 96.0243 75.0594 163.289 102.32 57.6119 70.3409 88.11 81.8627 63.076 101.102 62.5522 56.4596 52.2148 60.0942 51.1005 104.111 47.3511 57.4051 56.291 47.2033 46.7057
threshold=-1.5999999999999999 11.921327642037093 1.0000000180025095e-35 40.500000000000007 1.0000000180025095e-35 7.3233863326935902 1.0000000180025095e-35 9.2916666666666696 -3.0954545454545452 0.84764185703758299 37.500000000000007 10.500000000000002 8.9970858677763257 10.022094145022225 49.500000000000007 35.500000000000007 221.50000000000003 12.820450885668278 52.500000000000007 8.8373952110106675 8.7925602367759002 0.066352201257861648 5.36713156526194 0.31884057971014496 0.14174107142857145 6.0064935064935074 22298.495000000006 37661.125000000007 5.0533428165007122 5.0736224028906962 15.500000000000002 612720.08499999996 0.11796331435800128 8.8775500327218051 6.2430638675884689 5.5192592592592602 8.8733300900459877 15.500000000000002 5.4581633187258509 191.50000000000003 5.8888470392458059 8.686470862794673 9.3578007852049403 9.2456901389271504 5.1748179151023521 61105.830000000009 5.0490626614898391 77701.820000000022 4.3377192982456148 8.7063057959722929 5.6381376607830473 2.5000000000000004 1.5000000000000002 0.7633053221288516 269.50000000000006 9.1096127961859477 9.0106917638308435 0.016807909604519777 -3.7071428571428569 -3.7299679487179485 0.074350469872857941 0.035929432013769365
decision_type=2 2 2 2 2 2 2 2 2 2 2 2 2 2 2 2 2 2 2 2 2 2 2 2 2 2 2 2 2 2 2 2 2 2 2 2 2 2 2 2 2 2 2 2 2 2 2 2 2 2 2 2 2 2 2 2 2 2 2 2 2 2
left_child=6 2 3 7 5 16 8 13 57 20 11 -5 -13 23 15 18 -3 -18 36 -20 22 -22 -4 24 26 -26 -2 -28 30 -30 45 34 -33 -17 37 -36 -12 38 42 41 53 -40 43 44 60 -29 -47 -48 -49 50 -50 -51 -46 -41 -55 56 -7 -1 59 -59 -31 -60
right_child=1 4 9 10 -6 55 -8 -9 -10 -11 14 12 -14 -15 -16 33 17 -19 19 -21 21 -23 -24 -25 25 -27 27 28 29 31 -32 32 -34 -35 35 -37 -38 -39 39 40 -42 -43 -44 -45 52 46 47 48 49 51 -52 -53 -54 54 -56 -57 -58 58 61 -61 -62 -63
leaf_value=-0.14135909956252721 0.18625302853337319 0.31212499056147575 0.42034876154558687 -0.034700616821349853 0.62184831409519892 0.34406606025220937 0.065069091234010529 0.23610923060841882 -0.013884077593444627 0.44332327121806936 0.078553654511050411 0.0090061080136061619 0.20711866851101554 0.019332278628847489 0.06182421685297252 -0.13565446131858067 0.14856766379240788 0.28376875062525531 -0.11269205282176781 0.016986561360695547 0.18475330363024547 0.3664302373027421 0.25978411064812196 0.19157798873844431 0.10950204104741579 -0.0035314426312883541 0.030862986633027216 0.068768213724724636 0.02881366526508683 0.11287217170125761 0.21261645703294157 0.11634788590858425 0.0067078108603681498 -0.035988420512341801 0.012627613627495458 0.11249059034363965 -0.0086037011681316059 0.05638373041604932 0.11944179715138477 0.10135137370701645 0.024230229020192846 0.22729724715700922 0.16245628299761791 -0.001222808349754008 0.044736148712815969 0.18238756310595614 0.19869702031709491 0.055046110273893001 0.10317029618801762 0.14982535566871763 0.22987857466060402 0.087639767876768901 0.10921954414504255 0.12310268750831263 0.22159852255012186 0.48613469665313697 0.47380670077172077 -0.12471724314358681 -0.17441777670944639 -0.060421534709600148 0.15904555461732428 -0.12701529927715857
leaf_weight=861 25 30 22 25 29 24 29 31 31 21 22 26 21 20 23 20 23 23 22 24 29 25 20 20 24 25 25 26 27 74 22 22 20 22 20 34 32 21 21 27 20 38 44 21 39 38 22 32 20 41 21 73 50 20 21 23 20 618 70 23 72 68
leaf_count=861 25 30 22 25 29 24 29 31 31 21 22 26 21 20 23 20 23 23 22 24 29 25 20 20 24 25 25 26 27 74 22 22 20 22 20 34 32 21 21 27 20 38 44 21 39 38 22 32 20 41 21 73 50 20 21 23 20 618 70 23 72 68
internal_value=0.00293207 0.144906 0.115395 0.0961022 0.386606 0.338485 -0.129187 0.116703 -0.132563 0.328328 0.00428999 0.051793 0.0978188 0.113068 -0.0164453 -0.0291714 0.254743 0.216681 -0.00618643 -0.0451002 0.302717 0.269422 0.344736 0.114929 0.113351 0.0519014 0.11656 0.114625 0.116983 0.109205 0.132515 0.113044 0.0643258 -0.0837054 0.116947 0.075633 0.0269474 0.121693 0.124743 0.146662 0.117931 0.189209 0.113951 0.105546 0.115092 0.125977 0.131961 0.1227 0.113647 0.12569 0.16852 0.110134 0.0810671 0.145385 0.174017 0.432924 0.404025 -0.134804 -0.127539 -0.122423 0.13575 -0.151183
internal_weight=3282 1582 1410 1293 172 143 1700 1056 1671 117 237 72 47 1025 165 142 76 46 100 46 96 54 42 1005 985 49 936 911 886 591 295 564 42 42 522 54 54 468 447 147 88 59 300 256 235 273 247 209 187 155 41 114 89 68 41 67 44 1640 779 641 146 138
internal_count=3282 1582 1410 1293 172 143 1700 1056 1671 117 237 72 47 1025 165 142 76 46 100 46 96 54 42 1005 985 49 936 911 886 591 295 564 42 42 522 54 54 468 447 147 88 59 300 256 235 273 247 209 187 155 41 114 89 68 41 67 44 1640 779 641 146 138
is_linear=0
shrinkage=0.04


Tree=10
num_leaves=63
num_cat=0
split_feature=13 13 1 11 1 1 14 2 7 18 18 6 19 2 12 12 12 13 16 2 18 16 6 17 14 14 19 18 7 18 13 7 13 5 14 12 11 7 6 19 16 7 5 14 12 16 17 7 19 11 11 18 13 12 18 18 16 19 7 17 11 5
split_gain=35052.4 6670.06 3164.05 1316.74 1279.7 957.999 691.89 263.394 338.138 158.561 143.631 212.111 159.674 139.293 136.82 195.542 167.63 128.997 128.289 127.853 98.035 125.283 233.576 201.2 132.986 319.722 114.974 105.133 163.425 97.4356 93.5564 190.555 132.15 92.9134 100.158 107.182 90.6706 88.4574 147.499 87.3961 85.5439 144.438 129.488 77.4606 257.686 69.5534 69.1109 46.5026 45.6663 43.295 88.6341 41.5343 44.795 65.443 38.9855 70.654 60.5586 77.4657 183.674 68.419 67.1315 66.3211
threshold=-1.5999999999999999 9.2916666666666696 1.0000000180025095e-35 1.0000000180025095e-35 1.0000000180025095e-35 1.0000000180025095e-35 8.8765412357711391 37.500000000000007 15.500000000000002 0.2869249394673124 0.1283882783882784 221.50000000000003 0.90323620111919312 22.500000000000004 5775.9250000000011 10289.877855233006 9135.5931060606072 -3.0954545454545452 0.93095238095238109 52.500000000000007 0.31884057971014496 0.73508771929824568 284.50000000000006 341662.58000000007 6.0747957597347746 6.2923559644931997 0.79591046252560949 0.11922530206112296 14.500000000000002 0.16035714285714289 5.062527138514981 24.500000000000004 5.1656862745098051 3.5000000000000004 5.0060453983769131 8467.5533098591568 24.500000000000004 21.500000000000004 103.50000000000001 0.59438000260894264 0.65476190476190488 8.5000000000000018 2.5000000000000004 5.6381376607830473 8497.033703762756 0.87083333333333346 77701.820000000022 11.500000000000002 1.0834871985708798 51.500000000000007 29.500000000000004 0.024845679012345682 -3.648863636363636 8944.6548713738393 0.11639196206818696 0.095564253098499682 0.81534090909090928 0.88060056048106083 10.500000000000002 443706.00000000006 48.500000000000007 1.5000000000000002
decision_type=2 2 2 2 2 2 2 2 2 2 2 2 2 2 2 2 2 2 2 2 2 2 2 2 2 2 2 2 2 2 2 2 2 2 2 2 2 2 2 2 2 2 2 2 2 2 2 2 2 2 2 2 2 2 2 2 2 2 2 2 2 2
left_child=5 2 3 7 6 17 10 8 -2 -8 -3 29 -13 -10 -9 16 19 51 43 -16 21 22 24 -24 26 -26 39 30 -29 -12 31 37 48 36 -35 -36 46 38 -23 -5 42 -42 -28 44 -4 47 -34 -40 -32 50 -30 -1 -53 -54 55 56 60 58 -58 61 -38 -59
right_child=1 4 18 20 -6 -7 9 14 13 -11 11 12 -14 -15 15 -17 -18 -19 -20 -21 -22 27 23 -25 25 -27 40 28 49 -31 32 -33 33 34 35 -37 54 -39 45 -41 41 -43 -44 -45 -46 -47 -48 -49 -50 -51 -52 52 53 -55 -56 -57 57 59 -60 -61 -62 -63
leaf_value=-0.13511709273325209 0.19321395090802224 0.15937372297196839 0.40250741898377163 0.15333050269042434 0.59106306468925596 0.082031872075507439 0.51386670454903749 -0.093339921571964649 -0.072899286577486885 0.35945659672377872 0.38492977022684804 0.14521723523907279 0.29676564158047014 0.067846843681889452 0.053574121845917054 -0.090286077920043589 0.1252511095288974 -0.050557509592292535 0.39812985105212456 -0.058777417124506418 0.19339475865387798 0.029892719900989712 -0.036549184896144629 0.1237454707092709 -0.035186406215785233 0.14999215032256513 0.16893100937888078 0.0060041020482545261 0.068668517817818159 0.28016917591421009 0.13379390561735474 -0.022572458231129407 0.089085911438178234 0.21022575680151026 0.071867870094347502 0.1831518524622216 0.094026732947596753 0.16865718078289635 0.17358105195680232 0.2533765159005904 0.25983726283804098 0.12198916135268791 0.052535692220908807 0.23936173360232271 0.22373424010447768 0.059871870179575279 0.18170937100636589 0.099154812662724953 0.21450647778036186 0.061633369354166599 0.1869107383044798 -0.11541471564918722 -0.17144147128442633 -0.10647318145791783 0.13393371926664741 0.017158702319202898 0.039802239944492529 0.15583084426709076 0.18463138012706165 0.021941025460742121 -0.0024196914470557009 0.056763156674709554
leaf_weight=1131 22 20 28 27 30 35 24 40 21 22 27 26 20 24 30 33 20 33 22 35 20 53 24 26 21 51 28 51 21 35 23 26 24 24 38 22 23 22 31 31 20 32 34 35 25 25 29 25 24 28 20 424 62 43 21 28 22 20 39 28 23 24
leaf_count=1131 22 20 28 27 30 35 24 40 21 22 27 26 20 24 30 33 20 33 22 35 20 53 24 26 21 51 28 51 21 35 23 26 24 24 38 22 23 22 31 31 20 32 34 35 25 25 29 25 24 28 20 424 62 43 21 28 22 20 39 28 23 24
internal_value=-0.000650095 0.136347 0.104402 0.0863268 0.349619 -0.124885 0.307664 -0.00131229 0.0650814 0.441002 0.259423 0.277768 0.211652 0.00210497 -0.0295026 -0.00778517 0.0242896 -0.129169 0.310013 -0.0068895 0.105509 0.103744 0.125785 0.0468447 0.141927 0.0959801 0.161082 0.0946491 0.0603707 0.326369 0.101559 0.0775476 0.11214 0.103941 0.140978 0.112942 0.0928155 0.0942509 0.0819034 0.207182 0.13745 0.175443 0.105321 0.287534 0.318798 0.115832 0.140051 0.140627 0.175419 0.100459 0.126711 -0.130727 -0.121313 -0.144981 0.08177 0.0764062 0.0856481 0.0993497 0.132581 0.0710227 0.0458595 0.102091
internal_weight=3295 1567 1363 1253 204 1728 174 225 67 46 128 108 46 45 158 118 85 1693 110 65 1028 1008 294 50 244 72 172 714 120 62 594 182 412 365 84 60 281 156 134 58 114 52 62 88 53 81 53 56 47 69 41 1660 529 105 228 207 179 133 61 72 46 44
internal_count=3295 1567 1363 1253 204 1728 174 225 67 46 128 108 46 45 158 118 85 1693 110 65 1028 1008 294 50 244 72 172 714 120 62 594 182 412 365 84 60 281 156 134 58 114 52 62 88 53 81 53 56 47 69 41 1660 529 105 228 207 179 133 61 72 46 44
is_linear=0
shrinkage=0.04


Tree=11
num_leaves=63
num_cat=0
split_feature=13 13 15 13 2 0 19 18 13 7 0 18 6 0 7 2 16 17 0 0 0 2 6 18 18 7 19 7 5 14 0 14 11 6 17 7 13 14 15 13 15 13 15 5 15 13 14 0 16 19 11 0 14 5 0 17 14 16 0 0 13 14
split_gain=32310.5 6149.13 1247.15 1079.81 450.004 230.758 363.946 216.535 184.273 177.852 174.361 146.558 268.735 113.919 103.584 219.97 122.599 112.796 98.0946 92.0777 241.87 143.779 112.487 81.4066 78.3886 74.4151 270.624 159.565 134.98 107.223 231.148 102.237 81.4333 77.3387 153.617 120.801 154.3 103.69 127.48 172.834 122.065 121.136 117.234 97.6971 72.7568 77.7719 92.1353 81.7243 77.9207 70.5363 83.3786 67.3279 130.194 65.6336 65.5671 55.5828 53.9622 48.4485 43.3543 35.5843 35.5661 68.468
threshold=-1.5999999999999999 9.2916666666666696 0.52272727272727282 13.353469387755103 37.500000000000007 8.8156341786190868 1.1518119547276773 0.31884057971014496 -3.0954545454545452 15.500000000000002 8.6110768973546801 0.12579113924050636 215.50000000000003 9.0205112960785332 2.5000000000000004 22.500000000000004 0.51190476190476197 199948.65500000003 10.022094145022225 9.2398219852143662 9.1058605774769159 52.500000000000007 35.500000000000007 0.16035714285714289 0.16100230414746547 25.500000000000004 0.57138952755310168 27.500000000000004 2.5000000000000004 6.0747957597347746 8.8200259074471834 6.3079663694584367 7.5000000000000009 132.50000000000003 438035.77000000008 9.5000000000000018 5.1961867426942279 5.4581633187258509 0.82315711094564425 5.0736224028906962 0.79193722943722955 5.2519841269841274 0.85472069790347549 1.5000000000000002 0.74849397590361455 5.9540825285338022 5.4143856534526948 8.9142160815483571 0.86190476190476206 0.92946461322723317 43.500000000000007 9.0004288692157726 6.4845969404375383 1.0000000180025095e-35 8.7925602367759002 290717.6650000001 5.0893249133362994 0.72077922077922085 8.8599747466090779 8.9551738894000952 -3.6882591093117405 2.6536567454180551
decision_type=2 2 2 2 2 2 2 2 2 2 2 2 2 2 2 2 2 2 2 2 2 2 2 2 2 2 2 2 2 2 2 2 2 2 2 2 2 2 2 2 2 2 2 2 2 2 2 2 2 2 2 2 2 2 2 2 2 2 2 2 2 2
left_child=8 2 4 11 9 -5 -7 14 60 -2 -6 -3 23 -14 15 -4 59 -17 24 20 21 -12 -21 -13 25 29 -27 28 -28 32 31 -31 -18 37 35 36 58 40 39 -39 43 -42 -43 -34 -37 46 49 -48 -47 50 -46 -32 -53 -11 -29 -38 -19 -33 -35 -16 -1 -62
right_child=1 3 7 5 10 6 -8 -9 -10 53 19 12 13 -15 16 17 18 56 -20 22 -22 -23 -24 -25 -26 26 27 54 -30 30 51 57 33 34 -36 44 55 38 -40 -41 41 42 -44 -45 45 48 47 -49 -50 -51 -52 52 -54 -55 -56 -57 -58 -59 -60 -61 61 -63
leaf_value=-0.11932663460118648 0.17657304152301773 0.16327162200538672 0.058617228457398744 0.55117813579270758 -0.093211159924060691 0.30876506916845786 0.53341796566597854 0.24291739265034099 -0.027520925012851388 0.10835163678695907 0.054658173341246043 0.38873873668028319 0.15289992103288913 0.27967187442504371 0.21883698362375226 0.2431399859520505 0.052154733427332643 0.20081671659415368 0.020800277655249208 0.01970340441794417 0.13678098040992293 -0.057722005974368641 -0.10942817959740264 0.29193026220687079 0.04314297976089139 0.204150505501205 -0.080119060181563173 0.037453496064712752 0.064719164690700187 -0.039213633046430697 0.19431235302398556 0.10619643717101125 0.14163345377592115 0.099680536598390879 0.03135550933463551 0.075627252269087994 0.079411604625050286 0.15852187666967721 0.10385926534773404 0.30272210380070885 0.22555439190846291 0.076108180168481351 0.16587976321983683 0.029815320518239131 0.12084768903700642 0.15602436505096814 0.15244096500048707 0.26140063326197316 0.050326277448024551 0.10000442477153355 0.22867054750392959 0.041068466673809215 0.16315524026240882 0.014147652932458725 0.12690613797710984 -0.002492129394257686 0.11979225258814694 0.02197568492301832 0.18045816010726995 0.14099199714945324 -0.11581616780506178 -0.15888621750967635
leaf_weight=1452 30 20 31 27 36 29 20 22 34 20 32 29 26 21 20 32 24 21 20 22 24 42 21 32 27 24 20 20 21 22 21 23 21 21 32 24 28 35 24 22 26 41 55 31 24 23 21 25 22 38 23 25 32 29 39 25 38 21 23 20 128 114
leaf_count=1452 30 20 31 27 36 29 20 22 34 20 32 29 26 21 20 32 24 21 20 22 24 42 21 32 27 24 20 20 21 22 21 23 21 21 32 24 28 35 24 22 26 41 55 31 24 23 21 25 22 38 23 25 32 29 39 25 38 21 23 20 128 114
internal_value=-0.000613888 0.130916 0.100244 0.335691 0.0206593 0.455292 0.401401 0.118643 -0.119891 0.0999799 -0.0147688 0.264362 0.282896 0.210059 0.116099 0.150984 0.111662 0.182328 0.108661 0.00529669 0.0267161 -0.00909 -0.043422 0.338548 0.110603 0.112674 0.0837555 0.0546656 -0.005908 0.117429 0.08622 0.0310167 0.124801 0.127774 0.114825 0.123798 0.0869491 0.144422 0.182013 0.214646 0.126816 0.148722 0.12768 0.0751962 0.141607 0.150545 0.166213 0.21214 0.10462 0.141115 0.174028 0.132805 0.109809 0.0527814 0.0967317 0.0408082 0.148956 0.0661865 0.142264 0.180413 -0.121742 -0.136171
internal_weight=3295 1567 1363 204 256 76 49 1107 1728 79 177 128 108 47 1085 122 963 91 923 141 98 74 43 61 903 876 124 100 41 752 144 66 608 584 329 297 97 255 81 57 174 122 96 52 200 176 131 46 45 85 47 78 57 49 59 53 59 44 44 40 1694 242
internal_count=3295 1567 1363 204 256 76 49 1107 1728 79 177 128 108 47 1085 122 963 91 923 141 98 74 43 61 903 876 124 100 41 752 144 66 608 584 329 297 97 255 81 57 174 122 96 52 200 176 131 46 45 85 47 78 57 49 59 53 59 44 44 40 1694 242
is_linear=0
shrinkage=0.04


Tree=12
num_leaves=63
num_cat=0
split_feature=13 13 1 15 1 1 14 2 7 18 0 18 6 0 16 0 0 19 0 13 16 6 17 10 15 13 2 0 18 18 13 13 18 6 13 14 19 0 13 6 19 19 0 7 0 13 7 15 5 10 7 19 15 2 19 14 16 18 16 19 10 18
split_gain=29783.2 5668.91 2879.98 1151.09 1146.44 882.183 584.894 262.11 303.654 149.299 133.368 121.891 178.218 136.575 113.083 110.689 142.327 192.08 108.806 107.453 107.265 226.378 171.877 169.536 208.693 112.672 105.461 88.3137 331.194 84.4501 82.3839 79.8519 64.3395 100.235 62.7346 112.591 92.6266 131.746 85.9652 82.2728 95.637 88.7689 84.936 174.884 105.191 79.2937 76.7841 128.166 74.1437 78.669 120.497 113.64 73.3845 69.2264 61.4637 61.1478 54.8507 44.9756 43.6688 43.185 40.4745 34.9479
threshold=-1.5999999999999999 9.2916666666666696 1.0000000180025095e-35 0.52272727272727282 1.0000000180025095e-35 1.0000000180025095e-35 8.8765412357711391 37.500000000000007 15.500000000000002 0.2869249394673124 9.067113931499545 0.1283882783882784 221.50000000000003 9.0205112960785332 0.93095238095238109 8.6110768973546801 9.2398219852143662 0.99989089359166283 10.022094145022225 -3.0954545454545452 0.73508771929824568 284.50000000000006 341662.58000000007 11.500000000000002 0.76728257406817468 7.0500000000000007 52.500000000000007 8.7925602367759002 0.066352201257861648 0.16035714285714289 5.1228448275862073 5.5917467948717956 0.08631332481907196 129.50000000000003 6.0064935064935074 4.5152416918234897 1.0723466035058122 8.7334434383984014 5.8141542002301501 99.500000000000014 1.440704820603242 1.1458171208699828 8.7098791286683888 20.500000000000004 9.2513575461042308 5.8950428396572834 9.5000000000000018 0.77842377260981921 1.0000000180025095e-35 2.5000000000000004 9.5000000000000018 1.1679664171220367 0.85289617486338809 37.500000000000007 1.5199796144043722 5.4849785513937386 0.82843137254901966 0.062019230769230778 0.97222222222222232 1.0227232584312251 24.500000000000004 0.024845679012345682
decision_type=2 2 2 2 2 2 2 2 2 2 2 2 2 2 2 2 2 2 2 2 2 2 2 2 2 2 2 2 2 2 2 2 2 2 2 2 2 2 2 2 2 2 2 2 2 2 2 2 2 2 2 2 2 2 2 2 2 2 2 2 2 2
left_child=5 2 3 7 6 19 11 8 -2 -8 -10 -3 29 -14 27 -9 17 26 20 60 21 23 -23 24 32 34 -17 -4 -29 -13 -26 -32 33 59 38 -36 37 -37 39 40 41 56 46 48 -45 -40 53 -48 -44 50 -50 55 -47 -41 -53 -51 -22 -49 -58 -5 61 -1
right_child=1 4 14 18 -6 -7 9 15 10 -11 -12 12 13 -15 -16 16 -18 -19 -20 -21 25 22 -24 -25 30 -27 -28 28 -30 -31 31 -33 -34 -35 35 36 -38 -39 45 42 -42 -43 43 44 -46 52 47 57 49 51 -52 54 -54 -55 -56 -57 58 -59 -60 -61 -62 -63
leaf_value=-0.12538234986400462 0.16956122829465409 0.14608342507585365 0.31714127058873087 0.10597332621539109 0.55081646697465758 0.083455874790832871 0.47570095450057032 -0.089493041071535148 -0.067127986821261323 0.32642804440161483 0.070324364798101363 0.35420556536459835 0.13309936253503821 0.27325999163869596 0.37517566672277658 0.042032091119281738 -0.075480101252478254 0.12579781758325609 0.0051131755906847574 -0.047443811929478025 0.027073209928617545 -0.037164461452723577 0.11403644153321407 0.2261382136788479 0.2359312531311587 0.16475907247200186 -0.055084714679989849 0.13545999633854833 0.34466285903732491 0.25673617048650721 0.098990162377045526 0.18553227328252916 0.025907435046904015 0.04304339487291254 0.13780750012500978 0.077571166026641714 0.095659961258013224 -0.047019349969085016 0.18272533333182728 -0.028329912252094022 0.11975168255227425 -0.016917994455086377 0.19137041515302827 0.10459287331621843 -0.0048720046358176399 0.15071988646554765 0.0093406591486575007 0.084011494840555534 0.094099438925880699 0.02251469957459833 0.23062695358673371 0.20132454238720793 0.058512800630936994 0.076633429642748191 0.10524868324089841 0.10410836478206406 0.12881410237802451 0.16418352155227944 0.056773678404944281 0.18155913989935346 -0.064756912637095876 -0.11261559682396302
leaf_weight=1119 27 20 39 33 30 35 24 36 23 22 22 27 26 20 22 31 38 20 20 33 38 23 25 30 22 32 42 26 23 35 32 38 23 30 23 24 29 31 30 20 36 28 28 28 28 26 20 20 20 29 22 20 30 20 24 30 25 27 30 20 21 520
leaf_count=1119 27 20 39 33 30 35 24 36 23 22 22 27 26 20 22 31 38 20 20 33 38 23 25 30 22 32 42 26 23 35 32 38 23 30 23 24 29 31 30 20 36 28 28 28 28 26 20 20 20 29 22 20 30 20 24 30 25 27 30 20 21 520
internal_value=-0.00057926 0.125702 0.0962515 0.0790069 0.322318 -0.115096 0.282617 2.84328e-05 0.0637812 0.405216 3.35248e-05 0.23826 0.25516 0.194543 0.292414 -0.0274675 -0.0103518 0.0162907 0.0976183 -0.119207 0.0994769 0.120739 0.0416178 0.137362 0.123794 0.0912851 -0.0138149 0.271299 0.2342 0.299717 0.167909 0.146196 0.085364 0.101765 0.0878313 0.0595352 0.0379414 0.00735324 0.0930458 0.0865581 0.0625414 0.0454188 0.0977522 0.111532 0.0499137 0.13007 0.0681667 0.0943331 0.131425 0.119712 0.166039 0.100659 0.101551 0.0241621 0.149322 0.0641428 0.0642063 0.130361 0.08973 0.134822 -0.12063 -0.12134
internal_weight=3295 1567 1363 1253 204 1728 174 239 72 46 45 128 108 46 110 167 131 93 1014 1693 994 276 48 228 198 718 73 88 49 62 92 70 106 83 686 107 84 55 579 493 157 121 336 229 56 86 107 67 173 145 42 103 56 40 44 59 93 47 55 53 1660 1639
internal_count=3295 1567 1363 1253 204 1728 174 239 72 46 45 128 108 46 110 167 131 93 1014 1693 994 276 48 228 198 718 73 88 49 62 92 70 106 83 686 107 84 55 579 493 157 121 336 229 56 86 107 67 173 145 42 103 56 40 44 59 93 47 55 53 1660 1639
is_linear=0
shrinkage=0.04


Tree=13
num_leaves=63
num_cat=0
split_feature=13 13 1 15 1 1 13 2 7 7 2 12 12 12 2 16 0 13 16 6 17 10 15 13 15 0 0 0 16 13 13 12 10 12 13 12 13 6 19 19 0 7 0 13 7 15 5 10 7 19 15 2 12 19 12 16 16 12 15 5 10 10
split_gain=27453.4 5226.17 2654.98 1061.17 1056.74 813.119 515.44 241.62 279.933 166.891 126.359 105.831 154.652 245.869 106.763 104.253 100.302 99.0034 98.8685 208.696 158.459 156.262 192.361 103.844 97.5675 103.702 84.873 81.3446 170.212 75.9542 73.59 73.5269 66.3082 60.4527 57.8283 171.062 79.2339 75.8558 88.1482 81.8416 78.2958 161.241 96.9776 73.0794 70.7891 118.151 68.3251 72.5214 111.073 104.772 67.6449 63.8278 61.0944 56.6586 56.3706 50.5646 40.2517 39.4799 42.5128 41.453 39.5954 39.258
threshold=-1.5999999999999999 9.2916666666666696 1.0000000180025095e-35 0.52272727272727282 1.0000000180025095e-35 1.0000000180025095e-35 13.353469387755103 37.500000000000007 15.500000000000002 13.500000000000002 22.500000000000004 5775.9250000000011 10289.877855233006 9232.0697321428597 52.500000000000007 0.93095238095238109 10.022094145022225 -3.0954545454545452 0.73508771929824568 284.50000000000006 341662.58000000007 11.500000000000002 0.76728257406817468 7.0500000000000007 0.98757716049382727 8.8775500327218051 8.619379675101305 8.7925602367759002 0.77097902097902116 5.1228448275862073 5.5917467948717956 7570.3875000000007 2.5000000000000004 8383.7472758566764 6.0064935064935074 7888.7559771126762 5.8141542002301501 99.500000000000014 1.440704820603242 1.1458171208699828 8.7098791286683888 20.500000000000004 9.2513575461042308 5.8950428396572834 9.5000000000000018 0.77842377260981921 1.0000000180025095e-35 2.5000000000000004 9.5000000000000018 1.1679664171220367 0.85289617486338809 37.500000000000007 9114.4253750000025 1.5199796144043722 8669.8525294117662 0.82843137254901966 0.97222222222222232 7158.9445744680861 0.12372448979591838 2.5000000000000004 24.500000000000004 5.5000000000000009
decision_type=2 2 2 2 2 2 2 2 2 2 2 2 2 2 2 2 2 2 2 2 2 2 2 2 2 2 2 2 2 2 2 2 2 2 2 2 2 2 2 2 2 2 2 2 2 2 2 2 2 2 2 2 2 2 2 2 2 2 2 2 2 2
left_child=5 2 3 7 6 17 24 8 -2 -8 -10 -9 13 14 -13 27 18 57 19 21 -21 22 31 34 -3 26 -26 -4 -29 -24 -31 -5 -33 -34 36 -36 37 38 39 55 44 46 -43 -38 51 -46 -42 48 -48 54 -45 -39 -37 -51 -49 -20 -57 59 60 -1 -59 -27
right_child=1 4 15 16 -6 -7 9 11 10 -11 -12 12 -14 -15 -16 -17 -18 -19 23 20 -22 -23 29 -25 25 61 -28 28 -30 30 -32 32 33 -35 35 52 43 40 -40 -41 41 42 -44 50 45 -47 47 49 -50 53 -52 -53 -54 -55 -56 56 -58 58 -60 -61 -62 -63
leaf_value=-0.17182136138570278 0.16280380704746034 0.30581248829020785 0.30448806372159121 0.14042260017774114 0.52885700739103292 0.080127149944291834 0.45647122320158651 -0.082113462190558442 -0.07140123111941804 0.31148156133396226 0.062653540051329684 0.040356211125659021 -0.082432565674680963 0.14212070940145805 -0.057357773401391761 0.36023654756502865 0.0049096656913187962 -0.045551793827391107 0.025993124073728176 -0.035684317500044256 0.10949315589737607 0.21712273244049854 0.22653670442589807 0.15818924241533902 0.21030481872887444 0.27353808748037794 0.099632668637517685 0.16187040115140147 0.31486672467853299 0.095042892534784817 0.17813046023601622 0.11375299025285728 -0.015995647749064656 0.071161276061215514 0.12520954554631641 -0.023292588569793195 0.17544060143125412 -0.027202354639916868 0.11497488340182317 -0.016243682102800687 0.18374284051756415 0.10042404828440676 -0.0046778164841102107 0.14471418932479918 0.0089688916348699306 0.12516936406461548 0.090354188277353698 0.092780344626579914 0.22144361623272096 0.19331162310358302 0.056180063668279552 0.073583341988164991 0.052504651548383796 0.10105620437885221 0.012485800981521607 0.12368206586436448 0.054510275050255158 -0.11615460679125308 -0.069019157285056448 -0.1093876417196832 -0.058852279272986883 0.19881602415397986
leaf_weight=41 27 20 39 26 30 35 23 41 21 32 24 31 33 20 42 22 20 33 38 23 25 30 22 32 26 33 20 29 20 32 38 27 21 32 38 30 30 20 36 28 28 28 28 26 20 47 20 36 22 20 30 20 39 24 23 25 30 1535 33 31 20 20
leaf_count=41 27 20 39 26 30 35 23 41 21 32 24 31 33 20 42 22 20 33 38 23 25 30 22 32 26 33 20 29 20 32 38 27 21 32 38 30 30 20 36 28 28 28 28 26 20 47 20 36 22 20 30 20 39 24 23 25 30 1535 33 31 20 20
internal_value=-0.000546404 0.120695 0.0924178 0.0758605 0.309477 -0.110493 0.27136 2.89772e-05 0.0612395 0.372868 3.06949e-05 -0.0263701 -0.00816476 0.0182271 -0.015837 0.280763 0.0937302 -0.11444 0.0955147 0.115929 0.0399578 0.13189 0.118862 0.0876496 0.224154 0.207345 0.16255 0.260485 0.224873 0.161217 0.140366 0.0819652 0.0627899 0.0366246 0.0843336 0.0571644 0.0893403 0.0831112 0.0600488 0.0436092 0.0938604 0.107091 0.0479228 0.124888 0.0654529 0.0905775 0.126193 0.114947 0.15943 0.0966519 0.0975055 0.0231985 0.0195344 0.143379 0.061587 0.0616489 0.0861557 -0.115805 -0.114464 -0.145157 -0.115423 0.245806
internal_weight=3295 1567 1363 1253 204 1728 174 239 72 55 45 167 126 93 73 110 1014 1693 994 276 48 228 198 718 119 99 46 88 49 92 70 106 80 53 686 107 579 493 157 121 336 229 56 86 107 67 173 145 42 103 56 40 69 44 59 93 55 1660 1588 72 1555 53
internal_count=3295 1567 1363 1253 204 1728 174 239 72 55 45 167 126 93 73 110 1014 1693 994 276 48 228 198 718 119 99 46 88 49 92 70 106 80 53 686 107 579 493 157 121 336 229 56 86 107 67 173 145 42 103 56 40 69 44 59 93 55 1660 1588 72 1555 53
is_linear=0
shrinkage=0.04


Tree=14
num_leaves=63
num_cat=0
split_feature=15 15 11 1 1 14 1 11 2 7 7 0 18 15 0 19 19 16 6 17 10 15 19 0 19 19 3 2 0 15 7 17 17 15 18 7 6 7 19 10 16 14 7 0 19 0 2 7 7 14 18 3 7 19 7 11 17 18 18 6 10 15
split_gain=24934.5 3283.93 2322.86 1598.3 1366.37 1005.3 602.13 452.616 294.67 187.003 167.111 133.911 125.241 123.406 117.756 201.739 115.194 113.571 192.247 156.999 151.079 186.324 107.51 106.3 96.5144 186.039 168.579 89.3023 82.4355 79.5029 74.9616 64.7228 131.965 59.4218 58.7117 99.8869 76.8449 75.9929 137.869 122.079 167.839 108.696 106.677 74.4972 126.203 82.0652 73.1296 129.075 112.81 82.7734 66.1311 60.3485 58.1446 56.9012 54.7137 51.1726 83.0654 44.9554 77.3271 37.0164 59.5988 58.7814
threshold=0.52272727272727282 0.97849213691026837 1.5000000000000002 1.0000000180025095e-35 1.0000000180025095e-35 8.8765412357711391 1.0000000180025095e-35 7.5000000000000009 37.500000000000007 15.500000000000002 23.500000000000004 8.6018614921851579 0.24038461538461542 0.14642857142857144 9.2398219852143662 0.99989089359166283 0.84796280030548787 0.73508771929824568 284.50000000000006 341662.58000000007 11.500000000000002 0.76728257406817468 0.62726033405319359 8.4400777780007683 0.9153841545611584 0.51471694005478497 7.5000000000000009 52.500000000000007 8.8560012691172947 0.81016731016731025 9.5000000000000018 258454.27000000005 481643.93500000011 0.63299663299663311 0.11922530206112296 14.500000000000002 226.50000000000003 18.500000000000004 0.73209194098866548 3.5000000000000004 0.84807692307692317 5.1413715530666009 25.500000000000004 9.8357661037084636 1.2594307989544051 9.5768185722905681 22.500000000000004 4.5000000000000009 8.5000000000000018 5.8727526166376718 0.064368156259248313 4.5000000000000009 19.500000000000004 1.1679664171220367 20.500000000000004 57.500000000000007 296525.05500000011 0.081799933087989302 0.059114735002912061 45.500000000000007 2.5000000000000004 0.015504807692307694
decision_type=2 2 2 2 2 2 2 2 2 2 2 2 2 2 2 2 2 2 2 2 2 2 2 2 2 2 2 2 2 2 2 2 2 2 2 2 2 2 2 2 2 2 2 2 2 2 2 2 2 2 2 2 2 2 2 2 2 2 2 2 2 2
left_child=2 4 8 5 17 7 13 12 9 -1 22 23 -3 59 15 27 -7 18 20 -20 21 33 -6 -10 25 -9 -27 -13 -11 -24 -23 -32 -33 -2 37 -36 51 43 50 40 -40 -41 -43 44 46 -46 48 57 -19 55 -39 -37 -29 -26 -35 56 -49 58 -48 60 -4 -62
right_child=1 3 6 -5 10 16 -8 24 11 28 -12 14 -14 -15 -16 -17 -18 34 19 -21 -22 30 29 -25 53 26 -28 52 -30 -31 31 32 -34 54 35 36 -38 38 39 41 -42 42 -44 -45 45 -47 47 49 -50 -51 -52 -53 -54 -55 -56 -57 -58 -59 -60 -61 61 -63
leaf_value=0.16644619307567166 0.12700172504748208 0.048483469873438108 -0.098233302231581429 0.50967481123246361 0.20381095708306154 0.46631165703730793 0.059749947753557367 0.29031755107273982 -0.005780477334017777 0.10228250776357319 0.15291694532073505 0.050757179790072979 0.16476994280003907 -0.032070734731133477 -0.047095516221907441 0.13843433846126904 0.33077850771642814 -0.0026449844025052925 -0.035701410325236334 0.10588591877071338 0.20846667893305171 0.20883093441932649 0.36953989402881798 -0.13617214269305936 0.30052469778298535 0.2075598234512481 0.057194486023737716 0.0091736800206732427 -0.0016540916173021125 0.26117205590912784 0.071242939092536678 0.22654469619509321 0.087302539920375358 0.082797185774210857 -0.00048590643199410025 0.09610593196905054 0.14178005862627094 0.071882186987723667 0.013453200993942599 -0.069257608185526481 0.15450505281726373 0.084843750150496777 -0.034157687063833965 0.02128086979002184 0.17143844752567311 0.084221401667629175 0.16871757989321953 0.10462129560566305 0.10980970388864617 0.022240792975201172 0.15140245586169471 -0.00076646492848941926 -0.084829035944013448 0.22191904324939871 0.013765907100405131 0.12764307319682877 0.0091223399824910349 0.18633802473297753 0.063276931948251861 -0.1092700131635104 -0.18105649457538206 -0.12444573414966906
leaf_weight=29 28 39 74 35 20 20 34 21 20 20 21 35 24 32 39 23 24 33 24 26 30 28 24 20 30 30 20 22 31 23 21 22 22 54 38 21 22 36 27 22 27 30 20 21 54 26 23 40 25 36 32 20 20 34 28 41 23 24 22 1449 45 91
leaf_count=29 28 39 74 35 20 20 34 21 20 20 21 35 24 32 39 23 24 33 24 26 30 28 24 20 30 30 20 22 31 23 21 22 22 54 38 21 22 36 27 22 27 30 20 21 54 26 23 40 25 36 32 20 20 34 28 41 23 24 22 1449 45 91
internal_value=-0.000515979 0.134841 -0.0899614 0.257145 0.102053 0.220419 -0.106732 0.181801 0.021723 0.0854934 0.25276 -0.00679842 0.0930057 -0.110084 0.0117588 0.0347561 0.393348 0.0880068 0.10927 0.0379485 0.124544 0.112035 0.283749 -0.0712032 0.223124 0.190251 0.147688 0.00362194 0.0391866 0.317218 0.153742 0.129697 0.157325 0.0766476 0.0789124 0.0506949 0.0815494 0.0839701 0.0636129 0.0387653 0.0841713 0.00461351 0.0372301 0.0946762 0.0991048 0.143258 0.0858191 0.0968609 0.045898 0.0746685 0.1095 0.0489156 -0.0356372 0.259208 0.0592954 0.0927586 0.069858 0.141687 0.117468 -0.111585 -0.12749 -0.143311
internal_weight=3295 1311 1984 277 1034 242 1725 198 259 80 88 179 63 1691 139 100 44 946 283 50 233 203 67 40 135 71 50 77 51 47 93 65 44 110 663 101 63 562 194 126 54 72 50 368 347 80 267 209 58 140 68 41 42 64 82 104 63 69 45 1659 210 136
internal_count=3295 1311 1984 277 1034 242 1725 198 259 80 88 179 63 1691 139 100 44 946 283 50 233 203 67 40 135 71 50 77 51 47 93 65 44 110 663 101 63 562 194 126 54 72 50 368 347 80 267 209 58 140 68 41 42 64 82 104 63 69 45 1659 210 136
is_linear=0
shrinkage=0.04


Tree=15
num_leaves=63
num_cat=0
split_feature=13 13 1 10 1 1 18 15 11 14 0 0 12 7 12 11 7 0 13 6 6 12 6 7 16 10 18 12 6 18 13 6 16 6 7 11 14 17 0 0 10 0 19 13 12 7 15 0 16 0 13 6 6 18 10 7 6 13 7 7 6 12
split_gain=24075.1 4496.92 2439.59 1104.12 1074.58 598.78 332.436 270.843 248.413 182.89 172.385 171.757 173.153 151.46 141.984 132.968 125.216 115.052 109.645 99.2801 77.0898 64.4775 54.056 51.037 46.1418 103.779 149.108 191.997 166.444 143.572 130.332 188.403 150.195 161.861 125.338 109.651 103.171 92.4617 85.7601 92.8955 85.1315 81.343 76.0999 75.1216 82.8436 72.4681 69.9711 67.3942 74.3844 57.0468 62.131 54.1696 51.6192 48.2094 45.8013 40.7085 39.9997 36.3921 33.5832 36.2418 45.5498 62.746
threshold=-1.5999999999999999 9.2916666666666696 1.0000000180025095e-35 27.500000000000004 1.0000000180025095e-35 1.0000000180025095e-35 0.13487525987525992 0.98809355067328142 1.5000000000000002 5.2399795937942821 9.5355420982856138 9.0854175316082628 9609.5613311688339 18.500000000000004 8990.4503333333359 39.500000000000007 12.500000000000002 8.851110432145747 7.0500000000000007 30.500000000000004 35.500000000000007 9643.6505350877214 50.500000000000007 7.5000000000000009 0.89444444444444449 2.5000000000000004 0.078278186274509817 9144.5458108108123 148.50000000000003 0.073801742919389998 4.5577777777777788 179.50000000000003 0.7633053221288516 84.500000000000014 7.5000000000000009 50.500000000000007 6.1250383507689117 433766.7950000001 8.5129682788662961 8.2706967737516948 2.5000000000000004 8.976826988944735 0.66894921502344518 5.3689931350114426 8289.4765430402931 7.5000000000000009 0.85805860805860812 8.8058525241540853 0.77097902097902116 8.8003030542807696 5.5917467948717956 232.50000000000003 148.50000000000003 0.092665474060822914 2.5000000000000004 1.0000000180025095e-35 172.50000000000003 5.3689931350114426 1.5000000000000002 13.500000000000002 94.500000000000014 9376.1329472920715
decision_type=2 2 2 2 2 2 2 2 2 2 2 2 2 2 2 2 2 2 2 2 2 2 2 2 2 2 2 2 2 2 2 2 2 2 2 2 2 2 2 2 2 2 2 2 2 2 2 2 2 2 2 2 2 2 2 2 2 2 2 2 2 2
left_child=5 2 3 18 6 8 -3 -8 -1 13 11 16 -13 -4 -11 56 23 20 21 -14 -18 24 54 -5 25 29 30 28 53 45 31 36 33 -32 -34 57 -27 42 39 -26 52 -35 -31 44 -42 -2 -45 -47 -49 -30 -51 -44 -40 -28 -10 -24 -9 -36 -57 -60 61 -61
right_child=1 4 9 10 -6 -7 7 15 22 14 -12 12 19 -15 -16 -17 17 -19 -20 -21 -22 -23 55 -25 38 26 27 -29 49 37 32 -33 34 41 35 -37 -38 -39 40 -41 43 -43 51 46 -46 47 -48 48 -50 50 -52 -53 -54 -55 -56 58 -58 -59 59 60 -62 -63
leaf_value=0.028078333124585818 0.034143977053811614 0.13342513623823757 0.25527228614801534 -0.0027575851023388834 0.5154796086038862 0.069124245412438834 0.37585060214732158 0.24865932032992985 -0.099727415129188896 0.15260280084763309 -0.1181863234054983 0.15203500451634847 0.073274226539578796 0.38617561328895667 0.28196790647696685 0.18267572430548842 0.014905147212701284 -0.11197916037220494 0.15765897814475621 -0.042763145355762776 -0.076016213526844456 0.035360588359061598 -0.064886823952056444 0.077823958826291048 0.077015257565623746 -0.036393673887981988 0.039520560217079635 0.13286807336774811 0.11932220447471953 0.18750293157902001 0.26120007847078996 0.14029722842154224 0.1502655511891122 0.17779208839137689 0.13620054592301836 0.003136683943953928 0.081430198683667535 0.21146825918217294 0.073890557090794909 -0.036838026685172345 0.091034328753932692 0.086162900461891262 0.13067710236237054 0.032646704514821365 0.173238595467687 0.064967418308073135 0.11063259852890163 0.087389066877408259 0.19349039026911224 -0.0042426078117902008 0.083977337284305509 0.048463593691735717 -0.010060610960965133 -0.026472362459522409 -0.13733158242994703 -0.13348102251087485 0.31902865185856394 0.063529701222121981 -0.096043110915859264 -0.078113098824629371 -0.11400567101208202 -0.154727975136012
leaf_weight=22 32 30 34 31 30 32 36 31 80 31 20 21 23 26 25 35 42 30 37 24 23 37 42 21 25 29 27 44 32 24 20 29 38 30 23 31 20 29 28 21 46 33 37 38 35 36 36 22 21 20 35 20 20 51 159 66 28 22 567 124 649 20
leaf_count=22 32 30 34 31 30 32 36 31 80 31 20 21 23 26 25 35 42 30 37 24 23 37 42 21 25 29 27 44 32 24 20 29 38 30 23 31 20 29 28 21 46 33 37 38 35 36 36 22 21 20 35 20 20 51 159 66 28 22 567 124 649 20
internal_value=-0.000596247 0.113343 0.0881911 0.0720521 0.29574 -0.102115 0.25423 0.281969 -0.105289 0.263681 -0.00616027 0.00430156 0.0568279 0.312579 0.21079 0.245632 -0.0200049 -0.0473085 0.0899322 0.0140136 -0.0173037 0.0873859 -0.10701 0.0298335 0.0893976 0.0946551 0.0842289 0.0586912 0.03883 0.117431 0.103602 0.0596715 0.120947 0.161945 0.0909633 0.0611273 0.0117249 0.149871 0.0744719 0.0250282 0.0856482 0.13004 0.127559 0.100071 0.126749 0.0851601 0.0707109 0.10573 0.139581 0.0768378 0.0519116 0.102001 0.0389211 -0.0035817 -0.1248 -0.104105 0.282572 0.100937 -0.105254 -0.103873 -0.109455 -0.0888679
internal_weight=3330 1569 1379 1263 190 1761 160 130 1729 116 235 215 68 60 56 94 147 95 1028 47 65 991 1707 52 954 705 484 209 165 221 275 78 197 83 114 76 49 110 249 46 203 63 81 155 81 111 74 79 43 87 55 57 48 78 239 1468 59 45 1426 1360 793 144
internal_count=3330 1569 1379 1263 190 1761 160 130 1729 116 235 215 68 60 56 94 147 95 1028 47 65 991 1707 52 954 705 484 209 165 221 275 78 197 83 114 76 49 110 249 46 203 63 81 155 81 111 74 79 43 87 55 57 48 78 239 1468 59 45 1426 1360 793 144
is_linear=0
shrinkage=0.04


Tree=16
num_leaves=63
num_cat=0
split_feature=15 18 11 12 12 15 6 2 19 12 12 12 19 18 14 12 15 17 5 17 12 7 7 19 18 18 11 17 17 19 17 7 17 7 19 14 19 14 17 15 15 17 16 16 16 5 19 14 6 5 5 17 14 6 7 15 6 19 16 7 7 6
split_gain=21696.9 2692.39 2215.45 889.237 463.708 322.96 302.086 548.839 296.656 390.198 212.981 212.118 170.093 131.719 123.598 110.068 101.76 211.357 101.084 97.0836 79.0208 69.4529 65.5993 139.601 176.104 97.8879 71.2017 119.09 120.324 149.418 145.898 207.891 116.524 91.9722 85.185 116.695 118.084 149.574 100.067 97.6678 95.0873 94.1842 74.9742 72.5738 67.7083 151.494 172.056 98.0347 90.9937 74.7493 104.196 86.6556 66.7523 63.5389 50.7322 48.4801 44.161 43.547 36.2861 34.4585 45.1796 45.3073
threshold=0.58114035087719318 0.14907407407407411 1.5000000000000002 8126.6067500000008 8322.5369166666696 0.97849213691026837 54.500000000000007 52.500000000000007 0.99984801714121374 7911.738630136987 5338.3210000000008 9334.7732183908065 0.96713754185329759 0.28268590455049952 4.0883332549772247 9057.2091109986522 0.98496155585707834 42904.890000000007 1.5000000000000002 414509.59500000003 11329.05677419355 13.500000000000002 25.500000000000004 0.57138952755310168 0.052289815447710192 0.085236118318630011 82.500000000000014 451852.35000000003 490261.85000000003 0.78308584904622214 531563.20000000007 10.500000000000002 413209.77500000008 18.500000000000004 1.0463542162435906 4.9556473559372956 1.4749612404263135 5.3025507865477701 62171.485000000008 0.76506899055918665 0.87240537240537253 294392.21500000003 0.78759398496240618 0.84412955465587058 0.82843137254901966 2.5000000000000004 0.60434372530753488 5.0060453983769131 229.50000000000003 2.5000000000000004 3.5000000000000004 222113.92500000002 5.6381376607830473 85.500000000000014 1.0000000180025095e-35 0.78471275559883169 50.500000000000007 0.92946461322723317 0.72077922077922085 1.5000000000000002 13.500000000000002 94.500000000000014
decision_type=2 2 2 2 2 2 2 2 2 2 2 2 2 2 2 2 2 2 2 2 2 2 2 2 2 2 2 2 2 2 2 2 2 2 2 2 2 2 2 2 2 2 2 2 2 2 2 2 2 2 2 2 2 2 2 2 2 2 2 2 2 2
left_child=2 16 6 -3 -5 -6 7 8 10 -10 -1 -11 18 -14 54 21 22 -18 -7 -20 -13 -9 26 -24 -25 -26 27 32 29 -29 31 -30 34 42 38 40 37 -37 -2 -39 -36 -41 -28 -34 47 46 -46 -40 -47 52 -51 -52 -49 -32 -4 -38 -56 -19 -54 -58 -61 -62
right_child=1 3 14 4 5 12 -8 15 9 11 -12 20 13 -15 -16 -17 17 57 19 -21 -22 -23 23 24 25 -27 33 28 30 -31 53 -33 43 -35 35 36 55 39 44 41 -42 -43 -44 -45 45 48 -48 49 -50 50 51 -53 58 -55 56 -57 59 -59 -60 60 61 -63
leaf_value=0.067881477663137846 0.024304054177067359 0.087334324740387895 -0.058612395608501074 0.45556746636313949 0.12088130145523679 0.19685154132826629 0.1587568339668369 -0.045198771554420432 -0.11429984647144309 0.15531129525477191 0.22753922557378833 -0.043736059762773463 0.29543569204112258 0.43500169274818834 0 -0.0043274548836739739 0.055145603086530548 0.14783941614216772 0.35056562232773331 0.22939645624838734 0.05517561766878968 -0.135352862408219 0.15369581507197741 -0.039747923806423884 0.12703572543483538 0.034861874464708523 -0.0085498545687393776 0.26753929634439455 0.1561173257580051 0.12490594238157016 0.12370513042945454 -0.0046417454223042906 0.018244049578837525 0.12580264738744887 0.017857810794839776 0.26116642612416596 0.12666224435974438 0.20469734446149029 0.16186850869013164 0.15554591726347847 0.129924308897683 0.052876755459850058 0.082301254165529011 0.10360660726449405 0.042695169197645218 -0.0059519644100647752 0.17962964827014552 0.024466111184651976 0.094169161453907635 0.18771867151189994 0.033690568915693275 0.14771961604777853 0.062479072388131815 0.21835827984027009 -0.1171419880939597 0.060555504272988378 -0.12651214255460383 0.21950924494556176 0.13850322859547148 -0.088431138171322518 -0.082506620711125939 -0.10766163188587134
leaf_weight=37 32 39 47 26 20 29 24 22 28 25 21 22 27 20 20 27 29 26 24 21 31 37 26 26 37 37 28 22 23 26 28 29 44 29 27 21 43 27 50 34 22 25 30 25 26 39 34 32 23 27 23 20 20 20 239 31 68 32 21 581 142 659
leaf_count=37 32 39 47 26 20 29 24 22 28 25 21 22 27 20 20 27 29 26 24 21 31 37 26 26 37 37 28 22 23 26 28 29 44 29 27 21 43 27 50 34 22 25 30 25 26 39 34 32 23 27 23 20 20 20 239 31 68 32 21 581 142 659
internal_value=-0.00056559 0.127017 -0.0822721 0.25966 0.299815 0.270778 0.0235011 0.0104502 0.053366 0.0135144 0.126015 0.0595097 0.295418 0.355665 -0.0987781 -0.0713328 0.102017 0.143669 0.256697 0.294698 0.0140752 -0.101903 0.098403 0.0712327 0.0496402 0.081085 0.102278 0.106054 0.138521 0.190741 0.11327 0.066588 0.098592 0.0677138 0.104473 0.123429 0.138275 0.165222 0.0918706 0.141494 0.0683763 0.112239 0.0384684 0.0493066 0.0987182 0.0752195 0.120494 0.113515 0.0312494 0.0964934 0.126085 0.0869934 0.0679564 0.163557 -0.0999171 0.099115 -0.101062 0.187726 0.101709 -0.098402 -0.0970084 -0.103216
internal_weight=3330 1300 2030 206 167 141 274 250 164 106 58 78 121 47 1756 86 1094 87 74 45 53 59 1007 126 100 74 881 794 148 48 100 52 646 87 577 230 181 107 347 86 49 59 58 69 315 122 60 193 62 143 70 43 73 48 1736 74 1689 58 41 1450 1382 801
internal_count=3330 1300 2030 206 167 141 274 250 164 106 58 78 121 47 1756 86 1094 87 74 45 53 59 1007 126 100 74 881 794 148 48 100 52 646 87 577 230 181 107 347 86 49 59 58 69 315 122 60 193 62 143 70 43 73 48 1736 74 1689 58 41 1450 1382 801
is_linear=0
shrinkage=0.04


Tree=17
num_leaves=63
num_cat=0
split_feature=13 13 1 1 10 1 18 15 7 14 0 0 7 0 0 3 12 6 16 13 13 12 6 6 19 16 10 18 12 6 18 13 6 16 6 7 17 14 17 0 0 10 0 13 12 19 7 15 0 16 10 6 12 6 18 16 17 6 7 10 0 0
split_gain=20476.5 3838.14 2215.46 969.109 945.302 549.576 287.45 260.499 209.475 171.158 163.264 157.776 180.266 228.96 157.712 145.202 123.821 115.187 110.719 102.203 90.0588 53.8208 49.903 63.7547 94.092 41.8489 96.0027 134.257 171.816 147.209 133.128 118.943 165.315 136.205 147.858 114.206 93.2075 92.2699 83.6661 75.911 84.5104 78.9694 73.3415 71.3114 73.2881 68.7643 65.6538 63.238 61.4414 69.9483 51.0728 50.204 47.1206 46.5204 42.518 40.6991 40.6672 39.8396 34.6746 31.8577 30.6723 30.0375
threshold=-1.5999999999999999 9.2916666666666696 1.0000000180025095e-35 1.0000000180025095e-35 27.500000000000004 1.0000000180025095e-35 0.1283882783882784 0.98809355067328142 15.500000000000002 5.2273069368135916 9.5355420982856138 9.1220570327386081 21.500000000000004 8.8003030542807696 9.2398219852143662 8.5000000000000018 8669.8525294117662 105.50000000000001 0.81534090909090928 -3.0954545454545452 7.0500000000000007 9643.6505350877214 15.500000000000002 23.500000000000004 0.99985597931922432 0.89444444444444449 2.5000000000000004 0.078278186274509817 9144.5458108108123 148.50000000000003 0.073801742919389998 4.5577777777777788 179.50000000000003 0.7633053221288516 84.500000000000014 7.5000000000000009 351165.09500000009 6.1250383507689117 433766.7950000001 8.5129682788662961 8.2706967737516948 2.5000000000000004 8.976826988944735 5.3689931350114426 8289.4765430402931 0.66894921502344518 7.5000000000000009 0.85805860805860812 8.8058525241540853 0.77097902097902116 4.5000000000000009 232.50000000000003 8292.5334374162449 148.50000000000003 0.093933823529411778 0.78759398496240618 239954.45000000004 50.500000000000007 1.0000000180025095e-35 24.500000000000004 8.93234192060849 9.3220248223443445
decision_type=2 2 2 2 2 2 2 2 2 2 2 2 2 2 2 2 2 2 2 2 2 2 2 2 2 2 2 2 2 2 2 2 2 2 2 2 2 2 2 2 2 2 2 2 2 2 2 2 2 2 2 2 2 2 2 2 2 2 2 2 2 2
left_child=5 2 4 6 20 19 -3 8 -8 18 11 12 22 -14 -13 17 -11 -9 -4 57 21 25 -6 -24 -25 26 30 31 29 52 46 32 37 34 -33 -35 -37 -28 45 40 -27 53 -36 44 -43 -32 -2 -45 -48 -50 -31 -47 -29 -41 -54 -52 -19 -1 -59 61 -30 -60
right_child=1 3 9 -5 10 -7 7 15 -10 16 -12 14 13 -15 -16 -17 -18 56 -20 -21 -22 -23 23 24 -26 39 27 28 60 50 38 33 -34 35 42 36 -38 -39 -40 41 -42 43 -44 47 -46 51 48 -49 49 -51 55 -53 54 -55 -56 -57 -58 58 59 -61 -62 -63
leaf_value=-0.1140941992986461 0.029296388447841749 0.094957681807614325 0.25093567953490126 0.48170607903471024 -0.042170576941373661 0.069886035549532738 0.43324955793162484 0.17653776223525341 0.24713272374660814 0.13328068190978631 -0.11546195783425325 0.13256084014172756 -0.0080024875101245597 -0.18505553833880828 0.0025784462741297539 0.14472370428500381 0.25199288970584804 0.33125308985958724 0.36684610205811341 -0.032142476159443691 0.14386277743959119 0.032622334076709184 0.074526392709318004 -0.0409789570405686 0.064977469724767353 0.07087162093812252 -0.037002857039423333 0.045137389909599625 0.15364038827508317 0.021232442855834956 0.17589469937368052 0.24581652342383539 0.12892736802396088 0.13998507842929969 0.16581995187803755 0.093648326898948767 0.0042423161279038718 0.074423702225756297 0.19872576684066928 0.066520323189127914 -0.037719399861249878 0.084587070908955009 0.078835905931687419 0.027432646163179492 0.16190511417524764 0.12223300558778474 0.058513540637129893 0.10155387309119311 0.079166120986593258 0.18198532246865365 0.11766590201765553 0.04311898628870646 0.0220416911063132 -0.013166975761527446 -0.050175243259440221 0.051838036564443385 0.25063666627226594 -0.059958590022741759 -0.10127105055157495 -0.046571328414613332 0.085374598295534426 -0.087295854419730076
leaf_weight=235 32 21 35 30 22 32 20 23 20 26 20 26 28 20 35 30 32 21 23 38 37 37 28 34 22 25 29 21 24 25 24 20 29 38 30 43 33 20 29 28 21 46 33 38 35 37 36 36 22 21 35 20 20 20 37 27 25 42 1062 20 20 332
leaf_count=235 32 21 35 30 22 32 20 23 20 26 20 26 28 20 35 30 32 21 23 38 37 37 28 34 22 25 29 21 24 25 24 20 29 38 30 43 33 20 29 28 21 46 33 38 35 37 36 36 22 21 35 20 20 20 37 27 25 42 1062 20 20 332
internal_value=-0.000535042 0.104544 0.0813074 0.273052 0.0659279 -0.0941594 0.233641 0.254495 0.341089 0.248541 -0.00644019 0.00374104 -0.0178173 -0.0820475 0.0581398 0.219179 0.199132 0.251265 0.297487 -0.0972005 0.0824721 0.0801637 0.0112992 0.0253604 0.000652757 0.0820019 0.0870073 0.0769822 0.0527524 0.0339658 0.108909 0.0953638 0.0534049 0.111931 0.150969 0.0833838 0.0549102 0.00849559 0.140141 0.0677928 0.0212798 0.0783071 0.120486 0.0921961 0.118179 0.118922 0.0778417 0.063607 0.0974185 0.129732 0.0697109 0.0946329 -0.00591632 0.0333174 -0.0248067 0.0891608 0.288122 -0.0986593 -0.0961591 -0.0972286 0.12292 -0.0979506
internal_weight=3330 1569 1379 190 1263 1761 160 139 40 116 235 215 154 48 61 99 58 69 58 1729 1028 991 106 84 56 954 705 484 209 165 221 275 78 197 83 114 76 49 110 249 46 203 63 155 81 81 111 74 79 43 87 57 78 48 57 62 46 1691 1456 1414 44 1394
internal_count=3330 1569 1379 190 1263 1761 160 139 40 116 235 215 154 48 61 99 58 69 58 1729 1028 991 106 84 56 954 705 484 209 165 221 275 78 197 83 114 76 49 110 249 46 203 63 155 81 81 111 74 79 43 87 57 78 48 57 62 46 1691 1456 1414 44 1394
is_linear=0
shrinkage=0.04


Tree=18
num_leaves=63
num_cat=0
split_feature=13 13 1 1 10 1 15 6 6 11 2 7 11 17 6 7 0 10 13 0 11 0 0 12 6 10 17 12 14 15 12 10 13 15 16 17 15 14 12 11 0 7 12 16 0 0 0 10 12 0 16 11 13 13 7 6 0 14 6 0 7 13
split_gain=18874.7 3538.6 2042.38 893.246 871.507 506.561 231.167 204.781 257.746 195.874 182.581 181.818 174.545 210.379 163.795 150.278 126.214 97.3264 82.9969 78.1471 72.9753 67.9107 52.6422 49.6141 43.1714 42.4217 39.0954 131.311 108.661 84.9732 117.372 128.112 113.723 76.7339 75.669 97.5798 87.5449 181.246 118.982 144.724 149.671 80.447 100.608 132.286 139.253 88.9285 72.4693 88.5215 72.3764 63.4785 62.338 61.2848 61.175 55.4857 52.2886 46.8874 45.6762 42.3838 38.3246 34.2869 31.802 29.9977
threshold=-1.5999999999999999 9.2916666666666696 1.0000000180025095e-35 1.0000000180025095e-35 27.500000000000004 1.0000000180025095e-35 0.987177379582443 103.50000000000001 232.50000000000003 1.5000000000000002 52.500000000000007 15.500000000000002 7.5000000000000009 445021.48500000004 46.500000000000007 11.500000000000002 8.851110432145747 2.5000000000000004 7.0500000000000007 9.1058605774769159 25.500000000000004 9.1598015291206369 8.947258550057418 9643.6505350877214 50.500000000000007 2.5000000000000004 390251.77000000008 8421.3120082074001 5.2399795937942821 0.84311531841652332 8563.0174848484876 2.5000000000000004 5.8141542002301501 0.81455026455026458 0.89444444444444449 341038.69000000012 0.83827375762859646 4.9048022196759318 7570.3875000000007 31.500000000000004 8.8599747466090779 5.5000000000000009 9129.7383221153868 0.59166666666666679 9.2081920643870419 8.5504519220447524 8.6706959368420389 2.5000000000000004 8360.0310273972627 8.8641198463741997 0.81534090909090928 39.500000000000007 5.1794496487119455 5.0533428165007122 19.500000000000004 44.500000000000007 8.9426889352870358 5.0490626614898391 88.500000000000014 9.067113931499545 1.0000000180025095e-35 -4.0421472937000873
decision_type=2 2 2 2 2 2 2 2 2 2 2 2 2 2 2 2 2 2 2 2 2 2 2 2 2 2 2 2 2 2 2 2 2 2 2 2 2 2 2 2 2 2 2 2 2 2 2 2 2 2 2 2 2 2 2 2 2 2 2 2 2 2
left_child=5 2 4 6 18 9 -3 -8 20 -1 11 15 -4 17 19 22 -13 -14 23 -12 -9 -18 -6 26 25 61 34 28 56 30 55 -32 -31 53 35 36 37 -2 39 40 -39 48 43 -43 45 -45 58 -48 -40 -44 -47 57 -37 -33 -38 -29 -28 -49 -36 -34 -26 -11
right_child=1 3 12 -5 10 -7 7 8 -10 24 14 16 13 -15 -16 -17 21 -19 -20 -21 -22 -23 -24 -25 60 -27 27 29 -30 32 31 33 59 -35 46 52 54 38 41 -41 -42 42 49 44 -46 50 47 51 -50 -51 -52 -53 -54 -55 -56 -57 -58 -59 -60 -61 -62 -63
leaf_value=0.025104527716183555 -0.01463879002922984 0.30942447805839118 0.33799608421532101 0.4625018530668214 0.071123678777124971 0.067099300998022249 0.11765219004970355 0.35509278969385139 0.15523654034680415 -0.11319128738902007 -0.10642269430760137 0.046181828018805986 0.10371956140964063 0.29703102402969311 0.04542464823744416 0.15106759352085394 -0.11663462813219752 0.20895765282663459 0.13812377799553369 -0.014307891271690621 0.24854053333223575 -0.017061476810669999 -0.011764669893345157 0.031320957816193366 -0.057565943232058346 -0.12278650981807845 0.034946387892934527 0.20157457468068996 -0.0046836908686961887 -0.011826982793119762 0.15145974515229976 0.061815508845862122 0.11701937395906958 0.10854540048887903 0.056212130019913861 0.18389970008737486 0.16523074711594624 0.086167698968415987 0.16527036140639467 0.039483982966496391 0.21348625861002166 -0.036085772251510967 0.15655408208053637 0.098733988992579569 0.12855982888373213 0.036862740891461888 0.013586367793466851 0.094811735093773677 0.062574942159415475 0.061915672723524169 -0.051021701091557591 0.046933167817820587 0.1059061589306154 -0.021847313688947007 0.084199136596392193 0.11648255658904891 0.11505374395995714 0.16953337541860133 -0.019297239682375091 0.052719432701895518 -0.093261012553052774 -0.063569861205160755
leaf_weight=22 31 39 23 30 23 32 37 20 39 37 50 26 23 32 22 23 21 38 37 21 25 23 26 37 42 159 22 21 60 29 29 28 28 26 20 27 32 26 25 22 35 27 24 23 35 36 26 33 20 22 20 25 42 23 22 22 24 20 23 26 1426 43
leaf_count=22 31 39 23 30 23 32 37 20 39 37 50 26 23 32 22 23 21 38 37 21 25 23 26 37 42 159 22 21 60 29 29 28 28 26 20 27 32 26 25 22 35 27 24 23 35 36 26 33 20 22 20 25 42 23 22 22 24 20 23 26 1426 43
internal_value=-0.000506165 0.100379 0.0780677 0.262179 0.0633011 -0.090394 0.22434 0.196667 0.231266 -0.0933138 -0.00618457 0.0223349 0.238636 0.213705 -0.0497292 0.0669287 -0.0235345 0.169545 0.0791864 -0.079264 0.296624 -0.0647871 0.027167 0.0769702 -0.0948425 -0.110743 0.0787351 0.0677138 0.0307599 0.0845687 0.102658 0.0798761 0.0519862 0.0527286 0.0847673 0.0926338 0.0849993 0.0775484 0.0866289 0.127785 0.159482 0.0718476 0.0602126 0.043377 0.0622297 0.0326923 0.0596099 0.0776611 0.119912 0.111568 0.00540479 0.0989489 0.136676 0.0240772 0.132471 0.158457 0.0769438 0.123312 0.0158259 0.0862518 -0.0922451 -0.0866574
internal_weight=3330 1569 1379 190 1263 1761 160 121 84 1729 235 142 116 93 93 72 70 61 1028 71 45 44 49 991 1707 239 954 338 106 232 149 106 83 77 616 469 400 346 315 83 61 232 187 141 114 79 147 104 45 46 56 78 69 51 54 43 46 53 43 54 1468 80
internal_count=3330 1569 1379 190 1263 1761 160 121 84 1729 235 142 116 93 93 72 70 61 1028 71 45 44 49 991 1707 239 954 338 106 232 149 106 83 77 616 469 400 346 315 83 61 232 187 141 114 79 147 104 45 46 56 78 69 51 54 43 46 53 43 54 1468 80
is_linear=0
shrinkage=0.04


Tree=19
num_leaves=63
num_cat=0
split_feature=13 13 1 1 10 1 18 10 6 17 11 2 7 11 17 18 6 0 19 13 0 5 12 7 6 10 14 14 11 17 6 12 11 17 12 0 14 0 17 17 11 18 6 13 19 5 12 18 0 7 19 7 14 0 0 12 0 18 12 13 6 5
split_gain=17398.1 3262.04 1882.78 823.406 803.428 466.913 257.435 204.622 248.863 230.588 180.544 168.297 169.899 160.921 193.913 192.832 150.999 106.289 95.9501 76.4872 72.0221 69.4988 45.737 42.486 39.8015 39.0696 36.1692 106.916 60.9021 60.701 101.395 98.3747 97.0122 90.505 89.619 192.533 83.6852 79.4805 100.297 137.675 87.6876 79.1851 76.3198 74.7658 82.5894 68.4954 59.0159 66.2839 59.0095 58.705 56.2509 50.8055 50.3233 40.2878 55.4935 39.7282 35.6264 33.4827 30.4197 32.8621 30.2114 38.4768
threshold=-1.5999999999999999 9.2916666666666696 1.0000000180025095e-35 1.0000000180025095e-35 27.500000000000004 1.0000000180025095e-35 0.13487525987525992 6.5000000000000009 249.50000000000003 347626.44500000007 1.5000000000000002 52.500000000000007 21.500000000000004 7.5000000000000009 445021.48500000004 0.063324979114452812 46.500000000000007 9.1513713778574779 0.99987255121452179 7.0500000000000007 9.1058605774769159 2.5000000000000004 9643.6505350877214 15.500000000000002 50.500000000000007 2.5000000000000004 4.5152416918234897 4.2265825009042226 7.5000000000000009 161703.00500000003 171.50000000000003 8421.3120082074001 28.500000000000004 388372.86500000005 7601.9640641711239 8.82888447216245 5.2399795937942821 9.2315561684968888 497097.03500000009 445021.48500000004 74.500000000000014 0.07634032634032635 176.50000000000003 5.7440822111977328 0.6973041631721475 2.5000000000000004 7792.085392254221 0.065076228119706384 8.9426889352870358 20.500000000000004 1.371297401263621 16.500000000000004 5.3934664726043531 9.1652488593346764 8.8412797237233178 8743.2819781144772 8.9372558993178473 0.016001024065540197 6678.3525000000009 -3.3186090225563905 101.50000000000001 1.0000000180025095e-35
decision_type=2 2 2 2 2 2 2 2 2 2 2 2 2 2 2 2 2 2 2 2 2 2 2 2 2 2 2 2 2 2 2 2 2 2 2 2 2 2 2 2 2 2 2 2 2 2 2 2 2 2 2 2 2 2 2 2 2 2 2 2 2 2
left_child=5 2 4 6 19 10 -3 9 -9 23 -1 12 17 -4 15 -15 20 18 -6 22 -13 -14 26 -8 25 -12 27 28 56 30 34 33 -33 42 35 -28 48 38 39 43 -40 -36 -31 44 -34 50 51 -48 -35 55 -39 -44 -53 54 -49 -42 -2 -27 -26 60 61 -60
right_child=1 3 13 -5 11 -7 7 8 -10 -11 24 16 21 14 -16 -17 -18 -19 -20 -21 -22 -23 -24 -25 58 57 29 -29 -30 31 -32 32 37 36 41 -37 -38 45 40 -41 49 -43 46 -45 -46 -47 47 53 -50 -51 -52 52 -54 -55 -56 -57 -58 -59 59 -61 -62 -63
leaf_value=0.024104890612994923 0.0084290197625089044 0.10913136555011882 0.32453476014591398 0.44406324099860711 0.048325134678673075 0.064423690365853714 0.17290483887515851 0.24984537429319767 0.075642671326166908 0.35837786297512864 -0.083200930290007857 -0.10217428383237112 -0.080288159609689422 0.073922074281328451 0.28518679594696494 0.22001748783569128 0.043615885687090156 -0.012513700006695404 0.15338218475455667 0.13261371993632973 -0.013738287704250823 0.01712522384539172 0.030071497972442129 0.25842656959645188 -0.047587980172273635 -0.13251790275996614 0.054079393613379434 -0.0027015656488754082 0.11794065684160454 0.13632888675877874 0.16574920168260285 0.017054837200649823 0.087229162332720295 0.020664819953761574 0.015959322590214688 0.20577276267853389 -0.0044966538223172982 -0.016044231749258897 0.0091376736653278542 0.19614044935275346 0.036189690684876499 0.097165426121038539 0.0016989331226021959 0.055085444717812751 0.17192383160278665 0.10484671289429946 0.12573069731340897 0.08325632590559584 0.11047068811551169 0.15447719384188674 0.064634502035126731 0.10811817402753356 0.020276037549498069 0.10321804868525238 -0.0085772446660973903 0.11182796166406422 0.080158971334358606 -0.094147385340122999 -0.047731594453323735 -0.13048468020951248 -0.091616104546634936 -0.084078063824452653
leaf_weight=22 20 30 23 30 46 32 20 33 22 35 80 50 28 24 32 37 22 28 20 37 21 20 37 20 29 98 29 36 37 26 31 29 40 23 38 25 60 21 25 35 24 39 36 34 35 39 37 20 24 20 40 22 20 21 22 21 25 61 58 31 1096 254
leaf_count=22 20 30 23 30 46 32 20 33 22 35 80 50 28 24 32 37 22 28 20 37 21 20 37 20 29 98 29 36 37 26 31 29 40 23 38 25 60 21 25 35 24 39 36 34 35 39 37 20 24 20 40 22 20 21 22 21 25 61 58 31 1096 254
internal_value=-0.000478921 0.0963801 0.0749579 0.251728 0.0607798 -0.0867792 0.215398 0.239803 0.180464 0.282994 -0.0895823 -0.00593638 0.0214444 0.229125 0.205184 0.162785 -0.0477433 0.0527007 0.0803747 0.0760321 -0.0761014 -0.0397065 0.0739044 0.216253 -0.0910501 -0.106319 0.075599 0.054712 0.0799149 0.0785379 0.100608 0.073216 0.0873824 0.0566517 0.0850635 0.124595 0.0267923 0.0934758 0.10626 0.127005 0.0729422 0.0571883 0.0722826 0.104627 0.126956 0.0634647 0.062845 0.0832008 0.0667028 0.0973999 0.0368463 0.0366491 0.0664836 0.0580316 0.0351994 0.0717016 0.0484127 -0.117878 -0.0885558 -0.0893766 -0.0884609 -0.0773452
internal_weight=3330 1569 1379 190 1263 1761 160 130 55 75 1729 235 142 116 93 61 93 94 66 1028 71 48 991 40 1707 239 954 118 82 836 162 674 363 311 131 54 107 334 234 144 90 77 204 109 75 100 178 100 47 65 61 78 42 63 42 45 45 159 1468 1439 1408 312
internal_count=3330 1569 1379 190 1263 1761 160 130 55 75 1729 235 142 116 93 61 93 94 66 1028 71 48 991 40 1707 239 954 118 82 836 162 674 363 311 131 54 107 334 234 144 90 77 204 109 75 100 178 100 47 65 61 78 42 63 42 45 45 159 1468 1439 1408 312
is_linear=0
shrinkage=0.04


Tree=20
num_leaves=63
num_cat=0
split_feature=13 1 13 13 1 15 11 16 6 3 11 7 2 12 7 12 19 10 10 12 12 5 19 19 2 16 19 11 17 16 7 6 13 13 7 7 7 17 19 2 16 11 6 10 11 17 6 11 6 17 17 15 13 6 7 16 7 13 15 13 7 14
split_gain=16235.2 2924.84 1678.41 915.545 474.976 441.709 212.564 235.426 258.309 217.802 151.032 124.526 115.437 295.714 263.379 189.21 107.083 102.22 125.314 77.6223 110.814 75.6276 75.249 68.9762 159.947 84.0213 141.44 84.525 240.64 74.3419 59.2694 54.3086 45.6716 120.443 83.2211 75.4909 109.145 203.411 142.396 107.528 130.101 95.2078 115.694 116.205 117.712 108.765 93.7178 88.3117 59.6048 77.4896 75.7461 52.4401 78.2471 51.6441 47.6185 46.5595 39.5931 37.2274 49.6716 54.1422 36.4159 35.705
threshold=-1.5999999999999999 1.0000000180025095e-35 9.2916666666666696 7.6060606060606073 1.0000000180025095e-35 0.52272727272727282 75.500000000000014 0.93095238095238109 221.50000000000003 3.5000000000000004 1.5000000000000002 7.5000000000000009 37.500000000000007 8819.5639720412055 24.500000000000004 6552.9057563025217 0.98561207368431381 5.5000000000000009 15.500000000000002 8611.2559062500022 7696.6745320560067 1.5000000000000002 0.97413737261212707 0.4742821699170448 37.500000000000007 0.55050505050505061 0.9153841545611584 3.5000000000000004 33701.235000000008 0.59166666666666679 18.500000000000004 150.50000000000003 5.1656862745098051 5.062527138514981 25.500000000000004 27.500000000000004 20.500000000000004 473971.99500000005 0.72273557259417243 22.500000000000004 0.70294117647058829 51.500000000000007 267.50000000000006 2.5000000000000004 31.500000000000004 423088.39000000007 105.50000000000001 32.500000000000007 106.50000000000001 317032.52000000008 171822.70500000005 0.75532879818594112 4.8355855855855863 136.50000000000003 10.500000000000002 0.81534090909090928 9.5000000000000018 -3.648863636363636 0.061476442428823386 -3.8466063348416286 6.5000000000000009 2.6536567454180551
decision_type=2 2 2 2 2 2 2 2 2 2 2 2 2 2 2 2 2 2 2 2 2 2 2 2 2 2 2 2 2 2 2 2 2 2 2 2 2 2 2 2 2 2 2 2 2 2 2 2 2 2 2 2 2 2 2 2 2 2 2 2 2 2
left_child=4 2 5 11 10 12 7 -4 9 -9 -1 -3 13 15 19 -2 -10 22 -19 20 21 -14 -13 24 30 26 -25 -27 -29 -30 -7 -11 33 34 48 36 39 38 -38 56 -41 42 43 -42 -45 -43 54 -40 51 50 53 -31 -53 -50 -47 -44 -34 58 -12 -60 -52 -59
right_child=1 3 6 -5 -6 23 -8 8 16 31 57 17 14 -15 -16 -17 -18 18 -20 -21 -22 -23 -24 25 -26 27 -28 28 29 32 -32 -33 35 -35 -36 -37 37 -39 47 40 41 45 55 44 -46 46 -48 -49 49 -51 60 52 -54 -55 -56 -57 -58 61 59 -61 -62 -63
leaf_value=0.017984638111623701 0.062371535241851177 0.29216327918943386 0.32846982108872558 0.44588204270583787 0.064772174187070125 -0.043179884751967816 0.07090194245476035 0.15412038906864153 0.078242932820250216 0.3456806589952155 -0.087745932699532431 0.18867833113330959 -0.086460381718537968 0.14325686935931894 0.10109895337657675 -0.10165903118549365 0.19530831583696809 0.30527057187474188 0.1635119924274101 -0.068012700620859928 0.073563181077134554 0.0012516060209614081 0.086176325693652397 0.20775153274559854 0.10680336422173775 0.13408376902778826 0.068137284403806064 -0.052374465408553166 0.01254396522543438 0.10726467958247043 0.044244406765671131 0.25078098231579832 -0.026310196705718533 0.14854427834671247 0.010886806847314552 0.12012368669475082 0.1307670803782866 -0.068716679965627608 -0.040719617762986354 0.18180432974402586 0.015488094559862466 -0.015121699306259916 0.11150903862234542 0.14770104109274773 0.028594622084157383 0.14314892915016847 0.022536607072176529 0.061340629830319661 0.071504363506627838 0.15502739296218779 0.01327646085194179 0.079420854741893157 -0.012239528687677699 0.15238793788998839 0.071969940525221057 0.19721921311735544 0.0530613048174488 -0.087852184881785117 -0.084382947601314776 -0.040797736140567489 0.078986448406092716 -0.11929604577808663
leaf_weight=22 24 23 23 34 34 30 20 30 34 20 1291 28 25 33 30 21 20 20 21 52 21 42 20 20 32 34 28 25 31 25 21 23 20 45 27 41 29 26 22 20 34 30 21 40 20 26 39 35 22 33 23 33 27 31 37 21 20 131 106 81 33 108
leaf_count=22 24 23 23 34 34 30 20 30 34 20 1291 28 25 33 30 21 20 20 21 52 21 42 20 20 32 34 28 25 31 25 21 23 20 45 27 41 29 26 22 20 34 30 21 40 20 26 39 35 22 33 23 33 27 31 37 21 20 131 106 81 33 108
internal_value=-0.000231381 0.09366 0.0761057 0.26409 -0.0831096 0.0600439 0.193997 0.210338 0.188686 0.237815 -0.0860056 0.208537 0.0122382 0.0524962 -0.00624141 -0.0141874 0.121918 0.1866 0.233286 -0.0293129 -0.00637094 -0.031527 0.146279 0.0718835 0.0368499 0.0750445 0.126662 0.0721801 0.0696443 0.0734141 -0.00712637 0.295666 0.0758289 0.0881642 0.0774048 0.0681401 0.0632654 0.0291077 0.0587512 0.0749105 0.0834447 0.0760319 0.0995435 0.0747047 0.108146 0.0517357 0.0714148 0.0219116 0.0852996 0.101197 0.0847539 0.0586308 0.0381887 0.119049 0.101557 0.154778 0.013359 -0.0873402 -0.0849432 -0.0655464 0.0521058 -0.102113
internal_weight=3338 1565 1419 146 1773 1249 170 150 127 73 1739 112 248 78 170 45 54 89 41 140 88 67 48 1001 83 918 48 870 836 811 51 43 780 299 254 481 440 112 86 328 288 268 136 94 60 132 102 57 227 142 109 85 60 53 63 42 40 1717 1478 187 56 239
internal_count=3338 1565 1419 146 1773 1249 170 150 127 73 1739 112 248 78 170 45 54 89 41 140 88 67 48 1001 83 918 48 870 836 811 51 43 780 299 254 481 440 112 86 328 288 268 136 94 60 132 102 57 227 142 109 85 60 53 63 42 40 1717 1478 187 56 239
is_linear=0
shrinkage=0.04


Tree=21
num_leaves=63
num_cat=0
split_feature=13 1 13 13 1 15 18 19 11 18 18 0 2 0 0 6 6 0 13 11 6 6 5 6 18 14 2 13 14 5 14 14 14 15 13 15 11 3 5 18 3 18 14 6 19 0 5 0 14 11 11 15 0 0 15 16 11 18 11 13 13 18
split_gain=14965.3 2696.43 1547.46 843.832 437.798 407.2 217.447 163.799 139.212 130.844 141.057 117.375 106.403 226.094 231.445 120.537 142.768 81.8099 76.0387 89.3034 75.7838 93.3151 71.9357 71.2122 70.8208 94.9927 135.446 65.9283 111.012 115.011 110.016 113.866 70.8183 80.6913 66.283 94.5662 59.564 50.8151 73.1354 52.0556 50.5346 44.0984 60.9328 75.8116 64.6024 76.0653 83.2507 65.0436 77.3743 88.3799 77.2547 81.3844 79.6061 78.7165 63.9852 51.2623 45.6285 45.1459 44.0424 36.463 34.3136 59.7332
threshold=-1.5999999999999999 1.0000000180025095e-35 9.2916666666666696 7.6060606060606073 1.0000000180025095e-35 0.52272727272727282 0.14907407407407411 0.58066290894584316 1.5000000000000002 0.28268590455049952 0.17001204335608192 8.8914833653005019 37.500000000000007 9.067113931499545 8.8003030542807696 53.500000000000007 35.500000000000007 8.063682838198412 7.0500000000000007 6.5000000000000009 29.500000000000004 19.500000000000004 2.5000000000000004 44.500000000000007 0.10063291139240509 5.2061633704094055 37.500000000000007 5.1656862745098051 5.3025507865477701 3.5000000000000004 5.5688401072629814 5.9717405810239859 6.1950689260037057 0.70429252782193974 5.062527138514981 0.77712418300653607 3.5000000000000004 7.5000000000000009 1.5000000000000002 0.052982456140350888 10.500000000000002 0.035504201680672275 6.2706039268711651 171.50000000000003 0.80047995579252984 8.6706959368420389 1.5000000000000002 8.8733300900459877 5.7506158760631907 56.500000000000007 64.500000000000014 0.83827375762859646 9.3269976286755831 9.1316764197103364 0.81872946330777674 0.77097902097902116 41.500000000000007 0.069366479550922219 42.500000000000007 5.1342342342342357 -3.648863636363636 0.023122159850307408
decision_type=2 2 2 2 2 2 2 2 2 2 2 2 2 2 2 2 2 2 2 2 2 2 2 2 2 2 2 2 2 2 2 2 2 2 2 2 2 2 2 2 2 2 2 2 2 2 2 2 2 2 2 2 2 2 2 2 2 2 2 2 2 2
left_child=4 2 5 24 8 12 11 -8 -1 10 -9 -4 13 14 -2 16 20 -7 19 36 21 22 -14 -18 25 26 -3 28 29 37 40 34 -33 -34 35 -32 -19 38 39 -21 -30 -29 44 -44 45 46 -43 -46 50 -50 51 52 56 -53 -47 -48 -49 -52 -57 -27 61 -10
right_child=1 3 6 -5 -6 17 7 9 60 -11 -12 -13 15 -15 -16 -17 23 18 -20 27 -22 -23 -24 -25 -26 59 -28 41 30 -31 31 32 33 -35 -36 -37 -38 -39 -40 -41 -42 42 43 -45 47 54 55 48 49 -51 57 53 -54 -55 -56 58 -58 -59 -60 -61 -62 -63
leaf_value=0.017268507642443899 0.071340188082733721 0.30134725750975344 0.039259350471828706 0.42809906073679321 0.062188887924742489 -0.0023438337385891916 0.30216105813029948 0.22123714861072252 -0.087153481861034499 0.25420552644844863 0.099395362380400434 0.16644141985428293 -0.027221346094400554 0.13406994740104369 -0.10778735077796292 0.085984856010372965 -0.12015301194227519 0.070383973017156834 0.12799307576094307 0.23214147045837707 0.073707006441521963 -0.065718666754687738 0.067751703860574983 -0.020951764046863355 0.26207518808636426 0.17491411769559598 0.16248724801074094 0.011729091024490153 -0.016786654639474066 0.053291535760993672 0.14736506040025901 0.0014380526767973226 0.12957229142039464 0.039452439866879067 0.18262818277178713 0.037985743397993661 -0.008961385907776398 0.084574751282090188 0.10734979861305924 0.14284088578956255 0.064573181588851392 0.021534279243839691 -0.034451605324496586 0.071537382349169634 -0.0068263813221093386 0.18261436231893385 0.04118337363678945 0.045176767760543461 0.059235563337555572 0.17350069995543257 0.053463266284090538 0.15282465732394587 0.091524917804089195 0.064071780533928258 0.093564397602679039 0.06636760169207627 -0.039029385491983211 -0.012856516577200215 0.13963440240232769 0.09807049008744273 -0.098032704988670394 -0.069903545846558238
leaf_weight=22 27 20 20 34 34 25 27 28 997 33 34 28 24 31 20 20 26 25 36 20 22 30 27 21 24 21 27 26 31 40 27 29 27 39 20 24 38 27 38 24 20 38 21 22 23 21 22 21 24 20 30 28 28 38 35 21 20 36 37 20 239 481
leaf_count=22 27 20 20 34 34 25 27 28 997 33 34 28 24 31 20 20 26 25 36 20 22 30 27 21 24 21 27 26 31 40 27 29 27 39 20 24 38 27 38 24 20 38 21 22 23 21 22 21 24 20 30 28 28 38 35 21 20 36 37 20 239 481
internal_value=-0.000215187 0.0899293 0.0730743 0.25357 -0.0797861 0.0576517 0.186273 0.2147 -0.0825665 0.18953 0.154721 0.113682 0.011751 0.0504016 -0.00490885 -0.0059903 -0.0183161 0.0690194 0.0708495 0.0686455 0.00803909 -0.00984088 0.0230536 -0.0760101 0.200236 0.183069 0.222133 0.0719512 0.084947 0.111573 0.0666125 0.0823945 0.0536261 0.0764902 0.12073 0.0961066 0.0225548 0.132874 0.14863 0.183912 0.015144 0.0626244 0.0653457 0.0197691 0.0697696 0.0887919 0.0704268 0.0573833 0.0634197 0.111495 0.0528355 0.070171 0.0396612 0.101929 0.12726 0.0935699 0.00405691 0.0172939 0.113301 0.137808 -0.0838477 -0.0815461
internal_weight=3338 1565 1419 146 1773 1249 170 122 1739 95 62 48 248 78 47 170 150 1001 976 940 103 81 51 47 112 88 47 877 366 149 217 166 95 66 71 51 63 109 82 44 51 511 485 43 442 174 118 268 245 44 201 135 69 66 56 80 41 66 58 41 1717 1478
internal_count=3338 1565 1419 146 1773 1249 170 122 1739 95 62 48 248 78 47 170 150 1001 976 940 103 81 51 47 112 88 47 877 366 149 217 166 95 66 71 51 63 109 82 44 51 511 485 43 442 174 118 268 245 44 201 135 69 66 56 80 41 66 58 41 1717 1478
is_linear=0
shrinkage=0.04


Tree=22
num_leaves=63
num_cat=0
split_feature=13 13 13 17 0 0 11 18 3 2 6 17 12 12 7 17 6 6 13 6 2 10 0 0 7 19 13 13 0 11 12 3 12 18 19 19 7 7 3 7 19 10 19 0 11 0 7 19 12 11 0 5 12 19 19 12 5 18 0 13 18 0
split_gain=13794.6 2369.04 426.903 382.526 292.914 368.37 210.391 193.323 208.195 192.181 214.001 182.848 187.674 318.538 128.319 149.709 126.646 93.599 88.6437 82.5617 70.3194 90.5781 108.291 196.955 74.0949 89.3217 126.73 114.857 96.624 187.416 110.401 84.2742 160.441 120.256 82.558 130.447 98.4894 79.1782 74.8353 73.67 68.876 109.796 115.328 105.11 104.327 98.8147 142.899 109.243 72.9336 85.0103 69.6969 66.2206 66.1224 58.5982 92.695 55.7003 53.4119 53.2401 45.9078 41.0297 53.85 47.8617
threshold=-1.5999999999999999 7.6060606060606073 13.353469387755103 48135.515000000007 8.7925602367759002 9.1968598107530948 1.5000000000000002 0.11558704453441297 7.5000000000000009 37.500000000000007 54.500000000000007 20941.430000000004 8819.5639720412055 6552.9057563025217 21.500000000000004 171822.70500000005 35.500000000000007 29.500000000000004 12.820450885668278 19.500000000000004 22.500000000000004 9.5000000000000018 9.3161227574386078 9.5874177038182378 25.500000000000004 0.60434372530753488 5.8642697881828321 5.1096096096096106 8.9939779716956778 45.500000000000007 7911.738630136987 6.5000000000000009 8473.2786190476199 0.066352201257861648 0.52129719525290008 0.46043614414499495 11.500000000000002 13.500000000000002 5.5000000000000009 3.5000000000000004 0.76019057376888155 3.5000000000000004 1.6105590974369146 8.9248066567463589 64.500000000000014 9.6263269342975502 9.5000000000000018 0.95575005848446748 8280.8744907407436 51.500000000000007 9.0205112960785332 2.5000000000000004 8456.3305000000018 0.89235634667459018 1.0418570261284368 8434.5735478806946 2.5000000000000004 0.047247023809523815 9.2793602387867669 -3.648863636363636 0.024540800963565194 8.2361026497979264
decision_type=2 2 2 2 2 2 2 2 2 2 2 2 2 2 2 2 2 2 2 2 2 2 2 2 2 2 2 2 2 2 2 2 2 2 2 2 2 2 2 2 2 2 2 2 2 2 2 2 2 2 2 2 2 2 2 2 2 2 2 2 2 2
left_child=6 3 7 9 -4 -6 -1 -3 14 11 16 12 13 56 15 -9 17 19 -10 51 21 22 39 -24 25 26 34 28 29 30 -27 32 -26 -33 35 -22 -36 38 -30 -5 44 42 43 -42 -29 46 47 -43 -48 -50 -45 -11 -52 -41 -55 -18 -2 -39 -54 60 61 -8
right_child=1 2 4 20 5 -7 59 8 18 10 -12 -13 -14 -15 -16 -17 55 -19 -20 -21 24 -23 23 -25 31 27 -28 40 37 -31 -32 33 -34 -35 36 -37 -38 57 -40 53 41 45 -44 50 -46 -47 48 -49 49 -51 52 -53 58 54 -56 -57 -58 -59 -60 -61 -62 -63
leaf_value=0.043386051221327347 0.15842549720367827 0.056152136746574842 0.3857971293391706 -0.033686026418852107 0.12719407699498417 0.35256427309406335 -0.050950716430089929 0.11359871898894702 0.062172732126145144 -0.027607738693098453 0.088691242794551498 -0.020105071711770207 0.16301768165955324 -0.059627738053771272 0.31324338215500558 0.2438861219244679 -0.03175794339387078 0.081019476915334732 0.16866343462170233 -0.063098653780661554 0.013828150144574383 0.11553243795173829 0.18549875416906708 0.012070738640590686 -0.065391619572272672 0.17955324953171745 0.13247502898096655 0.089254995203282603 0.10976068609204644 0.2510183478984595 0.050749092153656535 0.017698717959119245 0.077556109028737164 0.1454362263494752 0.060784940204481171 0.12231103729997944 -0.061564039814526142 0.17143607505353173 0.0065444909892470593 0.067961650147200001 0.03518823049554777 0.023983356252100792 0.013879332718861045 0.20310983589039514 0.1965773216023374 0.12410802466773438 -0.059091268978012139 0.14484270914593625 0.083951606154441832 -0.009257315945099381 0.16689516917475913 0.059436397235654914 0.043700050186206943 -0.050918779432503884 0.057732365883093113 -0.11407624792729028 0.071513745893131614 0.090335077910587702 0.12680146415848537 -0.093599631771266054 -0.063689114083675322 -0.082925959642078106
leaf_weight=23 23 22 28 24 28 20 82 23 23 26 39 31 37 26 20 38 33 23 28 30 36 37 22 20 22 20 31 54 23 24 23 21 29 27 20 35 22 27 22 66 20 21 20 20 20 26 20 28 26 39 27 30 21 22 29 22 23 26 22 241 431 996
leaf_count=23 23 22 28 24 28 20 82 23 23 26 39 31 37 26 20 38 33 23 28 30 36 37 22 20 22 20 31 54 23 24 23 21 29 27 20 35 22 27 22 66 20 21 20 20 20 26 20 28 26 39 27 30 21 22 29 22 23 26 22 241 431 996
internal_value=-0.000199781 0.086347 0.204896 0.0659075 0.282597 0.221678 -0.076595 0.166379 0.184678 0.0294734 0.00459039 0.0655104 0.0898741 0.0520848 0.224616 0.19506 -0.0154389 0.00952112 0.120893 -0.0096492 0.078499 0.0584622 0.0468557 0.103186 0.0841981 0.0889598 0.0609126 0.0965778 0.124328 0.161473 0.110982 0.0517507 0.0158459 0.0897456 0.0411629 0.0674306 -0.00324912 0.0987744 0.0594702 0.030001 0.0839624 0.075101 0.102429 0.118484 0.118514 0.0528344 0.0389081 0.0932409 0.0074905 0.0280672 0.136912 0.0190102 0.117707 0.0430997 0.0108162 -0.0648688 0.115262 0.131933 0.086459 -0.0781754 -0.0757047 -0.0805005
internal_weight=3338 1565 230 1335 76 48 1773 154 132 343 203 140 109 72 81 61 164 109 51 86 992 220 183 42 772 673 144 529 165 67 43 99 51 48 113 71 42 98 45 141 364 290 130 110 74 160 134 49 85 65 90 56 70 117 51 55 46 53 43 1750 1509 1078
internal_count=3338 1565 230 1335 76 48 1773 154 132 343 203 140 109 72 81 61 164 109 51 86 992 220 183 42 772 673 144 529 165 67 43 99 51 48 113 71 42 98 45 141 364 290 130 110 74 160 134 49 85 65 90 56 70 117 51 55 46 53 43 1750 1509 1078
is_linear=0
shrinkage=0.04


Tree=23
num_leaves=63
num_cat=0
split_feature=13 1 13 13 1 15 11 10 6 10 5 11 7 10 10 6 6 14 6 2 12 5 19 2 16 19 11 17 16 6 7 7 7 13 19 13 2 16 13 7 16 5 12 13 11 19 13 19 19 19 16 14 19 12 12 11 5 19 12 12 6 19
split_gain=12715.6 2422.85 1302.82 725.36 402.844 348.108 184.76 204.738 296.981 288.468 254.884 115.806 111.175 93.0952 112.763 90.1823 150.629 72.8557 70.7414 171.633 159.966 138.134 58.6957 142.609 72.8121 130.329 75.9329 209.477 67.9568 54.3484 52.1745 45.8864 123.918 93.2091 80.5438 71.1204 89.1155 104.564 80.4341 72.3813 117.36 74.7528 75.2099 70.5307 60.9118 66.0756 69.8732 60.024 99.4404 70.3076 68.3181 103.044 55.9004 51.714 51.5262 51.4576 59.276 44.3672 39.0047 38.8929 36.259 35.982
threshold=-1.5999999999999999 1.0000000180025095e-35 9.2916666666666696 7.6060606060606073 1.0000000180025095e-35 0.52272727272727282 75.500000000000014 6.5000000000000009 198.50000000000003 3.5000000000000004 2.5000000000000004 1.5000000000000002 7.5000000000000009 5.5000000000000009 15.500000000000002 53.500000000000007 36.500000000000007 5.3566406639674025 10.500000000000002 37.500000000000007 7222.7312500000007 2.5000000000000004 0.4742821699170448 37.500000000000007 0.55050505050505061 0.9153841545611584 3.5000000000000004 33701.235000000008 0.60769230769230786 19.500000000000004 18.500000000000004 27.500000000000004 25.500000000000004 5.3689931350114426 0.81794757581026678 5.1656862745098051 22.500000000000004 0.72077922077922085 5.6685606060606073 6.5000000000000009 0.97222222222222232 3.5000000000000004 9334.7732183908065 5.062527138514981 77.500000000000014 0.66894921502344518 6.213541666666667 0.83833851740381682 0.68413010036108191 1.8656785675395378 0.78759398496240618 5.3566406639674025 1.0227232584312251 8355.2780942928057 8522.2077596153886 39.500000000000007 1.5000000000000002 1.371297401263621 8559.8243921232879 8412.7517480541646 44.500000000000007 0.60434372530753488
decision_type=2 2 2 2 2 2 2 2 2 2 2 2 2 2 2 2 2 2 2 2 2 2 2 2 2 2 2 2 2 2 2 2 2 2 2 2 2 2 2 2 2 2 2 2 2 2 2 2 2 2 2 2 2 2 2 2 2 2 2 2 2 2
left_child=4 2 5 12 11 15 7 9 -9 10 -4 -1 -3 17 -15 16 18 -14 -2 20 -20 -21 23 30 25 -24 -26 -28 59 -23 -7 32 35 -33 -34 43 38 -38 -37 40 53 42 44 47 45 -41 55 48 61 50 52 -52 -49 -39 -55 -47 -57 -54 -43 -29 -18 -30
right_child=1 3 6 -5 -6 22 -8 8 -10 -11 -12 -13 13 14 -16 -17 60 -19 19 21 -22 29 24 -25 26 -27 27 28 31 -31 -32 33 34 -35 -36 36 37 39 -40 41 -42 58 -44 -45 -46 46 -48 49 -50 -51 51 -53 57 54 -56 56 -58 -59 -60 -61 -62 -63
leaf_value=0.014853307316206156 -0.021129642641710904 0.26752143419150148 0.097430138569944216 0.39985056208026026 0.062652520067181416 -0.044358713074379982 0.056106543920526449 0.22987950261068524 0.050195784893902869 0.32324580557476668 0.2653425785271144 -0.077367693947587024 0.18538402226581394 0.28060937736757946 0.14627291028533501 0.085606999490168187 -0.098897257023807028 0.08533138702716335 0.028941772285833393 -0.05921342369158384 0.18216965788039402 0.093119224688453142 0.19206694719803274 0.097034336288584364 0.12219657280577942 0.058106357342832031 -0.052697544976534595 0.050473607991246262 0.052494275585330763 0.0086215491311246988 0.037661099689549171 0.035716754785224569 0.050812742216554699 0.14610772763828622 -0.05983080489718498 -0.029983649944590629 0.13867161497064062 0.012353109766394546 0.065588653819019585 -0.0081883894300564027 0.16148843680305042 0.058821988047357422 -0.037726444296575894 0.13146125220860483 -0.020783458369881359 0.12813845835048773 0.004894703176506328 0.17809100732385399 -0.0037434337740419898 0.026167725567364585 0.12600642204161008 0.0087787650630681835 0.059887111435569289 0.13308604356068282 0.04190241601929736 0.101314460004323 0.025325467213332824 0.14180464069093515 0.12855825704929633 -0.024855896127757737 -0.027575006009508463 0.12166716837779784
leaf_weight=22 50 23 33 34 34 30 20 26 34 31 26 1717 21 20 21 23 22 27 24 35 20 21 20 32 34 28 25 24 26 29 21 20 22 32 20 32 29 23 25 23 26 30 20 44 20 27 24 25 34 22 24 24 21 20 20 32 34 22 23 20 24 23
leaf_count=22 50 23 33 34 34 30 20 26 34 31 26 1717 21 20 21 23 22 27 24 35 20 21 20 32 34 28 25 24 26 29 21 20 22 32 20 32 29 23 25 23 26 30 20 44 20 27 24 25 34 22 24 24 21 20 20 32 34 22 23 20 24 23
internal_value=-0.000185365 0.0829075 0.0669306 0.238024 -0.0735319 0.0527793 0.170797 0.186028 0.128345 0.224277 0.171783 -0.0761991 0.188568 0.167864 0.212375 0.0103392 0.00260167 0.12944 0.0192062 0.0348599 0.0988913 0.00161353 0.0632899 0.0309778 0.0662055 0.114248 0.0635397 0.0611374 0.0646551 0.0442655 -0.0105391 0.0674292 0.0647643 0.103838 -0.00184412 0.0689238 0.0583974 0.0659304 0.0119405 0.0593319 0.0900502 0.0475562 0.0352088 0.0850947 0.0443561 0.0536842 0.0658609 0.0757991 0.0487721 0.0919929 0.104426 0.0675743 0.130273 0.0603269 0.0877623 0.0815504 0.0622964 0.102077 0.0893077 0.0162089 -0.0618696 0.0851856
internal_weight=3338 1565 1419 146 1773 1249 170 150 60 90 59 1739 112 89 41 248 225 48 179 129 44 85 1001 83 918 48 870 836 811 50 51 767 715 52 42 673 408 351 57 322 89 233 180 265 160 140 117 221 83 138 116 48 68 63 40 93 66 43 53 44 46 49
internal_count=3338 1565 1419 146 1773 1249 170 150 60 90 59 1739 112 89 41 248 225 48 179 129 44 85 1001 83 918 48 870 836 811 50 51 767 715 52 42 673 408 351 57 322 89 233 180 265 160 140 117 221 83 138 116 48 68 63 40 93 66 43 53 44 46 49
is_linear=0
shrinkage=0.04


Tree=24
num_leaves=63
num_cat=0
split_feature=13 1 13 15 1 15 18 19 19 11 11 15 10 7 3 6 6 6 2 7 6 6 19 19 18 16 19 11 11 15 13 13 13 6 7 19 16 6 18 7 13 16 13 19 19 19 16 10 19 6 14 13 18 13 13 13 18 19 6 10 11 10
split_gain=11720.9 2233.67 1201.03 672.507 371.31 320.911 178.25 143.457 119.195 264.774 106.741 105.71 101.503 123.83 89.4066 83.1387 138.885 65.2233 158.238 109.313 65.103 74.2833 59.5597 54.1109 142.408 67.1295 120.157 69.9825 76.932 85.9248 73.317 86.2684 120.957 74.3071 71.0787 65.8035 61.2443 82.6519 74.7314 56.4426 69.6973 90.1496 103.655 76.3609 122.837 121.406 97.7328 84.4753 124.743 81.3041 67.0502 75.0972 46.7934 45.3847 44.6762 35.1844 34.7266 33.6118 33.4234 33.0329 31.9903 81.2557
threshold=-1.5999999999999999 1.0000000180025095e-35 9.2916666666666696 0.86542009055844382 1.0000000180025095e-35 0.52272727272727282 0.14907407407407411 0.58066290894584316 1.4143572004728149 39.500000000000007 1.5000000000000002 0.98692754613807254 8.5000000000000018 21.500000000000004 4.5000000000000009 53.500000000000007 36.500000000000007 10.500000000000002 37.500000000000007 15.500000000000002 30.500000000000004 19.500000000000004 0.92946461322723317 0.4742821699170448 0.071008403361344549 0.55050505050505061 0.9153841545611584 3.5000000000000004 6.5000000000000009 0.99456521739130443 6.213541666666667 6.1250542770299612 6.0064935064935074 345.50000000000006 15.500000000000002 0.88624726146046129 0.60769230769230786 331.50000000000006 0.13079116179615113 27.500000000000004 5.3496031746031756 0.7633053221288516 5.4526248399487844 0.54713051383092759 0.83833851740381682 1.6919793230208182 0.82085561497326209 8.5000000000000018 0.68413010036108191 140.50000000000003 5.3363607841262075 5.6476034858387809 0.091431556948798343 4.1550480769230775 5.8642697881828321 5.6685606060606073 0.083835341365461849 0.95575005848446748 44.500000000000007 24.500000000000004 69.500000000000014 3.5000000000000004
decision_type=2 2 2 2 2 2 2 2 2 2 2 2 2 2 2 2 2 2 2 2 2 2 2 2 2 2 2 2 2 2 2 2 2 2 2 2 2 2 2 2 2 2 2 2 2 2 2 2 2 2 2 2 2 2 2 2 2 2 2 2 2 2
left_child=4 2 5 12 10 15 22 -8 9 -9 -1 -11 13 -3 -5 16 17 -2 19 -19 21 -20 -4 24 -7 26 -25 -27 29 -29 31 32 33 36 -32 -36 56 38 39 40 43 -42 -43 -38 47 52 -47 48 -45 -50 55 -52 53 -46 -26 -44 -30 -53 -18 -12 61 -55
right_child=1 3 6 14 -6 23 7 8 -10 11 59 -13 -14 -15 -16 -17 58 18 20 -21 -22 -23 -24 25 54 27 -28 28 30 -31 34 -33 -34 -35 35 -37 37 -39 -40 -41 41 42 50 44 45 46 -48 -49 49 -51 51 57 -54 60 -56 -57 -58 -59 -60 -61 -62 -63
leaf_value=0.014261859528619239 -0.020286143537528972 0.18108659189848994 0.053257315158843993 0.41688242363207267 0.060153768712824046 -0.031525583955329284 0.27150925492008671 0.23530280576110729 0.24356925726926176 0.14405441505991998 -0.074920685037288423 0.018275953727367119 0.22843779941569703 0.065157902012853069 0.29581858320912313 0.082197544192854965 -0.094959266282854032 0.15235409865364494 0.031191516872826841 0.02556483209911567 0.064497250431212627 -0.055010433544045834 0.14281671959334882 0.18442249343466402 0.038589869549219634 0.11732303987500256 0.055790375449903493 -0.046152265784028285 0.052841179964101703 0.064165824942998759 0.068874541723054905 0.14729016866701752 -0.031327790242235802 0.13512555791876621 0.038709581492848651 -0.063626971078749317 0.14868568470975235 -0.0076854295557711554 0.14363540870883454 0.11681367282643695 -0.0071414776029609444 -0.014422367697017857 0.0044165688629466968 0.066891602617236257 0.15048301170417919 -0.010814690931050339 0.10070891251213743 0.1013550732765363 -0.091177957443455554 0.01997974622303544 0.15891156699234274 0.11025201061249373 0.15317600522973882 0.10846447726586217 0.11633473933552185 0.065762201767981504 -0.019704782024943995 0.042017199407692905 -0.026476586700969713 -0.02637756324433661 0.11629989576475573 0.02487767177090006
leaf_weight=22 50 46 24 23 34 35 27 28 24 20 1694 23 35 22 20 23 22 24 28 20 20 37 24 20 26 34 28 23 21 22 30 20 21 24 20 20 21 23 21 34 42 26 24 38 20 31 21 23 20 22 23 20 27 40 22 40 21 28 24 23 35 35
leaf_count=22 50 46 24 23 34 35 27 28 24 20 1694 23 35 22 20 23 22 24 28 20 20 37 24 20 26 34 28 23 21 22 30 20 21 24 20 20 21 23 21 34 42 26 24 38 20 31 21 23 20 22 23 20 27 40 22 40 21 28 24 23 35 35
internal_value=-0.000171176 0.0796055 0.064265 0.228543 -0.0705905 0.0506777 0.163992 0.189726 0.166201 0.139714 -0.0731512 0.0770225 0.172747 0.14376 0.361437 0.00992873 0.00249913 0.0184436 0.0334746 0.0949566 0.00155099 -0.0178557 0.0982824 0.0607693 0.029743 0.0635688 0.109701 0.061009 0.0587025 0.00775937 0.0615968 0.0653931 0.063033 0.0659542 0.0224292 -0.0124399 0.0634002 0.0665978 0.0694929 0.0667331 0.0635314 0.0449928 0.0586014 0.0748099 0.069785 0.0874087 0.0342922 0.0339549 0.01445 -0.0329958 0.0726803 0.09946 0.104956 0.0948153 0.0744323 0.0428316 0.01656 0.0706601 -0.0594075 -0.0742732 0.0845482 0.069569
internal_weight=3338 1565 1419 146 1773 1249 170 122 95 71 1739 43 103 68 43 248 225 179 129 44 85 65 48 1001 83 918 48 870 836 45 791 721 701 680 70 40 656 614 591 570 536 203 161 333 312 209 52 103 80 42 135 71 157 130 48 64 42 48 46 1717 110 75
internal_count=3338 1565 1419 146 1773 1249 170 122 95 71 1739 43 103 68 43 248 225 179 129 44 85 65 48 1001 83 918 48 870 836 45 791 721 701 680 70 40 656 614 591 570 536 203 161 333 312 209 52 103 80 42 135 71 157 130 48 64 42 48 46 1717 110 75
is_linear=0
shrinkage=0.04


Tree=25
num_leaves=63
num_cat=0
split_feature=13 1 13 15 6 2 14 1 7 17 2 0 16 7 7 16 14 6 3 19 14 0 7 0 0 0 7 17 17 0 7 19 19 6 0 17 5 5 16 16 0 16 13 6 0 6 17 17 19 16 19 7 7 2 15 10 0 14 5 6 14 5
split_gain=11113.8 2512.77 1393.64 515.33 383.288 394 329.365 321.683 255.626 212.915 180.229 177.272 164.307 205.045 130.042 265.828 139.923 110.488 104.85 102.847 102.503 138.125 86.6867 86.482 86.0294 181.997 132.226 84.0142 72.9444 124.435 129.186 139.405 128.476 161.844 159.261 97.7738 72.8607 68.9174 73.9391 68.9601 67.5495 64.036 58.515 53.469 52.1553 51.7565 71.8224 67.6734 50.2037 49.7067 90.2549 86.122 54.6309 46.7499 46.5653 45.4925 44.8543 42.2677 37.5811 37.3928 58.5473 35.5585
threshold=-1.5999999999999999 1.0000000180025095e-35 10.961538461538463 0.85805860805860812 65.500000000000014 37.500000000000007 7.3844893783327681 1.0000000180025095e-35 11.500000000000002 28600.855 37.500000000000007 9.1030874626548215 0.67543859649122817 14.500000000000002 18.500000000000004 0.67543859649122817 5.0893249133362994 29.500000000000004 7.5000000000000009 0.99990673365498328 5.0722423357463784 9.2398219852143662 10.500000000000002 9.5016074654902933 8.947258550057418 9.0602167828272773 13.500000000000002 558595.43000000028 207804.02000000002 8.474093593534457 2.5000000000000004 0.73209194098866548 1.1418851579563065 136.50000000000003 8.8599747466090779 245225.36500000002 1.5000000000000002 3.5000000000000004 0.8377192982456142 0.81534090909090928 8.5860800504777952 0.86190476190476206 4.6871722468737405 269.50000000000006 8.8200259074471834 317.50000000000006 547819.75500000012 353965.15000000008 0.89611619365284245 0.91287878787878796 0.98561207368431381 11.500000000000002 22.500000000000004 37.500000000000007 0.83678646934460899 3.5000000000000004 9.6263269342975502 5.2537959125343301 2.5000000000000004 29.500000000000004 1.0000000180025095e-35 1.5000000000000002
decision_type=2 2 2 2 2 2 2 2 2 2 2 2 2 2 2 2 2 2 2 2 2 2 2 2 2 2 2 2 2 2 2 2 2 2 2 2 2 2 2 2 2 2 2 2 2 2 2 2 2 2 2 2 2 2 2 2 2 2 2 2 2 2
left_child=7 2 4 10 5 14 18 59 -8 -6 12 -5 -3 -14 15 22 -17 -18 27 44 21 24 -2 28 26 -26 -7 -4 29 36 -31 42 33 48 -35 41 -11 39 -39 45 -28 55 -32 -20 -16 46 47 53 -33 51 61 -41 -53 -37 -40 -30 -25 -58 -59 -1 -61 -51
right_child=1 3 6 11 9 20 8 -9 -10 23 -12 -13 13 -15 19 16 17 -19 43 -21 -22 -23 -24 56 25 -27 40 -29 35 30 31 32 -34 34 -36 37 -38 38 54 49 -42 -43 -44 -45 -46 -47 -48 -49 -50 50 -52 52 -54 -55 -56 -57 57 58 -60 60 -62 -63
leaf_value=-0.092921779849835254 0.10829626218425079 0.31521455746691368 0.19907833970111349 0.27098200237608522 0.17592852030677356 0.020767176421921395 0.35322985929844181 0.053233148359483291 0.17937470838471239 -0.035473470850963494 0.10941924965704269 0.4319184206334335 0.26466712933082082 0.096892627166019929 0.016790912524097805 -0.05321270636472656 -0.0026854363323952912 0.11521584221321474 0.040235360948554365 0.06938653383718428 0.046586672811771854 -0.094674492403333949 0.21515127332289638 -0.011213158870015047 0.1192553992322271 -0.027873321633454601 -0.023596367789553353 0.097198925350435936 0.080280166601205794 0.17967075886716882 0.088927349901911035 0.036235314720305632 0.12048687376402942 -0.00049725024557825345 0.14320339846091107 0.0057023822647965603 0.06501622065406884 0.12468399631771153 0.010683933728114124 0.026385935358526579 -0.11365977529981798 -0.036572476128370557 0.17953668333881692 0.1288351725854015 -0.06303808993343854 -0.00874332145074945 -0.0032268693583969625 0.11006946987245789 -0.045386223753425367 0.048856768510234884 0.10494297515862103 0.1570299764744596 0.075897055463672175 0.080971539415322341 0.094041490562900704 -0.00096786467949925984 0.088490832853110837 -0.0096369122476870073 0.06310834402172126 -0.0043346108570357792 -0.0701626221868005 -0.025465836515076352
leaf_weight=116 30 21 39 25 26 38 23 34 34 20 35 21 23 24 32 21 21 32 23 39 32 42 21 35 21 37 23 20 23 25 20 20 44 20 32 31 27 52 21 21 32 27 28 21 22 34 33 34 30 20 27 31 24 23 22 21 23 26 20 22 1564 21
leaf_count=116 30 21 39 25 26 38 23 34 34 20 35 21 23 24 32 21 21 32 23 39 32 42 21 35 21 37 23 20 23 25 20 20 44 20 32 31 27 52 21 21 32 27 28 21 22 34 33 34 30 20 27 31 24 23 22 21 23 26 20 22 1564 21
internal_value=0.00179989 0.0773927 0.0614538 0.233841 0.0477729 0.0175282 0.172841 -0.0684362 0.250058 0.0633282 0.183769 0.345274 0.221791 0.179425 0.0558425 0.0824811 0.0339403 0.0685455 0.129889 0.0199663 -0.0195935 -0.0305952 0.152669 0.059799 -0.0127077 0.0254766 -0.0365448 0.1648 0.0646569 0.0813964 0.0940697 0.0829414 0.0633984 0.0386586 0.0880007 0.0550614 0.0222277 0.0628473 0.092574 0.0533679 -0.0761444 0.0117994 0.142088 0.0827632 -0.0157515 0.0347917 0.0470384 0.0658928 -0.0126905 0.0733112 0.0482914 0.0955781 0.121865 0.0378888 0.0534976 0.0415431 0.0256053 0.0442995 0.0220164 -0.0708709 -0.0692511 0.0107711
internal_weight=3349 1613 1464 149 1304 443 160 1736 57 861 103 46 68 47 218 125 74 53 103 93 225 193 51 835 151 58 93 59 731 266 219 194 146 102 52 465 47 394 95 299 55 71 48 44 54 155 121 88 50 144 68 76 55 54 43 44 104 69 46 1702 1586 41
internal_count=3349 1613 1464 149 1304 443 160 1736 57 861 103 46 68 47 218 125 74 53 103 93 225 193 51 835 151 58 93 59 731 266 219 194 146 102 52 465 47 394 95 299 55 71 48 44 54 155 121 88 50 144 68 76 55 54 43 44 104 69 46 1702 1586 41
is_linear=0
shrinkage=0.04


Tree=26
num_leaves=63
num_cat=0
split_feature=13 13 13 19 10 2 10 12 14 7 19 12 12 12 19 12 19 15 18 7 18 12 15 13 12 5 16 18 15 10 14 19 11 14 7 10 12 16 7 12 12 14 13 5 16 13 12 17 12 12 7 3 18 5 12 10 14 5 5 12 10 11
split_gain=10244.4 1975.79 497.08 308.918 278.086 361.956 154.83 223.605 139.901 191.955 137.397 103.245 140.834 80.1921 109.608 112.634 112.404 101.991 95.1169 78.0034 149.87 111.155 100.948 69.5163 68.7213 186.964 138.284 170.903 136.913 88.3436 133.579 120.568 117.422 89.1161 82.0632 74.1508 67.9667 87.3697 65.5528 64.5112 115.119 61.6609 58.4535 51.1347 77.5513 120.136 89.2281 62.6936 50.8697 105.826 86.3338 52.6171 50.1161 75.3279 49.6191 48.3895 46.6714 43.5034 34.3492 31.8619 30.8935 28.4602
threshold=-1.5999999999999999 13.353469387755103 7.0500000000000007 0.96713754185329759 27.500000000000004 37.500000000000007 1.5000000000000002 8720.521836696329 6.2430638675884689 12.500000000000002 0.65653559125371463 6552.9057563025217 9156.8508737864086 9446.8367000000017 0.60434372530753488 8275.6889809902732 0.62268338824269776 0.82315711094564425 0.10495716034271728 25.500000000000004 0.052289815447710192 6777.2826315789489 0.85634920634920642 -3.0954545454545452 7850.4805263157896 1.5000000000000002 0.82085561497326209 0.047247023809523815 0.75397225725094585 2.5000000000000004 6.3993513457038036 0.80504322209358214 74.500000000000014 5.196359309370945 6.5000000000000009 3.5000000000000004 8559.8243921232879 0.77097902097902116 14.500000000000002 10289.877855233006 9156.8508737864086 5.2537959125343301 5.2406896551724147 3.5000000000000004 0.91987179487179505 5.3689931350114426 8585.189261290323 400676.41000000003 8434.5735478806946 7426.4412450980408 13.500000000000002 1.5000000000000002 0.078278186274509817 3.5000000000000004 7158.9445744680861 8.5000000000000018 5.5335517170804254 1.5000000000000002 2.5000000000000004 8355.2780942928057 24.500000000000004 64.500000000000014
decision_type=2 2 2 2 2 2 2 2 2 2 2 2 2 2 2 2 2 2 2 2 2 2 2 2 2 2 2 2 2 2 2 2 2 2 2 2 2 2 2 2 2 2 2 2 2 2 2 2 2 2 2 2 2 2 2 2 2 2 2 2 2 2
left_child=23 2 4 10 13 11 -4 -8 38 -10 -3 -6 -13 14 15 41 -16 18 -15 21 -21 22 -18 54 25 35 29 -28 -27 32 31 -31 -26 -33 -35 -23 37 -17 -9 40 48 -2 -36 44 59 -46 -47 -45 49 50 -7 -52 53 -30 58 57 -22 -38 -1 -29 -56 -61
right_child=1 3 6 -5 5 39 7 8 9 -11 -12 12 -14 17 16 36 19 -19 -20 20 56 24 -24 -25 26 28 27 43 52 30 -32 33 -34 34 42 -37 55 -39 -40 -41 -42 -43 -44 47 45 46 -48 -49 -50 -51 51 -53 -54 -55 60 -57 -58 -59 -60 61 -62 -63
leaf_value=-0.12504098374291758 0.12475143378071239 0.26665007375666006 0.046254795703691308 0.3688829912020079 0.14838399452587397 0.029083906214042731 0.2354661241012421 0.22565792534481827 -0.023269418958407728 0.13028721791393352 0.12782881041838659 -0.025195979416652876 0.107067990983721 0.091240733788509873 0.15985445063261058 0.030781764067820645 -0.05402018122198457 0.036276848876618771 0.19858216534912315 -0.039974039118389607 0.037194084797978706 0.10550840713890085 0.065788432468517191 -0.0098000109841001673 0.049688605567871538 0.12473560211204346 0.16881027647105828 0.078525952294940859 -0.048630076729836151 0.084122515161704409 0.10595352436568575 0.05266561015242549 0.14754482483948678 0.024068014707979282 -0.10354167576152755 0.20277729515357526 0.0086177138745526724 -0.085738112853036674 0.12410490585128646 -0.054618384702188667 0.090474744898762866 0.04241354315753481 -0.016880507599919232 0.086259499107740847 0.12028183742615076 0.077609701441295115 -0.037626879834509512 1.4974973379929291e-05 -0.069296345688155472 0.081240694671127933 -0.09675099604357329 -0.0145353075599305 0.076486902062835566 0.055271441558917681 -0.066078899089455717 -0.013396655980096869 0.10440880012676068 0.078092199667640361 -0.068002583702840513 0.10146228872128386 -0.019165868955257133 0.16703593802879532
leaf_weight=39 27 26 29 31 30 33 35 20 20 37 21 21 33 34 21 20 21 25 22 31 39 23 24 35 66 44 37 22 20 31 31 31 28 31 24 29 23 21 22 42 20 32 26 26 30 20 23 28 21 20 24 26 29 25 1608 25 29 39 31 20 23 25
leaf_count=39 27 26 29 31 30 33 35 20 20 37 21 21 33 34 21 20 21 25 22 31 39 23 24 35 66 44 37 22 20 31 31 31 28 31 24 29 23 21 22 42 20 32 26 26 30 20 23 28 21 20 24 26 29 25 1608 25 29 39 31 20 23 25
internal_value=0.0017339 0.0743098 0.0643177 0.270589 0.0564616 0.0200599 0.130357 0.148495 0.117522 0.0764263 0.205069 0.088926 0.0556435 0.0653759 0.0623193 0.0345916 0.0685291 0.103755 0.133725 0.0661483 0.032789 0.0707657 0.00983759 -0.0656991 0.0748589 0.0968872 0.0673324 0.0900274 0.0689116 0.0477369 0.030809 0.0144423 0.0789843 -0.00488421 -0.0269719 0.160078 0.0134727 -0.0289139 0.172932 -0.0110613 0.00165811 0.0802748 -0.0586414 0.0749123 0.087685 0.0589775 0.0159808 0.0416598 -0.0127124 -0.00110044 -0.0210396 -0.0541531 0.0355684 0.00904321 -0.0668474 0.0334813 0.0659998 0.052407 -0.0999427 0.118799 -0.0654198 0.138226
internal_weight=3349 1613 1535 78 1372 270 163 134 99 57 47 84 54 1102 1021 187 834 81 56 813 99 714 45 1736 669 170 499 231 118 268 174 143 94 112 81 52 128 41 42 186 144 59 50 194 140 73 43 54 124 103 83 50 74 45 1701 87 68 62 70 67 1631 45
internal_count=3349 1613 1535 78 1372 270 163 134 99 57 47 84 54 1102 1021 187 834 81 56 813 99 714 45 1736 669 170 499 231 118 268 174 143 94 112 81 52 128 41 42 186 144 59 50 194 140 73 43 54 124 103 83 50 74 45 1701 87 68 62 70 67 1631 45
is_linear=0
shrinkage=0.04


Tree=27
num_leaves=63
num_cat=0
split_feature=13 1 13 15 10 1 14 0 2 2 10 19 13 0 0 0 0 11 18 0 17 0 17 12 0 5 17 5 13 16 18 12 0 19 15 5 10 17 14 5 17 12 14 5 15 17 11 12 11 16 12 19 18 12 16 12 11 14 13 10 12 0
split_gain=9442.99 2269.88 1190.55 440.778 305.686 296.236 274.68 159.526 159.276 159.089 152.429 93.7243 89.0451 83.2847 83.0889 77.4663 75.942 75.5213 85.4657 75.4604 70.3773 96.7691 91.5523 90.1505 68.6842 63.0357 60.001 123.247 95.9166 84.9703 67.7772 92.9882 109.281 71.3708 57.2817 53.9205 51.3725 116.522 99.505 206.579 136.49 113.675 92.4838 64.205 70.2827 63.1514 124.1 61.9013 59.0915 60.1267 50.9904 47.5006 46.5224 45.9707 47.5308 42.6143 41.537 41.5191 39.2844 31.765 30.9037 30.587
threshold=-1.5999999999999999 1.0000000180025095e-35 10.961538461538463 0.85805860805860812 40.500000000000007 1.0000000180025095e-35 7.3844893783327681 9.1030874626548215 37.500000000000007 37.500000000000007 9.5000000000000018 0.96713754185329759 12.699278115501523 9.1570139594990145 9.2398219852143662 8.947258550057418 7.9769364238635418 64.500000000000014 0.16035714285714289 8.619379675101305 207804.02000000002 9.3982346710116484 222113.92500000002 8233.6658294930912 8.4461256671845781 2.5000000000000004 62171.485000000008 2.5000000000000004 5.5667735042735051 0.76696832579185525 0.029198635976129584 9090.4167730923709 9.0205112960785332 0.76885624007021824 0.7723285486443382 1.5000000000000002 2.5000000000000004 558595.43000000028 5.2273069368135916 1.5000000000000002 382581.83500000002 8550.6078235653258 5.0490626614898391 1.5000000000000002 0.83225108225108235 465804.47000000003 58.500000000000007 8522.2077596153886 48.500000000000007 0.81534090909090928 8677.4143927125533 0.77225648791899382 0.082843137254901972 7850.4805263157896 0.69615384615384623 8346.7419034090908 74.500000000000014 5.8311941144234556 5.1342342342342357 25.500000000000004 5918.8233333333346 9.2616891635079686
decision_type=2 2 2 2 2 2 2 2 2 2 2 2 2 2 2 2 2 2 2 2 2 2 2 2 2 2 2 2 2 2 2 2 2 2 2 2 2 2 2 2 2 2 2 2 2 2 2 2 2 2 2 2 2 2 2 2 2 2 2 2 2 2
left_child=5 2 4 9 16 59 12 -5 13 10 25 -8 17 19 15 24 -2 18 -4 -6 21 26 -22 -23 -10 -3 27 29 57 -18 -28 32 33 58 -35 -26 37 45 39 42 53 51 -38 47 56 46 48 -42 49 -24 -17 -41 -48 -40 -55 -53 -45 -29 -32 60 -1 -62
right_child=1 3 6 7 8 -7 11 -9 14 -11 -12 -13 -14 -15 -16 50 20 -19 -20 -21 22 23 36 -25 35 -27 30 28 -30 -31 31 -33 -34 34 -36 -37 38 -39 40 41 43 -43 -44 44 -46 -47 52 -49 -50 -51 -52 55 -54 54 -56 -57 -58 -59 -60 -61 61 -63
leaf_value=-0.019728826877874729 -0.022304396431592967 0.12598237860705205 0.2409019326926464 0.25267867250746462 0.023822918424558873 0.053681711451399015 0.18777975659594576 0.40527950386300471 0.037663003900157865 0.10385670615736915 0.29940864268072404 0.29508175929949287 0.068789388215442782 -0.0076603721484109081 -0.069848742084553245 0.085482589190279068 0.078790195993902565 0.09480605318537498 0.12254482361807752 0.12576026966987555 -0.0077604249061576196 0.061231642784578925 0.025826057946554706 -0.043082522180824798 -0.097627938408657439 0.22056144619440016 0.14907513217993903 0.094802439177214204 0.15310305463856666 -0.020797094676805575 0.11659082326022061 0.14103647039736145 0.13188192038044977 -0.041664668363125171 0.046759289769303332 -0.019965452707016846 0.16550170820705229 0.14046515633398513 0.016173086943700139 0.10604925409312496 -0.085602191661824409 -0.041826686201424428 0.073734501454968862 -0.028979179606543354 0.075578048640722914 -6.7698319187367898e-06 0.081215315351923154 0.0015551028503350847 -0.004698379860903921 0.11548484860049887 0.0036018177780691068 0.007663150521492329 0.16280880307134293 0.027288363756411575 0.092582420687047348 0.081232395843783431 0.034091286103441781 0.013189644356865194 0.043044679461673091 -0.01507854896991407 -0.069920385423356143 -0.05752017120556472
leaf_weight=23 21 26 20 25 20 34 35 21 20 35 21 22 36 24 38 20 21 27 20 28 46 33 28 22 22 21 28 20 26 39 23 33 30 20 28 41 35 30 29 21 21 26 36 36 28 28 25 34 33 21 31 34 21 25 64 20 31 20 24 20 1220 439
leaf_count=23 21 26 20 25 20 34 35 21 20 35 21 22 36 24 38 20 21 27 20 28 46 33 28 22 22 21 28 20 26 39 23 33 30 20 28 41 35 30 29 21 21 26 36 36 28 28 25 34 33 21 31 34 21 25 64 20 31 20 24 20 1220 439
internal_value=0.00166968 0.0713491 0.0562002 0.220044 0.0435553 -0.063072 0.159152 0.323116 0.00317877 0.173723 0.209449 0.229674 0.119921 0.0530942 -0.0177231 -0.00288527 0.0528464 0.147221 0.182226 0.0834658 0.0543693 0.068479 0.0466515 0.0194672 -0.0267284 0.168662 0.0771035 0.0556696 0.093353 0.0140983 0.0915748 0.0812843 0.0653937 0.0442597 0.00986437 -0.0472291 0.0506536 0.0683101 0.0431714 0.0669202 0.0279029 0.0300895 0.119169 0.00256267 0.0224799 0.0543402 0.0662349 -0.0317818 0.0366252 0.0644489 0.0358555 0.0550696 0.11878 0.0600687 0.0743151 0.0350478 0.000180188 0.0541806 0.0792489 -0.0654085 -0.0660048 -0.0666439
internal_weight=3349 1613 1464 149 1304 1736 160 46 244 103 68 57 103 72 172 134 1060 67 40 48 1039 367 672 55 83 47 312 126 66 60 186 158 125 95 48 63 626 186 440 172 268 101 71 150 95 156 128 55 82 49 51 75 46 118 89 54 67 40 47 1702 1682 1659
internal_count=3349 1613 1464 149 1304 1736 160 46 244 103 68 57 103 72 172 134 1060 67 40 48 1039 367 672 55 83 47 312 126 66 60 186 158 125 95 48 63 626 186 440 172 268 101 71 150 95 156 128 55 82 49 51 75 46 118 89 54 67 40 47 1702 1682 1659
is_linear=0
shrinkage=0.04


Tree=28
num_leaves=63
num_cat=0
split_feature=13 1 13 13 6 2 1 17 18 7 7 15 2 6 2 13 0 3 19 0 0 0 18 11 0 0 7 19 6 0 5 19 0 3 19 6 10 19 10 19 18 7 17 19 17 18 19 11 18 0 18 0 17 10 15 5 7 0 6 11 11 10
split_gain=8704.38 2092.74 1097.61 409.765 316.407 317.103 273.05 199.889 188.808 193.301 116.787 169.78 118.363 108.911 133.991 185.649 106.094 104.603 96.8773 85.9983 82.1426 74.0395 70.9503 114.509 68.6591 221.28 106.736 89.4142 69.0367 66.5674 94.7956 87.8806 111.259 64.462 103.287 100.895 118.499 108.644 97.5525 95.8625 85.8446 57.8765 55.3068 81.6111 67.5795 53.6166 52.8773 61.1615 49.7878 70.1 98.5044 46.0823 45.3645 44.2879 42.1117 94.1682 72.1716 37.1651 35.4139 117.246 43.776 42.7554
threshold=-1.5999999999999999 1.0000000180025095e-35 10.961538461538463 7.6060606060606073 65.500000000000014 37.500000000000007 1.0000000180025095e-35 28600.855 0.25362623502207277 11.500000000000002 18.500000000000004 0.75532879818594112 22.500000000000004 278.50000000000006 37.500000000000007 4.8355855855855863 9.3029997182318755 7.5000000000000009 0.99990673365498328 8.392658884006087 8.6018614921851579 9.5016074654902933 0.099295774647887344 64.500000000000014 9.0602167828272773 8.9643272945966874 13.500000000000002 0.99989498453090564 37.500000000000007 8.5860800504777952 1.5000000000000002 0.73209194098866548 8.7657268031794953 7.5000000000000009 0.89235634667459018 103.50000000000001 7.5000000000000009 1.4055410805115469 3.5000000000000004 0.9783185718569728 0.039736842105263161 16.500000000000004 541294.04500000004 0.46581798371748628 226430.15500000003 0.080229885057471279 1.2099116449201606 49.500000000000007 0.099295774647887344 9.6263269342975502 0.062828947368421068 8.8200259074471834 335864.50000000006 4.5000000000000009 0.80663489736070393 1.5000000000000002 11.500000000000002 9.1968598107530948 45.500000000000007 2.5000000000000004 4.5000000000000009 4.5000000000000009
decision_type=2 2 2 2 2 2 2 2 2 2 2 2 2 2 2 2 2 2 2 2 2 2 2 2 2 2 2 2 2 2 2 2 2 2 2 2 2 2 2 2 2 2 2 2 2 2 2 2 2 2 2 2 2 2 2 2 2 2 2 2 2 2
left_child=6 2 4 13 5 10 58 -6 16 -10 11 12 -2 14 15 -3 17 41 51 -7 -21 29 23 -13 25 26 -22 -26 -29 30 53 -31 -33 35 -35 36 39 40 52 -34 -37 -4 43 45 -45 -32 47 -40 49 -23 -51 -12 -36 -9 56 -56 -42 -41 61 -60 -61 -1
right_child=1 3 8 -5 7 19 -8 21 9 -11 18 22 -14 -15 -16 -17 -18 -19 -20 20 24 48 -24 -25 27 -27 -28 28 -30 31 42 32 33 34 38 37 -38 -39 46 57 54 -43 -44 44 -46 -47 -48 -49 -50 50 -52 -53 -54 -55 55 -57 -58 -59 59 60 -62 -63
leaf_value=-0.060522512149749179 0.19955407458732569 0.28233525548662458 0.21680461419816688 0.3334068264045324 0.16504238505473084 0.047859936233376227 0.051540741417065397 -0.028762840857812427 0.31383617232094946 0.1522020565374349 0.010656259249303942 -0.037390511852929895 0.076948568488276289 0.26023626122308602 0.0939335150817181 0.13679972194275766 0.044315041157994332 0.0887337216081103 0.062691545955970152 -0.10082139075611511 0.030268478587104825 -0.01836408724501672 0.098501819900019258 0.082561247094547582 -0.11759313412566684 0.11924843668584575 -0.074149127851599314 0.014783915897679765 -0.064172158037787835 0.10307496238104563 -0.020136475260577984 -0.022685393035640204 0.0018266720685484181 0.10071801905741777 0.036840633140330308 0.1440521941872254 -0.035475672580209013 0.17832046122347575 0.014258746910351434 0.1444781157448517 0.13972159892263541 0.13124934650571143 -0.0004137272179409226 0.059953123885699268 0.14404747207140184 0.072234348287036773 0.034949763367723478 -0.080943689464957794 -0.030895446474417977 0.015645337509589029 0.12417516421446037 -0.064378130349638241 0.1093656354600733 0.033063446431939293 0.091420690910922711 -0.011242911247171965 0.052479432026009673 0.066567801563300902 0.020437544580031965 -0.11174157547781052 -0.06109667881799663 -0.095546788420057871
leaf_weight=116 22 23 29 34 26 27 34 38 20 30 32 32 30 20 35 37 22 35 39 22 27 26 20 21 20 21 37 38 33 80 20 26 22 39 35 28 24 21 22 20 26 24 21 33 29 20 33 21 23 32 23 22 23 36 29 28 37 20 28 28 1420 110
leaf_count=116 22 23 29 34 26 27 34 38 20 30 32 32 30 20 35 37 22 35 39 22 27 26 20 21 20 21 37 38 33 80 20 26 22 39 35 28 24 21 22 20 26 24 21 33 29 20 33 21 23 32 23 22 23 36 29 28 37 20 28 28 1420 110
internal_value=0.00160868 0.0685075 0.0539617 0.211282 0.0418203 0.0143408 -0.0605494 0.0559534 0.152813 0.217393 0.0487141 0.0739568 0.129142 0.1749 0.156659 0.192999 0.12327 0.142913 0.0147213 -0.018961 -0.0281026 0.0525348 0.0344965 0.0101659 -0.0189493 0.00687997 -0.0300883 -0.0430785 -0.0219245 0.0570294 0.0370999 0.0643696 0.0575236 0.062405 0.0434868 0.0752097 0.0398308 0.0931672 0.0267524 0.069024 0.0809588 0.17842 0.0586082 0.0707678 0.0994884 0.026064 -0.00304805 -0.032269 0.0208998 0.0356518 0.0612098 -0.0199388 0.0657737 0.00129185 0.0661127 0.0410231 0.0886802 0.105836 -0.0627927 -0.0605169 -0.062085 -0.0776133
internal_weight=3349 1613 1464 149 1304 443 1736 861 160 50 218 125 52 115 95 60 110 88 93 225 198 835 73 53 176 85 64 91 71 731 197 534 454 428 173 255 86 169 134 62 148 53 123 102 62 40 76 43 104 81 55 54 58 74 120 57 63 40 1702 1476 1448 226
internal_count=3349 1613 1464 149 1304 443 1736 861 160 50 218 125 52 115 95 60 110 88 93 225 198 835 73 53 176 85 64 91 71 731 197 534 454 428 173 255 86 169 134 62 148 53 123 102 62 40 76 43 104 81 55 54 58 74 120 57 63 40 1702 1476 1448 226
is_linear=0
shrinkage=0.04


Tree=29
num_leaves=63
num_cat=0
split_feature=13 1 13 15 6 2 1 14 7 11 2 16 7 7 16 18 12 12 5 12 7 7 19 19 19 18 7 16 6 7 2 12 14 14 14 7 12 7 13 7 19 19 6 14 7 19 6 16 16 14 16 19 18 16 18 15 16 12 7 11 18 6
split_gain=8023.47 1929.25 1011.92 383.116 291.674 292.344 251.68 236.265 210.352 177.769 138.247 140.288 184.402 107.68 226.144 129.683 104.537 109.294 168.839 153.11 126.692 120.745 91.5591 91.4388 79.4384 87.1432 77.2044 60.0649 52.1593 48.5564 172.129 96.5363 72.3115 63.2225 60.0214 59.1827 81.4889 75.031 119.324 168.916 54.6023 85.5392 91.8546 100.495 95.2109 87.7737 78.8636 71.7713 84.6847 67.4584 66.5438 81.2005 56.96 52.1432 48.0086 44.5825 44.0354 42.9296 42.2761 41.468 39.2971 32.6423
threshold=-1.5999999999999999 1.0000000180025095e-35 10.961538461538463 0.85805860805860812 65.500000000000014 37.500000000000007 1.0000000180025095e-35 7.3844893783327681 11.500000000000002 4.5000000000000009 37.500000000000007 0.67543859649122817 14.500000000000002 18.500000000000004 0.67543859649122817 0.067117117117117139 10289.877855233006 7778.7351576994452 1.5000000000000002 8480.3924305555574 15.500000000000002 13.500000000000002 0.96713754185329759 0.99988596921507533 1.2026059679242189 0.16035714285714289 10.500000000000002 0.57518796992481214 133.50000000000003 3.5000000000000004 22.500000000000004 8233.6658294930912 6.0022129182432824 5.4424813590607872 5.8727526166376718 26.500000000000004 7964.03443597561 10.500000000000002 4.2029411764705893 18.500000000000004 0.89235634667459018 0.9783185718569728 128.50000000000003 5.3025507865477701 14.500000000000002 1.299410839040589 106.50000000000001 0.89444444444444449 0.84807692307692317 5.157223358142434 0.78174603174603186 0.52474293645812298 0.066352201257861648 0.7633053221288516 0.068337484433374854 0.82404540763673906 0.69615384615384623 7570.3875000000007 13.500000000000002 64.500000000000014 0.071008403361344549 45.500000000000007
decision_type=2 2 2 2 2 2 2 2 2 2 2 2 2 2 2 2 2 2 2 2 2 2 2 2 2 2 2 2 2 2 2 2 2 2 2 2 2 2 2 2 2 2 2 2 2 2 2 2 2 2 2 2 2 2 2 2 2 2 2 2 2 2
left_child=6 2 4 10 5 13 61 24 -9 -6 11 -3 -13 14 26 -16 17 21 -19 -20 -21 -7 -5 27 25 28 -2 -15 -4 30 -11 57 34 -33 40 36 -34 -38 -39 -40 46 54 44 49 55 -46 59 48 50 52 51 -48 -44 -45 -42 -43 -53 -32 -49 -31 -55 -1
right_child=1 3 7 22 9 16 -8 8 -10 29 -12 12 -14 23 15 -17 -18 18 19 20 -22 -23 -24 -25 -26 -27 -28 -29 -30 32 31 33 35 -35 -36 -37 37 38 39 -41 41 42 43 53 45 -47 47 58 -50 -51 -52 56 -54 60 -56 -57 -58 -59 -60 -61 -62 -63
leaf_value=-0.074511873830951772 0.093923892824356744 0.2792365052914732 0.20835818324153776 0.23476274281316456 0.16579564262265803 0.01446563701800373 0.0494851573960872 0.30566139661904534 0.14809405211217244 -0.014875603531559454 0.094557619195463322 0.23468408762118514 0.07572718561437615 -0.069895005839494248 -0.031099202692333901 0.075001114901164526 -0.079571941130244822 0.10002589870304157 0.061340332686681154 0.0074563252643386341 -0.13291629644175668 -0.079325689548503858 0.35164448969867595 0.052499102310678322 0.042550461339465093 0.076825119277398532 0.19467205944219473 0.022513055033028407 0.12395008676606351 0.063562566601269618 0.10418773753281256 0.019302905235025616 -0.056959884089308903 0.10533272064428559 0.11377196889712041 0.083299616962247552 -0.038688537459567657 0.12606138141516826 0.075420251278398201 -0.06308743851118355 0.030809827385107014 0.074611361380076513 -0.009164527257041628 -0.0459355882184092 0.16236277203789282 0.054509043122919813 0.028940167982148896 -0.003229030356464158 0.14474342725493691 0.11870760098532522 0.033060663023017127 0.16924509494458856 0.076318457228891093 0.058920377915598961 -0.048217027519803592 -0.0076990602265543011 0.09313989175950653 0.18848821369717964 0.073571987246732584 -0.0090646676848555683 -0.0078696273485448134 -0.058096663456211547
leaf_weight=226 30 21 22 21 22 39 34 23 34 27 35 23 24 24 34 40 37 31 27 21 20 50 25 48 22 32 21 21 27 21 20 26 23 29 25 21 22 21 32 25 24 22 23 27 29 21 21 25 34 24 43 20 27 25 25 20 33 20 21 31 32 1476
leaf_count=226 30 21 22 21 22 39 34 23 34 27 35 23 24 24 34 40 37 31 27 21 20 50 25 48 22 32 21 21 27 21 20 26 23 29 25 21 22 21 32 25 24 22 23 27 29 21 21 25 34 24 43 20 27 25 25 20 33 20 21 31 32 1476
internal_value=0.00154929 0.0657782 0.0518121 0.202863 0.0401542 0.0137703 -0.0581281 0.146727 0.212133 0.0537236 0.159681 0.192983 0.15389 0.0467745 0.0710132 0.0262491 -0.0182048 -0.00608066 0.0228137 -0.0124518 -0.0611263 -0.0382336 0.298954 0.0141328 0.110342 0.128654 0.135747 -0.0267726 0.162236 0.0507631 0.0741412 0.0994508 0.0467727 0.0648092 0.0531434 0.0213895 0.0107441 0.0263774 0.0447809 0.0146321 0.0503536 0.0387902 0.0482602 0.0297079 0.0800332 0.117303 0.0642097 0.0757756 0.0891069 0.0636624 0.0728122 0.0958083 0.0370166 -0.000220785 -0.00948535 0.0354432 0.122161 0.146753 0.0318725 0.0202929 0.0214411 -0.0602818
internal_weight=3349 1613 1464 149 1304 443 1736 160 57 861 103 68 47 218 125 74 225 188 99 68 41 89 46 93 103 81 51 45 49 839 122 95 717 55 573 144 123 100 78 57 548 299 250 158 92 50 249 197 151 74 117 74 50 84 49 42 53 40 46 52 57 1702
internal_count=3349 1613 1464 149 1304 443 1736 160 57 861 103 68 47 218 125 74 225 188 99 68 41 89 46 93 103 81 51 45 49 839 122 95 717 55 573 144 123 100 78 57 548 299 250 158 92 50 249 197 151 74 117 74 50 84 49 42 53 40 46 52 57 1702
is_linear=0
shrinkage=0.04


Tree=30
num_leaves=63
num_cat=0
split_feature=13 1 13 15 10 1 19 18 2 6 6 6 6 6 2 16 14 6 11 18 0 0 19 15 2 0 19 0 19 5 10 16 18 0 5 15 19 10 0 2 19 18 16 16 11 18 15 18 10 14 6 17 0 14 13 13 19 17 19 18 6 17
split_gain=7177.81 1584.5 706.719 366.137 238.757 204.934 182.736 123.237 116.483 114.773 153.095 169.054 106.126 176.06 103.513 184.662 123.084 92.991 89.7609 64.3693 62.7612 61.0822 106.242 147.998 107.968 87.3688 83.5394 131.989 118.661 133.996 100.721 100.097 94.9444 90.863 87.0733 86.882 141.937 128.206 123.768 69.8979 67.2701 66.646 57.2052 101.685 82.9815 109.307 57.0565 56.2084 55.8086 53.6146 45.6128 60.6591 39.9347 37.8324 65.8127 65.4163 53.257 48.5026 46.8028 50.1173 51.8248 41.5489
threshold=-1.5999999999999999 1.0000000180025095e-35 10.961538461538463 0.90990259740259749 16.500000000000004 1.0000000180025095e-35 0.4742821699170448 0.28317610062893089 22.500000000000004 65.500000000000014 37.500000000000007 15.500000000000002 19.500000000000004 30.500000000000004 37.500000000000007 0.68990384615384626 5.6381376607830473 96.500000000000014 61.500000000000007 0.17001204335608192 9.2122385682506014 9.5768185722905681 1.4143572004728149 0.74522178146411833 37.500000000000007 9.4254299742900614 0.73209194098866548 8.8560012691172947 0.91974794607491606 2.5000000000000004 4.5000000000000009 0.65476190476190488 0.085236118318630011 8.412872095591089 3.5000000000000004 0.81167945439045197 1.1031304469385526 3.5000000000000004 9.0416127962262802 22.500000000000004 1.0761039209160004 0.095564253098499682 0.91287878787878796 0.78174603174603186 35.500000000000007 0.093933823529411778 0.77931627196333098 0.061381475667189961 4.5000000000000009 5.4143856534526948 200.50000000000003 176406.66 9.2315561684968888 2.7454703177027846 -3.6882591093117405 -3.0954545454545452 0.59041095844426661 36541.24500000001 0.48966429832221953 0.027587519025875192 117.50000000000001 12130.865000000002
decision_type=2 2 2 2 2 2 2 2 2 2 2 2 2 2 2 2 2 2 2 2 2 2 2 2 2 2 2 2 2 2 2 2 2 2 2 2 2 2 2 2 2 2 2 2 2 2 2 2 2 2 2 2 2 2 2 2 2 2 2 2 2 2
left_child=5 2 4 14 21 53 -4 17 -6 10 11 -10 -13 -14 15 -3 -17 -8 19 -19 -12 22 26 -24 25 -25 30 32 29 49 42 -30 48 41 35 40 38 -38 -37 -23 -33 -32 43 44 -2 -46 -35 -45 -28 -29 51 -36 -42 55 56 58 57 61 59 60 -1 -55
right_child=1 3 6 -5 8 -7 7 -9 9 -11 20 12 13 -15 -16 16 -18 18 -20 -21 -22 39 23 24 -26 -27 27 28 31 -31 33 34 -34 46 50 36 37 -39 -40 -41 52 -43 -44 47 45 -47 -48 -49 -50 -51 -52 -53 -54 54 -56 -57 -58 -59 -60 -61 -62 -63
leaf_value=-0.018719407102079165 0.067258500649038433 0.2843452545184994 0.23345057151975671 0.3032155721558154 0.080560496336597925 0.044146236132981249 0.1416994486745361 0.18217151535903892 -0.051367602679528113 0.062115532419922945 -0.039012892087707134 0.11487143991220052 -0.030694822585267109 0.093463872374128232 0.098707279473777845 0.19984312358377601 0.076119272934488086 0.1295710261543267 -0.0047721501436278719 0.044494264399868318 -0.12630799053320244 -0.039142089198784993 -0.007114947933462722 0.20079815393414241 0.035842514173679438 0.10154980328687341 -0.0098018791231270531 0.09291339068536264 -0.032112970431709596 0.025426883957846914 0.082826009526085667 0.012932037471536782 -0.053321902079219267 0.06033809935615074 0.1058562465908968 -0.0084739298855557154 0.035013580239696418 -0.087773187513437878 0.12543250027824851 0.037695886001821936 0.12192136993762312 -0.0049402539695010466 -0.0031638016014696869 0.039501857721983495 0.043968250808405697 -0.077439486042583161 0.13659100801111704 0.12238643103548327 0.059107277139499183 0.17949663807364072 0.1292851163659777 0.0084692963348951805 0.050520752346861902 -0.049227750188722386 -0.082534047160485791 -0.0023712703935616381 -0.039135388340209583 -0.022994443534575786 -0.067748043819877896 0.0090958658632529204 -0.077614844448356188 -0.10319945984483773
leaf_weight=40 43 20 22 34 30 32 39 30 52 37 39 22 49 29 38 27 25 32 21 26 20 25 20 24 21 36 38 25 31 30 37 30 38 22 21 22 23 33 22 77 27 22 35 20 27 21 58 39 37 22 23 20 24 38 89 28 455 29 869 25 60 59
leaf_count=40 43 20 22 34 30 32 39 30 52 37 39 22 49 29 38 27 25 32 21 26 20 25 20 24 21 36 38 25 31 30 37 30 38 22 21 22 23 33 22 77 27 22 35 20 27 21 58 39 37 22 23 20 24 38 89 28 455 29 869 25 60 59
internal_value=0.000493129 0.0619332 0.0492805 0.188411 0.0390271 -0.0559924 0.125861 0.109707 0.00625046 -0.00275945 -0.0141691 0.00705516 0.0374759 0.0155017 0.152665 0.180939 0.140659 0.0911286 0.0659904 0.0916098 -0.0688019 0.0481996 0.0515578 0.0902122 0.114247 0.14155 0.0466026 0.0357326 0.0477743 0.0916777 0.0622145 0.0354899 -0.00187565 0.0879588 0.0440615 0.0298353 0.0048582 -0.0373347 0.0585665 0.0188236 0.0606026 0.0501128 0.0428236 0.0535623 0.0269639 -0.00915662 0.115748 0.0944382 0.0242001 0.133779 0.0841542 0.0585353 0.0885248 -0.0578899 -0.0504643 -0.0627507 -0.0455349 -0.0685789 -0.0644491 -0.0414628 -0.0541189 -0.082149
internal_weight=3309 1585 1441 144 1271 1724 170 148 278 248 211 152 100 78 110 72 52 118 79 58 59 993 891 101 81 60 790 466 353 77 324 276 113 139 245 181 100 56 44 102 81 59 185 150 91 48 80 59 75 47 64 41 51 1692 670 1022 581 126 994 125 100 97
internal_count=3309 1585 1441 144 1271 1724 170 148 278 248 211 152 100 78 110 72 52 118 79 58 59 993 891 101 81 60 790 466 353 77 324 276 113 139 245 181 100 56 44 102 81 59 185 150 91 48 80 59 75 47 64 41 51 1692 670 1022 581 126 994 125 100 97
is_linear=0
shrinkage=0.04


Tree=31
num_leaves=63
num_cat=0
split_feature=13 1 13 15 10 1 19 7 18 19 19 0 7 5 12 19 6 7 0 5 5 0 12 0 19 15 19 0 10 6 15 0 16 16 15 10 18 19 0 19 19 15 15 7 13 10 18 7 19 14 16 16 14 12 18 7 5 14 14 14 12 13
split_gain=6616.32 1460.74 651.504 337.458 220.1 188.899 168.476 245.297 345.268 211.654 110.921 237.447 98.1443 113.931 97.2131 84.5575 117.79 84.1712 89.1467 80.0861 56.6376 69.6968 60.9809 56.3207 97.9394 136.45 76.9793 122.854 92.8355 90.5292 77.3352 91.6756 74.97 74.0413 125.097 83.6356 114.192 145.904 111.388 83.7992 113.47 136.212 99.9612 78.7735 68.2029 101.942 60.1915 98.6349 61.5197 58.5221 52.7373 93.7394 55.7362 52.5422 51.7986 51.383 90.0606 72.6806 50.4532 59.5868 63.2528 55.0594
threshold=-1.5999999999999999 1.0000000180025095e-35 10.961538461538463 0.90990259740259749 16.500000000000004 1.0000000180025095e-35 0.4742821699170448 19.500000000000004 0.28317610062893089 0.89235634667459018 0.99988596921507533 9.1513713778574779 12.500000000000002 2.5000000000000004 8611.2559062500022 1.0893118143008949 236.50000000000003 10.500000000000002 9.4336570886977942 1.0000000180025095e-35 3.5000000000000004 8.7925602367759002 5338.3210000000008 9.5768185722905681 1.4143572004728149 0.74522178146411833 0.73209194098866548 8.7657268031794953 4.5000000000000009 63.500000000000007 0.76230831315577086 8.4340506837934353 0.78174603174603186 0.63961038961038974 0.71240601503759404 3.5000000000000004 0.1283882783882784 0.89235634667459018 8.8684125790533859 0.95575005848446748 1.1518119547276773 0.83678646934460899 0.82315711094564425 14.500000000000002 4.9627898926964358 3.5000000000000004 0.082843137254901972 7.5000000000000009 1.0227232584312251 5.3566406639674025 0.91287878787878796 0.78174603174603186 5.7830502213047907 5918.8233333333346 0.061381475667189961 16.500000000000004 2.5000000000000004 5.2838326211817499 2.7454703177027846 2.8289254674746576 10071.394215686276 -3.9716297786720318
decision_type=2 2 2 2 2 2 2 2 2 2 2 2 2 2 2 2 2 2 2 2 2 2 2 2 2 2 2 2 2 2 2 2 2 2 2 2 2 2 2 2 2 2 2 2 2 2 2 2 2 2 2 2 2 2 2 2 2 2 2 2 2 2
left_child=5 2 4 12 23 53 -4 8 15 -9 14 -12 -3 -14 19 16 -8 -13 -19 -6 21 22 -21 24 26 -26 28 -28 50 -30 -31 -32 -33 43 -35 46 37 38 -37 -39 41 -41 -42 -29 -27 -46 47 -36 -48 -49 51 52 -2 -1 -53 56 -25 -57 -55 61 -61 -60
right_child=1 3 6 -5 10 -7 7 9 -10 -11 11 17 13 -15 -16 -17 -18 18 -20 20 -22 -23 -24 55 25 44 27 33 29 30 31 32 -34 34 35 36 -38 39 -40 40 42 -43 -44 -45 45 -47 48 49 -50 -51 -52 54 -54 58 -56 57 -58 -59 59 60 -62 -63
leaf_value=0.004370503348189515 0.051770259352356136 0.20098454902376822 0.22415480343801941 0.29112251190845567 -0.068906852919531067 0.042385888523030504 0.18091870180171596 -0.070540742036418538 0.28274369417208628 0.10881293345360735 0.14809057393014677 -0.047935803502897098 0.072461240779408409 0.17225616624891926 -0.090763858419992197 0.051185561105203781 0.056684301127841813 0.078846740983542621 -0.021775314693906863 0.020112024711897644 -0.02708790238176239 -0.013505796089633353 0.11267130422366174 -0.056549239349119443 -0.0068317647686052087 0.052686153526622724 -0.026228314078027642 -0.052412423281377303 0.14473209420967714 -0.0038846724306172988 0.036086803640280496 0.17627755558321262 0.076474273507947374 0.14186559663564674 -0.021338436554759421 0.035694195292735494 -0.053048671541178802 -0.063005968729654943 0.16048063748562499 -0.0055044145818570209 0.0456257771937853 0.1312332675100743 -0.076345958245910089 0.052932816863949621 0.19628589610341177 0.087375484653199914 0.13269646521933209 0.033676580829067423 0.054963723008449261 0.10522719612569054 -0.0030376091438141309 0.037929645426830839 -0.011872892765343349 -0.062056288904912799 0.11750349391070777 0.10390260978897602 0.045777971529869281 0.0038834437967716962 -0.0087506951874780619 -0.050657008702904023 -0.10647625092427615 -0.057575369746057183
leaf_weight=23 54 36 22 34 24 32 32 20 21 22 24 30 39 35 23 33 20 32 25 25 41 33 21 29 20 24 48 26 31 20 38 21 29 21 28 24 27 20 22 21 20 26 23 20 24 33 31 40 35 34 35 20 37 1007 39 21 26 26 102 467 35 58
leaf_count=23 54 36 22 34 24 32 32 20 21 22 24 30 39 35 23 33 20 32 25 25 41 33 21 29 20 24 48 26 31 20 38 21 29 21 28 24 27 20 22 21 20 26 23 20 24 33 31 40 35 34 35 20 37 1007 39 21 26 26 102 467 35 58
internal_value=0.000477289 0.0594653 0.0473168 0.180904 0.0374719 -0.0537539 0.120845 0.105333 0.137728 0.0233942 0.00600164 0.0369805 0.146585 0.119857 -0.0145869 0.101587 0.133375 0.00617167 0.0347184 -0.00235138 0.0109894 0.0307855 0.0625635 0.0462788 0.0495035 0.0866176 0.0447457 0.0343108 0.0597325 0.084449 0.0670091 0.0831301 0.1187 0.0412721 0.0471912 0.0414825 0.0227381 0.0358934 0.0956367 0.0108275 0.0273089 0.0702133 -0.0195943 -0.00655129 0.109696 0.133531 0.0618629 0.0424982 0.0916503 0.0666758 0.0411153 0.0514261 0.0258868 -0.0555757 0.090673 0.0180698 -0.00814479 0.048741 -0.0564033 -0.0477931 -0.0545732 -0.026487
internal_weight=3309 1585 1441 144 1271 1724 170 148 106 42 278 111 110 74 167 85 52 87 57 144 120 79 46 993 891 101 790 466 324 139 108 88 50 418 372 351 183 156 46 110 90 47 43 46 81 57 168 102 66 74 185 150 91 1692 59 102 55 47 1669 662 502 160
internal_count=3309 1585 1441 144 1271 1724 170 148 106 42 278 111 110 74 167 85 52 87 57 144 120 79 46 993 891 101 790 466 324 139 108 88 50 418 372 351 183 156 46 110 90 47 43 46 81 57 168 102 66 74 185 150 91 1692 59 102 55 47 1669 662 502 160
is_linear=0
shrinkage=0.04


Tree=32
num_leaves=63
num_cat=0
split_feature=13 1 13 18 10 1 6 2 13 19 7 18 19 2 6 6 6 7 19 18 7 11 7 13 19 7 16 18 7 19 14 14 13 17 12 10 19 18 10 10 13 19 19 11 11 19 2 13 12 11 14 14 12 13 19 12 6 13 16 17 14 12
split_gain=6098.71 1346.51 600.654 305.225 202.914 174.117 155.993 212.44 183.463 155.317 226.146 318.325 195.139 105.114 107.824 139.598 158.375 154.105 104.387 81.788 66.5683 56.7846 53.8041 72.127 64.0694 117.343 86.3991 97.0939 103.458 82.9282 84.5827 87.5699 68.5459 80.6035 70.0137 68.1234 65.7649 89.7989 98.1285 69.4524 63.9157 63.7388 55.9605 90.3673 54.3508 52.7799 52.5055 48.767 48.4309 47.6299 46.4822 54.9076 58.3141 50.748 46.3663 46.3536 43.5968 40.7523 40.2492 61.1403 39.8992 38.5608
threshold=-1.5999999999999999 1.0000000180025095e-35 10.961538461538463 0.14031250000000003 16.500000000000004 1.0000000180025095e-35 282.50000000000006 37.500000000000007 4.8355855855855863 0.4742821699170448 19.500000000000004 0.28317610062893089 0.89235634667459018 22.500000000000004 65.500000000000014 37.500000000000007 15.500000000000002 11.500000000000002 0.99988596921507533 0.17001204335608192 17.500000000000004 64.500000000000014 27.500000000000004 5.3689931350114426 0.73209194098866548 25.500000000000004 0.65476190476190488 0.11922530206112296 13.500000000000002 0.58551127735562292 5.8888470392458059 5.5597944458374231 5.3689931350114426 197021.62500000003 8383.7472758566764 2.5000000000000004 0.56684271430990318 0.06472559698366151 3.5000000000000004 2.5000000000000004 5.4871456822676352 0.48559415517193766 0.9153841545611584 66.500000000000014 39.500000000000007 0.99990153518127323 22.500000000000004 5.0736224028906962 5918.8233333333346 23.500000000000004 2.7454703177027846 2.8289254674746576 10071.394215686276 -3.9716297786720318 0.49655956419907393 8100.2080952380957 290.50000000000006 -4.2214052287581696 0.97222222222222232 118853.03000000001 5.248131130739158 7696.6745320560067
decision_type=2 2 2 2 2 2 2 2 2 2 2 2 2 2 2 2 2 2 2 2 2 2 2 2 2 2 2 2 2 2 2 2 2 2 2 2 2 2 2 2 2 2 2 2 2 2 2 2 2 2 2 2 2 2 2 2 2 2 2 2 2 2
left_child=5 2 4 6 22 48 7 8 -3 -4 11 19 -12 -6 15 16 -15 61 -19 21 -10 -11 24 -24 29 26 35 32 -29 36 31 -31 33 -28 47 -26 37 38 -2 -39 -34 -41 -36 -44 -25 -17 -37 60 -1 -32 55 53 54 -52 -53 57 58 -50 59 -42 -35 -18
right_child=1 3 9 -5 13 -7 -8 -9 20 10 12 -13 -14 14 -16 45 17 18 -20 -21 -22 -23 23 44 25 -27 27 28 -30 30 49 -33 40 34 42 46 -38 39 -40 41 56 -43 43 -45 -46 -47 -48 -49 50 -51 51 52 -54 -55 -56 -57 -58 -59 -60 -61 -62 -63
leaf_value=0.004196437310862851 -0.040651869611486646 0.26454478332652381 0.21522918100270752 0.28728942326136997 0.076352929114503323 0.040695733348157175 0.24509324546477093 0.03774736047905182 0.1648107049570364 0.15824958236642248 -0.067733150792507399 0.27148754395579838 0.10448011399394247 -0.050135531859068404 0.060083509130046314 -0.03868775199746232 0.027545022508537624 0.033344928105342432 0.15561914649619873 0.042708360243499069 0.063361220033607668 0.074998845363634201 0.02969772440056468 0.15676149849643076 0.051170248955594265 -0.036539320657056285 0.10339487418685542 -0.043036718653646978 0.044798319642479455 0.080967528653699286 0.076421234939821919 0.17572251519160484 -0.025721420063915479 -0.040809531733764344 0.1336962521426818 -0.069577475029403243 -0.028049174044369518 0.12446082086497566 0.062350518818163794 0.010170472363950356 0.0073640075948700982 0.099196386844324316 0.0020816570651713915 0.099423406271921672 0.066149751007287205 -0.11877399642372606 0.0096315671102549152 0.061348308588260889 -0.049913606184074678 -0.0096066061227242528 -0.0084010098800136115 -0.082484856950422514 -0.10222933640167585 -0.055276319535445942 -0.043900830255200467 -0.055505430872309462 -0.0045636896308199823 -0.090737448404256488 0.017880470531468906 0.087623579407723945 0.029856368530849445 -0.03957989994919181
leaf_weight=23 30 20 22 30 30 32 20 32 22 34 20 21 22 52 37 39 25 24 21 29 20 22 30 21 28 35 68 38 49 73 20 20 25 20 22 24 21 29 29 31 20 22 26 37 22 20 30 42 58 21 102 57 35 58 410 824 25 125 36 64 35 30
leaf_count=23 30 20 22 30 30 32 20 32 22 34 20 21 22 52 37 39 25 24 21 29 20 22 30 21 28 35 68 38 49 73 20 20 25 20 22 24 21 29 29 31 20 22 26 37 22 20 30 42 58 21 102 57 35 58 410 824 25 125 36 64 35 30
internal_value=0.000462243 0.0570959 0.045432 0.17369 0.035979 -0.0516044 0.143552 0.121689 0.164851 0.116032 0.101138 0.132243 0.0224602 0.005762 -0.00279649 -0.0138556 0.00641118 0.0358562 0.0906691 0.0975393 0.116814 0.125772 0.0444351 0.0775305 0.0417988 0.0345099 0.0387407 0.0449008 0.00640526 0.0571409 0.0804334 0.101533 0.0528667 0.0662026 0.0522464 0.000620914 0.0378241 0.0476622 0.00996242 0.074718 0.0332159 0.0472795 0.07875 0.0593493 0.110709 -0.0660245 -0.025599 0.0289439 -0.0533535 0.0323934 -0.054148 -0.045883 -0.0523917 -0.0254297 -0.0486312 -0.0595743 0.043402 -0.077844 0.0534069 0.0685694 0.00409595 -0.00903766
internal_weight=3309 1585 1441 144 1271 1724 114 94 62 170 148 106 42 278 248 211 152 100 45 85 42 56 993 73 920 624 589 507 87 296 134 93 420 250 182 82 162 141 59 82 170 53 85 63 43 59 54 97 1692 41 1669 662 502 160 467 1007 145 183 120 84 55 55
internal_count=3309 1585 1441 144 1271 1724 114 94 62 170 148 106 42 278 248 211 152 100 45 85 42 56 993 73 920 624 589 507 87 296 134 93 420 250 182 82 162 141 59 82 170 53 85 63 43 59 54 97 1692 41 1669 662 502 160 467 1007 145 183 120 84 55 55
is_linear=0
shrinkage=0.04


Tree=33
num_leaves=63
num_cat=0
split_feature=13 1 13 15 10 1 7 19 5 19 0 12 7 12 0 5 5 2 0 7 0 19 12 13 0 19 15 2 0 19 0 19 5 7 10 14 0 7 0 3 12 10 3 5 2 19 7 15 14 17 12 14 14 12 13 19 12 7 0 11 12 19
split_gain=5621.71 1241.45 553.784 290.712 187.047 160.494 146.279 281.715 176.056 101.546 214.085 93.0256 87.9952 106.956 103.453 82.954 74.7733 92.0562 87.0264 72.1679 80.0193 69.6174 57.9449 56.9119 49.9032 92.5236 124.595 99.7953 81.8602 66.5404 112.519 97.3018 121.428 107.713 84.4477 80.0712 93.4028 97.4443 76.2795 74.2479 70.884 80.4372 72.5242 80.9845 63.1952 55.8669 48.641 47.0507 46.5998 45.7539 44.6426 42.8242 50.5986 53.759 46.7742 42.739 42.7268 42.3309 42.1105 94.4447 88.1742 86.3326
threshold=-1.5999999999999999 1.0000000180025095e-35 10.961538461538463 0.90990259740259749 16.500000000000004 1.0000000180025095e-35 12.500000000000002 1.1144728314641432 1.5000000000000002 0.99988596921507533 9.1513713778574779 8611.2559062500022 12.500000000000002 9217.9225864361706 9.0522041733840748 1.0000000180025095e-35 1.0000000180025095e-35 52.500000000000007 8.8733300900459877 10.500000000000002 9.4336570886977942 0.76885624007021824 5338.3210000000008 12.820450885668278 9.5768185722905681 1.4143572004728149 0.74522178146411833 37.500000000000007 9.4254299742900614 0.73209194098866548 8.8560012691172947 0.91974794607491606 2.5000000000000004 23.500000000000004 4.5000000000000009 6.0747957597347746 8.8200259074471834 17.500000000000004 8.412872095591089 5.5000000000000009 9334.7732183908065 7.5000000000000009 2.5000000000000004 3.5000000000000004 22.500000000000004 1.1144728314641432 14.500000000000002 0.77931627196333098 5.4143856534526948 315542.74500000005 5918.8233333333346 2.7454703177027846 2.8289254674746576 10071.394215686276 -3.9716297786720318 0.49655956419907393 8100.2080952380957 13.500000000000002 8.5022204767798488 27.500000000000004 8873.6851785714298 0.52129719525290008
decision_type=2 2 2 2 2 2 2 2 2 2 2 2 2 2 2 2 2 2 2 2 2 2 2 2 2 2 2 2 2 2 2 2 2 2 2 2 2 2 2 2 2 2 2 2 2 2 2 2 2 2 2 2 2 2 2 2 2 2 2 2 2 2
left_child=5 2 4 12 24 50 7 23 15 11 -11 16 -3 14 -14 -8 -6 18 22 -12 -21 -10 -18 -4 25 29 -27 28 -28 34 35 32 48 40 58 36 37 -31 -36 -35 41 42 -33 45 -26 -44 -46 -40 -32 -47 -1 56 54 55 -53 -54 -52 -19 61 -60 -61 -2
right_child=1 3 6 -5 9 -7 8 -9 21 10 19 -13 13 -15 -16 -17 17 57 -20 20 -22 -23 -24 -25 44 26 27 -29 -30 30 31 33 -34 39 38 -37 -38 -39 47 -41 -42 -43 43 -45 46 49 -48 -49 -50 -51 51 52 53 -55 -56 -57 -58 -59 59 60 -62 -63
leaf_value=0.0040293042806835919 0.039878341124971538 0.18641684511526799 0.17432348764338199 0.26907515366406037 -0.066507011214232539 0.03907297613464783 0.084315431794123874 0.049388272109368032 0.1842197787114398 0.14067704293737768 -0.044180258451110108 -0.088683971022114602 0.12243508042525669 0.1859971101476118 0.0070624657564643603 -0.023782547059187028 0.031284573772401188 0.011744903299064118 -0.024715674646299885 0.074162876992210788 -0.0211659134099208 0.093682666212079338 0.12080708738751886 0.27133208201299253 -0.039002551424550815 -0.007520270237875222 0.18738535105440132 0.028481727917612446 0.091387152932687482 2.4950441874173509e-05 0.084235250921363372 -0.019455378305656738 0.019200405623033594 0.13472462418415734 0.043907115390861499 -0.071662686901394601 -0.050710631965220659 0.10062039726758858 0.053719424548731666 0.03862160639114863 -0.047053164683637155 -0.014263194440280893 0.06616387670420093 0.10358053297273756 0.0017709892690963944 -0.039158242342159214 0.065380275821899203 0.12296962503927299 0.16493735240055965 0.044234817161488887 -0.074733744124810209 -0.008065298738488956 -0.079191241715292585 -0.098151812208683742 -0.05306907139526177 -0.042145225270234558 -0.053285483328329247 -0.061670070964446183 0.11742333792176535 0.071172630446297791 -0.020956885508722638 -0.051096027382898111
leaf_weight=23 68 36 21 34 24 32 20 24 22 24 30 23 33 21 20 26 26 22 22 32 25 37 21 20 25 20 24 21 36 40 25 25 30 24 59 22 26 25 22 28 23 55 41 38 38 22 39 58 22 20 183 102 57 35 58 410 824 29 28 37 30 22
leaf_count=23 68 36 21 34 24 32 20 24 22 24 30 23 33 21 20 26 26 22 22 32 25 37 21 20 25 20 24 21 36 40 25 25 30 24 59 22 26 25 22 28 23 55 41 38 38 22 39 58 22 20 183 102 57 35 58 410 824 29 28 37 30 22
internal_value=0.00044752 0.0548214 0.0436217 0.166775 0.0345449 -0.0495415 0.111412 0.158621 0.0820447 0.00553305 0.0351742 -0.0141659 0.13492 0.109623 0.0790312 0.0232541 -0.0021965 0.0106936 0.0408009 0.00591892 0.0323531 0.127731 0.071498 0.222238 0.0426636 0.045699 0.0817692 0.103823 0.130068 0.0410752 0.0313733 0.0424916 0.0822484 0.0313671 0.0550091 -0.00334854 0.0132055 0.0388414 0.0785812 0.0831887 0.0192964 0.0269182 0.0424445 0.0552558 0.0161105 0.0330091 0.0340576 0.104042 0.122323 0.000515978 -0.0512208 -0.0519836 -0.04405 -0.0502982 -0.0244146 -0.0466872 -0.0571923 -0.0300007 0.0372544 0.0558286 0.029921 0.0175859
internal_weight=3309 1585 1441 144 1271 1724 170 65 105 278 111 167 110 74 53 46 144 120 69 87 57 59 47 41 993 891 101 81 60 790 466 353 77 276 324 113 91 65 139 52 224 201 146 121 102 83 77 80 47 42 1692 1669 662 502 160 467 1007 51 185 95 67 90
internal_count=3309 1585 1441 144 1271 1724 170 65 105 278 111 167 110 74 53 46 144 120 69 87 57 59 47 41 993 891 101 81 60 790 466 353 77 276 324 113 91 65 139 52 224 201 146 121 102 83 77 80 47 42 1692 1669 662 502 160 467 1007 51 185 95 67 90
is_linear=0
shrinkage=0.04


Tree=34
num_leaves=63
num_cat=0
split_feature=13 1 13 13 15 19 19 7 18 19 5 12 1 14 10 0 12 0 18 7 0 0 11 7 13 0 13 13 18 19 16 14 18 14 5 19 11 11 0 0 17 15 19 19 16 5 13 0 0 15 5 12 14 11 18 19 12 16 16 18 18 17
split_gain=5186.61 1241.83 529.343 252.647 215.417 234.624 139.855 198.156 286.857 177.764 99.0042 91.3435 90.3015 89.9031 89.4123 77.9877 151.627 244.97 77.518 65.3945 64.479 58.6994 51.4703 46.2462 70.4284 60.9921 44.6934 120.689 111.268 78.8089 68.9048 148.096 165.226 87.1251 86.6201 77.8891 67.2247 66.4197 87.6112 76.1679 148.191 57.7286 94.9005 63.678 56.9722 66.7892 57.5371 86.4378 82.1569 67.4209 66.8374 64.8459 70.6831 56.3617 55.6334 88.0628 58.2328 53.0744 91.3402 45.8582 40.8566 39.4424
threshold=-3.0954545454545452 1.0000000180025095e-35 10.961538461538463 12.343137254901963 0.52272727272727282 0.99972685708892894 0.4742821699170448 19.500000000000004 0.28317610062893089 0.89235634667459018 1.0000000180025095e-35 9422.0020557729968 1.0000000180025095e-35 5.6381376607830473 10.500000000000002 8.7925602367759002 9156.8508737864086 9.2513575461042308 0.17001204335608192 14.500000000000002 9.0106917638308435 8.619379675101305 64.500000000000014 27.500000000000004 5.3689931350114426 8.8156341786190868 5.3689931350114426 5.4223818350324384 0.11922530206112296 0.46043614414499495 0.87867647058823539 5.811802210327615 0.078023538961038974 4.9556473559372956 3.5000000000000004 0.93411801801641847 41.500000000000007 10.500000000000002 8.619379675101305 8.474093593534457 223415.73000000001 0.7891030392883619 1.2167152672823096 1.578918397571911 0.65476190476190488 1.5000000000000002 5.2099143206854359 8.7657268031794953 9.5768185722905681 0.77459677419354855 2.5000000000000004 7792.085392254221 5.9717405810239859 50.500000000000007 0.11443452380952382 0.78757235749021481 8518.2583237986291 0.90454545454545465 0.80625000000000013 0.13244153082919918 0.024845679012345682 445021.48500000004
decision_type=2 2 2 2 2 2 2 2 2 2 2 2 2 2 2 2 2 2 2 2 2 2 2 2 2 2 2 2 2 2 2 2 2 2 2 2 2 2 2 2 2 2 2 2 2 2 2 2 2 2 2 2 2 2 2 2 2 2 2 2 2 2
left_child=12 2 4 11 5 19 -4 8 18 -9 -7 13 60 14 61 21 20 -18 22 -2 -17 -12 -8 26 -25 -26 28 -28 29 -6 35 32 33 -32 36 54 -34 -31 39 40 -39 -37 53 -44 45 -40 47 -46 49 51 -48 -49 -53 -43 55 56 -29 58 -51 -56 -1 -3
right_child=1 3 6 -5 23 10 7 9 -10 -11 15 -13 -14 -15 -16 16 17 -19 -20 -21 -22 -23 -24 24 25 -27 27 30 -30 37 31 -33 34 -35 -36 41 -38 38 44 -41 -42 42 43 -45 46 -47 50 48 -50 57 -52 52 -54 -55 59 -57 -58 -59 -60 -61 -62 -63
leaf_value=-0.05418610310187693 -0.037343288767634583 0.14554970418056651 0.20109545825293701 0.27902171642181883 -0.0054942098314680766 -0.045045632782824703 0.14741473875786901 -0.066875664179597921 0.25413649852806919 0.097490758992967552 0.025525510081720514 0.21725432227018165 0.018960591849790123 0.068559858244351388 0.078098058012587512 0.006384768360539487 0.15955366027303589 0.00042788751818824975 0.035675793567166707 -0.13424816936113257 -0.070899994582207901 0.10549601718040796 0.068186532771425556 0.024740757432397922 0.054695661056663181 0.15050334808513591 -0.04885948160607554 0.032803205102257579 -0.038158813781758061 0.11778151429269418 -0.083603367423598376 -0.082180801581473381 0.079756710471975842 0.018251867017641987 0.1253539629320532 -0.036080707356828084 -0.006979681491533633 -0.028028534917689078 0.059901949342978433 0.13376449365420076 0.11322151428235765 0.039401018054506895 0.12640368841487359 0.03197737626267666 -0.029818378378195589 -0.022897995371018012 0.11484720672455215 0.042007509507345005 -0.0077485819855743149 0.06908761240170834 0.030158530265803899 0.15777181498678849 0.064847714960346733 -0.051991968449752478 -0.00029322837961131133 0.16285497984482875 0.11599447389533618 0.086445911459253927 -0.031658066008181954 0.078000967772298271 -0.040711908973983198 0.22135879747110518
leaf_weight=1124 24 26 22 25 38 35 34 20 21 22 29 20 31 33 20 36 23 47 29 21 33 30 22 31 21 22 30 35 24 25 23 22 29 32 26 21 28 20 25 34 29 22 22 24 25 41 40 35 34 26 24 27 26 21 26 20 22 22 32 22 535 21
leaf_count=1124 24 26 22 25 38 35 34 20 21 22 29 20 31 33 20 36 23 47 29 21 33 30 22 31 21 22 30 35 24 25 23 22 29 32 26 21 28 20 25 34 29 22 22 24 25 41 40 35 34 26 24 27 26 21 26 20 22 22 32 22 535 21
internal_value=0.000433015 0.051597 0.040601 0.163259 0.0319386 0.000697787 0.106977 0.0928464 0.121962 0.0192006 0.0168626 0.138913 -0.0485805 0.123023 0.149676 0.0278332 0.0114417 0.0528936 0.0890239 -0.0828073 -0.0305977 0.066332 0.116502 0.0404006 0.0708993 0.103995 0.0380206 0.0283447 0.0458131 0.0498305 0.0342243 0.0139474 0.0293351 -0.0243803 0.0649402 0.0480095 0.0371767 0.0543561 0.0507219 0.0877586 0.055588 0.0234024 0.0374849 0.0773574 0.0420834 0.00847854 0.0496927 0.0401997 0.0488857 0.0603571 0.0832167 0.0845245 0.112432 -0.00520343 0.0696117 0.0906907 0.0650941 0.0336756 0.0135105 0.0356376 -0.0498448 0.179862
internal_weight=3309 1619 1474 145 1304 278 170 148 106 42 233 120 1690 100 67 198 139 70 85 45 69 59 56 1026 74 43 952 425 527 503 395 160 138 55 83 235 57 465 440 83 49 110 89 46 357 66 291 227 202 168 64 88 53 43 125 77 57 80 58 48 1659 47
internal_count=3309 1619 1474 145 1304 278 170 148 106 42 233 120 1690 100 67 198 139 70 85 45 69 59 56 1026 74 43 952 425 527 503 395 160 138 55 83 235 57 465 440 83 49 110 89 46 357 66 291 227 202 168 64 88 53 43 125 77 57 80 58 48 1659 47
is_linear=0
shrinkage=0.04


Tree=35
num_leaves=63
num_cat=0
split_feature=13 13 15 7 6 17 15 7 19 12 11 19 7 7 0 7 7 12 0 19 0 0 19 13 16 0 19 0 15 19 12 14 0 17 14 14 19 12 0 12 0 12 6 0 17 0 19 19 13 0 17 16 16 0 14 6 3 14 19 13 15 7
split_gain=4901.79 1027.44 261.658 161.434 201.227 156.3 151.652 127.217 126.05 101.361 189.858 97.9749 94.6222 81.8989 102.453 131.467 99.5776 117.623 135.737 94.0615 87.9635 76.8616 72.8784 62.8724 120.229 69.8195 65.9324 114.013 69.0922 89.0411 52.473 53.8911 44.6501 44.0842 63.4 71.212 69.725 127.753 102.688 111.355 97.7782 81.8255 81.4054 77.5124 76.8359 106.146 74.3467 75.0375 68.9282 58.8898 51.5543 49.6619 78.6237 85.6811 93.8587 41.8461 41.745 39.0925 38.4693 53.3669 36.3885 32.8079
threshold=-3.0954545454545452 13.353469387755103 0.98346994535519128 21.500000000000004 173.50000000000003 49991.390000000007 0.98856806898353811 24.500000000000004 0.54713051383092759 7911.738630136987 11.500000000000002 1.0299740711840368 1.5000000000000002 24.500000000000004 9.1652488593346764 14.500000000000002 15.500000000000002 8720.521836696329 8.6825983002715077 0.99980996671403644 8.7925602367759002 9.1262220740747519 1.238176791276054 6.213541666666667 0.88562091503267981 8.8247043600775559 1.6919793230208182 9.6263269342975502 0.70429252782193974 0.82978190700553178 7623.6177294117651 5.4143856534526948 9.9779969922078831 207804.02000000002 6.0747957597347746 6.4845969404375383 1.4143572004728149 8412.7517480541646 9.1220570327386081 8424.7694153957891 8.3768060256987003 8497.033703762756 311.50000000000006 8.3768060256987003 409095.08000000007 9.2513575461042308 0.64141259384364446 0.76019057376888155 5.4526248399487844 9.2398219852143662 176406.66 0.93095238095238109 0.86190476190476206 8.559399661449353 5.4581633187258509 236.50000000000003 6.5000000000000009 5.682143532434984 0.83833851740381682 5.5917467948717956 0.7891030392883619 13.500000000000002
decision_type=2 2 2 2 2 2 2 2 2 2 2 2 2 2 2 2 2 2 2 2 2 2 2 2 2 2 2 2 2 2 2 2 2 2 2 2 2 2 2 2 2 2 2 2 2 2 2 2 2 2 2 2 2 2 2 2 2 2 2 2 2 2
left_child=61 2 5 4 -3 11 -4 8 -8 22 -11 12 -2 14 16 -16 17 18 -14 -18 -15 -22 -10 26 25 -25 28 -28 29 -7 31 -30 56 50 36 -36 38 -38 39 42 48 -42 43 -35 45 -40 -45 -48 -41 -46 57 52 53 -43 -55 -12 -29 -32 -49 -60 -59 -1
right_child=1 3 6 -5 -6 23 7 -9 9 10 55 -13 13 20 15 -17 19 -19 -20 -21 21 -23 -24 24 -26 -27 27 32 30 -31 33 -33 -34 34 35 -37 37 -39 44 40 41 51 -44 46 49 -47 47 58 -50 -51 -52 -53 -54 54 -56 -57 -58 60 59 -61 -62 -63
leaf_value=-0.039290447779066935 0.088032525179073284 0.14848111530224165 0.17953261694585185 0.11106391102185548 0.30583512997924217 0.042448076897077434 -0.020799335179575884 0.1661839950367173 -0.028929509697528322 0.2098658181185746 0.099528340095998258 0.086246971150734236 0.070696675389393338 0.10694443572160886 -0.12932031228944854 -0.0022884362916217689 -0.082227928247482457 0.1184735982883629 -0.034557362509135825 0.0086020368270052251 -0.047842733326242927 0.062765840416523944 0.077484797860773821 0.1035953043605282 -0.039929291016160662 0.014462736533883729 -0.040524068151182792 0.038392705919159144 -0.017650802875855711 0.15416683949870191 0.11111910492323021 0.051940043527333696 -0.0031084531515984982 0.079998812308515105 -0.034035322124912976 0.063854181434384621 0.17580885035481619 0.034383221664134926 -0.011156232663139498 -0.021592206932697058 0.16309002008912787 0.15471853714760903 0.087295621453591113 -0.060060724496032315 0.027509336588083282 0.11429660099377564 0.08781673594108691 -0.044998694587109693 0.07870471224856021 -0.06089590884639063 0.13571929459548115 0.1307382441526172 0.020644763454272737 0.025613070532405781 0.12430607570998969 0.035012020497460071 0.11077047333403787 0.019783613222085834 0.056782539550519928 -0.027372966016073363 0.081480364035881298 -0.05054041157394619
leaf_weight=747 22 25 25 27 28 22 25 21 20 20 34 28 34 22 23 30 31 20 46 44 20 20 21 24 38 34 34 33 35 24 21 36 20 28 29 20 20 21 22 24 22 24 37 22 21 21 21 20 20 28 20 26 37 38 26 31 21 34 28 21 28 948
leaf_count=747 22 25 25 27 28 22 25 21 20 20 34 28 34 22 23 30 31 20 46 44 20 20 21 24 38 34 34 33 35 24 21 36 20 28 29 20 20 21 22 24 22 24 37 22 21 21 21 20 20 28 20 26 37 38 26 31 21 34 28 21 28 948
internal_value=0.00194121 0.0517623 0.0444786 0.191444 0.232069 0.0381426 0.0875253 0.0740439 0.061115 0.0773873 0.102293 0.0146996 0.00824674 0.00215887 -0.00892213 -0.0575929 0.0058312 0.0319579 0.010183 -0.0289739 0.0428893 0.00743029 0.0255826 0.0461089 0.0152812 0.0514944 0.0493784 0.0199973 0.0533592 0.100987 0.0504223 0.01763 0.0478485 0.0538452 0.0495078 0.00592752 0.0535542 0.10368 0.0493009 0.0581852 0.0773977 0.0909384 0.0345893 0.0205932 0.0112093 0.0501881 0.00566581 0.0218033 0.024027 -0.0229884 0.0780096 0.0803121 0.0697113 0.090272 0.0658697 0.0688908 0.0667293 0.063933 0.00158533 0.0206929 0.0477652 -0.0455863
internal_weight=3312 1617 1537 80 53 1340 197 172 151 126 85 340 312 290 228 53 175 100 80 75 62 40 41 1000 96 58 904 108 796 46 750 71 74 679 576 49 527 41 486 394 217 173 177 140 92 43 112 90 44 49 103 151 125 88 64 65 54 83 69 49 62 1695
internal_count=3312 1617 1537 80 53 1340 197 172 151 126 85 340 312 290 228 53 175 100 80 75 62 40 41 1000 96 58 904 108 796 46 750 71 74 679 576 49 527 41 486 394 217 173 177 140 92 43 112 90 44 49 103 151 125 88 64 65 54 83 69 49 62 1695
is_linear=0
shrinkage=0.04


Tree=36
num_leaves=63
num_cat=0
split_feature=13 13 1 1 15 0 15 12 12 6 10 0 16 19 11 10 10 6 6 6 2 12 1 16 10 12 13 2 15 14 14 19 11 6 11 13 19 11 12 6 16 10 10 0 12 6 15 6 12 19 19 0 0 6 11 16 19 19 0 11 3 12
split_gain=4518.46 947.174 358.938 221.646 198.883 151.923 133.981 184.596 134.209 129.925 122.012 112.422 298.451 114.519 70.3678 71.5331 109.063 199.726 184.831 121.119 101.756 232.608 62.4377 58.8041 115.362 99.5792 75.6192 75.4659 63.7542 62.7429 68.2739 83.5129 64.4376 55.807 54.8346 76.8759 54.3778 51.6587 50.2615 47.3623 45.9083 45.594 72.0651 104.053 49.8151 70.9043 45.013 44.1966 40.4864 37.0696 35.6476 34.9765 100.166 50.4103 31.6357 29.2606 46.2261 48.1749 34.6286 28.1091 27.0207 26.3628
threshold=-3.0954545454545452 13.353469387755103 1.0000000180025095e-35 1.0000000180025095e-35 0.98346994535519128 8.7925602367759002 0.98856806898353811 9068.6892735042748 7911.738630136987 10.500000000000002 7.5000000000000009 8.778031670413279 0.78759398496240618 0.62726033405319359 12.500000000000002 2.5000000000000004 6.5000000000000009 59.500000000000007 86.500000000000014 46.500000000000007 37.500000000000007 8074.934495772949 1.0000000180025095e-35 0.77097902097902116 11.500000000000002 8423.7003571428595 6.0064935064935074 37.500000000000007 0.85120759056929274 6.5412677297871298 6.4488008953677252 0.46581798371748628 31.500000000000004 7.5000000000000009 55.500000000000007 5.4871456822676352 1.3343445164605314 15.500000000000002 7778.7351576994452 46.500000000000007 0.80625000000000013 8.5000000000000018 2.5000000000000004 8.8832367067084821 8407.2131841432238 234.50000000000003 0.77459677419354855 17.500000000000004 7792.085392254221 1.0376148614317091 0.99988596921507533 9.0106917638308435 9.1968598107530948 32.500000000000007 76.500000000000014 0.84807692307692317 0.89235634667459018 0.64141259384364446 8.8247043600775559 77.500000000000014 5.5000000000000009 7158.9445744680861
decision_type=2 2 2 2 2 2 2 2 2 2 2 2 2 2 2 2 2 2 2 2 2 2 2 2 2 2 2 2 2 2 2 2 2 2 2 2 2 2 2 2 2 2 2 2 2 2 2 2 2 2 2 2 2 2 2 2 2 2 2 2 2 2
left_child=22 2 4 5 9 -3 -6 8 36 33 37 13 -13 -4 15 -11 -17 19 -19 20 21 -18 61 24 29 -26 34 -28 -29 30 31 -16 48 50 38 39 -8 -10 46 -36 -41 42 43 -34 45 -44 -25 -22 -33 59 -2 53 -53 -49 -42 58 57 -57 -40 -37 -14 -1
right_child=1 3 11 -5 6 -7 7 -9 10 14 -12 12 60 -15 23 16 17 18 -20 -21 47 -23 -24 26 25 -27 27 28 -30 -31 -32 32 41 -35 35 49 -38 -39 55 40 54 -43 44 -45 -46 -47 -48 51 -50 -51 -52 52 -54 -55 -56 56 -58 -59 -60 -61 -62 -63
leaf_value=-0.068069819121283001 -0.022122690825118231 0.22976943072988026 0.10489988562019116 0.28871425908365284 0.16375744433818515 0.092507943772884071 -0.0083348377890252543 -0.026950146367779603 0.1967056025880756 0.078606405489385342 0.052936493068303225 -0.017774317785857956 0.1803225684462495 0.22839496149945615 -0.032706302447858049 -0.052180006060638842 -0.014567844079828808 0.18841560197706839 0.018509347533445221 -0.073830201942542389 -0.053619321784282699 0.16182503082094146 0.012397205959945628 0.061934077523357084 0.056818280496122517 0.17924027036078535 -0.058185688745491619 0.078088209691205862 -0.0094170534346572563 -0.020744205786766504 0.11859145856016619 0.055158841297851771 -0.0074188653067434477 -0.063863373137877932 -0.044303282531285196 0.10753065205239631 0.07847681818909906 0.11455255959593952 0.0015779134883216362 -0.023170019136172781 0.064036362069046768 0.079865094242382612 0.089864226013273749 0.095976816010312979 -0.026037232391795534 -0.011869260478316502 -0.0047811949628544601 0.066354750128546122 0.11714955635967746 0.013558477841930473 0.046151347318531773 -0.080254709686713194 0.03797079226885184 -0.014837813512973875 0.0072750862158379751 0.060811460775221697 0.045023237718916372 0.14223220119177196 0.065145656450265127 0.046368701357494366 0.1135044602082239 -0.043707933227070776
leaf_weight=75 29 20 31 23 24 37 27 30 23 28 33 31 20 20 21 37 26 20 21 27 22 22 31 28 23 20 27 21 36 22 21 38 24 28 26 23 20 28 20 31 32 34 20 44 43 24 38 29 31 23 21 21 25 21 31 21 33 27 44 26 21 1589
leaf_count=75 29 20 31 23 24 37 27 30 23 28 33 31 20 20 21 37 26 20 21 27 22 22 31 28 23 20 27 21 36 22 21 38 24 28 26 23 20 28 20 31 32 34 20 44 43 24 38 29 31 23 21 21 25 21 31 21 33 27 44 26 21 1589
internal_value=0.00186816 0.0497015 0.0427081 0.183817 0.0369994 0.141023 0.0756666 0.0624291 0.0829179 0.0311715 0.113187 0.108235 0.0758203 0.153721 0.0345578 0.017842 0.0115296 0.0216299 0.101696 0.00456688 0.017367 0.0664057 -0.0437631 0.0404189 0.0525693 0.114089 0.0312993 -0.00320008 0.022867 0.0443149 0.0490979 0.0438194 0.0500663 -0.0187521 0.0384942 0.0229896 0.028652 0.151954 0.0525756 0.00335486 0.0165912 0.0379334 0.028677 0.0594975 0.00452373 0.0344268 0.0235429 -0.00260329 0.0831679 0.0556364 0.00654737 0.0091107 -0.0160153 0.0322524 0.0361937 0.0657514 0.0817742 0.106853 0.0453454 0.0752786 0.146507 -0.0448112
internal_weight=3312 1617 1537 80 1414 57 185 161 131 1229 84 123 72 51 1151 299 271 234 41 193 166 48 1695 852 365 43 487 84 57 322 300 279 258 78 403 192 47 51 211 120 94 189 155 68 87 44 66 118 69 72 50 96 46 50 63 145 81 48 64 49 41 1664
internal_count=3312 1617 1537 80 1414 57 185 161 131 1229 84 123 72 51 1151 299 271 234 41 193 166 48 1695 852 365 43 487 84 57 322 300 279 258 78 403 192 47 51 211 120 94 189 155 68 87 44 66 118 69 72 50 96 46 50 63 145 81 48 64 49 41 1664
is_linear=0
shrinkage=0.04


Tree=37
num_leaves=63
num_cat=0
split_feature=13 13 1 1 15 18 0 16 0 19 15 6 19 13 18 0 7 11 5 19 0 1 7 17 17 6 13 18 10 16 2 5 10 6 5 7 18 6 5 15 16 0 19 19 15 6 16 5 17 11 15 0 5 13 0 15 15 17 13 3 6 19
split_gain=4165.06 873.231 330.935 204.327 183.355 171.53 212.043 183.561 140.075 138.521 123.512 119.779 91.0898 68.0058 73.06 128.088 65.5413 64.8684 78.22 104.799 303.065 57.5508 56.887 54.9218 74.625 64.8072 58.8252 68.869 57.3926 126.021 54.2838 86.9933 125.798 51.4479 63.766 49.9133 38.8093 73.682 62.0563 49.4992 51.5361 44.0824 39.3017 109.943 75.6729 89.8226 78.5561 70.6619 89.4119 69.9252 65.3659 56.5621 116.332 47.464 37.6332 34.5013 30.0286 29.1017 36.438 28.7308 25.2687 22.9181
threshold=-3.0954545454545452 13.353469387755103 1.0000000180025095e-35 1.0000000180025095e-35 0.98346994535519128 0.11707595659623074 8.7925602367759002 0.78759398496240618 8.7925602367759002 0.60861127077563992 0.98856806898353811 10.500000000000002 1.6296136773133287 5.9903846153846159 0.17519181585677754 8.7833740024846065 14.500000000000002 12.500000000000002 1.0000000180025095e-35 0.99988596921507533 9.1466191114968183 1.0000000180025095e-35 20.500000000000004 161703.00500000003 131238.66000000003 151.50000000000003 6.4064685314685326 0.133739837398374 12.500000000000002 0.78759398496240618 52.500000000000007 3.5000000000000004 9.5000000000000018 7.5000000000000009 2.5000000000000004 6.5000000000000009 0.11922530206112296 205.50000000000003 3.5000000000000004 0.81322674418604668 0.84807692307692317 8.8599747466090779 1.2691678457177524 1.1031304469385526 0.76230831315577086 106.50000000000001 0.72077922077922085 1.0000000180025095e-35 262164.77000000008 74.500000000000014 0.77842377260981921 8.6924773893503993 1.5000000000000002 5.5667735042735051 9.0159822587479308 0.81016731016731025 0.74341649341649352 72791.255000000019 5.2099143206854359 6.5000000000000009 30.500000000000004 0.99980996671403644
decision_type=2 2 2 2 2 2 2 2 2 2 2 2 2 2 2 2 2 2 2 2 2 2 2 2 2 2 2 2 2 2 2 2 2 2 2 2 2 2 2 2 2 2 2 2 2 2 2 2 2 2 2 2 2 2 2 2 2 2 2 2 2 2
left_child=21 2 4 8 11 6 9 -8 -3 -4 -6 33 13 -12 15 -15 -17 18 -13 30 -21 -1 35 24 25 57 27 28 36 -30 31 32 -20 34 -2 -22 38 -38 42 40 41 -40 43 44 56 49 -47 -44 -49 -46 -50 53 -53 -48 -41 -52 -25 -19 -59 -31 -34 -32
right_child=1 3 5 -5 10 -7 7 -9 -10 -11 12 17 -14 14 -16 16 -18 23 19 20 22 -23 -24 26 -26 -27 -28 -29 29 59 61 -33 60 -35 -36 -37 37 -39 39 54 -42 -43 47 -45 45 46 51 48 50 -51 55 52 -54 -55 -56 -57 -58 58 -60 -61 -62 -63
leaf_value=-0.043019069914430733 0.046289226694887643 0.22062437945930519 0.075537550646255461 0.27721568244876282 0.15723432527043513 0.19738893059620347 -0.041363055790003218 0.10472951521818664 0.088817598617301791 0.21970619097387339 -0.0085119613718731973 -0.035608947563659205 0.13005384137430989 -0.018369034316244443 0.11828310372644685 0.13251497262484066 0.03868656435810712 0.037529362995429055 -0.029110843770876877 0.17140488771494905 0.042710405563685425 0.011902911962036918 0.072015271963764782 0.01785666724046071 0.11902723709332574 0 -0.024575429293844434 0.095832068476566057 0.13775444809047654 0.060258623936876136 -0.057478813477770771 -0.026649641772716656 0.058094999766047879 -0.061317928422812466 -0.04451624712792996 -0.037190058598705646 -0.048031535369221431 0.039447704207512639 0.023832221514580587 0.1213363052030331 -0.0150334475390719 0.095016391532447508 -0.021831559165200187 -0.049406227922596892 -0.03852440362202824 0.12479391253911531 0.046794847970975634 0.12717907252648064 0.095470332781214862 0.044803535258237437 -0.025713714668653666 0.1222982255153567 0.017433833040689167 -0.028257117941085083 0.048400039675816964 0.04346513950478486 -0.043200366988624492 0.12640155460032243 0.052195074029637675 -0.005798889037171101 0.12017449752238001 -0.0061629963171450797
leaf_weight=1664 28 20 22 23 24 25 29 26 37 21 28 39 25 33 27 23 25 31 21 27 20 31 20 23 29 33 26 30 26 20 22 36 21 28 22 33 28 34 29 27 21 27 20 34 36 22 29 24 21 29 22 32 36 25 20 24 29 21 22 22 22 38
leaf_count=1664 28 20 22 23 24 25 29 26 37 21 28 39 25 33 27 23 25 31 21 27 20 31 20 23 29 33 26 30 26 20 22 36 21 28 22 33 28 34 29 27 21 27 20 34 36 22 29 24 21 29 22 32 36 25 20 24 29 21 22 22 22 38
internal_value=0.00179764 0.0477224 0.0410074 0.176496 0.0355258 0.103927 0.0798874 0.0277273 0.135406 0.146338 0.0726532 0.02993 0.0599426 0.0469537 0.0613468 0.0422209 0.0838696 0.0331814 0.0171315 0.0250609 0.0571635 -0.0420128 0.0147058 0.0388088 0.0621351 0.0466004 0.0343673 0.0365945 0.0338847 0.0686995 0.00496114 0.0230107 0.0509738 -0.018004 0.00628579 -0.00697762 0.0298714 -4.05705e-05 0.0333737 0.0581492 0.0382783 0.058297 0.0257894 0.0181336 0.0269551 0.0376978 0.0553057 0.0460834 0.0610393 -0.00130489 0.0371634 0.0426668 0.0669183 0.0120236 0.0905107 0.0103522 -0.0161735 0.067365 0.088691 0.025678 0.0901081 -0.0250764
internal_weight=3312 1617 1537 80 1414 123 98 55 57 43 185 1229 161 136 108 81 48 1151 299 260 100 1695 73 852 136 107 716 690 660 68 160 100 64 78 50 53 592 62 530 124 77 56 406 295 261 209 144 111 91 65 67 122 68 54 47 46 52 74 43 42 43 60
internal_count=3312 1617 1537 80 1414 123 98 55 57 43 185 1229 161 136 108 81 48 1151 299 260 100 1695 73 852 136 107 716 690 660 68 160 100 64 78 50 53 592 62 530 124 77 56 406 295 261 209 144 111 91 65 67 122 68 54 47 46 52 74 43 42 43 60
is_linear=0
shrinkage=0.04


Tree=38
num_leaves=63
num_cat=0
split_feature=13 13 1 1 15 0 15 12 12 6 10 0 16 14 11 7 10 10 6 6 7 6 1 16 10 12 13 11 14 14 19 11 11 13 6 6 12 16 19 11 10 19 11 10 10 0 12 6 7 13 16 0 6 19 14 0 12 13 12 15 11 12
split_gain=3839.3 805.06 305.106 188.36 169.037 129.15 113.86 168.145 121.837 110.432 109.92 94.293 252.746 109.182 59.8018 71.0952 68.0776 102.817 97.8067 103.857 125.742 83.1258 53.0461 50.684 99.0128 90.2071 68.071 70.5783 57.7505 61.0079 78.2253 56.7217 47.4434 70.2615 49.4576 47.4267 47.078 83.2423 67.4851 51.691 60.622 45.8753 45.5659 41.6054 65.3699 93.9868 45.2782 65.3189 39.3211 39.1654 36.9659 36.6219 32.4313 32.2018 31.9972 36.4285 28.4026 27.8522 27.3128 25.4938 24.6598 24.317
threshold=-3.0954545454545452 13.353469387755103 1.0000000180025095e-35 1.0000000180025095e-35 0.98346994535519128 8.7925602367759002 0.98856806898353811 9068.6892735042748 7911.738630136987 10.500000000000002 7.5000000000000009 8.778031670413279 0.78759398496240618 5.2399795937942821 12.500000000000002 24.500000000000004 2.5000000000000004 6.5000000000000009 59.500000000000007 46.500000000000007 16.500000000000004 29.500000000000004 1.0000000180025095e-35 0.77097902097902116 11.500000000000002 8423.7003571428595 6.0064935064935074 47.500000000000007 6.5412677297871298 6.4488008953677252 0.46581798371748628 31.500000000000004 55.500000000000007 5.4526248399487844 46.500000000000007 7.5000000000000009 8585.189261290323 0.93541666666666679 1.2594307989544051 25.500000000000004 3.5000000000000004 1.3343445164605314 15.500000000000002 8.5000000000000018 2.5000000000000004 8.8832367067084821 8407.2131841432238 234.50000000000003 15.500000000000002 6.1635777598710728 0.80625000000000013 9.1652488593346764 19.500000000000004 0.99988596921507533 6.0022129182432824 8.7399686730535198 8755.4719523809545 5.7440822111977328 8559.8243921232879 0.80810147299509005 76.500000000000014 7158.9445744680861
decision_type=2 2 2 2 2 2 2 2 2 2 2 2 2 2 2 2 2 2 2 2 2 2 2 2 2 2 2 2 2 2 2 2 2 2 2 2 2 2 2 2 2 2 2 2 2 2 2 2 2 2 2 2 2 2 2 2 2 2 2 2 2 2
left_child=22 2 4 5 9 -3 -6 8 41 35 42 13 -13 -4 15 16 -11 -18 19 20 21 52 61 24 28 -26 32 -28 29 30 -16 48 36 34 -34 53 37 38 39 -25 -41 -8 -10 44 45 -33 47 -46 -32 -29 -36 58 -19 -2 55 -38 -22 -14 -35 -48 -52 -1
right_child=1 3 11 -5 6 -7 7 -9 10 14 -12 12 57 -15 23 -17 17 18 -20 -21 56 -23 -24 26 25 -27 27 49 -30 -31 31 43 33 51 50 -37 54 -39 -40 40 -42 -43 -44 -45 46 -47 59 -49 -50 -51 60 -53 -54 -55 -56 -57 -58 -59 -60 -61 -62 -63
leaf_value=-0.063632181074901845 -0.021213752436883667 0.2118433075698454 0.20113460782039688 0.26617505949813047 0.1509710499805039 0.085274470777042477 -0.0085547675131871694 -0.027742691546975572 0.18478200566878308 0.074065452719501434 0.048765733951528265 -0.016030579705713647 0.16770765229989004 0.083435399443253705 -0.033562693672157577 0.07476155612951893 -0.065639268971756842 0.052692158955267104 0.073351461808519688 -0.07096661331028957 -0.010224853242203139 0.10023752842933682 0.011428326862801309 0.047125936452444492 0.051046313453159291 0.16754244025666915 -0.043282338341178797 -0.011477706334484156 -0.02151524479302885 0.11117645785424381 0.10410491297350211 -0.0079209516355110907 -0.05256136204861947 0.032301870383225476 -0.022293100791714121 -0.058873940549287081 0.057063332090330356 0.088219717374709086 0.063884086156485817 0.016729215882801043 -0.069529745322299677 0.071176379972429413 0.10760730946827614 0.075212375462230002 0.085036210222401432 0.090340565862028516 0.0071188963111953356 -0.012604272583213585 0.042844932316941683 0.063432785247960893 0.05687831387834151 0.0036178874283732468 -0.0045759591794667992 0.043676246986569946 0.035502270643983903 0.1315392680446823 -0.067949066572059874 0.10019116172743081 0.088760431349447305 -0.054458285159878911 0.0063616148011094121 -0.040239071246744924
leaf_weight=75 29 20 25 23 24 37 27 30 23 24 33 31 21 26 21 30 30 26 36 27 36 28 31 23 23 20 39 20 22 21 39 24 22 23 30 28 20 37 36 27 25 20 28 34 20 44 20 24 30 25 31 20 40 21 20 23 22 20 35 23 31 1589
leaf_count=75 29 20 25 23 24 37 27 30 23 24 33 31 21 26 21 30 30 26 36 27 36 28 31 23 23 20 39 20 22 21 39 24 22 23 30 28 20 37 36 27 25 20 28 34 20 44 20 24 30 25 31 20 40 21 20 23 22 20 35 23 31 1589
internal_value=0.00172997 0.0458222 0.0393746 0.169468 0.0341112 0.130013 0.0697598 0.0575551 0.0771105 0.0287382 0.10595 0.0997893 0.070096 0.141451 0.0318601 0.0164494 0.00991334 0.00359324 0.0132889 0.00116391 0.014028 0.0425977 -0.0403323 0.0372635 0.0485442 0.10554 0.0287964 -0.00393435 0.0408964 0.0454856 0.0404959 0.0465423 0.0356229 0.0212 0.00115805 -0.0172869 0.0487213 0.0363264 0.0189468 -0.00265281 -0.0247569 0.02541 0.142744 0.0351583 0.0263165 0.05567 0.00331307 0.0318246 0.0775996 0.0301433 0.0140688 0.0504275 0.0179995 0.00603291 0.0777041 0.0971585 -0.0322339 0.135145 0.0665002 -0.0258213 0.0317031 -0.0412984
internal_weight=3312 1617 1537 80 1414 57 185 161 131 1229 84 123 72 51 1151 299 269 245 215 179 152 94 1695 852 365 43 487 84 322 300 279 258 403 192 114 78 211 148 111 75 52 47 51 189 155 68 87 44 69 45 92 78 66 50 63 43 58 41 58 43 62 1664
internal_count=3312 1617 1537 80 1414 57 185 161 131 1229 84 123 72 51 1151 299 269 245 215 179 152 94 1695 852 365 43 487 84 322 300 279 258 403 192 114 78 211 148 111 75 52 47 51 189 155 68 87 44 69 45 92 78 66 50 63 43 58 41 58 43 62 1664
is_linear=0
shrinkage=0.04


Tree=39
num_leaves=63
num_cat=0
split_feature=13 13 1 1 18 19 18 13 12 7 0 6 10 12 7 7 12 12 0 11 7 7 19 7 6 11 2 12 12 12 6 6 1 18 0 19 12 13 7 14 14 19 5 12 6 5 19 19 7 19 12 6 0 12 11 7 13 7 13 14 11 19
split_gain=3539 742.216 281.299 173.639 159.031 215.647 163.136 152.159 136.624 123.432 119.077 104.107 68.4848 64.4458 65.5962 92.4402 57.6923 55.5578 108.281 201.471 63.9624 161.36 65.2357 64.0498 122.495 61.4057 66.7125 65.5705 73.5978 54.391 54.1339 50.3141 48.8946 48.7548 44.1308 87.218 81.9518 76.0027 58.7316 79.3559 62.3005 89.9326 58.4069 51.1748 43.7222 58.1544 39.59 78.4396 58.2593 69.4358 53.8221 53.6288 75.3769 39.3142 38.2146 61.9564 38.1293 29.0825 27.6443 26.5652 26.7608 23.1196
threshold=-3.0954545454545452 13.353469387755103 1.0000000180025095e-35 1.0000000180025095e-35 0.10063291139240509 0.99984801714121374 0.063324979114452812 7.0500000000000007 8899.7686682650401 10.500000000000002 8.7925602367759002 10.500000000000002 4.5000000000000009 9725.3285714285721 14.500000000000002 6.5000000000000009 10538.088333333335 9156.8508737864086 9.1513713778574779 24.500000000000004 27.500000000000004 26.500000000000004 0.98561207368431381 23.500000000000004 154.50000000000003 12.500000000000002 22.500000000000004 7744.9641666666676 8044.7582588075884 8346.7419034090908 226.50000000000003 105.50000000000001 1.0000000180025095e-35 0.066352201257861648 8.5022204767798488 0.53067315295955408 8952.9550805008967 4.7917080085046075 1.5000000000000002 4.6076982324121678 6.0453779491050126 0.73587726383735419 1.5000000000000002 8421.3120082074001 7.5000000000000009 2.5000000000000004 0.99972685708892894 0.73209194098866548 14.500000000000002 0.99987255121452179 7876.5089015151525 26.500000000000004 8.82888447216245 9446.8367000000017 45.500000000000007 16.500000000000004 5.0533428165007122 6.5000000000000009 5.0533428165007122 5.196359309370945 73.500000000000014 1.0003869358655728
decision_type=2 2 2 2 2 2 2 2 2 2 2 2 2 2 2 2 2 2 2 2 2 2 2 2 2 2 2 2 2 2 2 2 2 2 2 2 2 2 2 2 2 2 2 2 2 2 2 2 2 2 2 2 2 2 2 2 2 2 2 2 2 2
left_child=32 2 7 10 5 6 -4 11 9 -9 -3 44 -10 17 15 -15 -16 20 19 -19 21 23 -22 25 58 46 27 33 -29 -11 -20 -14 -1 -27 35 42 37 -36 -39 61 41 -41 -28 -44 45 -2 47 -13 50 -50 51 -48 -53 -21 55 -43 -30 -56 -25 60 -59 -40
right_child=1 3 4 -5 -6 -7 -8 8 12 29 -12 13 31 14 16 -17 -18 18 30 53 22 -23 -24 24 -26 26 34 28 56 -31 -32 -33 -34 -35 36 -37 -38 38 39 40 -42 54 43 -45 -46 -47 48 -49 49 -51 -52 52 -54 -55 57 -57 -58 59 -60 -61 -62 -63
leaf_value=-0.039646771853115527 0.043996597371491676 0.20341173466165266 0.17234706607469466 0.25557414525644084 0.17585216173351401 -0.0034302115057084194 0.028913797157913892 0.18295700161343079 -0.0066260285323162032 0.022350248792278232 0.081872687322913473 0.032182445563881647 0.10062877234698776 0.013674530194843328 -0.013931092954986724 -0.095509959645745879 0.078734888834354685 0.19551859005173641 -0.024913800209248597 0.030657518799644116 0.024855951335420252 -0.066458892152508803 0.11490973121330832 0.14637606994429631 0.0080146699456782357 -0.069118093432802147 -0.009164297165798729 0.088902980321906966 0.030491924089229766 0.11186558297066274 0.060427192529635639 0.021223942910954034 0.010972663574280077 0.0099552222679461927 0.11106203613218325 -0.054460168274657987 -0.0090671586164807333 0.1039046710003786 0.021123211146350875 0.13694657763744369 -8.7874587325804479e-05 0.045695469448771175 0.11136043004797534 0.024821808587163041 -0.056527363464925637 -0.042721081125250769 0.07030388836836933 -0.070209888030286036 0.0020576936558048069 0.087721231324074847 -0.056359240285951087 -0.063961755517534732 0.037696736452679978 0.096601768997608209 0.075901217372902549 0.13371830083837558 -0.029326156565055991 0.014994413878813206 0.079570337065023269 -0.0026971055265639842 0.074910292701545741 -0.034966486066714667
leaf_weight=1664 28 20 35 23 30 38 20 25 35 20 37 22 29 30 20 21 23 20 29 47 24 28 28 20 32 23 26 25 49 24 20 23 31 27 34 21 36 27 25 22 31 36 21 23 28 22 20 26 28 33 22 21 26 21 23 20 26 25 21 33 23 22
leaf_count=1664 28 20 35 23 30 38 20 25 35 20 37 22 29 30 20 21 23 20 29 47 24 28 28 20 32 23 26 25 49 24 20 23 31 27 34 21 36 27 25 22 31 36 21 23 28 22 20 26 28 33 22 21 26 21 23 20 26 25 21 33 23 22
internal_value=0.00166452 0.0439973 0.0378064 0.162719 0.0958165 0.0698159 0.120373 0.0327524 0.0700155 0.112032 0.124835 0.0281248 0.0365786 0.0310838 -0.000668393 -0.0313436 0.0356557 0.0338338 0.0576644 0.0841792 0.0303858 0.0278755 0.0735123 0.0309247 0.0667902 0.027625 0.0340182 0.0109018 0.0296025 0.0713651 0.00993065 0.0656539 -0.0387192 -0.0264439 0.0417494 0.0168254 0.0480905 0.0545077 0.0477646 0.0418893 0.0522664 0.06119 0.0382867 0.0663285 -0.0165973 0.00579179 0.00829888 -0.0232691 0.0184227 0.0485007 -0.00220134 0.0156095 -0.00772204 0.051164 0.0506819 0.0773502 0.00971692 0.0362424 0.112484 0.0248769 0.0438417 -0.00510757
internal_weight=3312 1617 1537 80 123 93 55 1414 156 69 57 1258 87 1180 94 51 43 1086 137 88 949 897 52 869 73 796 598 150 100 44 49 52 1695 50 448 91 357 321 287 260 213 182 70 44 78 50 198 48 150 61 89 67 47 68 160 56 75 104 41 81 48 47
internal_count=3312 1617 1537 80 123 93 55 1414 156 69 57 1258 87 1180 94 51 43 1086 137 88 949 897 52 869 73 796 598 150 100 44 49 52 1695 50 448 91 357 321 287 260 213 182 70 44 78 50 198 48 150 61 89 67 47 68 160 56 75 104 41 81 48 47
is_linear=0
shrinkage=0.04


Tree=40
num_leaves=63
num_cat=0
split_feature=15 1 13 11 6 15 6 3 0 12 0 7 15 7 17 0 17 6 0 2 2 16 7 7 0 17 17 13 7 2 13 12 10 10 16 10 5 12 17 0 10 15 11 12 16 0 15 15 7 6 2 17 17 10 11 5 10 6 12 12 7 15
split_gain=3544.06 695.422 398.241 326.464 163.164 173.775 298.111 143.36 121.679 199.366 337.521 203.324 99.9245 113.996 95.8107 100.359 81.3951 97.8453 79.6563 100.665 92.2683 68.0761 66.2098 65.3856 57.5313 63.2116 163.093 69.2266 57.848 90.8243 120.322 53.7499 44.7966 89.3718 66.7663 81.1258 63.8956 59.5601 61.6885 83.9442 52.9719 80.8377 66.7446 61.4207 99.4538 88.249 57.1545 82.9998 58.3562 70.2135 61.2705 79.6484 51.1584 41.8302 55.87 41.3631 41.0132 38.2018 37.0368 34.3266 51.0087 41.5378
threshold=0.58114035087719318 1.0000000180025095e-35 9.2916666666666696 1.5000000000000002 290.50000000000006 0.78171368861024049 133.50000000000003 3.5000000000000004 9.5355420982856138 8819.5639720412055 9.1652488593346764 21.500000000000004 0.98692754613807254 13.500000000000002 315542.74500000005 9.0544469877606861 171822.70500000005 198.50000000000003 8.778031670413279 37.500000000000007 37.500000000000007 0.44949494949494956 21.500000000000004 14.500000000000002 10.022094145022225 25709.700000000004 33701.235000000008 4.3377192982456148 6.5000000000000009 22.500000000000004 5.0438166311300643 9064.5916870144301 10.500000000000002 9.5000000000000018 0.78759398496240618 12.500000000000002 2.5000000000000004 9643.6505350877214 77701.820000000022 8.8058525241540853 2.5000000000000004 0.85634920634920642 75.500000000000014 8473.2786190476199 0.68990384615384626 9.1721555115534663 0.83225108225108235 0.84311531841652332 8.5000000000000018 226.50000000000003 22.500000000000004 187278.06000000003 477962.51000000007 5.5000000000000009 65.500000000000014 1.5000000000000002 24.500000000000004 138.50000000000003 8959.6731668153461 7674.4482069543383 1.0000000180025095e-35 0.81972222222222235
decision_type=2 2 2 2 2 2 2 2 2 2 2 2 2 2 2 2 2 2 2 2 2 2 2 2 2 2 2 2 2 2 2 2 2 2 2 2 2 2 2 2 2 2 2 2 2 2 2 2 2 2 2 2 2 2 2 2 2 2 2 2 2 2
left_child=3 2 21 8 5 -3 7 -7 9 18 -11 -12 13 -4 16 31 -14 -18 20 -20 -1 -2 -22 -21 25 27 -27 -23 29 30 -28 -16 33 37 35 -34 -36 38 39 -30 41 42 43 44 -40 -46 48 -48 -42 50 57 -52 -53 54 -49 -45 -5 -50 -51 -31 -61 -62
right_child=1 4 12 56 -6 6 -8 -9 -10 10 11 -13 14 -15 15 -17 17 -19 19 23 22 24 -24 -25 -26 26 28 -29 32 59 -32 -33 34 -35 36 -37 -38 -39 40 -41 46 -43 -44 55 45 -47 47 53 49 58 51 52 -54 -55 -56 -57 -58 -59 -60 60 61 -63
leaf_value=0.068063061097500266 0.10243808176183054 0.016245468294168532 0.22079430322741989 -0.039102580860045359 0.24193117858109314 0.14375866764431058 0.046811244092254997 0.2741876787367698 -0.073046169241416062 0.17654119645607019 -0.044739635610204984 0.11249046553426714 0.054718316237765005 0.089501784504492046 0.051839033694288848 0.11415429344004636 0.20286934831957798 0.084132292038714723 -0.11155492927154265 -0.05178597369652202 -0.042802870672045724 0.031452326835280625 0.042679860063268044 0.037032847689442421 -0.035594990480301986 -0.0767700899254143 0.059970861163086558 0.13448087397499464 0.026265080285711759 0.10454676389482098 -0.064275133423991021 -0.038534600070459925 -0.0074494744110775194 0.10018770270331211 0.020289876909501299 0.10138304861623849 -0.058433973055619461 -0.037684218883514399 0.08935419617277203 0.13389651918863232 0.065279020764001092 -0.015750802057732338 0.1230211164464998 0.027770291199616343 -0.053199898809482046 0.052769723853793755 0.11142421742751134 0.043503270593040426 0.051787599477722747 0.0072291745284909859 0.011981722152594363 -0.1246610132982663 -0.037071233894760247 0.058162067687779768 -0.042698688568821933 0.096823458954727284 0.017002687940100358 -0.02430591882122636 0.068741014709139805 0.11570242165333003 0.066770457647413461 0.021588858472705912
leaf_weight=34 22 21 20 1723 21 32 32 24 27 29 38 20 25 23 22 22 23 22 22 28 42 22 22 25 20 22 27 20 26 28 23 20 24 29 31 20 35 21 23 21 22 31 20 21 31 21 21 23 21 49 23 21 22 31 25 42 21 21 23 20 75 58
leaf_count=34 22 21 20 1723 21 32 32 24 27 29 38 20 25 23 22 22 23 22 22 28 42 22 22 25 20 22 27 20 26 28 23 20 24 29 31 20 35 21 23 21 22 31 20 21 31 21 21 23 21 49 23 21 22 31 25 42 21 21 23 20 75 58
internal_value=0.00140858 0.0518477 0.0424074 -0.0319194 0.139744 0.119835 0.144486 0.200082 0.0076051 0.016013 0.0653711 0.00954352 0.0978453 0.150985 0.0806782 0.0451468 0.113025 0.14518 -0.00882063 -0.0398272 0.0149049 0.0329163 -0.0133662 -0.0098618 0.0313945 0.0327492 0.0306183 0.0807639 0.0331715 0.0505349 0.00276357 0.00876715 0.0274159 0.0317987 0.0039623 0.0420922 -0.0214526 0.0282299 0.030813 0.0745804 0.026605 0.0432158 0.0548005 0.044817 0.0202797 -0.0103469 0.0161921 0.0409099 0.0039315 -0.00358751 -0.0239869 -0.0480007 -0.080084 0.0220231 -0.00134743 0.0739179 -0.0384249 0.013726 0.0269746 0.0637115 0.0561619 0.0471133
internal_weight=3373 1342 1212 2031 130 109 88 56 287 260 87 58 177 43 134 64 70 45 173 75 98 1035 64 53 1013 993 951 42 929 231 50 42 698 588 110 44 66 559 538 47 491 189 158 138 75 52 302 100 202 180 108 66 43 79 48 63 1744 42 72 181 153 133
internal_count=3373 1342 1212 2031 130 109 88 56 287 260 87 58 177 43 134 64 70 45 173 75 98 1035 64 53 1013 993 951 42 929 231 50 42 698 588 110 44 66 559 538 47 491 189 158 138 75 52 302 100 202 180 108 66 43 79 48 63 1744 42 72 181 153 133
is_linear=0
shrinkage=0.04


Tree=41
num_leaves=63
num_cat=0
split_feature=15 13 13 15 0 0 0 5 6 6 14 7 7 5 12 0 2 12 7 17 15 0 15 16 6 6 7 6 18 0 12 14 15 14 0 14 0 14 15 15 10 12 12 14 15 0 0 10 10 10 5 7 16 7 7 7 10 17 15 15 18 0
split_gain=3266.97 570.844 287.202 140.204 138.109 131.474 127.457 139.823 198.417 126.874 110.25 93.5663 93.8727 87.2674 84.8396 126.987 72.9577 165.028 60.1871 110.675 65.687 74.5624 67.5505 59.361 101.561 114.879 86.0564 106.606 75.9333 209.049 72.5534 68.7935 75.4088 71.8516 68.4756 134.816 70.7413 58.6061 56.0864 83.1664 55.2155 55.0381 90.2233 53.3373 51.0404 53.6796 64.4318 59.7736 49.3408 45.1608 55.7581 44.0428 40.8823 40.5221 103.4 100.681 38.0788 37.4493 35.2654 38.0827 52.8193 44.8879
threshold=0.58114035087719318 9.2916666666666696 -3.0954545454545452 0.98757716049382727 8.7882396528750828 9.1787294662563941 9.1220570327386081 2.5000000000000004 140.50000000000003 178.50000000000003 6.4488008953677252 22.500000000000004 25.500000000000004 1.0000000180025095e-35 6678.3525000000009 9.1220570327386081 37.500000000000007 8074.934495772949 25.500000000000004 88473.515000000029 0.63299663299663311 9.9779969922078831 0.67156862745098056 0.76696832579185525 253.50000000000003 191.50000000000003 23.500000000000004 284.50000000000006 0.032433380084151482 8.8058525241540853 9358.2771439628505 6.318825231249785 0.86339712918660305 4.9556473559372956 8.6018614921851579 5.4581633187258509 8.4532049060782217 5.3130176434362832 0.83827375762859646 0.80663489736070393 10.500000000000002 8360.0310273972627 8829.5183055555572 5.8216471760674366 0.85472069790347549 8.9643272945966874 8.6018614921851579 6.5000000000000009 2.5000000000000004 3.5000000000000004 1.5000000000000002 2.5000000000000004 0.67543859649122817 14.500000000000002 19.500000000000004 12.500000000000002 24.500000000000004 341038.69000000012 0.11324786324786326 0.093933823529411778 0.023122159850307408 9.6023169159768624
decision_type=2 2 2 2 2 2 2 2 2 2 2 2 2 2 2 2 2 2 2 2 2 2 2 2 2 2 2 2 2 2 2 2 2 2 2 2 2 2 2 2 2 2 2 2 2 2 2 2 2 2 2 2 2 2 2 2 2 2 2 2 2 2
left_child=2 18 56 4 -3 -6 7 8 -5 -9 -8 13 -13 -4 -14 -16 17 -15 20 -20 -2 22 -22 26 25 28 27 34 29 -25 31 32 44 -34 36 52 -24 -21 39 -27 49 -37 -43 -39 45 46 -30 48 -47 -26 -51 -18 -36 55 -55 -53 58 -29 59 60 -1 -62
right_child=1 3 11 6 5 -7 10 9 -10 -11 -12 12 14 16 15 -17 51 -19 19 37 21 -23 23 24 40 38 -28 57 30 -31 -32 -33 33 -35 35 41 -38 43 -40 -41 -42 42 -44 -45 -46 47 -48 -49 -50 50 -52 53 -54 54 -56 -57 -58 -59 -60 -61 61 -63
leaf_value=-0.04275215186545691 0.11180294986019768 0.24417031790972882 -0.081483317430583263 0.12368603478616744 0.043832266057901713 0.18913566549619037 0.084151682476131931 0.051106633543968195 -0.031632485264946469 0.19061046256947872 0.20031253343559358 0.093543266670726169 0.07633375447780931 -0.023867581071769308 -0.092460884494239115 0.048016909841281263 0.03863216468943885 0.11400670826672558 0.089773026852018808 0.035944021235677671 -0.023995695112899128 -0.029133495992644691 0.063174952839174847 -0.094710852911858143 0.052143495428579677 0.017008807493086475 0.12627938432227201 -0.034579036952964812 0.021836537488277585 0.068665004068864263 0.095076101389456921 -0.033277668851246764 0.047761425749706918 0.12886530036413579 0.040740062648190918 0.12978580570305792 0.15166234849696142 -0.055345594649600267 0.02518825263280013 -0.0903793270033664 0.0074807177580796282 -0.0057051156683696957 0.094916821658746445 0.012689131389964709 -0.018936456031737985 0.030149220800047869 0.098366360752366655 0.060461330505812663 -0.044844606002581493 0.14738363187837403 0.069042401501512904 -0.014552824187897398 -0.017467345479123122 0.069727420264510745 -0.045756461177751478 -0.12064905655324756 0.016325804938637247 0.031583269075103768 -0.0052507702803199895 -0.075521303006530219 -0.023665478000513024 -0.067301402399429722
leaf_weight=1086 21 21 24 20 20 20 28 22 38 20 25 32 20 31 21 20 20 25 25 40 24 24 35 24 68 20 27 25 33 26 38 21 54 26 38 28 25 40 30 27 23 21 44 34 31 27 38 31 29 24 38 50 39 21 30 20 21 30 52 44 473 41
leaf_count=1086 21 21 24 20 20 20 28 22 38 20 25 32 20 31 21 20 20 25 25 40 24 24 35 24 68 20 27 25 33 26 38 21 54 26 38 28 25 40 30 27 23 21 44 34 31 27 38 31 29 24 38 50 39 21 30 20 21 30 52 44 473 41
internal_value=0.00135618 0.0497834 -0.0306424 0.109672 0.161025 0.116824 0.0890929 0.0623738 0.0220119 0.117879 0.139256 0.0045245 0.0381661 -0.00963418 0.00897747 -0.0239364 -0.000833944 0.0377413 0.0384111 0.0137311 0.041876 0.0403455 0.0421169 0.0438462 0.0365469 0.0270489 0.0580478 0.0515347 0.0361206 -0.009748 0.0431196 0.0362742 0.0417217 0.0742731 0.0634934 0.0504507 0.100269 -0.00299127 -0.0174479 -0.0447007 0.0647436 0.0828403 0.0624186 -0.0240845 0.0279008 0.0371092 0.062905 0.0159864 -0.00866193 0.0748458 0.0995887 -0.0161847 0.011248 -0.0252862 0.00179998 -0.0450234 -0.0370747 0.00146502 -0.037738 -0.038764 -0.0377472 -0.0271625
internal_weight=3373 1342 2031 214 61 40 153 100 58 42 53 314 93 221 61 41 197 56 1128 139 989 968 944 920 608 455 312 285 378 50 328 290 269 80 230 170 60 114 77 47 153 93 65 74 189 158 71 87 56 130 62 141 77 121 51 70 1717 55 1696 1644 1600 514
internal_count=3373 1342 2031 214 61 40 153 100 58 42 53 314 93 221 61 41 197 56 1128 139 989 968 944 920 608 455 312 285 378 50 328 290 269 80 230 170 60 114 77 47 153 93 65 74 189 158 71 87 56 130 62 141 77 121 51 70 1717 55 1696 1644 1600 514
is_linear=0
shrinkage=0.04


Tree=42
num_leaves=63
num_cat=0
split_feature=15 1 13 11 15 0 0 12 0 5 0 15 7 13 12 0 0 0 7 7 0 5 13 16 0 12 7 2 14 11 12 13 11 7 7 12 13 14 0 13 12 15 14 3 13 0 15 15 12 3 16 16 3 0 10 15 13 3 10 15 0 15
split_gain=3011.52 627.115 336.403 278.704 136.379 152.023 114.951 180.505 461.683 90.8498 86.9117 83.8315 104.45 80.7669 88.0654 80.6512 100.147 157.584 107.734 71.3329 78.1708 156.936 116.71 60.0597 49.2583 47.9991 43.8117 125.619 66.0312 156.83 113.337 78.7384 62.2327 40.7481 98.2392 113.036 50.5185 67.9226 71.5854 62.6988 49.0624 40.3485 42.6587 82.1464 80.9962 44.5617 58.7692 98.0457 46.8669 43.2557 41.6504 57.6526 39.6695 60.1653 37.3432 64.9501 45.5382 35.458 34.8711 31.7462 39.7325 43.6073
threshold=0.58114035087719318 1.0000000180025095e-35 9.2916666666666696 1.5000000000000002 0.85805860805860812 9.1030874626548215 9.5355420982856138 9156.8508737864086 9.1787294662563941 3.5000000000000004 9.3384653006307747 0.98692754613807254 13.500000000000002 5.0533428165007122 8669.8525294117662 8.385973409963464 8.619379675101305 8.7833740024846065 14.500000000000002 7.5000000000000009 9.136315344023382 2.5000000000000004 12.699278115501523 0.44949494949494956 10.022094145022225 5918.8233333333346 4.5000000000000009 22.500000000000004 4.5543721076835979 5.5000000000000009 8322.5369166666696 6.4534632034632038 72.500000000000014 25.500000000000004 28.500000000000004 8473.2786190476199 4.0178571428571432 6.0747957597347746 8.7657268031794953 4.6871722468737405 8434.5735478806946 0.86542009055844382 5.157223358142434 8.5000000000000018 5.1096096096096106 9.0004288692157726 0.8389976958525347 0.82167318982387483 8035.8646595932814 2.5000000000000004 0.82085561497326209 0.73508771929824568 4.5000000000000009 8.3211818882815045 3.5000000000000004 0.81972222222222235 5.4223818350324384 5.5000000000000009 24.500000000000004 0.061476442428823386 8.559399661449353 0.075134408602150551
decision_type=2 2 2 2 2 2 2 2 2 2 2 2 2 2 2 2 2 2 2 2 2 2 2 2 2 2 2 2 2 2 2 2 2 2 2 2 2 2 2 2 2 2 2 2 2 2 2 2 2 2 2 2 2 2 2 2 2 2 2 2 2 2
left_child=3 2 23 6 13 -6 7 9 -9 15 -10 12 -4 -3 -15 -1 -17 -18 -19 -13 21 22 -21 -2 26 -11 27 -25 30 -30 57 33 54 36 35 -35 -31 41 -39 -40 -36 42 43 44 -38 49 47 48 -47 -44 51 -50 -51 -54 56 -56 -29 -28 59 -5 61 -61
right_child=1 4 11 58 5 -7 -8 8 10 25 -12 19 -14 14 -16 16 17 18 -20 20 -22 -23 -24 24 -26 -27 28 32 29 31 -32 -33 -34 34 40 -37 37 38 39 -41 -42 -43 45 -45 -46 46 -48 -49 50 52 -52 -53 53 -55 55 -57 -58 -59 -60 60 -62 -63
leaf_value=0.071942101038223488 0.09541250113448406 0.16319753873671883 0.20526735749410752 -0.038694580266022759 0.11894153022044918 0.25860208404012569 -0.071287917272631091 0.22116466638729043 -0.039576673753008579 -0.0081321315844523952 0.064166305367223814 0.12728527711135398 0.079655010264157222 0.030033700754275135 0.13084147878702251 -0.082248120533911548 0.11286526114193361 -0.076008599728235912 0.029504953210043441 0.04842566852655885 0.10976831446555546 0.10580146736295772 -0.084752574735019931 -0.017816078040408294 -0.033299203707804134 -0.084682795042844164 0.04504485288679342 0.019239630850729661 0.13540242815449227 0.093445573242811053 -0.067567486400772911 -0.036151872041613554 0.0029036374679673907 -0.072294291060874261 0.098134446612638038 0.043177246880207659 0.037807903129236278 -0.048410090301359933 0.082901666570658714 -0.0071724323988703554 0.0094705449052117953 0.087093574540073659 0.099468174562421463 0.07110381209042918 -0.053677251172197828 0.073565127186453236 0.077452854943746555 -0.051761183493714322 0.036554777101035364 0.0063496436434000081 0.048937570964101583 -0.055872466635650098 -0.001907088728178115 0.069677676991822105 0.13605539742453007 0.054168562296381118 0.096672842070389703 -0.011329294337644609 0.015675867247920465 0.052360461214510955 -0.031608672223590401 -0.01897729551294287
leaf_weight=28 22 22 20 1394 28 23 27 22 31 24 22 31 23 33 24 21 20 27 36 22 32 29 20 36 20 29 46 29 22 22 31 30 21 35 20 22 27 32 20 32 20 25 29 25 36 31 29 28 21 32 33 22 23 101 34 29 21 29 21 20 266 43
leaf_count=28 22 22 20 1394 28 23 27 22 31 24 22 31 23 33 24 21 20 27 36 22 32 29 20 36 20 29 46 29 22 22 31 30 21 35 20 22 27 32 20 32 20 25 29 25 36 31 29 28 21 32 33 22 23 101 34 29 21 29 21 20 266 43
internal_value=0.001305 0.0478004 0.0388358 -0.0294171 0.131268 0.182348 0.00710153 0.0152739 0.0675763 -0.00594397 0.00348853 0.0897885 0.138466 0.0980791 0.0726689 0.0118094 -0.00441448 0.0153296 -0.0157322 0.0740614 0.0579153 0.0343953 -0.0149957 0.0301124 0.028683 -0.0501366 0.0299366 0.0484396 0.0261068 0.0304629 -0.00334084 0.0271192 0.0662545 0.0299816 0.00598916 -0.0276937 0.0340736 0.031661 -0.00140161 0.0275257 0.0539865 0.0376757 0.0348247 0.00989275 -0.0144399 0.0411009 0.0258722 0.0147279 0.0321777 0.0545689 0.0151952 -0.0107071 0.0461511 0.0563929 0.077997 0.0985387 0.0519295 0.0232342 -0.035428 -0.0360528 -0.0248452 0.00368501
internal_weight=3373 1342 1212 2031 130 51 287 260 75 185 53 177 43 79 57 132 104 83 63 134 103 71 42 1035 1013 53 993 170 823 717 106 695 134 665 97 57 568 546 84 52 40 462 437 88 63 349 164 135 107 185 76 43 156 124 113 63 50 75 1744 1723 329 63
internal_count=3373 1342 1212 2031 130 51 287 260 75 185 53 177 43 79 57 132 104 83 63 134 103 71 42 1035 1013 53 993 170 823 717 106 695 134 665 97 57 568 546 84 52 40 462 437 88 63 349 164 135 107 185 76 43 156 124 113 63 50 75 1744 1723 329 63
is_linear=0
shrinkage=0.04


Tree=43
num_leaves=63
num_cat=0
split_feature=15 1 13 13 6 15 6 3 18 0 3 19 0 19 0 0 5 0 5 6 0 12 5 16 0 17 17 13 3 15 19 14 0 19 16 17 13 19 12 6 15 18 15 13 13 0 16 15 0 19 14 13 12 12 6 6 16 17 14 14 8 0
split_gain=2776.02 578.174 310.137 244.694 147.34 155.217 268.601 130.812 77.9328 135.097 224.177 77.1427 69.9153 160.045 252.984 122.688 94.6033 114.494 196.419 89.0517 75.2181 62.5231 60.3505 55.3701 45.4163 53.0682 147.554 58.6889 36.857 32.7522 46.8087 36.3107 49.1556 91.9542 31.66 55.7168 95.6215 69.923 60.3974 56.1162 54.3149 52.6247 41.7239 134.221 87.4197 57.2049 41.6422 39.7585 39.4849 64.4836 84.1043 63.132 53.9378 56.0537 54.0925 52.967 45.6776 53.8989 34.1554 52.1055 69.4597 55.5445
threshold=0.58114035087719318 1.0000000180025095e-35 9.2916666666666696 -3.0954545454545452 290.50000000000006 0.78171368861024049 133.50000000000003 3.5000000000000004 0.15450928381962867 9.3269976286755831 8.5000000000000018 0.57138952755310168 9.5355420982856138 0.99988596921507533 9.1652488593346764 8.778031670413279 3.5000000000000004 8.6018614921851579 1.5000000000000002 16.500000000000004 9.3495482478318994 10289.877855233006 2.5000000000000004 0.44949494949494956 10.022094145022225 25709.700000000004 33701.235000000008 4.3377192982456148 4.5000000000000009 0.061476442428823386 0.4742821699170448 3.0122493987873473 9.1030874626548215 1.3800733386336408 0.77097902097902116 147401.94000000003 6.0064935064935074 0.95575005848446748 9179.2450000000044 345.50000000000006 0.8389976958525347 0.090326340326340335 0.75688305127557476 5.0533428165007122 4.8355855855855863 9.0270366401061697 0.87083333333333346 0.70710784313725505 9.6378725013490332 1.5199796144043722 4.8023932836934593 5.2999338624338632 8677.4143927125533 8559.8243921232879 33.500000000000007 102.50000000000001 0.93541666666666679 353965.15000000008 5.196359309370945 5.3566406639674025 1.0000000180025095e-35 9.1262220740747519
decision_type=2 2 2 2 2 2 2 2 2 2 2 2 2 2 2 2 2 2 2 2 2 2 2 2 2 2 2 2 2 2 2 2 2 2 2 2 2 2 2 2 2 2 2 2 2 2 2 2 2 2 2 2 2 2 2 2 2 2 2 2 2 2
left_child=3 2 23 29 5 -3 7 -7 28 10 11 -10 13 15 -15 16 17 18 -5 -17 21 -16 -13 -2 25 27 -27 -25 -4 -1 -31 32 -32 -34 42 37 38 41 39 48 -38 -36 43 44 45 47 -40 -28 49 50 51 -37 53 54 -52 -56 57 -57 -44 -60 61 -61
right_child=1 4 8 12 -6 6 -8 -9 9 -11 -12 22 -14 14 20 19 -18 -19 -20 -21 -22 -23 -24 24 -26 26 34 -29 -30 30 31 -33 33 -35 35 36 40 -39 46 -41 -42 -43 58 -45 -46 -47 -48 -49 -50 -51 52 -53 -54 -55 55 56 -58 -59 59 60 -62 -63
leaf_value=-0.036768765608580944 0.091613273890309752 0.0092625189392487577 0.082731868791109095 -0.066552397349975284 0.22311558115538827 0.12944506839056996 0.037740899576947692 0.25394953407192622 0.18754724723189625 0.19013037782487041 -0.018636823194435392 0.046644092142839967 -0.054831618455677099 0.14182577592008425 0.021331010859159494 0.013209350669526483 -0.042903681560344638 0.11213790185223971 0.084374664485784484 -0.077965728178923319 0.064731225352481478 -0.0772316931729293 0.13865981674297548 0.027335436023198639 -0.031973861633841673 -0.075350801216531121 0.028553688392649948 0.12219553786844238 0.020788270735668628 0.023360199800161557 -0.056554239975483707 -0.0078848106242969535 0.030170862527070394 -0.05659727789628833 -0.031750276664003207 0.010900658550423659 -0.061278782848865239 0.086718668335171945 0.10682700429385875 0.079093372099627107 0.0055683970046397739 0.053646562301804659 0.079264227619042268 -0.074283565374749214 0.091527081382327055 0.056191600526927829 0.031251190579283779 -0.043137454324769807 0.061172571434669226 -0.042969006257808473 0.085114828353809513 -0.079447294462859905 -0.013382845757310824 0.080314299621240565 -0.023331063560300611 -0.012998629066887802 0.082911740602141584 0.066674496065383851 -0.013574955839339131 0.056505367904531666 0.11206648573093889 -0.00034048919550113722
leaf_weight=1408 22 21 29 28 21 32 32 24 20 24 25 23 29 33 21 25 31 24 27 54 22 20 23 22 20 22 22 20 33 32 102 97 38 40 20 28 33 46 23 24 47 27 48 20 34 33 24 28 28 31 21 22 40 39 38 38 22 21 24 83 24 41
leaf_count=1408 22 21 29 28 21 32 32 24 20 24 25 23 29 33 21 25 31 24 27 54 22 20 23 22 20 22 22 20 33 32 102 97 38 40 20 28 33 46 23 24 47 27 48 20 34 33 24 28 28 31 21 22 40 39 38 38 22 21 24 83 24 41
internal_value=0.00125616 0.0458966 0.0372889 -0.0282402 0.126042 0.107134 0.13043 0.183197 0.0862121 0.105722 0.083254 0.121849 0.00421961 0.0102525 0.0522864 -0.0111039 0.0161912 0.0394305 0.00752143 -0.0491073 0.00520265 -0.0267706 0.0928963 0.0289128 0.0275402 0.028744 0.0267915 0.0727374 0.0498807 -0.0341774 -0.0223552 -0.0276501 -0.03828 -0.0143155 0.0292204 0.0233701 0.0178557 0.0517011 0.02586 0.020153 -0.0220232 0.0172748 0.0385792 0.021202 0.0375909 0.0153889 0.0684258 -0.0115594 0.0158114 0.011552 0.0178562 -0.0288918 0.0285467 0.0379298 0.0260595 0.0155585 0.033834 0.0153906 0.0493769 0.0409834 0.0498474 0.0377083
internal_weight=3373 1342 1212 2031 130 109 88 56 177 115 91 66 314 285 96 189 110 79 55 79 63 41 46 1035 1013 993 951 42 62 1717 309 277 180 78 929 572 479 93 399 352 80 47 357 137 117 83 47 50 328 300 269 50 219 179 140 119 81 59 220 172 148 124
internal_count=3373 1342 1212 2031 130 109 88 56 177 115 91 66 314 285 96 189 110 79 55 79 63 41 46 1035 1013 993 951 42 62 1717 309 277 180 78 929 572 479 93 399 352 80 47 357 137 117 83 47 50 328 300 269 50 219 179 140 119 81 59 220 172 148 124
is_linear=0
shrinkage=0.04


Tree=44
num_leaves=63
num_cat=0
split_feature=13 1 13 13 6 10 7 2 3 7 12 5 5 10 7 17 13 10 6 13 13 7 12 12 12 12 12 12 6 2 7 2 10 5 3 18 7 14 13 17 17 14 5 12 13 14 11 17 6 6 6 12 11 18 14 16 10 12 10 18 12 13
split_gain=2529.9 725.888 374.262 138.053 133.487 134.846 103.056 114.869 84.2409 74.5448 186.974 87.9873 109.22 80.7758 114.326 61.5996 63.7658 88.9675 80.5128 66.9958 99.5929 54.7399 108.542 70.7014 73.8829 115.708 74.1778 64.7496 50.1005 37.0423 64.2152 81.8143 47.1486 41.0469 88.8611 33.8522 34.4384 88.223 70.9454 93.0465 68.552 57.6823 60.4997 56.0106 47.8603 45.9167 46.8129 42.569 34.2126 70.567 98.0757 56.5829 72.9513 69.4957 53.1206 50.7956 38.252 36.0041 32.1885 29.707 38.7464 31.6365
threshold=-3.0954545454545452 1.0000000180025095e-35 9.2916666666666696 4.3301282051282053 290.50000000000006 1.5000000000000002 6.5000000000000009 37.500000000000007 4.5000000000000009 12.500000000000002 8720.521836696329 1.5000000000000002 1.0000000180025095e-35 6.5000000000000009 18.500000000000004 25888.025000000005 6.213541666666667 1.5000000000000002 127.50000000000001 6.1250542770299612 6.0064935064935074 1.5000000000000002 13440.825000000003 11329.05677419355 10289.877855233006 9156.8508737864086 9446.8367000000017 8873.6851785714298 16.500000000000004 22.500000000000004 23.500000000000004 37.500000000000007 16.500000000000004 3.5000000000000004 1.5000000000000002 0.133739837398374 8.5000000000000018 5.5597944458374231 5.3689931350114426 363608.02500000002 400676.41000000003 5.9717405810239859 3.5000000000000004 8486.0201748251766 5.2999338624338632 5.8311941144234556 25.500000000000004 317032.52000000008 341.50000000000006 317.50000000000006 283.50000000000006 8212.2275721153856 41.500000000000007 0.087228260869565227 5.3453653853711716 0.77097902097902116 7.5000000000000009 8407.2131841432238 24.500000000000004 0.022347066167290892 7426.4412450980408 -4.645833333333333
decision_type=2 2 2 2 2 2 2 2 2 2 2 2 2 2 2 2 2 2 2 2 2 2 2 2 2 2 2 2 2 2 2 2 2 2 2 2 2 2 2 2 2 2 2 2 2 2 2 2 2 2 2 2 2 2 2 2 2 2 2 2 2 2
left_child=58 2 3 21 5 -3 -7 8 -8 10 -4 12 -11 14 -13 -5 19 -18 -19 20 28 -2 23 24 25 27 -27 29 -17 -23 31 32 -31 34 -33 36 37 38 40 -40 47 45 44 -39 -43 46 -38 -30 49 50 51 52 -48 55 -52 -53 -57 -55 59 60 -1 -62
right_child=1 4 9 15 -6 6 7 -9 -10 11 -12 13 -14 -15 -16 16 17 18 -20 -21 -22 22 -24 -25 -26 26 -28 -29 35 30 -32 33 -34 -35 -36 -37 41 43 39 -41 -42 42 -44 -45 -46 -47 48 -49 -50 -51 54 53 -54 57 -56 56 -58 -59 -60 -61 61 -63
leaf_value=-0.068149215624144305 0.049444382645167914 0.20053731294413704 0.1948362328573478 0.085579358022474378 0.21423325365753534 0.0099015180018153133 0.1771912454369986 0.041952459965784526 0.075650397841399319 0.087137044233168467 0.059160126395847494 0.05978603019973272 -0.036316658510154934 0.028082311793949929 0.19068441921500795 0.077479301317522148 -0.071758103081674282 0.057768878558712544 -0.025062051791893806 0.098252828317287155 -0.037786490805337858 -0.039100333279788166 -0.085580661405666239 0.06830876963143527 -0.076977956081504248 0.11685123553208265 0.009171563262370095 -0.076736926596556135 0.041386335609305623 0.0032779204394681599 0.050849894623622265 0.0078398788243628 0.083663973310100503 0.0090275774504009042 -0.081780005114792026 0.078555593303830384 0.06810858266794087 0.1042035335559153 -0.08393850939783884 0.028761642371632447 -0.00020786565745596497 -0.020614822992058683 -0.062026548467236438 0.040164272198939276 0.053381494921971105 0.069423460103666693 0.020827960987803353 0.11264530643618484 0.059203920363389777 -0.048333136715651474 0.12383298212022924 0.087047910070067402 -0.077578083331159536 0.025459476974903122 0.032485065155119688 0.04585781432824805 -0.010277299265902359 -0.040997995472024262 0.016279171676997321 -0.026354363657098357 -0.017748664327228266 -0.038326591534282521
leaf_weight=62 34 20 28 30 21 22 36 29 21 21 39 22 25 21 21 37 23 39 36 23 34 36 24 24 20 21 20 20 35 28 39 31 20 36 41 22 34 44 20 28 38 30 24 44 26 39 24 22 30 26 20 27 24 21 21 49 32 34 21 612 139 883
leaf_count=62 34 20 28 30 21 22 36 29 21 21 39 22 25 21 21 37 23 39 36 23 34 36 24 24 20 21 20 20 35 28 39 31 20 36 41 22 34 44 20 28 38 30 24 44 26 39 24 22 30 26 20 27 24 21 21 49 32 34 21 612 139 883
internal_value=0.00120893 0.0364827 0.028149 0.0208714 0.120681 0.105162 0.0873124 0.107057 0.140014 0.0827801 0.116096 0.0623823 0.020066 0.0926872 0.124054 0.0292319 0.0273546 -0.00309469 0.018003 0.0310502 0.0290664 0.00100244 -0.00357953 0.00229546 -0.00279634 0.00230236 0.0645233 -0.00787491 0.0321003 -0.00187355 0.00500535 -0.00646821 0.036918 -0.0257858 -0.0432086 0.0297354 0.0281693 0.0407869 0.0213504 -0.0182321 0.0413691 0.0218349 -0.00901484 0.0722885 0.0137389 0.0283185 0.0236063 0.0690739 0.0186667 0.0142653 0.0207484 0.00972146 -0.0283925 0.020968 0.0772866 0.0395996 0.023671 -0.0155869 -0.0328106 -0.0334206 -0.0374053 -0.0355318
internal_weight=3373 1656 1507 1330 149 128 108 86 57 177 67 110 46 64 43 936 906 98 75 808 785 394 360 336 312 292 41 251 751 231 195 156 48 108 72 714 692 231 143 48 95 461 80 88 56 381 342 57 308 278 252 211 48 163 41 108 81 55 1717 1696 1084 1022
internal_count=3373 1656 1507 1330 149 128 108 86 57 177 67 110 46 64 43 936 906 98 75 808 785 394 360 336 312 292 41 251 751 231 195 156 48 108 72 714 692 231 143 48 95 461 80 88 56 381 342 57 308 278 252 211 48 163 41 108 81 55 1717 1696 1084 1022
is_linear=0
shrinkage=0.04


Tree=45
num_leaves=63
num_cat=0
split_feature=13 13 1 10 3 1 17 17 12 0 13 1 0 12 0 0 2 5 0 0 5 12 5 10 0 3 18 11 7 18 5 0 0 0 13 3 5 0 0 18 13 7 16 10 12 18 18 18 13 13 18 11 16 13 0 11 11 10 0 10 10 0
split_gain=2208.13 391.105 154.88 154.15 143.186 124.712 116.896 147.08 97.3785 109.091 106.335 90.9203 78.2622 99.6886 87.1901 172.383 193.578 86.8278 73.7945 84.8962 71.1807 46.7443 43.7532 136.817 111.202 77.006 49.7013 47.579 38.0807 39.6752 140.592 67.027 54.9485 42.9846 55.0307 59.3987 90.6734 58.9452 96.1469 47.5331 68.722 63.3116 44.4708 56.0361 41.9416 84.8821 41.1119 49.2224 36.182 41.28 45.3258 54.2571 58.101 63.847 34.5027 29.7467 29.2971 50.6282 28.9371 27.9919 50.8159 24.2471
threshold=1.0000000180025095e-35 12.343137254901963 1.0000000180025095e-35 25.500000000000004 2.5000000000000004 1.0000000180025095e-35 445021.48500000004 290717.6650000001 9075.6961538461564 8.8373952110106675 17.803846153846155 1.0000000180025095e-35 8.1761566257766152 9334.7732183908065 8.9970858677763257 8.8058525241540853 52.500000000000007 2.5000000000000004 9.3495482478318994 9.2398219852143662 2.5000000000000004 7911.738630136987 1.0000000180025095e-35 5.5000000000000009 8.9248066567463589 4.5000000000000009 0.090326340326340335 54.500000000000007 1.0000000180025095e-35 0.12922201138519926 1.5000000000000002 8.7711483521131104 9.1895316065655859 8.1761566257766152 5.1656862745098051 4.5000000000000009 1.5000000000000002 8.7657268031794953 8.5504519220447524 0.050316455696202543 5.4526248399487844 18.500000000000004 0.90454545454545465 2.5000000000000004 8035.8646595932814 0.074350469872857941 0.078278186274509817 0.059114735002912061 5.3858560794044674 7.0500000000000007 0.12276295133437992 41.500000000000007 0.87867647058823539 5.629670329670331 9.1598015291206369 29.500000000000004 4.5000000000000009 2.5000000000000004 9.067113931499545 9.5000000000000018 5.5000000000000009 9.3327685837307417
decision_type=2 2 2 2 2 2 2 2 2 2 2 2 2 2 2 2 2 2 2 2 2 2 2 2 2 2 2 2 2 2 2 2 2 2 2 2 2 2 2 2 2 2 2 2 2 2 2 2 2 2 2 2 2 2 2 2 2 2 2 2 2 2
left_child=3 5 8 11 12 22 7 21 9 20 -11 56 -5 14 15 16 17 -14 19 -15 -3 -7 23 24 25 -2 -26 55 -24 33 -31 -32 -33 -30 35 36 -35 38 -37 40 -36 -42 43 -38 45 -41 47 54 -46 50 51 -50 53 -53 -39 -25 57 -1 -54 60 -45 -58
right_child=1 2 -4 4 -6 6 -8 -9 -10 10 -12 -13 13 18 -16 -17 -18 -19 -20 -21 -22 -23 28 27 26 -27 -28 -29 29 30 31 32 -34 34 39 37 42 46 -40 44 41 -43 -44 59 48 -47 -48 -49 49 -51 -52 52 58 -55 -56 -57 61 -59 -60 -61 -62 -63
leaf_value=-0.0066019050705476883 -0.089226073376574927 0.093187413310530168 0.18559353463324232 -0.084581157529532019 0.095167700676690961 0.040110705349575816 0.13629927486274102 -0.033815393880069017 0.010807605100317476 0.11046882688955478 0.0041162458469067116 0.036706209000558945 0.037370173294267221 -0.019023754408745347 0.06941514047737822 -0.067284199793142568 -0.042548724203014691 0.15042210256282368 0.0034053284463370242 -0.12788727512187009 0.19964737015877856 0.12185839539172548 0.066004794117446267 0.097062961246093468 0.022929576848609003 0.015826566569002498 0.10017899411835822 0.13462900239402328 0.066523299650570231 -0.068514107745413902 0.075565657124566879 -0.039736994156318393 0.037609567231849717 0.07895581249926252 -0.068342913412899359 0.059924093565392883 0.035072159170991879 0.094971269924339449 -0.048699140345315792 0.008174764383835291 0.047707973910297997 -0.040826601108274845 0.053149857763604161 -0.011338351093653427 0.039745513992603808 0.10047997995733791 0.026676818625073588 0.13342724006158124 -0.071860762278958143 0.056269125363868265 0.042048773248886125 -0.032442053863905126 -0.0058646464466455559 0.052600693425254141 0.031916308844216777 0.030974925475962017 -0.034633029908377473 -0.070253029772284398 -0.073972892429105083 0.008774424277858817 -0.09366259893078116 -0.022592414123384846
leaf_weight=27 20 20 27 20 23 20 32 25 26 34 27 30 24 24 38 40 30 20 39 22 21 26 32 22 34 25 22 24 38 34 30 27 32 31 26 34 33 28 21 37 31 22 23 30 55 28 27 23 22 20 27 22 20 39 28 22 1263 78 20 23 20 342
leaf_count=27 20 20 27 20 23 20 32 25 26 34 27 30 24 24 38 40 30 20 39 22 21 26 32 22 34 25 22 24 38 34 30 27 32 31 26 34 33 28 21 37 31 22 23 30 55 28 27 23 22 20 27 22 20 39 28 22 1263 78 20 23 20 342
internal_value=-0.00154108 0.0389039 0.0985547 -0.0277719 -0.000218961 0.0308893 0.072892 0.0441345 0.0800487 0.097651 0.0635112 -0.0322043 -0.00879699 -0.00236029 0.0170283 -0.000461942 0.0356733 0.0890273 -0.0370345 -0.0712968 0.148117 0.0865234 0.0267684 0.0454279 0.0158423 -0.0309135 0.0534377 0.089254 0.0231901 0.0215703 0.00054094 0.0269913 0.0021725 0.02512 0.0228276 0.0349407 0.017645 0.052095 0.0184004 0.0122781 -0.0151997 0.0109124 0.00284614 -0.00808977 0.019773 0.048061 0.0695255 0.0840924 0.0115743 0.00243029 -0.00476761 -0.0150864 -0.00264112 0.0218939 0.0635925 0.0642095 -0.0334165 -0.0539265 -0.0400682 -0.02765 -0.0444292 -0.0320702
internal_weight=3330 1310 155 2020 280 1155 103 71 128 102 61 1740 257 237 152 114 74 44 85 46 41 46 1052 169 101 45 56 68 883 851 123 89 59 728 690 321 160 161 55 369 79 53 129 106 290 65 106 79 225 170 150 123 101 61 56 44 1710 105 40 73 50 1605
internal_count=3330 1310 155 2020 280 1155 103 71 128 102 61 1740 257 237 152 114 74 44 85 46 41 46 1052 169 101 45 56 68 883 851 123 89 59 728 690 321 160 161 55 369 79 53 129 106 290 65 106 79 225 170 150 123 101 61 56 44 1710 105 40 73 50 1605
is_linear=0
shrinkage=0.04


Tree=46
num_leaves=63
num_cat=0
split_feature=15 13 1 11 6 6 1 15 3 5 19 7 1 18 11 15 2 14 13 15 19 6 5 18 19 19 6 11 19 17 17 6 15 19 15 16 11 13 19 19 19 7 7 2 7 5 5 11 17 7 5 19 2 19 15 15 15 19 6 13 13 11
split_gain=2073.92 353.814 142.761 126.104 219.745 127.994 111.722 114.196 222.907 91.7872 139.98 120.541 83.4772 73.9908 54.9379 51.1977 109.412 92.941 169.899 86.6125 63.8331 55.1277 66.1969 48.5697 56.7097 59.8887 49.0492 98.6153 67.658 54.9854 111.357 68.6663 52.1477 67.0458 65.2847 58.9999 77.2118 53.1345 64.4021 46.6561 85.5858 45.9798 44.5051 48.291 69.2111 40.6768 41.0919 45.6046 82.2514 53.4148 36.8892 59.9096 79.077 43.0231 33.9498 33.357 48.2556 30.3562 29.3765 23.2022 52.454 25.7233
threshold=0.52272727272727282 12.343137254901963 1.0000000180025095e-35 1.5000000000000002 54.500000000000007 45.500000000000007 1.0000000180025095e-35 0.79193722943722955 4.5000000000000009 1.5000000000000002 0.76885624007021824 15.500000000000002 1.0000000180025095e-35 0.17001204335608192 4.5000000000000009 0.81872946330777674 22.500000000000004 5.682143532434984 7.6060606060606073 0.81322674418604668 1.0553581416973155 92.500000000000014 2.5000000000000004 0.11796331435800128 1.6613366019845837 0.4483799470619711 46.500000000000007 63.500000000000007 1.0761039209160004 324556.6100000001 227918.16500000001 179.50000000000003 0.76506899055918665 0.58551127735562292 0.70429252782193974 0.7633053221288516 33.500000000000007 5.2264957264957275 0.76019057376888155 1.5065786741392111 1.2099116449201606 13.500000000000002 13.500000000000002 37.500000000000007 5.5000000000000009 3.5000000000000004 1.0000000180025095e-35 74.500000000000014 414509.59500000003 14.500000000000002 3.5000000000000004 0.99989089359166283 52.500000000000007 0.99982587748459062 0.85634920634920642 0.75773524720893148 0.78471275559883169 0.99989089359166283 39.500000000000007 -3.6882591093117405 -3.7299679487179485 8.5000000000000018
decision_type=2 2 2 2 2 2 2 2 2 2 2 2 2 2 2 2 2 2 2 2 2 2 2 2 2 2 2 2 2 2 2 2 2 2 2 2 2 2 2 2 2 2 2 2 2 2 2 2 2 2 2 2 2 2 2 2 2 2 2 2 2 2
left_child=3 6 9 4 5 42 15 -8 -9 11 -11 -3 14 -12 58 19 -17 18 39 23 21 -19 -23 24 25 -2 27 -27 32 30 31 -30 33 -28 -35 36 -36 38 -34 40 45 -39 43 -1 -45 46 54 48 49 -48 51 52 53 -44 -18 -26 -57 -52 -5 60 -16 -61
right_child=1 2 -4 12 -6 -7 7 8 -10 10 13 -13 -14 -15 59 16 17 20 -20 -21 -22 22 -24 -25 55 26 28 -29 29 -31 -32 -33 37 34 35 -37 -38 41 -40 -41 -42 -43 50 44 -46 -47 47 -49 -50 -51 57 -53 -54 -55 -56 56 -58 -59 -60 61 -62 -63
leaf_value=0.0658508963123592 -0.013742554506687359 0.11021776028700284 0.17819718960026534 -0.027347478619937235 0.11623107550464151 -0.10238204892063553 0.014783260442140534 0.18199955391907982 0.033341078792202501 0.17356660580717001 0.11678016173084396 -0.016278005483934647 0.035242840118978505 0.017897666233052185 -0.029530456562970039 -0.061696980553799456 0.014297159716054116 0.057133061225843614 0.13418836081176377 0.092486896349063374 -0.055150545098503097 0.026288225417647412 -0.068182990288282466 -0.01412406601995792 -0.037419013927586342 -0.052542694594355538 0.077862319090214391 0.058667527657153426 0.051122836393544979 0.11892259469656187 -0.019363285090049465 0.14588159010778021 0.11454961146948472 0.058407102339382108 0.005972754268894368 0.024519551637505532 -0.10237236838583921 -0.013846916988551377 0.036821587375391304 0.062193206613688899 -0.039894928674618628 0.063486577732434407 0.0036555600608409195 -0.058239786091135504 0.039714016835188069 0.057838796359685543 -0.019396212817771642 0.057555812026652109 -0.059728036654701118 0.053073462447113313 -0.081605076247481936 -0.043039239964972199 -0.039991493392254593 0.075561932685763347 0.081698859405406277 0.062796594281217241 -0.014043559491436347 -0.012616862491588688 -0.078520272895817755 -0.0050739090337084672 0.021422695839873253 -0.046665467145282191
leaf_weight=26 32 20 27 26 23 23 38 30 35 29 22 30 30 27 1360 27 24 26 24 38 35 27 21 37 24 24 25 27 32 32 22 20 37 27 22 35 20 25 32 43 36 24 24 20 27 51 31 21 32 34 21 42 27 30 24 23 30 20 60 27 33 209
leaf_count=26 32 20 27 26 23 23 38 30 35 29 22 30 30 27 1360 27 24 26 24 38 35 27 21 37 24 24 25 27 32 32 22 20 37 27 22 35 20 25 32 43 36 24 24 20 27 51 31 21 32 34 21 42 27 30 24 23 30 20 60 27 33 209
internal_value=-0.00147696 0.0379176 0.0946306 -0.0267704 -0.00199372 -0.0125004 0.0302444 0.0699874 0.102158 0.0768623 0.103978 0.0343994 -0.0307871 0.062482 -0.0319453 0.0263151 0.0162425 0.0211657 0.0320308 0.0341191 -0.0107137 0.0103228 -0.0150572 0.0300667 0.0332599 0.0388479 0.0430208 0.00629376 0.0483181 0.0750683 0.0559424 0.0878169 0.0368044 0.0191799 0.0049931 -0.013762 -0.0456933 0.0560223 0.0786362 0.0236985 0.017126 0.0240421 -0.0037298 0.0222208 -0.00196114 0.026609 0.0169732 0.00424844 -0.00731913 0.0185036 -0.0152997 -0.00431526 0.0157675 0.0437063 0.0481394 0.00158355 0.01932 -0.0481135 -0.0631224 -0.0302944 -0.0283205 -0.0419197
internal_weight=3330 1302 155 2028 283 260 1147 103 65 128 78 50 1745 49 1715 1044 456 429 320 588 109 74 48 550 513 436 404 51 353 106 74 52 247 129 104 77 42 118 69 296 253 49 237 73 47 217 166 118 97 65 164 123 81 54 48 77 53 41 86 1629 1393 236
internal_count=3330 1302 155 2028 283 260 1147 103 65 128 78 50 1745 49 1715 1044 456 429 320 588 109 74 48 550 513 436 404 51 353 106 74 52 247 129 104 77 42 118 69 296 253 49 237 73 47 217 166 118 97 65 164 123 81 54 48 77 53 41 86 1629 1393 236
is_linear=0
shrinkage=0.04


Tree=47
num_leaves=63
num_cat=0
split_feature=13 13 10 1 3 1 7 12 19 13 7 19 7 1 19 12 12 12 2 5 14 13 7 7 16 3 18 2 12 13 7 14 13 7 10 12 16 7 7 13 7 7 18 18 19 11 19 12 2 19 5 3 10 18 18 13 12 5 3 11 19 14
split_gain=1875.28 332.558 133.89 131.593 130.382 106.044 110.629 88.4702 118.883 176.09 101.449 80.9497 96.3306 77.3497 59.8291 87.5748 80.2029 156.182 171.884 83.6347 55.007 96.8251 56.6384 117.401 128.885 79.0543 63.0101 62.8219 70.1266 68.9627 77.0146 66.6299 61.6072 60.8051 60.0068 64.5321 56.6125 55.6063 101.586 199.351 93.8957 71.0202 73.8608 59.783 55.3022 93.6048 56.3553 54.4734 60.8828 53.7308 49.7239 76.8962 48.359 72.6967 46.6901 40.2173 38.4003 32.9777 78.951 31.6252 30.8846 27.4874
threshold=1.0000000180025095e-35 12.343137254901963 25.500000000000004 1.0000000180025095e-35 2.5000000000000004 1.0000000180025095e-35 24.500000000000004 9075.6961538461564 0.84796280030548787 17.803846153846155 15.500000000000002 0.62726033405319359 18.500000000000004 1.0000000180025095e-35 0.99972685708892894 9334.7732183908065 8074.934495772949 6678.3525000000009 52.500000000000007 2.5000000000000004 5.9717405810239859 7.6060606060606073 25.500000000000004 23.500000000000004 0.78174603174603186 6.5000000000000009 0.16530054644808745 22.500000000000004 8308.6339529220804 5.0533428165007122 7.5000000000000009 4.5543721076835979 5.4223818350324384 16.500000000000004 5.5000000000000009 7990.6881565656577 0.82843137254901966 18.500000000000004 26.500000000000004 4.5577777777777788 13.500000000000002 5.5000000000000009 0.090326340326340335 0.10396294390118375 0.89235634667459018 70.500000000000014 0.98976218643900493 11909.428928571429 52.500000000000007 1.1144728314641432 1.5000000000000002 7.5000000000000009 5.5000000000000009 0.082843137254901972 0.11167800453514741 5.7083096993760645 8766.1353502304173 1.5000000000000002 6.5000000000000009 29.500000000000004 0.70438916614757785 5.1247269579631087
decision_type=2 2 2 2 2 2 2 2 2 2 2 2 2 2 2 2 2 2 2 2 2 2 2 2 2 2 2 2 2 2 2 2 2 2 2 2 2 2 2 2 2 2 2 2 2 2 2 2 2 2 2 2 2 2 2 2 2 2 2 2 2 2
left_child=2 5 13 7 14 20 11 8 10 -10 -3 -7 -13 -1 -4 16 17 18 19 -16 21 22 23 26 -25 32 27 29 33 57 -31 -30 -24 34 35 59 -36 40 39 -39 41 60 -43 -42 45 52 -46 48 -17 -48 -51 -52 53 -33 -41 -47 -54 -2 -59 -29 -22 -35
right_child=1 3 4 -5 -6 6 -8 -9 9 -11 -12 12 -14 -15 15 47 -18 -19 -20 -21 37 -23 25 24 -26 -27 -28 28 31 30 -32 44 -34 61 36 -37 -38 38 -40 54 43 42 -44 -45 46 55 49 -49 -50 50 51 -53 56 -55 -56 -57 -58 58 -60 -61 -62 -63
leaf_value=-0.030837897233790032 0.0616339281006777 0.2015526065555229 -0.072631949653840178 0.17109560219894035 0.091111715345671682 0.025031404753268021 -0.012224136429135075 0.0078125134464424682 0.11344103637634684 -0.034483310071936932 0.085524238155469862 0.076123009161373448 0.18496490084709813 0.033837808105240626 0.032670022572725367 -0.099116296637099227 0.066142701176520727 -0.064402354637583592 -0.03953004130493367 0.14469261076912951 0.072937162800214783 0.095730614256649069 0.00040784524428886875 0.16488796210684481 0.03467840550384161 0.039254407256919886 -0.038851480303388648 0.026592075954195597 -0.036610602383070061 -0.090018288185246181 0.0083506986229590543 0.087348212652783377 -0.091304990094692562 0.068385445850105586 0.12113519634261274 0.074566778750980597 0.028864429744321907 0.048933318899684684 0.052856727634293152 -0.12987367520193835 0.033024606185930748 0.0099400910632716829 -0.085846487856530512 0.11984056883190401 -0.043302544253990362 0.035886776751502418 0.077062216383787616 0.0025367138755618703 -0.0083020150009079346 -0.030175270038973131 -0.0028470747361607307 0.092784150913710839 0.064431920763593997 -0.0084433604834915753 -0.046642077971453685 -0.039740472235385842 0.14075911855245654 -0.025588882312067129 0.060951535619820925 -0.039007662083523201 0.006789477615977613 0.13153652459234741
leaf_weight=1710 29 21 21 27 23 23 22 26 29 23 29 38 20 30 23 29 38 40 30 20 20 34 28 21 29 38 23 22 26 21 32 28 20 26 23 22 20 25 25 24 35 29 23 20 24 24 24 36 20 32 37 21 22 23 20 21 21 40 29 25 26 20
leaf_count=1710 29 21 21 27 23 23 22 26 29 23 29 38 20 30 23 29 38 40 30 20 20 34 28 21 29 38 23 22 26 21 32 28 20 26 23 22 20 25 25 24 35 29 23 20 24 24 24 36 20 32 37 21 22 23 20 21 21 40 29 25 26 20
internal_value=-0.00141576 0.0358564 -0.0255889 0.0908619 7.57386e-05 0.0284658 0.0671984 0.0738017 0.0905787 0.048034 0.134601 0.0887831 0.113943 -0.0297198 -0.00809594 -0.00231653 0.015954 -0.000949511 0.0338323 0.0850348 0.0246656 0.0297327 0.0268077 0.0306489 0.0896263 -0.00376512 0.0259885 0.0284345 0.0357688 0.00602114 -0.0306842 0.0244781 -0.0378746 0.0573793 0.0413819 0.0181841 0.0784315 0.00813789 -0.0160524 -0.0410888 0.0230137 -0.000454178 -0.0324721 0.0647905 0.0302304 0.0480356 0.01226 -0.0347777 -0.0621824 0.0240026 0.0097613 0.0318437 0.070727 0.044177 -0.092278 0.000539853 0.101994 0.0259034 0.0107898 -0.00826767 0.0356886 0.0961116
internal_weight=3330 1310 2020 155 280 1155 103 128 102 52 50 81 58 1740 257 236 151 113 73 43 1052 805 771 685 50 86 635 612 461 151 53 303 48 158 112 69 43 247 94 69 153 98 52 55 277 139 138 85 49 114 90 58 94 51 44 45 43 98 69 47 46 46
internal_count=3330 1310 2020 155 280 1155 103 128 102 52 50 81 58 1740 257 236 151 113 73 43 1052 805 771 685 50 86 635 612 461 151 53 303 48 158 112 69 43 247 94 69 153 98 52 55 277 139 138 85 49 114 90 58 94 51 44 45 43 98 69 47 46 46
is_linear=0
shrinkage=0.04


Tree=48
num_leaves=63
num_cat=0
split_feature=15 13 10 1 3 1 15 3 15 12 12 11 1 0 0 2 19 0 12 0 0 15 2 15 15 17 19 0 10 0 18 10 18 18 10 16 10 19 3 11 19 19 0 17 12 12 18 3 18 15 18 18 18 12 19 11 10 19 19 18 13 0
split_gain=1764.8 300.417 124.561 121.3 120.201 94.7894 102.459 207.002 86.0787 82.5142 108.047 103.219 71.5858 66.7223 84.9634 168.766 61.6328 60.9911 154.437 64.8549 77.3183 46.2541 96.5845 78.3736 70.5489 56.8966 81.8792 62.2449 92.4307 49.873 63.4877 57.5119 55.6383 49.7214 64.2789 45.0183 52.1787 37.6069 46.1327 82.1137 37.2212 34.7732 76.7585 78.4318 63.7548 45.0932 38.0484 45.0695 43.5079 55.329 33.4277 44.0282 47.7392 84.1243 40.4429 29.9629 49.6479 27.696 47.2327 25.4057 24.7127 23.8098
threshold=0.52272727272727282 12.343137254901963 25.500000000000004 1.0000000180025095e-35 2.5000000000000004 1.0000000180025095e-35 0.79193722943722955 4.5000000000000009 0.98581488933601624 8738.0948611111126 9075.6961538461564 48.500000000000007 1.0000000180025095e-35 8.1761566257766152 8.8003030542807696 52.500000000000007 0.99978900638945489 8.9970858677763257 9334.7732183908065 9.3495482478318994 9.2398219852143662 0.81872946330777674 22.500000000000004 0.81322674418604668 0.83469945355191266 438035.77000000008 1.2511350725615398 8.9939779716956778 4.5000000000000009 9.5874177038182378 0.11796331435800128 12.500000000000002 0.056079664570230614 0.044859969813852089 10.500000000000002 0.82843137254901966 4.5000000000000009 0.4483799470619711 2.5000000000000004 63.500000000000007 0.56086509210402313 1.0761039209160004 9.1570139594990145 322507.71500000003 7570.3875000000007 9068.6892735042748 0.091431556948798343 8.5000000000000018 0.065318976026005698 0.70710784313725505 0.073801742919389998 0.095564253098499682 0.15319426336375494 8262.5087174588025 0.92946461322723317 4.5000000000000009 2.5000000000000004 1.3384122298362031 0.8420927576873557 0.05345238095238096 5.8642697881828321 9.3220248223443445
decision_type=2 2 2 2 2 2 2 2 2 2 2 2 2 2 2 2 2 2 2 2 2 2 2 2 2 2 2 2 2 2 2 2 2 2 2 2 2 2 2 2 2 2 2 2 2 2 2 2 2 2 2 2 2 2 2 2 2 2 2 2 2 2
left_child=2 5 12 8 13 21 -7 -8 -3 -10 11 -11 55 -4 15 16 -15 -16 -19 20 -20 23 -23 29 35 33 27 28 -27 30 31 37 -33 -26 50 36 -24 -2 39 -39 -40 45 -43 44 -44 46 47 48 49 -42 -35 -52 54 -54 -53 56 -1 58 -58 -31 -29 -57
right_child=1 3 4 -5 -6 6 7 -9 9 10 -12 -13 -14 14 17 -17 -18 18 19 -21 -22 22 24 -25 25 26 -28 60 -30 59 -32 32 -34 34 -36 -37 -38 38 40 -41 41 42 43 -45 -46 -47 -48 -49 -50 -51 51 52 53 -55 -56 61 57 -59 -60 -61 -62 -63
leaf_value=-0.0034333112231039915 -0.012288939743926844 0.13283019843899058 -0.077746610204082231 0.16427703239820979 0.087483023843723973 0.012234632781171421 0.17193064065470648 0.028688055494232395 -0.011176687523537157 0.15897117580171158 0.0075012104904057875 0.04287082885455222 0.032488793566377454 0.034860012084987034 -0.059215377611672226 -0.037954093863401699 0.13217930170205924 0.063503936657442514 -0.015636836463485019 0.0045144689327005841 -0.11951510002170754 -0.058507268824700497 -0.027233341868353071 0.087233176065555085 0.10123715766330264 -0.042935732645312634 -0.05566623683176735 0.094553908803569744 0.043548405074181354 -0.0303850054053874 -0.019544322008420937 0.12666286167375285 0.037239282910259928 -0.0017851536306320809 -0.029114876661904793 -0.046187041009854116 0.054376500444293513 -0.042875006704851747 0.083072566052725089 0.045242825348100903 0.040384438153170887 0.12556787774634004 0.069796561543917779 0.098572956719339133 -0.01864503024080693 0.067340289363064021 -0.025618664613822176 0.070325318473089635 0.050709219347202898 -0.040854367054234154 0.08774509245016443 -0.033916127534839212 0.0061419260334142876 0.10942722760061352 0.042674545519279711 -0.030962432648423528 -0.081999190582852183 -0.098387661179613811 -0.0042129197217760043 0.019548135704144251 0.031316273242086912 -0.019226547808281282
leaf_weight=27 29 28 20 27 23 38 30 35 24 28 26 22 30 20 42 30 22 38 24 39 22 27 26 38 20 38 26 20 41 32 35 21 24 22 22 37 24 31 31 37 22 20 20 24 37 34 28 28 30 34 38 21 23 28 23 1255 29 28 22 33 20 357
leaf_count=27 29 28 20 27 23 38 30 35 24 28 26 22 30 20 42 30 22 38 24 39 22 27 26 38 20 38 26 20 41 32 35 21 24 22 22 37 24 31 31 37 22 20 20 24 37 34 28 28 30 34 38 21 23 28 23 1255 29 28 22 33 20 357
internal_value=-0.00135634 0.034984 -0.0246888 0.087243 7.31825e-05 0.0279132 0.0645218 0.0949933 0.0708625 0.0533762 0.0737755 0.108114 -0.0286562 -0.00777269 -0.00182899 0.0343888 0.0860772 -0.0176565 -0.0034128 -0.0333915 -0.0655126 0.0242937 0.0147198 0.0317112 0.0193457 0.0275273 0.00848442 0.0225523 0.00192147 0.0278563 0.0322656 0.0363032 0.079203 0.0415221 0.03471 -0.0127882 0.0119298 0.0315133 0.0348993 0.00503812 0.0414818 0.0367917 0.0555163 0.0380615 0.01242 0.0260095 0.0160589 0.0263265 0.011913 -0.00888837 0.0437948 0.051345 0.036687 0.0629899 0.00608054 -0.0297269 -0.0503583 -0.0663461 -0.0485574 -0.00501253 0.0631419 -0.028366
internal_weight=3330 1302 2028 155 280 1147 103 65 128 100 76 50 1748 257 237 72 42 165 123 85 46 1044 456 588 429 342 145 119 79 550 485 450 45 197 177 87 50 405 376 68 308 277 101 81 57 176 142 114 86 56 155 133 95 51 44 1718 106 79 51 65 40 1612
internal_count=3330 1302 2028 155 280 1147 103 65 128 100 76 50 1748 257 237 72 42 165 123 85 46 1044 456 588 429 342 145 119 79 550 485 450 45 197 177 87 50 405 376 68 308 277 101 81 57 176 142 114 86 56 155 133 95 51 44 1718 106 79 51 65 40 1612
is_linear=0
shrinkage=0.04


Tree=49
num_leaves=63
num_cat=0
split_feature=15 13 1 11 6 6 1 7 17 17 5 19 7 1 18 11 15 2 14 13 6 12 15 5 19 19 7 18 18 14 18 4 19 19 17 17 11 12 11 15 17 5 12 5 12 19 12 15 19 18 5 19 19 13 6 19 14 14 5 13 6 5
split_gain=1626.82 276.953 111.813 104.001 203.659 117.711 87.3801 100.024 86.5455 176.618 83.8537 119.475 105.46 65.6282 62.9803 48.2272 42.6424 89.0421 79.9526 142.886 89.8486 80.1588 72.2359 48.695 76.2859 109.471 50.1773 66.2428 47.7509 100.651 75.5073 66.6273 41.3093 53.0925 52.8401 62.0329 60.9164 52.2024 70.9531 42.7356 41.2708 39.8441 124.718 89.8257 62.9841 126.189 68.7384 39.2158 36.3482 34.8846 32.9976 31.1596 56.6356 30.4717 28.865 28.1868 24.8961 54.1328 52.9082 45.8196 34.0344 31.1009
threshold=0.52272727272727282 12.343137254901963 1.0000000180025095e-35 1.5000000000000002 54.500000000000007 45.500000000000007 1.0000000180025095e-35 24.500000000000004 451852.35000000003 290717.6650000001 1.5000000000000002 0.76885624007021824 15.500000000000002 1.0000000180025095e-35 0.17001204335608192 4.5000000000000009 0.81872946330777674 22.500000000000004 5.7830502213047907 7.6060606060606073 151.50000000000003 9096.8384817813785 0.81322674418604668 3.5000000000000004 1.4143572004728149 1.2099116449201606 6.5000000000000009 0.10198382126348231 0.095564253098499682 5.3363607841262075 0.078023538961038974 3.5000000000000004 1.6919793230208182 1.2167152672823096 384988.25000000006 353965.15000000008 65.500000000000014 7538.8117777777779 62.500000000000007 0.75773524720893148 371400.85000000003 3.5000000000000004 9312.81222743742 2.5000000000000004 11329.05677419355 0.99989089359166283 8074.934495772949 0.78471275559883169 0.99985597931922432 0.067117117117117139 2.5000000000000004 0.66894921502344518 0.8420927576873557 5.5917467948717956 28.500000000000004 1.5199796144043722 5.9717405810239859 5.5597944458374231 1.5000000000000002 5.1228448275862073 166.50000000000003 2.5000000000000004
decision_type=2 2 2 2 2 2 2 2 2 2 2 2 2 2 2 2 2 2 2 2 2 2 2 2 2 2 2 2 2 2 2 2 2 2 2 2 2 2 2 2 2 2 2 2 2 2 2 2 2 2 2 2 2 2 2 2 2 2 2 2 2 2
left_child=3 6 10 4 5 41 16 8 9 -8 12 -12 -3 15 -13 55 22 -18 19 23 21 -20 32 24 25 28 -25 -28 30 -30 31 49 33 34 35 56 -36 -35 50 -34 -31 43 -43 44 45 46 54 -41 -45 -19 -39 -38 -53 -26 -1 -5 57 59 -59 60 -2 -62
right_child=1 2 -4 13 -6 -7 7 -9 -10 -11 11 14 -14 -15 -16 -17 17 18 20 -21 -22 -23 -24 26 53 -27 27 -29 29 40 -32 -33 39 37 36 -37 51 38 -40 47 -42 42 -44 48 -46 -47 -48 -49 -50 -51 -52 52 -54 -55 -56 -57 -58 58 -60 -61 61 -63
leaf_value=0.0046529116892160619 0.079130657740038454 0.098394853285889122 0.15773020157514903 -0.072247353550260074 0.11261464488454712 -0.097511071374406025 0.11005308461678694 -0.01355940461698161 0.14256896741545519 -0.037207178193810989 0.15823976839530918 0.10571164245519164 -0.019917276210563127 0.031193558852933966 0.014488588219639118 -0.02682980447826476 -0.056175615268439831 0.055164423362789511 -0.043578452291861962 0.12116173710565845 -0.087609244347748597 0.045974197823885642 0.083753007815422345 -0.00048068192489908939 0.094425084715205915 -0.085173889459309413 0.031941190664641954 0.12224587037013127 -0.06528550666984835 0.069185815248916399 0.094790399851302762 -0.05177911267351748 -0.043086397197854467 0.11603921942598192 -0.062177487623632247 0.09983830279083615 0.051621886592258442 -0.023413898052197495 0.099424041050175826 0.059613863544546682 -0.0070509943651513576 -0.074237175713414733 0.041441761972498589 0.097516363067413445 0.054684897644259919 -0.097726764094327137 0.067437183228298211 -0.0087085452369440371 0.021060479244782555 -0.0099511443323163848 0.045067997364582356 -0.055221547795765435 0.028147990857815802 0.025174155603000771 -0.04876535037346872 -0.021587418199060446 0.014513297987750676 0.11704134056352691 0.036753528827256327 -0.023062974493332011 -0.018029877893367213 0.052308495714889824
leaf_weight=40 22 20 27 61 23 23 34 22 26 21 29 22 30 30 27 1629 27 38 28 24 21 37 38 24 21 21 32 22 33 20 22 20 25 20 20 21 26 21 23 23 26 39 24 20 21 26 20 32 20 20 24 20 37 20 27 25 115 23 31 27 20 20
leaf_count=40 22 20 27 61 23 23 34 22 26 21 29 22 30 30 27 1629 27 38 28 24 21 37 38 24 21 21 32 22 33 20 22 20 25 20 20 21 26 21 23 23 26 39 24 20 21 26 20 32 20 20 24 20 37 20 27 25 115 23 31 27 20 20
internal_value=-0.00130001 0.0335907 0.0837676 -0.0237018 -0.00120074 -0.0113161 0.0268015 0.0619508 0.0824758 0.0538247 0.0680396 0.0939519 0.0274696 -0.0273495 0.0556185 -0.0283765 0.0233262 0.0141334 0.0185752 0.0272226 -0.0158823 0.00735927 0.0304484 0.020113 0.0112016 0.000991198 0.0475719 0.0689269 0.011153 -0.0120651 0.029509 0.0109729 0.0267473 0.0312692 0.0247957 0.0338321 0.00029002 0.0592871 0.04242 0.000150654 0.0261302 -0.00290519 -0.0301415 0.00695638 -0.0087419 -0.0205848 0.0025319 0.0198827 0.0594861 0.0326979 0.0130844 0.0154232 -0.00111493 0.0608362 -0.0168846 -0.057586 0.0284152 0.039563 0.0711403 0.020323 0.0392558 0.0171322
internal_weight=3330 1302 155 2028 283 260 1147 103 81 55 128 78 50 1745 49 1715 1044 456 429 343 86 65 588 319 241 200 78 54 179 79 100 78 550 470 382 279 103 88 68 80 46 237 63 174 134 113 87 55 40 58 45 83 57 41 67 86 258 143 54 89 62 40
internal_count=3330 1302 155 2028 283 260 1147 103 81 55 128 78 50 1745 49 1715 1044 456 429 343 86 65 588 319 241 200 78 54 179 79 100 78 550 470 382 279 103 88 68 80 46 237 63 174 134 113 87 55 40 58 45 83 57 41 67 86 258 143 54 89 62 40
is_linear=0
shrinkage=0.04


Tree=50
num_leaves=63
num_cat=0
split_feature=13 13 13 19 16 0 0 0 2 14 6 5 5 7 14 6 18 6 0 5 6 7 12 14 10 15 0 14 14 0 11 14 2 7 6 16 7 14 17 10 17 13 18 14 17 6 18 0 12 6 14 15 12 18 16 17 15 18 0 0 19 18
split_gain=1246.49 427.488 200.284 216.752 75.8448 90.5088 131.759 156.985 150.573 93.4169 104.083 112.302 161.192 130.194 89.4628 75.8688 166.395 133.608 71.8241 65.5449 79.1339 59.9338 116.188 108.558 112.15 128.452 104.617 75.0891 65.5322 66.3355 63.4055 65.4215 101.541 65.0406 62.1776 56.4378 54.2629 75.5317 68.9909 109.419 107.447 76.5547 60.6973 59.7504 68.1023 88.7595 54.0908 53.2951 50.8881 50.5675 48.7335 55.2596 48.2015 39.3754 39.2034 60.3936 57.2071 36.2599 33.5475 51.9372 30.1792 29.5172
threshold=-3.0954545454545452 13.080128205128206 17.803846153846155 0.96713754185329759 0.63961038961038974 8.1571309154158556 8.7925602367759002 8.8775500327218051 22.500000000000004 6.0453779491050126 29.500000000000004 1.0000000180025095e-35 2.5000000000000004 16.500000000000004 7.3233863326935902 50.500000000000007 0.055175038051750384 36.500000000000007 8.5504519220447524 2.5000000000000004 14.500000000000002 17.500000000000004 9600.9436578947389 6.0022129182432824 2.5000000000000004 0.98856806898353811 9.6378725013490332 5.5597944458374231 5.4056060381515225 8.9867685716092591 89.500000000000014 4.7329443661826653 37.500000000000007 1.0000000180025095e-35 152.50000000000003 0.7633053221288516 13.500000000000002 5.4581633187258509 429946.63000000006 2.5000000000000004 560192.23500000022 5.629670329670331 0.10495716034271728 6.3393783890891706 375141.7950000001 320.50000000000006 0.11707595659623074 8.8914833653005019 8100.2080952380957 150.50000000000003 4.2592226772026125 0.8456959706959708 9057.2091109986522 0.039736842105263161 0.72077922077922085 150308.01500000004 0.80374649859943992 0.069366479550922219 9.1220570327386081 8.619379675101305 1.2026059679242189 0.13079116179615113
decision_type=2 2 2 2 2 2 2 2 2 2 2 2 2 2 2 2 2 2 2 2 2 2 2 2 2 2 2 2 2 2 2 2 2 2 2 2 2 2 2 2 2 2 2 2 2 2 2 2 2 2 2 2 2 2 2 2 2 2 2 2 2 2
left_child=-1 4 -3 -4 5 -2 8 -8 -7 10 19 -12 52 -14 21 17 -17 18 -10 20 -9 30 23 26 -25 47 27 28 29 35 31 32 53 -33 60 -23 38 57 43 -40 41 -41 -39 44 45 46 54 -26 -34 -48 -37 -52 -13 -6 -35 -56 -57 -38 59 -29 -31 -44
right_child=1 2 3 -5 14 6 7 9 15 -11 11 12 13 -15 -16 16 -18 -19 -20 -21 -22 22 -24 24 25 -27 -28 58 -30 34 -32 33 48 36 -36 50 37 42 39 40 -42 -43 61 -45 -46 -47 49 -49 -50 -51 51 -53 -54 -55 55 56 -58 -59 -60 -61 -62 -63
leaf_value=-0.023719669485521275 -0.063196555608320062 0.21247618066284049 0.0096690316741816548 0.15800203631781173 -0.078773003520620111 0.13476002302262691 -0.0954955360813073 -0.0045495816300198492 0.081457618912720575 -0.06676497645076665 -0.038515998881882153 0.072381072578145494 -0.049270442992558783 0.077154936252302853 0.10752063414920564 0.12743616059157348 -0.0090577840149607455 -0.0882938987496905 -0.014298892130796935 0.016489349941547764 -0.10891391922512325 0.048626509080478802 0.094801408961358205 -0.10345120753490085 -0.094246321154471055 0.061878578888181969 0.097810897368833846 0.02423150192119684 -0.05584079045200676 0.10631992214354709 -0.034413303422712087 0.097571961483686076 0.011674665995955106 -0.0074320962270760437 -0.0024628719138234767 0.022084272725206189 0.051214306908984514 0.046643452846607682 0.11283929213499411 0.022784183240559776 -0.052052910197433543 0.11632953876002704 0.15313286510866081 -0.039783734735857515 -0.032211748969089855 0.10788293750459386 0.031441236016874624 -0.0093704023463107473 0.090231416318481319 -0.052551215953560944 -0.011516906330662388 -0.08901794159549406 0.15996845748187241 -0.0063193341584696716 0.09587028506388301 -0.0065347915442108759 0.078524260461626957 -0.015388432643114227 0.0015992668723043106 0.0988503287092517 0.03643460869196042 0.083234758780370302
leaf_weight=1715 28 23 36 28 20 23 28 26 24 26 24 20 27 25 21 28 29 21 26 44 21 20 26 24 20 29 25 31 29 20 22 30 33 24 33 24 30 36 35 42 20 21 20 27 30 22 21 29 22 25 34 26 21 30 30 34 20 23 21 29 20 20
leaf_count=1715 28 23 36 28 20 23 28 26 24 26 24 20 27 25 21 28 29 21 26 44 21 20 26 24 20 29 25 31 29 20 22 30 33 24 33 24 30 36 35 42 20 21 20 27 30 22 21 29 22 25 34 26 21 30 30 34 20 23 21 29 20 20
internal_value=6.90874e-05 0.0251611 0.111379 0.0747412 0.0202789 0.00625961 0.0109875 -0.00615917 0.0407363 0.00455833 0.0135112 0.038457 0.0583626 0.011504 0.0259068 0.0237338 0.0580626 -0.0038407 0.0316952 -0.0185472 -0.0513552 0.0243037 0.0129383 0.00777062 -0.0280268 -0.00469095 0.0194853 0.0126238 -0.00020181 0.00892927 0.0321478 0.0345374 0.00575639 0.0404566 0.0381374 -0.0115703 0.0368632 0.0590619 0.0286845 0.0536 0.0284898 0.0541326 0.08461 0.0160401 0.0233823 0.0328829 0.0220925 -0.0441758 0.0432404 -0.0141784 -0.0259675 -0.0452262 0.117572 -0.0354401 0.0375586 0.0504304 0.0250185 0.022299 0.0452267 0.060435 0.0716051 0.118528
internal_weight=3341 1626 87 64 1539 441 413 262 151 234 208 117 93 52 1098 128 57 71 50 91 47 1077 440 414 102 78 312 287 206 177 637 615 105 510 73 104 480 129 351 118 83 63 76 233 206 176 154 49 55 46 84 60 41 50 108 84 54 53 81 60 40 40
internal_count=3341 1626 87 64 1539 441 413 262 151 234 208 117 93 52 1098 128 57 71 50 91 47 1077 440 414 102 78 312 287 206 177 637 615 105 510 73 104 480 129 351 118 83 63 76 233 206 176 154 49 55 46 84 60 41 50 108 84 54 53 81 60 40 40
is_linear=0
shrinkage=0.04


Tree=51
num_leaves=63
num_cat=0
split_feature=13 1 13 11 6 13 0 15 6 10 14 13 0 0 0 5 19 6 5 12 0 0 18 12 2 19 1 14 12 0 0 19 14 13 16 12 16 14 19 14 19 5 12 18 0 0 19 14 6 15 6 12 14 12 12 13 6 4 6 18 13 0
split_gain=1148.98 497.017 266.927 173.367 185.451 136.488 168.384 113.331 152.555 133.225 91.4439 91.3835 84.6595 95.0459 115.316 62.0107 60.9854 74.3209 79.0882 117.351 84.2331 99.2548 76.4947 71.489 71.3251 54.7825 48.3219 45.3821 61.737 38.9954 99.9655 87.7308 73.7435 65.4892 63.8133 66.4368 56.2423 56.1971 52.4519 87.5602 78.3701 75.432 67.1539 72.047 57.9497 62.9637 60.1791 57.7109 62.0239 76.253 58.9686 73.5577 54.2996 52.34 55.7747 51.049 46.5659 41.3343 69.3074 40.131 33.9146 45.8384
threshold=-3.0954545454545452 1.0000000180025095e-35 13.080128205128206 7.5000000000000009 290.50000000000006 17.803846153846155 9.0045730950024403 0.78171368861024049 133.50000000000003 4.5000000000000009 4.6076982324121678 -2.9285714285714284 8.1333303153439793 8.4400777780007683 8.6018614921851579 2.5000000000000004 0.8993356584569564 17.500000000000004 1.0000000180025095e-35 9156.8508737864086 9.0106917638308435 9.3669546512264965 0.035504201680672275 7158.9445744680861 37.500000000000007 0.99990673365498328 1.0000000180025095e-35 7.3844893783327681 6960.6085714285737 8.5022204767798488 8.5504519220447524 0.52129719525290008 4.8023932836934593 5.1794496487119455 0.69615384615384623 8308.6339529220804 0.88562091503267981 4.9048022196759318 0.99341403644144177 5.3025507865477701 0.93411801801641847 3.5000000000000004 8526.6893392857164 0.06472559698366151 9.1513713778574779 9.8768189610017014 1.8120940416840992 5.157223358142434 205.50000000000003 0.987177379582443 119.50000000000001 9090.4167730923709 5.8888470392458059 8628.6434166666677 8412.7517480541646 5.7083096993760645 253.50000000000003 2.5000000000000004 86.500000000000014 0.066352201257861648 5.7440822111977328 9.2616891635079686
decision_type=2 2 2 2 2 2 2 2 2 2 2 2 2 2 2 2 2 2 2 2 2 2 2 2 2 2 2 2 2 2 2 2 2 2 2 2 2 2 2 2 2 2 2 2 2 2 2 2 2 2 2 2 2 2 2 2 2 2 2 2 2 2
left_child=26 2 10 -3 7 -4 -7 -5 9 -9 11 -2 -13 -14 15 -15 -16 24 -19 20 23 22 -22 -20 -18 -21 -1 28 -12 31 -31 34 -32 -33 -30 -36 59 -34 40 41 47 42 43 -40 -41 46 52 -39 49 50 53 -52 60 54 -49 -42 -50 58 -54 -37 61 -46
right_child=1 3 5 4 -6 6 -8 8 -10 -11 27 12 13 14 16 -17 17 18 19 25 21 -23 -24 -25 -26 -27 -28 -29 29 30 32 33 37 -35 35 36 -38 38 39 44 55 -43 -44 -45 45 -47 -48 48 56 -51 51 -53 57 -55 -56 -57 -58 -59 -60 -61 -62 -63
leaf_value=-0.023637034160252677 0.079076470831559165 0.1883171082753331 0.18221364026638998 -0.02935174053071311 0.17887740145441633 -0.014077735156177048 0.13560573474282309 0.18786970270660533 0.0056301515355370825 0.048200102921628275 -0.0430167878718965 -0.079012121273768887 0.055740943700437716 -0.11908051150669983 -0.059489768554727401 -0.021723831880714087 0.010369133927670849 -0.039994573905089197 0.0059156423729232969 0.13055798557697312 -0.11496956884564451 0.048080765460904742 -0.0090521612058536635 0.093943353924618306 -0.072659880675578048 0.042608607629855792 0.029238594358926139 0.07823316488220794 -0.045704300451041451 0.099793240786478526 0.095314203754985505 0.0039723285039265947 -0.04337905426370612 -0.096936830519499931 0.092011955091447536 -0.001209406407911386 -0.025143181211638665 -0.02991047116527927 0.07122780250517402 0.068316083940314395 0.0031848649984031782 0.0037602307384972896 0.028323976060249625 0.16543101024271839 -0.075487196498842377 0.075814978159390964 -0.053282328711087963 0.00035145579228981836 -0.052414068601250106 0.11224151040154012 0.018842222108808968 0.11829621558005993 0.060187584043005879 -0.022181289140696867 0.08722929719500068 -0.082789805809297179 0.013950691613344149 0.074457672125477339 -0.033871223763311552 0.072287771383306831 0.020185222960468336 -0.00073925466049374559
leaf_weight=1687 21 26 20 22 22 25 23 23 31 21 25 24 41 21 25 21 33 32 36 21 20 21 24 25 33 25 28 21 20 27 21 20 22 21 23 20 33 36 38 33 22 28 28 20 20 22 25 27 22 20 26 22 26 43 21 22 72 30 24 29 43 38
leaf_count=1687 21 26 20 22 22 25 23 23 31 21 25 24 41 21 25 21 33 32 36 21 20 21 24 25 33 25 28 21 20 27 21 20 22 21 23 20 33 36 38 33 22 28 28 20 20 22 25 27 22 20 26 22 26 43 21 22 72 30 24 29 43 38
internal_value=6.83783e-05 0.024159 0.0172341 0.0948139 0.0742269 0.0945908 0.0577368 0.0503114 0.0737138 0.121515 0.0135035 -0.00205932 -0.00632134 -0.00168109 -0.00868755 -0.0706169 0.000143675 0.00569268 0.0176355 0.0283861 0.00838217 -0.0232648 -0.0573933 0.04212 -0.0311622 0.0829989 -0.0227709 0.0201546 0.0188859 0.0205318 0.024287 0.00291585 0.0215568 -0.0477743 0.0195831 0.0320695 0.0151404 0.0194195 0.0213796 0.0316401 0.00981293 0.0608809 0.0794291 0.103975 0.0188422 0.0116459 0.0047497 0.0173918 0.0241396 0.0393604 0.0287863 0.0646181 0.0128012 0.00981393 0.0385044 -0.0398474 -0.00159943 0.0374004 0.0150219 0.0423068 -0.00668126 -0.0266344
internal_weight=3341 1626 1481 145 119 68 48 97 75 44 1413 423 402 378 337 42 295 270 204 172 126 65 44 61 66 46 1715 990 969 944 778 166 751 41 125 105 82 730 708 375 333 114 86 58 261 228 206 289 253 159 139 48 181 91 48 44 94 80 50 49 101 58
internal_count=3341 1626 1481 145 119 68 48 97 75 44 1413 423 402 378 337 42 295 270 204 172 126 65 44 61 66 46 1715 990 969 944 778 166 751 41 125 105 82 730 708 375 333 114 86 58 261 228 206 289 253 159 139 48 181 91 48 44 94 80 50 49 101 58
is_linear=0
shrinkage=0.04


Tree=52
num_leaves=63
num_cat=0
split_feature=15 1 14 1 7 7 6 6 19 19 3 19 19 5 6 12 7 12 19 19 5 19 15 6 19 12 11 10 17 19 11 12 14 12 7 12 7 19 6 19 19 15 11 18 11 11 6 7 6 19 5 10 10 14 14 5 10 12 15 14 19 18
split_gain=1031.13 302.797 258.701 171.053 175.457 118.725 231.347 291.735 114.635 65.6237 70.3449 62.4171 68.1056 106.625 57.5152 60.8317 80.5785 52.6129 49.0078 44.8916 54.3382 47.2937 45.4125 43.8277 64.1601 72.3072 42.3041 91.6527 57.9812 72.2182 53.9123 52.0398 50.9564 46.3814 42.2836 39.3075 37.7016 36.3696 34.9047 37.7408 92.6332 60.1203 58.8946 55.7568 51.2466 71.4482 81.0729 50.2421 43.9252 47.6833 40.4669 39.6553 45.2148 43.0826 65.9249 97.93 77.6356 70.271 63.3867 56.9966 47.2848 42.1557
threshold=0.58114035087719318 1.0000000180025095e-35 7.3844893783327681 1.0000000180025095e-35 24.500000000000004 21.500000000000004 173.50000000000003 84.500000000000014 0.99984801714121374 0.62726033405319359 7.5000000000000009 0.99972685708892894 1.1144728314641432 1.0000000180025095e-35 10.500000000000002 9144.5458108108123 20.500000000000004 8677.4143927125533 2.353831678940999 0.88060056048106083 3.5000000000000004 0.9525385872938823 0.024243314722303854 23.500000000000004 0.99985597931922432 7711.3453333333346 6.5000000000000009 4.5000000000000009 77701.820000000022 0.95006295591819523 4.5000000000000009 7744.9641666666676 4.6076982324121678 7911.738630136987 4.5000000000000009 8628.6434166666677 9.5000000000000018 0.99990153518127323 344.50000000000006 1.1031304469385526 1.0299740711840368 0.77345911949685553 89.500000000000014 0.044859969813852089 28.500000000000004 59.500000000000007 131.50000000000003 14.500000000000002 83.500000000000014 1.3273071335244657 2.5000000000000004 8.5000000000000018 10.500000000000002 5.4581633187258509 6.0747957597347746 3.5000000000000004 2.5000000000000004 9232.0697321428597 0.85926496478873249 5.7830502213047907 0.70438916614757785 0.1243556701030928
decision_type=2 2 2 2 2 2 2 2 2 2 2 2 2 2 2 2 2 2 2 2 2 2 2 2 2 2 2 2 2 2 2 2 2 2 2 2 2 2 2 2 2 2 2 2 2 2 2 2 2 2 2 2 2 2 2 2 2 2 2 2 2 2
left_child=1 11 3 18 9 6 7 -4 -3 -5 35 19 13 37 -15 17 -17 23 26 22 -21 -22 -1 -16 -25 -26 27 -2 29 -28 -29 34 -33 36 -30 -11 -34 -13 39 40 42 -41 43 47 -43 50 48 -35 49 -47 -46 53 -53 58 55 57 -56 59 -45 -55 -58 -54
right_child=2 8 5 4 -6 -7 -8 -9 -10 10 -12 12 -14 14 15 16 -18 -19 -20 20 21 -23 -24 24 25 -27 28 30 31 -31 -32 32 33 38 -36 -37 -38 -39 -40 41 -42 44 -44 51 45 46 -48 -49 -50 -51 -52 52 61 54 56 -57 60 -59 -60 -61 -62 -63
leaf_value=-0.011113501164594641 -0.07302799247233803 0.14875960414226239 0.15957459961697137 0.03812739404765042 -0.032452715793492105 0.017169235196721505 0.21584658615142696 -0.048854355456224123 0.023490614216641125 0.12380439091393183 0.17950011996784021 -0.086842441281837046 -0.021242992335834696 -0.040846849614784263 0.054712668168239109 0.021489591500530505 0.11618254388742778 -0.037074677349701331 0.061523664202773366 -0.030656877344373081 -0.039437642746044756 -0.11467667073117456 -0.030006857468939663 -0.037526618286855801 0.086066741123458371 0.0015807876103053117 0.0029483286989220665 0.060373395908905926 0.036367896661639636 0.097142397908035472 -0.026351995117856426 -0.014214211579604008 0.093420320778970986 0.031355879014706704 -0.018974187965933906 0.046626744009369045 0.024420430752860597 -0.021125588075907666 -0.015058481412587992 0.058401714219853886 0.094408849982829113 -0.05809650733460129 -0.034305572847753645 -0.0063168776801744769 0.016710959704513858 -0.061213730735476743 -0.086392225756574029 -0.045863876674913158 0.044605547812152174 0.023898428450176371 0.085316518268314018 0.098314570168039656 0.0030811341377339758 0.055280182094494833 0.068115954522769973 0.13808502322689617 0.024139839649496977 0.10169587339334819 0.070383236442132027 -0.032634194919041223 -0.05892380170060392 0.079095972349394611
leaf_weight=321 26 22 23 23 21 25 25 20 25 23 20 24 562 31 35 51 20 38 40 127 26 28 559 40 22 61 22 25 28 32 21 64 26 25 103 20 25 31 42 32 32 22 26 94 40 22 20 29 27 20 21 29 28 24 24 21 20 20 21 23 24 20
leaf_count=321 26 22 23 23 21 25 25 20 25 23 20 24 562 31 35 51 20 38 40 127 26 28 559 40 22 61 22 25 28 32 21 64 26 25 103 20 25 31 42 32 32 22 26 94 40 22 20 29 27 20 21 29 28 24 24 21 20 20 21 23 24 20
internal_value=6.7842e-05 -0.0178677 0.027598 0.0227084 0.0710086 0.0918893 0.119265 0.0626961 0.082361 0.096304 0.117417 -0.0202568 -0.0125952 0.00116923 0.0106232 0.0166196 0.0483177 0.00510818 0.018078 -0.0268604 -0.0450151 -0.0786273 -0.0231194 0.0152831 0.00401173 0.0240753 0.0164585 -0.0131302 0.0185792 0.0588804 0.0207667 0.0162852 0.0200212 0.0229198 -0.00711137 0.0881457 0.05975 -0.0499439 0.0202483 0.0224865 0.0288381 0.00814753 0.02391 0.0276878 -0.00121896 0.0071429 -0.0156918 -0.0100851 0.00486752 -0.0206761 0.040463 0.033556 0.0589022 0.0263279 0.0400181 0.0628613 0.010378 0.0390833 0.00772083 0.0122378 -0.0211531 0.0348942
internal_weight=3341 2023 1318 1225 107 93 68 43 47 86 63 1976 915 353 298 267 71 196 1118 1061 181 54 880 158 123 83 1078 72 1006 54 46 952 821 757 131 43 51 55 706 664 460 204 428 402 172 150 89 54 69 42 61 348 77 271 156 88 68 67 115 47 44 48
internal_count=3341 2023 1318 1225 107 93 68 43 47 86 63 1976 915 353 298 267 71 196 1118 1061 181 54 880 158 123 83 1078 72 1006 54 46 952 821 757 131 43 51 55 706 664 460 204 428 402 172 150 89 54 69 42 61 348 77 271 156 88 68 67 115 47 44 48
is_linear=0
shrinkage=0.04


Tree=53
num_leaves=63
num_cat=0
split_feature=13 1 13 11 6 15 6 10 0 5 0 7 16 13 13 13 0 0 7 6 7 0 7 19 0 13 18 15 10 13 15 0 13 6 6 16 17 18 10 18 0 0 10 16 0 18 18 0 19 7 15 5 0 1 5 10 5 18 7 0 6 10
split_gain=982.745 432.65 224.424 159.847 164.098 100.507 141.699 121.65 90.509 198.668 208.614 75.163 84.505 157.673 75.5506 78.5691 86.3554 99.0477 79.624 122.05 153.818 107.079 53.2706 55.7703 57.2931 97.4474 61.7082 47.3863 105.053 74.7528 91.8344 85.0254 63.781 78.1071 64.6803 70.6441 83.272 75.1029 73.3909 74.3807 57.57 87.6817 47.107 114.916 104.718 59.1487 64.0679 56.602 45.2581 44.5811 44.5019 41.1953 40.475 37.0176 34.7397 33.0692 50.9257 31.8819 31.1184 29.5444 36.7709 27.163
threshold=-3.0954545454545452 1.0000000180025095e-35 12.343137254901963 7.5000000000000009 290.50000000000006 0.78171368861024049 133.50000000000003 4.5000000000000009 9.271694027324429 1.5000000000000002 8.8599747466090779 1.5000000000000002 0.97222222222222232 5.2099143206854359 4.3377192982456148 -2.9285714285714284 8.1571309154158556 8.412872095591089 7.5000000000000009 64.500000000000014 19.500000000000004 8.6018614921851579 18.500000000000004 1.8927202852699754 8.352477717397214 6.213541666666667 0.090326340326340335 0.77459677419354855 9.5000000000000018 5.0319185059422757 0.74849397590361455 8.8981565432995247 5.2099143206854359 79.500000000000014 294.50000000000006 0.92582417582417598 150308.01500000004 0.13079116179615113 1.5000000000000002 0.09491634491634493 8.6924773893503993 9.1058605774769159 7.5000000000000009 0.77097902097902116 8.686470862794673 0.093933823529411778 0.071008403361344549 9.1170840664550905 0.61713703822263588 15.500000000000002 0.82952776336274014 2.5000000000000004 9.0602167828272773 1.0000000180025095e-35 2.5000000000000004 5.5000000000000009 1.5000000000000002 0.023669467787114849 27.500000000000004 9.0045730950024403 11.500000000000002 3.5000000000000004
decision_type=2 2 2 2 2 2 2 2 2 2 2 2 2 2 2 2 2 2 2 2 2 2 2 2 2 2 2 2 2 2 2 2 2 2 2 2 2 2 2 2 2 2 2 2 2 2 2 2 2 2 2 2 2 2 2 2 2 2 2 2 2 2
left_child=53 2 11 -3 5 -5 7 -7 9 -4 -11 12 13 57 15 -13 -17 -18 52 21 -21 -20 27 24 26 42 -24 28 29 30 -16 -31 33 -29 35 36 -34 38 -38 54 -37 -42 44 -44 48 46 47 -46 -26 -23 -45 -47 -19 -1 -40 56 -35 -2 59 -51 -61 -27
right_child=1 3 8 4 -6 6 -8 -9 -10 10 -12 14 -14 -15 22 16 17 18 19 20 -22 49 23 -25 25 61 -28 32 -30 31 -32 -33 34 55 -36 40 37 -39 39 -41 41 -43 43 50 45 51 -48 -49 -50 58 -52 -53 -54 -55 -56 -57 -58 -59 -60 60 -62 -63
leaf_value=-0.021813399016465874 0.038830992988844355 0.17804477116157269 -0.031530484236034093 -0.029006194119000326 0.16694379631750184 0.17751860507122882 0.0024402698864890828 0.044065566952053395 0.1354841378295564 0.16291699789766209 0.02059022248400337 0.070029986224957361 0.11538390316104437 -0.045649130221731796 0.013460554406356018 -0.089733763464254213 0.066993979452335969 -0.025826360574565676 -0.10692955839100168 -0.014586795535255387 0.10842494373919496 0.020915843614301665 -0.0056591146026177428 0.063804727301878097 -0.001261226315403459 -0.091623602777843163 0.092281026591115922 -0.078935414321049696 0.12107453829540318 -0.046805815622442612 0.12952718298233562 0.047600133538860633 0.11896430230610598 -0.064335347639387516 -0.014558520764954347 -0.045217233630290538 0.089380823041721166 0.10363113546784306 0.057958727459753716 -0.052084130297310613 0.081731894640904953 -0.010080697611147178 0.04788356651627057 -0.02392565565915843 0.066039897664436048 0.096338634851564284 -0.047399676873054339 -0.011908691248330681 -0.086360581917549251 -0.067768970813947851 -0.10751005848437124 0.022005227852206658 -0.093017876784640005 0.024462148362631476 -0.00098874784387227295 0.034974295323582621 0.015088423823220577 0.10198707458883895 0.020069181290431996 -0.059290404070669142 0.010103949488550904 -0.028183959633556764
leaf_weight=1687 28 26 32 22 22 23 31 21 25 32 34 20 21 31 24 21 27 34 20 34 31 53 21 22 20 24 20 21 23 32 20 29 24 20 53 25 22 23 34 24 27 43 21 20 33 28 23 27 20 29 21 21 25 28 30 38 36 24 20 20 31 20
leaf_count=1687 28 26 32 22 22 23 31 21 25 32 34 20 21 31 24 21 27 34 20 34 31 53 21 22 20 24 20 21 23 32 20 29 24 20 53 25 22 23 34 24 27 43 21 20 33 28 23 27 20 29 21 21 25 28 30 38 36 24 20 20 31 20
internal_value=6.7186e-05 0.022347 0.015886 0.0882684 0.0685036 0.0460074 0.0680473 0.114115 0.0676059 0.0501492 0.0897695 0.0111954 0.0438612 0.025624 0.00848137 -0.00683623 -0.011317 -0.00620219 -0.0128834 -0.00255455 0.0441261 -0.0201204 0.0147727 0.00235229 -0.00189821 -0.00841841 0.0421762 0.022496 0.043805 0.0267611 0.0664375 -0.00188712 0.0159881 -0.0093785 0.0255591 0.0340069 0.0504751 0.038021 0.0242027 0.00780254 0.00674557 0.0253703 0.00185163 -0.0280036 0.012635 0.0298235 0.0091969 0.0309683 -0.04397 -0.00869732 -0.0669433 0.0646319 -0.0544404 -0.0210553 0.0303375 0.00620693 -0.0133057 0.0681581 -0.0244175 -0.0355753 -0.0171332 -0.0629621
internal_weight=3341 1626 1481 145 119 97 75 44 123 98 66 1358 104 83 1254 365 345 324 297 238 65 173 889 341 319 278 41 548 128 105 44 61 420 115 305 252 157 133 110 88 95 70 234 62 172 132 83 60 40 153 41 49 59 1715 64 94 56 52 100 80 51 44
internal_count=3341 1626 1481 145 119 97 75 44 123 98 66 1358 104 83 1254 365 345 324 297 238 65 173 889 341 319 278 41 548 128 105 44 61 420 115 305 252 157 133 110 88 95 70 234 62 172 132 83 60 40 153 41 49 59 1715 64 94 56 52 100 80 51 44
is_linear=0
shrinkage=0.04


Tree=54
num_leaves=63
num_cat=0
split_feature=13 1 13 11 6 13 19 18 7 16 13 5 6 5 17 12 10 7 19 12 6 16 19 19 7 6 10 19 19 19 13 6 19 7 18 7 6 5 19 13 16 15 10 11 17 19 15 6 6 19 19 10 6 18 10 5 10 19 1 6 18 18
split_gain=905.854 398.891 210.532 147.493 147.902 124.966 153.322 96.9909 116.03 73.2452 78.8595 92.1302 77.8537 75.6021 90.256 73.4016 57.9108 59.8192 117.978 77.9129 51.3372 90.0019 102.822 107.255 58.3921 69.3736 72.4653 137.271 98.6753 100.693 105.288 70.5105 53.6991 51.261 50.9306 53.1248 50.4827 50.1491 92.7654 54.7926 64.3433 60.2822 50.8588 50.2215 49.6039 51.4863 85.2204 66.2108 79.2353 50.5388 49.2844 48.6809 46.2615 44.2724 43.9381 41.6595 53.0957 100.11 34.1229 32.4975 27.3495 25.1985
threshold=-3.0954545454545452 1.0000000180025095e-35 13.080128205128206 5.5000000000000009 290.50000000000006 17.803846153846155 0.96713754185329759 0.14031250000000003 22.500000000000004 0.65476190476190488 -2.9285714285714284 3.5000000000000004 10.500000000000002 1.0000000180025095e-35 17196.245000000003 7792.085392254221 11.500000000000002 14.500000000000002 0.99987255121452179 7711.3453333333346 127.50000000000001 0.7633053221288516 1.27898453095202 0.57138952755310168 1.5000000000000002 102.50000000000001 1.5000000000000002 1.0003869358655728 1.0939285719757927 0.96101053462048402 6.3220046082949315 33.500000000000007 1.4857175150366435 18.500000000000004 0.066352201257861648 14.500000000000002 133.50000000000003 3.5000000000000004 0.73209194098866548 5.9658385093167707 0.72077922077922085 0.92206477732793535 2.5000000000000004 26.500000000000004 147401.94000000003 0.54163237551050314 0.85206228956228969 191.50000000000003 283.50000000000006 1.0227232584312251 0.7137874139464836 4.5000000000000009 93.500000000000014 0.078023538961038974 9.5000000000000018 2.5000000000000004 8.5000000000000018 1.1458171208699828 1.0000000180025095e-35 7.5000000000000009 0.095564253098499682 0.023122159850307408
decision_type=2 2 2 2 2 2 2 2 2 2 2 2 2 2 2 2 2 2 2 2 2 2 2 2 2 2 2 2 2 2 2 2 2 2 2 2 2 2 2 2 2 2 2 2 2 2 2 2 2 2 2 2 2 2 2 2 2 2 2 2 2 2
left_child=58 2 9 -3 7 -4 -7 8 36 10 -2 12 59 14 -14 -13 -15 19 -19 -18 21 22 23 -11 -23 26 27 -26 29 30 31 -28 60 37 -27 -36 -5 39 -39 40 -22 -41 -40 -42 -35 -46 47 -47 51 -48 -45 -49 -25 -33 -17 56 57 -52 61 -12 -30 -1
right_child=1 3 5 4 -6 6 -8 -9 -10 20 11 15 13 16 -16 54 17 18 -20 -21 33 24 -24 52 25 34 28 -29 32 -31 -32 53 -34 44 35 -37 -38 38 42 41 43 -43 -44 50 45 46 49 48 -50 -51 55 -53 -54 -55 -56 -57 -58 -59 -60 -61 -62 -63
leaf_value=-0.024510583263815899 0.073268772550103792 0.17525445679905999 0.16777943581194424 0.087568400236855318 0.16029625997014715 -0.014305675531225448 0.12950682769454486 0.11366531157398603 -0.059484154098662562 0.11628241846810525 -0.011317924408323736 -0.071950617033674766 -0.077653030073510765 -0.0022040187515970752 0.023779849309691858 -0.052166662892221882 0.065082838202473792 0.018781506984264819 0.14995977123766716 -0.018040705551355674 -0.033265498353354031 0.081159324581267067 0.12953447132731763 -0.02516489594877756 -0.10453024517967408 0.0028795740923446239 0.056311382132383125 0.030592838795412153 -0.084612256282597637 0.10494727315937902 0.082480231327904038 -0.074900252268864556 0.014243005239750113 -0.064713110765574677 0.033049719282042929 0.12129238535442623 0.0096464216536011442 -0.0093828046953195361 0.024444749181839955 -0.06644142340722882 0.075281356553939388 0.015682128835789524 0.10426067042548902 -0.022018529085012579 0.05450473335768672 0.066224242599531163 -0.097992247318284278 -0.00066298803600532881 0.039405828763312958 -0.012170676106241493 0.084852496784080494 -0.082096923837414043 0.048361379853282788 -0.00073534769260615008 0.016473693530519896 -0.0081368135074569598 0.10215983435440967 -0.022180483959045913 0.023487145531644178 -0.079794898460160441 -0.020473382052405054 -0.014227630474732262
leaf_weight=1101 21 24 20 30 22 27 21 25 20 20 25 51 27 65 29 23 35 23 21 37 31 22 26 30 25 24 20 23 20 27 29 22 39 21 23 21 24 32 20 28 31 29 36 35 24 26 22 24 34 22 26 23 25 31 42 29 21 30 28 20 23 586
leaf_count=1101 21 24 20 30 22 27 21 25 20 20 25 51 27 65 29 23 35 23 21 37 31 22 26 30 25 24 20 23 20 27 29 22 39 21 23 21 24 32 20 28 31 29 36 35 24 26 22 24 34 22 26 23 25 31 42 29 21 30 28 20 23 586
internal_value=6.62762e-05 0.0214568 0.0152529 0.0847542 0.0666573 0.0839541 0.0487092 0.0456877 0.022573 0.0119395 -0.00208293 -0.0060812 0.00625756 0.0154248 -0.0251409 -0.0360739 0.0279935 0.044919 0.0816327 0.0223731 0.017852 0.0278482 0.0610933 0.0371995 0.0182066 0.0139416 0.00448547 -0.0398132 0.0145865 0.0363899 0.0181378 -0.00747341 -0.0196923 0.00957591 0.0498695 0.0753904 0.0530552 0.0187905 0.0448804 0.00993848 0.0196733 -0.0246699 0.075885 0.02924 -0.00677567 0.00019839 -0.00845021 0.0108102 -0.00701206 -0.0552517 0.0190571 -0.0406458 0.00824696 -0.0316415 -0.00782653 0.0326466 0.0480232 0.0275404 -0.0202131 -0.0419059 -0.0504789 -0.0209409
internal_weight=3341 1626 1481 145 121 68 48 99 74 1413 419 398 282 237 56 116 181 116 44 72 994 450 101 75 349 327 259 48 211 129 102 73 82 544 68 44 54 348 88 260 203 57 56 172 196 175 151 107 81 44 141 47 55 53 65 106 77 56 1715 45 43 1687
internal_count=3341 1626 1481 145 121 68 48 99 74 1413 419 398 282 237 56 116 181 116 44 72 994 450 101 75 349 327 259 48 211 129 102 73 82 544 68 44 54 348 88 260 203 57 56 172 196 175 151 107 81 44 141 47 55 53 65 106 77 56 1715 45 43 1687
is_linear=0
shrinkage=0.04


Tree=55
num_leaves=63
num_cat=0
split_feature=13 13 14 11 6 6 10 18 7 7 14 6 13 7 6 7 2 13 13 13 12 12 11 6 10 5 5 12 7 14 15 14 12 7 17 12 16 10 11 6 7 12 13 5 17 14 10 12 14 6 11 5 11 14 10 13 10 7 12 18 16 14
split_gain=906.096 217.257 159.011 130.544 228.436 84.2071 82.1287 71.3948 221.863 169.218 133.547 126.223 83.2395 71.3724 75.7143 59.3692 69.8792 56.0824 77.5554 73.2819 71.3463 52.9048 49.0231 48.0625 63.5161 63.6042 60.7647 55.8446 77.1957 47.6621 48.68 58.3118 46.8556 62.8817 46.5522 45.9307 59.9977 42.5393 66.9099 40.4962 44.9047 56.881 38.9391 39.6071 76.4961 94.5971 83.7775 102.656 51.8392 44.5682 73.8854 51.3154 68.4695 39.5098 36.3154 35.6466 37.328 35.643 36.4107 34.7592 49.798 46.3482
threshold=4.2029411764705893 6.3786764705882364 4.8558934151121225 1.5000000000000002 54.500000000000007 50.500000000000007 1.5000000000000002 0.28317610062893089 12.500000000000002 11.500000000000002 6.2706039268711651 96.500000000000014 12.385788690476192 15.500000000000002 45.500000000000007 27.500000000000004 52.500000000000007 6.213541666666667 6.1250542770299612 6.0064935064935074 8366.3277857142875 8126.6067500000008 4.5000000000000009 337.50000000000006 2.5000000000000004 1.0000000180025095e-35 1.0000000180025095e-35 8514.6589815447733 14.500000000000002 4.3566563716899269 0.027973395931142415 2.2658668790409586 9156.8508737864086 5.5000000000000009 161703.00500000003 8862.0263811320747 0.78759398496240618 4.5000000000000009 15.500000000000002 323.50000000000006 8.5000000000000018 8829.5183055555572 4.6871722468737405 2.5000000000000004 284643.35000000003 5.4849785513937386 5.5000000000000009 7942.7733928571442 5.3453653853711716 57.500000000000007 63.500000000000007 3.5000000000000004 26.500000000000004 5.3934664726043531 10.500000000000002 -2.9285714285714284 7.5000000000000009 8.5000000000000018 8142.2206346153853 0.062828947368421068 0.70294117647058829 5.3363607841262075
decision_type=2 2 2 2 2 2 2 2 2 2 2 2 2 2 2 2 2 2 2 2 2 2 2 2 2 2 2 2 2 2 2 2 2 2 2 2 2 2 2 2 2 2 2 2 2 2 2 2 2 2 2 2 2 2 2 2 2 2 2 2 2 2
left_child=3 17 -3 4 13 -4 -7 9 -9 10 -8 -11 34 14 32 16 21 18 19 20 42 -15 55 24 26 -26 -22 28 -27 30 31 57 33 -1 -13 -28 -37 38 -31 40 41 54 -2 44 46 -46 47 -44 -48 -45 51 52 -51 -53 -33 56 -5 -24 -59 -29 -61 -62
right_child=1 2 5 22 -6 6 7 8 -10 11 -12 12 -14 15 -16 -17 -18 -19 -20 -21 23 -23 29 -25 25 27 35 59 -30 37 -32 39 -34 -35 -36 36 -38 -39 -40 -41 -42 -43 43 49 45 -47 48 -49 -50 50 -52 53 -54 -55 -56 -57 -58 58 -60 60 61 -63
leaf_value=-0.03246249803733 0.04273938597800158 0.15877786737499816 0.11633750856362586 -0.013962106213955107 0.13328783427967744 0.096783873379391164 0.033394316483247762 0.16325191916841447 -0.014102217482225928 0.14112518098520402 -0.085556548131176455 0.036654108104421129 0.072448601322224138 -0.039324620094902618 -0.033952892949081367 0.032090605509649844 -0.07232234998742279 -0.033430988019871932 0.096179608846727715 -0.043866057305811196 -0.00056294726086901384 0.02753157827589247 -0.06565022352330406 -0.016417700795882 0.066655208861877424 0.0066005478159258868 0.048057534191300162 0.028247456028734037 0.10152702022786342 0.024330981912945748 -0.024836994645401983 -0.01812294036106216 0.080039214868445882 0.051163819186643665 -0.045770752112771457 0.048635684459363643 0.14126168350835414 0.045826530680278879 -0.063317527270904089 -0.04131502141217256 -0.0096419924660779196 0.045352985602273216 -0.061165412124597807 -0.026338382066254447 -0.083561330116008553 0.013686200329669615 0.096470158248465512 0.043564720791412055 0.0095743585441986356 0.10272401567715317 0.095614888509867879 -0.039276252311972334 0.0072138679542414772 0.020097980708112497 0.043057437642889829 -0.090478942328459253 -0.076495276419825148 0.025750384899606633 -0.033448668942714019 -0.056235920147991732 -0.035212017473895935 0.025955152951192932
leaf_weight=23 46 23 27 50 22 37 27 23 22 20 34 20 38 41 29 29 43 32 21 29 23 35 40 31 48 29 61 69 26 35 985 68 31 38 24 20 26 34 23 44 325 64 37 31 39 27 22 25 22 20 21 33 30 39 20 23 22 21 78 26 29 62
leaf_count=23 46 23 27 50 22 37 27 23 22 20 34 20 38 41 29 29 43 32 21 29 23 35 40 31 48 29 61 69 26 35 985 68 31 38 24 20 26 34 23 44 325 64 37 31 39 27 22 25 22 20 21 33 30 39 20 23 22 21 78 26 29 62
internal_value=0.000565294 0.0280509 0.0579354 -0.0152162 0.00966393 0.0493457 0.0419104 0.0320978 0.0766621 0.019743 -0.0329049 0.0512496 0.0291591 -0.00048492 0.0222845 -0.0191164 -0.0316287 0.0185024 0.0203713 0.0185304 0.0206868 -0.00851358 -0.0191697 0.0315542 0.0351113 0.0246397 0.0583383 0.016239 0.051614 -0.0176355 -0.0192029 -0.0107889 0.0400508 0.0195983 -0.0082614 0.0710067 0.101226 0.010359 -0.0104409 -0.00464056 -0.00124545 0.0166891 0.00820144 0.00359288 -0.0100089 -0.0437875 0.0110257 -0.0189012 0.0531878 0.0170478 0.026479 0.0144937 0.0455866 -0.0071042 -0.00416252 -0.0471515 -0.0331768 -0.0338 -0.0208578 0.00574577 -0.00752017 0.00642311
internal_weight=3342 1219 295 2123 291 272 245 208 45 163 61 102 82 269 121 148 119 924 892 871 842 76 1832 450 419 289 130 241 55 1737 1645 660 92 61 44 107 46 92 58 521 477 152 392 346 172 66 106 62 44 174 143 122 50 72 88 95 72 139 99 186 117 91
internal_count=3342 1219 295 2123 291 272 245 208 45 163 61 102 82 269 121 148 119 924 892 871 842 76 1832 450 419 289 130 241 55 1737 1645 660 92 61 44 107 46 92 58 521 477 152 392 346 172 66 106 62 44 174 143 122 50 72 88 95 72 139 99 186 117 91
is_linear=0
shrinkage=0.04


Tree=56
num_leaves=63
num_cat=0
split_feature=15 15 11 6 7 19 6 7 12 19 6 15 19 19 19 14 12 11 5 16 16 10 19 5 7 7 19 1 18 14 18 19 12 15 6 10 12 7 19 11 16 14 19 12 19 7 7 12 10 19 18 12 11 15 11 11 7 14 14 11 16 6
split_gain=821.113 163.424 118.286 213.855 85.6614 76.5172 119.919 141.302 104.461 65.9737 63.926 135.757 119.588 72.1152 111.403 128.674 79.5302 103.995 61.044 50.3174 69.9198 66.7267 51.8415 85.2128 62.7755 88.6697 70.1726 62.8903 96.2193 67.733 54.644 75.2879 66.2173 75.4674 72.8524 56.8816 56.807 82.8618 52.5933 51.3941 48.7635 47.441 45.756 43.4796 43.3863 43.105 41.7575 41.2198 40.9549 36.3907 36.2954 33.3259 31.1963 29.734 63.2741 44.9831 65.499 59.4799 32.2417 44.3435 35.5793 34.5727
threshold=0.58114035087719318 0.97849213691026837 1.5000000000000002 54.500000000000007 27.500000000000004 0.99980996671403644 45.500000000000007 16.500000000000004 3861.1075000000005 0.99990153518127323 316.50000000000006 0.98757716049382727 0.84796280030548787 0.53067315295955408 1.5065786741392111 8.706581921083453 7538.8117777777779 15.500000000000002 3.5000000000000004 0.44949494949494956 0.53137254901960795 16.500000000000004 0.57138952755310168 2.5000000000000004 25.500000000000004 27.500000000000004 1.1458171208699828 1.0000000180025095e-35 0.060790835181079091 6.5412677297871298 0.09491634491634493 0.64141259384364446 7674.4482069543383 0.7756861365235751 142.50000000000003 3.5000000000000004 8067.0669539299397 15.500000000000002 0.88060056048106083 51.500000000000007 0.77097902097902116 5.61102524955239 0.96713754185329759 8142.2206346153853 0.46043614414499495 14.500000000000002 14.500000000000002 8459.9824954981996 2.5000000000000004 1.0126986674780538 0.067117117117117139 7815.7340492957765 54.500000000000007 0.027973395931142415 24.500000000000004 38.500000000000007 18.500000000000004 2.3112910505758664 2.7253230577523837 64.500000000000014 0.22649572649572652 328.50000000000006
decision_type=2 2 2 2 2 2 2 2 2 2 2 2 2 2 2 2 2 2 2 2 2 2 2 2 2 2 2 2 2 2 2 2 2 2 2 2 2 2 2 2 2 2 2 2 2 2 2 2 2 2 2 2 2 2 2 2 2 2 2 2 2 2
left_child=2 19 3 5 10 8 7 9 -1 51 11 12 -3 -13 15 16 -15 -18 -9 -2 -21 22 23 45 27 42 -27 29 -29 30 32 -32 41 34 50 36 -33 -38 48 -37 -40 49 -26 -42 -25 -22 -41 -45 -35 -24 -34 -7 -50 54 -4 56 -56 -57 59 61 -60 -55
right_child=1 4 53 -5 -6 6 -8 18 -10 -11 -12 13 -14 14 -16 -17 17 -19 -20 20 21 -23 24 44 25 26 -28 28 -30 -31 31 35 33 38 -36 39 37 -39 40 46 43 -43 -44 47 -46 -47 -48 -49 52 -51 -52 -53 -54 58 55 57 -58 -59 60 -61 -62 -63
leaf_value=-0.033791830772997564 0.077649468825413626 0.18502590059669097 -0.026307884108029537 0.1310409672395878 0.13016331491877117 0.036193564517564503 -0.10376359198330702 -0.012192754729175699 0.073595331286095661 -0.012155972006786392 -0.014481031106287739 -0.015483610161841814 0.049703979571283703 -0.013885300023427145 -0.010741508887463181 0.15833921434755011 0.14734241786880872 0.039694775475695762 -0.078444882954392475 -0.050707073127580382 -0.016029999431900845 -0.035930320574687077 -0.052147085975570939 0.041066628996802877 -0.016689222392751207 -0.014740993372513597 0.078044558099253258 -0.0094379249140990901 0.09980306920582567 -0.03241967377356849 -0.070691638763864251 -0.01487523706444414 0.00057337029285340518 0.0079498007367638981 0.11818140262012541 0.018274023941456712 0.10030169427209183 -0.0033136444245997943 0.052121957508499364 -0.079176839492979087 -0.043905132036807348 0.038409479229855749 -0.10238438584614748 0.047116972366528502 0.10347471188663473 0.039124341996068464 -0.0036039465879539097 -0.007475237272249211 0.034734811695266106 0.007391409485954327 0.074953650885848641 0.10401430078221661 0.09786334013270441 -0.029555409323595606 0.053581203447728418 -0.053058013738999509 -0.020893399523768778 -0.0026634429606742548 -0.01494607549636094 -0.050380642626337568 -0.056562097891528385 0.0060854935690957046
leaf_weight=22 22 21 329 21 21 25 21 73 42 25 25 33 21 24 37 21 20 51 32 24 40 35 30 35 20 37 20 20 36 42 20 23 21 22 32 53 32 20 39 22 27 34 20 36 37 52 25 57 21 36 21 22 32 241 48 43 31 288 532 142 35 53
leaf_count=22 22 21 329 21 21 25 21 73 42 25 25 33 21 24 37 21 20 51 32 24 40 35 30 35 20 37 20 20 36 42 20 23 21 22 32 53 32 20 39 22 27 34 20 36 37 52 25 57 21 36 21 22 32 241 48 43 31 288 532 142 35 53
internal_value=0.000544268 0.0251292 -0.0154445 0.0085334 0.0526197 -0.00132453 -0.013623 -0.00286455 0.0366547 0.0402505 0.0461265 0.0527843 0.117691 0.0380617 0.0496264 0.0688915 0.0489522 0.0702108 -0.0324583 0.0179011 0.0166042 0.0182315 0.0202076 0.0406942 0.0159903 -0.014146 0.01786 0.0201646 0.0608055 0.0166241 0.0200482 0.00261734 0.0283716 0.037551 0.0727563 0.0110425 0.0373564 0.0604814 0.0263829 -0.00869047 0.0133264 6.95888e-05 -0.0597352 0.000668256 0.0732642 0.0151311 -0.039114 0.0136637 0.0539815 -0.0196792 0.0379007 0.0681353 0.0730003 -0.0193413 -0.0132439 -0.00275218 0.0243422 -0.00923026 -0.02383 -0.032015 -0.017528 -0.0231237
internal_weight=3342 1317 2025 283 274 262 198 177 64 72 253 228 42 186 153 116 95 71 105 1043 1021 997 962 164 798 97 57 701 56 645 603 195 408 308 74 175 75 52 234 100 159 100 40 120 72 92 47 93 75 66 42 47 53 1742 739 410 79 331 1003 436 567 294
internal_count=3342 1317 2025 283 274 262 198 177 64 72 253 228 42 186 153 116 95 71 105 1043 1021 997 962 164 798 97 57 701 56 645 603 195 408 308 74 175 75 52 234 100 159 100 40 120 72 92 47 93 75 66 42 47 53 1742 739 410 79 331 1003 436 567 294
is_linear=0
shrinkage=0.04


Tree=57
num_leaves=63
num_cat=0
split_feature=15 15 14 6 7 7 19 2 7 6 6 0 5 6 6 14 2 6 16 16 10 19 5 7 18 16 1 18 14 18 0 0 10 14 17 14 7 7 18 17 16 17 10 0 7 14 19 19 10 0 6 15 17 17 6 7 18 14 15 6 14 15
split_gain=756.896 150.681 95.2289 202.704 78.9726 73.2239 97.6213 142.367 63.5174 62.0967 58.6777 94.0833 120.295 143.107 124.89 76.1487 47.8367 81.8889 46.3905 64.4598 61.5115 47.7871 78.5536 57.8748 82.6833 59.9054 57.9658 88.7034 62.4382 50.3889 131.474 68.7177 62.9163 50.2321 45.2202 44.1031 51.0034 46.5291 40.2881 40.1163 50.5411 93.3856 57.4149 40.1125 39.7339 35.0846 35.0154 49.2997 43.6077 34.8067 31.8416 30.2491 40.8502 60.2413 59.1807 59.5506 31.1311 29.7118 35.389 62.2704 33.5797 40.7193
threshold=0.58114035087719318 0.97849213691026837 1.0000000180025095e-35 54.500000000000007 27.500000000000004 15.500000000000002 0.99990153518127323 37.500000000000007 27.500000000000004 44.500000000000007 65.500000000000014 9.1030874626548215 2.5000000000000004 140.50000000000003 178.50000000000003 6.4488008953677252 52.500000000000007 13.500000000000002 0.44949494949494956 0.53137254901960795 16.500000000000004 0.57138952755310168 2.5000000000000004 25.500000000000004 0.051836094939543227 0.82843137254901966 1.0000000180025095e-35 0.060790835181079091 6.5412677297871298 0.09491634491634493 8.686470862794673 8.778031670413279 1.5000000000000002 5.3363607841262075 483167.4200000001 6.1950689260037057 1.5000000000000002 16.500000000000004 0.090326340326340335 303638.11500000005 0.82843137254901966 390251.77000000008 3.5000000000000004 8.8156341786190868 14.500000000000002 5.811802210327615 0.77695783368667448 1.8120940416840992 3.5000000000000004 9.2556454144888054 35.500000000000007 0.027973395931142415 12874.745000000001 11829.185000000001 197.50000000000003 16.500000000000004 0.013986697965571207 2.7253230577523837 0.061476442428823386 229.50000000000003 2.7847409912863674 0.044859969813852089
decision_type=2 2 2 2 2 2 2 2 2 2 2 2 2 2 2 2 2 2 2 2 2 2 2 2 2 2 2 2 2 2 2 2 2 2 2 2 2 2 2 2 2 2 2 2 2 2 2 2 2 2 2 2 2 2 2 2 2 2 2 2 2 2
left_child=2 18 3 5 9 6 7 -1 16 -3 -11 12 13 -12 -14 -13 17 -7 -2 -20 21 22 44 26 -25 -26 28 -28 29 35 -31 -32 -33 -34 45 36 -23 39 -24 43 41 -41 -42 -38 -21 -35 -39 48 -48 -45 -18 52 53 54 -4 -56 -57 58 -53 -60 61 -59
right_child=1 4 51 -5 -6 8 -8 -9 -10 10 11 15 14 -15 -16 -17 50 -19 19 20 -22 23 38 24 25 -27 27 -29 -30 30 31 32 33 34 -36 -37 37 46 -40 40 42 -43 -44 49 -46 -47 47 -49 -50 -51 -52 57 -54 -55 55 56 -58 60 59 -61 -62 -63
leaf_value=0.12287899229156068 0.074557543200065649 0.10158908540472333 -0.020891230118957767 0.12582417216769892 0.12498145422099326 0.027564133184438268 -0.037329218924220357 0.009906044144561324 0.030855428410559584 -0.011818709218610089 0.058647636619441182 0.043899039836585364 0.024126048425989827 -0.060947982754243915 0.14757853553069766 0.12839247951626406 -0.10556006506233667 -0.056497011578927829 -0.048687206160478072 -0.015390399398277523 -0.034497202695944369 0.069619380439448555 0.040980072368508723 -0.074472214362630448 0.047040051917526381 -0.026395573220805657 -0.0090622863603468558 0.095822005437021435 -0.031125966922121211 -0.079238950168074723 0.083211554390559272 0.05757563928631057 -0.058729597626025004 0.051068862660063642 -0.038598856085561697 0.075649105607402706 -0.052397281775695151 0.082746539762912893 0.10112119583322791 0.11886979195609021 -0.043041806320019339 0.013923558950990509 0.032248194142963808 0.029816468372097553 0.037562371104555264 -0.0067736100890554742 0.041195554185068789 0.084577495061342989 -0.016216950660471414 -0.031164201412542881 -0.036210149292434962 -0.036872355440294526 0.0098086230949181192 -0.056164123680976695 0.028414444995478003 -0.051529383552852775 0.00086354712190846151 0.023103492637821691 -0.034359105682997389 0.03132886351279493 -0.021028124097983249 -0.036290469133077451
leaf_weight=25 22 27 393 21 21 36 34 62 29 33 27 37 38 39 20 32 20 38 24 40 35 35 37 26 34 37 20 36 42 27 21 30 24 35 26 28 28 23 35 20 30 42 35 37 52 32 46 20 39 25 23 338 114 55 95 29 48 63 61 37 478 26
leaf_count=25 22 27 393 21 21 36 34 62 29 33 27 37 38 39 20 32 20 38 24 40 35 35 37 26 34 37 20 36 42 27 21 30 24 35 26 28 28 23 35 20 30 42 35 37 52 32 46 20 39 25 23 338 114 55 95 29 48 63 61 37 478 26
internal_value=0.000523657 0.0241277 -0.0148271 0.00646859 0.0505248 -0.00295503 0.0200372 0.0424963 -0.0220246 0.0442897 0.0373935 0.0458201 0.02493 -0.0119775 0.066911 0.0832424 -0.0351638 -0.0155934 0.017187 0.0159416 0.0175041 0.0194015 0.039071 0.0153523 -0.0135833 0.00875935 0.0193604 0.0583783 0.0159612 0.0192488 0.00250992 0.0156994 0.00599115 -0.00725644 0.00605429 0.0272416 0.0236505 0.0189624 0.0703428 0.00766202 0.0221386 0.0479463 -0.00248305 -0.0127458 0.014526 0.0234439 0.0380834 0.0282116 0.0148417 0.00518469 -0.0686824 -0.0183594 -0.0121803 -0.0162276 -0.0123272 0.00722978 -0.0188842 -0.0228776 -0.0307351 -0.0095315 -0.0168275 0.00570874
internal_weight=3342 1317 2025 288 274 267 121 87 146 253 226 193 124 66 58 69 117 74 1043 1021 997 962 164 798 97 71 701 56 645 603 195 168 147 117 93 408 380 345 72 217 127 62 65 90 92 67 128 105 85 62 43 1737 734 620 565 172 77 1003 436 98 567 89
internal_count=3342 1317 2025 288 274 267 121 87 146 253 226 193 124 66 58 69 117 74 1043 1021 997 962 164 798 97 71 701 56 645 603 195 168 147 117 93 408 380 345 72 217 127 62 65 90 92 67 128 105 85 62 43 1737 734 620 565 172 77 1003 436 98 567 89
is_linear=0
shrinkage=0.04


Tree=58
num_leaves=63
num_cat=0
split_feature=13 13 14 1 19 11 10 7 11 1 15 5 18 7 19 12 12 12 7 13 13 13 12 5 5 2 1 13 11 12 2 14 5 12 10 10 13 19 18 5 19 12 17 19 5 12 13 13 10 19 13 10 14 2 14 19 19 11 17 16 18 17
split_gain=714.628 178.237 147.381 140.457 182.849 67.8643 62.3541 61.8794 108.986 89.8907 64.6917 128.083 89.8255 59.4388 52.8584 57.7449 97.095 93.531 51.996 50.4973 69.3901 65.0388 66.6813 48.7296 79.1618 75.9083 44.6669 68.1873 42.3233 36.4778 36.0632 38.1311 55.0885 68.0751 89.2444 60.1167 43.2375 40.3497 35.6679 38.6797 47.7843 79.4653 60.6036 57.3304 131.294 67.7695 41.3252 69.375 37.4116 34.5924 33.1028 33.8628 31.7384 29.3528 26.6132 54.6484 43.7636 52.909 39.7192 36.6969 36.3672 36.0767
threshold=4.2029411764705893 6.3786764705882364 4.8558934151121225 1.0000000180025095e-35 0.99984801714121374 1.5000000000000002 11.500000000000002 6.5000000000000009 36.500000000000007 1.0000000180025095e-35 0.98346994535519128 1.5000000000000002 0.13771551724137934 20.500000000000004 0.99992495037221096 9156.8508737864086 8246.6112087912097 10289.877855233006 19.500000000000004 6.213541666666667 6.1250542770299612 6.0064935064935074 8366.3277857142875 3.5000000000000004 1.5000000000000002 52.500000000000007 1.0000000180025095e-35 5.1656862745098051 4.5000000000000009 8985.0506663630858 37.500000000000007 6.3079663694584367 2.5000000000000004 7850.4805263157896 3.5000000000000004 4.5000000000000009 5.0319185059422757 0.87603779545945792 0.13079116179615113 4.5000000000000009 0.93909650149725354 8899.7686682650401 527572.37000000011 0.7913284939918549 1.5000000000000002 8480.3924305555574 4.8126566416040104 5.8141542002301501 7.5000000000000009 0.62268338824269776 -2.9285714285714284 7.5000000000000009 2.35907733895379 37.500000000000007 2.7454703177027846 0.48559415517193766 0.53067315295955408 66.500000000000014 12130.865000000002 0.069047619047619066 0.049590163934426237 13278.500000000002
decision_type=2 2 2 2 2 2 2 2 2 2 2 2 2 2 2 2 2 2 2 2 2 2 2 2 2 2 2 2 2 2 2 2 2 2 2 2 2 2 2 2 2 2 2 2 2 2 2 2 2 2 2 2 2 2 2 2 2 2 2 2 2 2
left_child=3 19 -3 5 -5 14 7 8 -4 10 12 13 -9 -12 15 16 23 -17 29 20 21 22 30 24 -1 -26 38 -28 50 -13 31 32 33 34 -2 37 -34 -35 39 40 43 42 53 45 -45 -24 -47 48 49 -48 51 52 -7 -42 55 -30 57 58 -56 60 -57 -61
right_child=1 2 6 4 -6 28 -8 9 -10 -11 11 18 -14 -15 -16 17 -18 -19 -20 -21 -22 -23 26 -25 25 -27 27 -29 54 -31 -32 -33 36 35 -36 -37 -38 -39 -40 -41 41 -43 -44 44 -46 46 47 -49 -50 -51 -52 -53 -54 -55 56 59 -58 -59 -60 61 -62 -63
leaf_value=-0.0062191107947310014 -0.12061950605153005 0.14905789390786903 -0.037167654154226952 0.12125250726938248 -0.0174983840478511 0.019476481756841042 0.00121474445997505 0.06131490990062783 0.082221726919237473 0.13539634306895781 0.062328852742769149 0.11382455213037551 -0.05117431389158638 -0.032596788270778561 -0.040931627978533107 0.099312694745749996 -0.072268051498237701 -0.0016105865169537029 0.15476443920739635 -0.033013709215360267 0.089743438173809323 -0.042484011248624609 -0.034438357129407564 -0.026896435651937712 0.11126906303770513 0.012638503070846496 0.013769069915699168 0.11256472451960151 0.004280323357165711 0.038775034709949398 0.022002335060222113 0.04970399926550946 0.041983691773763515 -0.011159904048341145 -0.010331868384636289 -0.055574994209041523 -0.0079388445260289969 0.068012500366761319 0.072936827842291302 -0.021061134909510226 0.031751990433771721 -0.035689137934862662 0.07639176068846712 0.14285341819786926 0.022721167407588495 0.084784830875726996 0.053662012259996235 0.08012125855662286 -0.039757758203840934 -0.010927623125661416 -0.085981998764849341 -0.071569888389488162 -0.045475476939569819 -0.022070798561026485 -0.0080049845374008111 -0.023103959295899208 -0.006839194776480856 0.0045249337255172531 -0.072069513380190756 -0.070347985668740662 0.0241092214901069 -0.02505690174498228
leaf_weight=59 23 23 29 28 33 25 46 26 21 24 21 22 20 21 37 27 26 32 22 32 21 29 26 39 25 25 21 24 119 20 146 20 45 21 24 21 72 20 23 31 35 46 29 24 37 23 28 27 21 25 23 22 23 30 22 697 629 38 53 52 27 62
leaf_count=59 23 23 29 28 33 25 46 26 21 24 21 22 20 21 37 27 26 32 22 32 21 29 26 39 25 25 21 24 119 20 146 20 45 21 24 21 72 20 23 31 35 46 29 24 37 23 28 27 21 25 23 22 23 30 22 697 629 38 53 52 27 62
internal_value=0.000504106 0.0249136 0.0519819 -0.0135111 0.046252 -0.0152822 0.0437141 0.0523512 0.013 0.0635054 0.0520595 0.0692417 0.0123583 0.0148538 0.00340538 0.0104691 -0.00112186 0.0446307 0.104824 0.0162649 0.0180385 0.0162972 0.0183289 0.0114036 0.0251378 0.0621174 0.0288347 0.0666372 -0.018099 0.0783112 0.00625938 -0.00308102 -0.00778103 -0.0282343 -0.0644864 -0.000661113 0.0112645 0.0274836 0.0246141 0.021681 0.0254666 0.00732259 0.0284077 0.0374866 0.0701755 0.0241419 0.0364589 0.0253612 0.00527302 0.0231943 -0.044377 -0.0305752 -0.0116346 0.00688424 -0.0166569 -0.0210676 -0.0109634 -0.0338762 -0.0533396 -0.0246696 -0.0213374 -0.0457771
internal_weight=3342 1219 295 2123 61 2062 272 226 50 176 152 106 46 42 270 233 174 59 64 924 892 871 842 148 109 50 450 45 1792 42 392 246 226 109 47 62 117 41 405 382 351 140 94 211 61 150 124 101 74 53 93 70 48 65 1699 957 742 113 75 838 724 114
internal_count=3342 1219 295 2123 61 2062 272 226 50 176 152 106 46 42 270 233 174 59 64 924 892 871 842 148 109 50 450 45 1792 42 392 246 226 109 47 62 117 41 405 382 351 140 94 211 61 150 124 101 74 53 93 70 48 65 1699 957 742 113 75 838 724 114
is_linear=0
shrinkage=0.04


Tree=59
num_leaves=63
num_cat=0
split_feature=13 13 14 1 0 0 0 15 0 10 6 15 0 11 6 6 7 13 13 13 7 6 3 13 0 16 0 5 0 18 16 13 16 16 18 11 11 5 18 10 14 14 10 11 7 7 5 5 0 7 16 0 13 10 14 6 14 0 0 3 18 17
split_gain=658.778 164.339 135.867 129.474 276.984 94.3249 178.547 141.233 177.109 164.637 132.784 77.0856 75.3432 62.5525 190.719 117.061 145.772 46.5527 63.9751 59.9586 42.7765 39.9481 52.0843 60.3043 117.159 79.7961 42.8807 124.048 66.9184 62.1567 68.333 50.3111 40.2816 53.4009 57.6583 49.079 39.0276 38.792 39.043 54.1793 42.4954 69.0609 68.4439 66.5172 59.7544 52.5699 37.6924 37.1318 55.2525 93.4298 36.9037 35.0496 30.514 31.2185 29.2616 27.1076 24.5242 50.921 39.233 49.2481 49.015 48.1308
threshold=4.2029411764705893 6.3786764705882364 4.8558934151121225 1.0000000180025095e-35 8.8110061812038118 8.7334434383984014 9.0004288692157726 0.98147512864494002 9.3578007852049403 4.5000000000000009 140.50000000000003 0.98757716049382727 8.8733300900459877 1.5000000000000002 57.500000000000007 46.500000000000007 15.500000000000002 6.213541666666667 6.1250542770299612 6.0064935064935074 11.500000000000002 191.50000000000003 6.5000000000000009 4.7917080085046075 8.8412797237233178 0.77097902097902116 8.6706959368420389 1.5000000000000002 8.8247043600775559 0.10982310372554276 0.92582417582417598 5.1961867426942279 0.69615384615384623 0.82843137254901966 0.049590163934426237 44.500000000000007 4.5000000000000009 4.5000000000000009 0.032433380084151482 4.5000000000000009 5.3130176434362832 4.9048022196759318 2.5000000000000004 70.500000000000014 15.500000000000002 8.5000000000000018 2.5000000000000004 1.0000000180025095e-35 8.851110432145747 25.500000000000004 0.73030303030303034 9.3161227574386078 -2.9285714285714284 7.5000000000000009 2.35907733895379 79.500000000000014 2.7454703177027846 8.362177772697251 9.1220570327386081 11.500000000000002 0.035190918472652225 71595.260000000009
decision_type=2 2 2 2 2 2 2 2 2 2 2 2 2 2 2 2 2 2 2 2 2 2 2 2 2 2 2 2 2 2 2 2 2 2 2 2 2 2 2 2 2 2 2 2 2 2 2 2 2 2 2 2 2 2 2 2 2 2 2 2 2 2
left_child=3 17 -3 13 -5 10 12 -8 9 -9 11 -4 -7 14 15 16 20 18 19 21 -1 22 23 24 -2 -26 27 -23 -28 30 32 -29 -30 35 -35 -34 52 38 39 -25 41 -40 44 -43 -42 -45 -12 -18 -49 -50 -44 -6 53 54 -15 -52 57 -38 60 -60 61 -58
right_child=1 2 5 4 51 6 7 8 -10 -11 46 -13 -14 36 -16 -17 47 -19 -20 -21 -22 26 -24 37 25 -27 28 31 29 -31 -32 -33 33 34 -36 -37 56 -39 40 -41 42 43 50 45 -46 -47 -48 48 49 -51 55 -53 -54 -55 -56 -57 58 -59 59 -61 -62 -63
leaf_value=0.018756450102784754 0.1112840622852576 0.14312138768501612 0.17125594403836633 0.16605461927195689 -0.051152245765331228 0.00031976550094522238 -0.016740423986944985 0.054456131321260301 0.0096182045230159049 0.19709350809397821 -0.018992563942771643 0.073402291532370739 -0.095831634476410216 0.01870052647780612 0.12181534384020525 -0.098824123268696801 0.012972979550235367 -0.031697273306386123 0.08617071463598458 -0.040790488359444738 0.074329255505612021 -0.078604211404784574 0.087565446146092005 -0.053862526699957725 0.070441195674203524 -0.037478180094873255 0.065693945960655115 0.058231543522479355 -0.053956787127378752 0.056028622601327578 0.052162906687666932 -0.015764503729677644 -0.011659962119105754 0.011099066034478333 -0.083563270749638999 0.065501588479117231 0.0037841146734068783 -0.032263659998715159 -0.0029981740668184741 0.031229771000767181 0.08019528896380694 0.10773698212201244 -0.040257211505857288 -0.0029231004658332128 0.00096513105054623076 0.061914093119500947 0.05752346088535977 -0.0040455142441828537 -0.013905949545065034 -0.11650978570494705 -0.019567862559521615 0.022632265707746665 -0.082557605434031719 -0.068720046113586536 -0.043664332593416233 0.023634458891027599 -0.012834185811149895 -0.023768637495787791 0.0072832818244490029 -0.056484949950358312 -0.037190030196323977 0.050942200238431865
leaf_weight=58 33 23 23 20 21 37 34 26 35 26 20 30 20 25 20 20 32 32 21 29 36 33 20 26 20 24 36 27 34 33 28 32 29 20 21 24 123 25 45 22 35 29 35 32 27 53 21 47 30 27 37 20 23 22 23 62 324 834 237 21 140 20
leaf_count=58 33 23 23 20 21 37 34 26 35 26 20 30 20 25 20 20 32 32 21 29 36 33 20 26 20 24 36 27 34 33 28 32 29 20 21 24 123 25 45 22 35 29 35 32 27 53 21 47 30 27 37 20 23 22 23 62 324 834 237 21 140 20
internal_value=0.000485161 0.0239215 0.0499131 -0.0129712 0.0444074 0.0419745 0.0248166 0.0523055 0.0793002 0.126055 0.0743827 0.116147 -0.0334913 -0.0146717 0.0032694 -0.0062512 0.00182938 0.0156166 0.0173196 0.0156475 0.0401173 0.0175984 0.0243691 0.0218455 0.0544247 0.0115792 0.00637456 -0.0166098 0.0157847 0.00623791 -0.00431108 0.0181055 -0.0167115 -0.00317546 -0.0374232 0.023301 -0.017376 0.0159682 0.0189725 -0.0148365 0.0235524 0.0389173 0.0110643 0.0554685 0.0457812 0.0375065 0.0201945 -0.0246296 -0.0362202 -0.0626617 -0.00500594 -0.0151436 -0.0426107 -0.0293577 -0.0111697 0.0074645 -0.0159911 -0.0202253 -0.0105254 0.00206522 -0.0172401 -0.00910672
internal_weight=3342 1219 295 2123 61 272 178 121 87 52 94 53 57 2062 270 250 230 924 892 871 94 842 525 505 77 44 317 92 225 189 156 59 128 94 41 53 1792 428 403 48 355 159 196 114 62 85 41 136 104 57 134 41 93 70 48 99 1699 957 742 258 484 344
internal_count=3342 1219 295 2123 61 272 178 121 87 52 94 53 57 2062 270 250 230 924 892 871 94 842 525 505 77 44 317 92 225 189 156 59 128 94 41 53 1792 428 403 48 355 159 196 114 62 85 41 136 104 57 134 41 93 70 48 99 1699 957 742 258 484 344
is_linear=0
shrinkage=0.04


Tree=60
num_leaves=63
num_cat=0
split_feature=13 1 12 12 7 18 6 0 19 0 7 6 0 10 17 7 7 0 7 7 13 3 6 7 19 10 0 0 3 6 13 10 5 16 5 0 17 6 3 6 6 18 12 0 15 7 13 10 16 17 0 17 13 0 15 10 12 16 18 18 16 12
split_gain=711.624 423.71 166.44 156.331 135.393 130.111 113.267 115.656 127.395 116.711 111.016 126.983 102.212 100.178 98.3485 88.8364 101.47 292.333 122.072 86.7887 81.6243 72.6167 78.6508 69.3941 86.1459 72.0461 59.9186 74.5463 58.6717 47.8689 43.0357 35.992 87.8725 104.091 83.1913 73.7186 68.5431 66.3158 63.7484 77.5114 55.1917 52.8551 52.3137 51.1145 45.6996 77.5336 71.7172 52.6987 76.8483 42.6308 72.5776 69.2905 49.7 40.6982 42.1788 38.5691 51.0725 33.3795 32.8154 39.4402 32.5571 29.1117
threshold=-3.0954545454545452 1.0000000180025095e-35 9446.8367000000017 9643.6505350877214 6.5000000000000009 0.25362623502207277 23.500000000000004 9.2843999809732445 0.99987255121452179 8.851110432145747 24.500000000000004 225.50000000000003 8.3097199498727541 15.500000000000002 72791.255000000019 27.500000000000004 25.500000000000004 8.8156341786190868 24.500000000000004 13.500000000000002 5.3689931350114426 4.5000000000000009 54.500000000000007 1.0000000180025095e-35 0.95006295591819523 526.50000000000011 8.6791623662121005 8.976826988944735 2.5000000000000004 37.500000000000007 2.4642857142857149 4.5000000000000009 1.0000000180025095e-35 0.77097902097902116 2.5000000000000004 8.7925602367759002 118853.03000000001 164.50000000000003 2.5000000000000004 86.500000000000014 54.500000000000007 0.133739837398374 8480.3924305555574 8.9677374566157955 0.87585616438356173 10.500000000000002 7.0500000000000007 10.500000000000002 0.97222222222222232 264869.02500000008 8.9717379390725966 423088.39000000007 5.1096096096096106 9.0045730950024403 0.82785560344827591 2.5000000000000004 8476.8159759963783 0.84807692307692317 0.075235849056603785 0.052289815447710192 0.87083333333333346 8743.2819781144772
decision_type=2 2 2 2 2 2 2 2 2 2 2 2 2 2 2 2 2 2 2 2 2 2 2 2 2 2 2 2 2 2 2 2 2 2 2 2 2 2 2 2 2 2 2 2 2 2 2 2 2 2 2 2 2 2 2 2 2 2 2 2 2 2
left_child=-1 3 10 5 -5 6 7 8 9 12 11 21 -2 -14 -7 16 18 -18 23 -16 -17 22 -3 24 -8 30 -27 -28 29 -6 -25 34 43 35 36 42 -32 -37 -36 -40 -38 55 -34 -33 47 -46 -47 48 53 60 51 -51 -52 54 -35 58 -57 -22 59 -41 -42 -54
right_child=1 2 -4 4 28 14 15 -9 -10 -11 -12 -13 13 -15 19 20 17 -19 -20 -21 57 -23 -24 25 -26 26 27 -29 -30 -31 31 32 33 44 38 37 40 -39 39 41 49 -43 -44 -45 45 46 -48 -49 -50 50 52 -53 61 -55 -56 56 -58 -59 -60 -61 -62 -63
leaf_value=-0.017814694195384943 -0.018888587094658047 0.032622438504778105 0.18264779731824798 0.040959618921591855 -0.05131370293009014 0.0026716441509527563 0.0025118914062713642 -0.043063715405725123 0.13077673120130678 -0.048235999434741571 -0.0097346357968580207 0.1584326822555373 0.014176887889608952 0.12220688124547278 0.16388888666415102 0.0014547285605902686 0.053574630267285775 -0.12360195344308351 0.088970141964051813 0.053236619440682857 0.049122554650947226 -0.0058814138823775888 0.13121095543620231 0.059693719988087736 0.11452997925157231 0.010012274224100715 -0.1148178225405076 -0.0094110347874356674 -0.010313845475514729 -0.12618229753033244 -0.068916443457563828 0.088731648133128796 0.1201553441177715 -0.05967237457336183 -0.041461206414233676 -0.030705032486624272 0.053926683800730534 0.050629654295765027 0.089165267789044142 0.035036157787655273 0.040912292898691367 0.073263949376146942 0.033597428653035222 0.014559091961241338 -0.086721943807771623 -0.061463177702320147 0.036776372304896714 -0.036279548452388892 0.078624689368909345 -0.022016887997251103 -0.054584249523578654 -0.11946184343342328 0.045326066638651269 0.034562653572421366 0.017033423018681493 0.022114796223144186 -0.059797911215092425 0.12034432869452935 0.048322257297423184 -0.041418560669885425 -0.024807883815385807 -0.017694171830937636
leaf_weight=1677 20 26 23 32 40 23 23 20 31 20 25 27 21 40 21 30 27 33 30 25 20 21 26 25 21 30 22 21 32 21 36 37 23 25 26 31 20 33 26 22 30 21 22 25 28 20 29 37 26 25 21 22 28 31 21 22 27 23 39 21 20 20
leaf_count=1677 20 26 23 32 40 23 23 20 31 20 25 27 21 40 21 30 27 33 30 25 20 21 26 25 21 30 22 21 32 21 36 37 23 25 26 31 20 33 26 22 30 21 22 25 28 20 29 37 26 25 21 22 28 31 21 22 27 23 39 21 20 20
internal_value=0.000428915 0.0193976 0.0838778 0.0128769 -0.0298833 0.0168691 0.0139598 0.0463511 0.0599363 0.0380655 0.0655567 0.0843904 0.0594324 0.085133 0.070333 0.00955435 0.0065722 -0.0438827 0.00964864 0.104041 0.0521902 0.0567983 0.0821123 0.00714834 0.0561589 0.0047757 -0.0333061 -0.0635278 -0.0542986 -0.0772852 0.0080951 0.00650078 0.0153129 0.00699651 -0.00152231 0.0388727 -0.0184673 0.0112155 0.016908 0.0254636 -0.0086604 0.0145026 0.0780508 0.0589272 -0.00901632 -0.0337497 -0.00332418 0.00458715 0.0193078 -0.016241 -0.0295474 -0.0678287 -0.00338232 -0.000771373 -0.0246501 0.00501893 -0.0230099 0.0874552 0.0217999 -0.00226526 0.0145873 0.0190439
internal_weight=3290 1613 148 1465 125 1340 1271 152 132 101 125 100 81 61 69 1119 1046 60 986 46 73 73 52 956 44 912 73 43 93 61 839 814 388 326 426 109 222 64 204 178 186 152 45 62 217 77 49 140 103 166 116 47 69 77 46 131 49 43 82 43 50 48
internal_count=3290 1613 148 1465 125 1340 1271 152 132 101 125 100 81 61 69 1119 1046 60 986 46 73 73 52 956 44 912 73 43 93 61 839 814 388 326 426 109 222 64 204 178 186 152 45 62 217 77 49 140 103 166 116 47 69 77 46 131 49 43 82 43 50 48
is_linear=0
shrinkage=0.04


Tree=61
num_leaves=63
num_cat=0
split_feature=14 18 1 12 3 3 7 6 1 6 6 12 6 2 7 5 10 19 19 14 10 6 6 18 7 7 18 17 6 18 6 19 19 7 14 12 19 2 12 14 12 7 7 12 19 17 18 12 14 19 12 12 15 18 12 14 17 14 14 18 17 6
split_gain=568.343 292.611 221.197 125.451 121.131 101.603 124.565 142.279 86.4653 115.821 85.7832 78.8252 187.641 74.5953 73.2025 65.7472 61.8409 102.462 97.2323 108.547 129.897 85.1887 82.2143 83.8805 102.688 63.6834 79.591 82.3961 79.2278 88.4623 87.9613 65.8638 62.8678 61.0606 61.0202 56.062 54.1 49.8185 49.5435 98.5334 266.308 128.421 56.7393 64.1933 48.8422 48.0839 44.8858 77.8816 55.1094 48.5535 42.3002 41.417 81.1844 37.859 39.3559 37.5751 34.7228 34.6969 63.0801 31.5428 30.4599 30.1702
threshold=4.2592226772026125 0.18442932728647018 1.0000000180025095e-35 6552.9057563025217 3.5000000000000004 3.5000000000000004 11.500000000000002 133.50000000000003 1.0000000180025095e-35 282.50000000000006 24.500000000000004 11075.611666666668 37.500000000000007 37.500000000000007 22.500000000000004 1.5000000000000002 4.5000000000000009 1.0376148614317091 1.1357425304653577 5.0490626614898391 10.500000000000002 76.500000000000014 80.500000000000014 0.079455266955266959 21.500000000000004 11.500000000000002 0.032433380084151482 483167.4200000001 205.50000000000003 0.078278186274509817 302.50000000000006 0.52129719525290008 1.1031304469385526 23.500000000000004 5.0722423357463784 5687.8875000000016 0.7137874139464836 37.500000000000007 8074.934495772949 0.93090365978289979 9557.4530566534941 20.500000000000004 13.500000000000002 7711.3453333333346 1.0299740711840368 363608.02500000002 0.1283882783882784 9057.2091109986522 6.2185108455506937 0.59041095844426661 8467.5533098591568 8011.3416010770516 0.81322674418604668 0.060120481927710849 8451.8777782392044 0.93090365978289979 10300.370000000001 5.5137556052264811 5.9198512002439641 0.087228260869565227 566930.41000000015 234.50000000000003
decision_type=2 2 2 2 2 2 2 2 2 2 2 2 2 2 2 2 2 2 2 2 2 2 2 2 2 2 2 2 2 2 2 2 2 2 2 2 2 2 2 2 2 2 2 2 2 2 2 2 2 2 2 2 2 2 2 2 2 2 2 2 2 2
left_child=2 8 3 10 -4 -3 -7 -8 16 14 13 38 -13 -1 37 55 17 25 19 20 -18 36 -20 24 61 28 -27 31 29 50 -30 -28 -19 34 -34 -17 -21 -10 42 40 41 -40 43 -5 -37 -25 47 53 -48 -49 -2 -36 59 -23 -55 -12 -44 -33 -59 -53 -29 -24
right_child=1 5 4 11 -6 6 7 -9 9 -11 15 12 -14 -15 -16 35 18 32 22 21 -22 46 23 45 -26 26 27 60 30 -31 -32 57 33 -35 51 44 -38 -39 39 -41 -42 -43 56 -45 -46 -47 48 49 -50 -51 -52 52 -54 54 -56 -57 -58 58 -60 -61 -62 -63
leaf_value=0.016515173303100452 -0.043816458015080308 0.029060747110955069 0.11462867457025722 0.0090186804937492111 -0.00065927507748320634 0.19654561503803561 0.15861358727981795 0.016733792088497644 0.078674575214648185 0.1376635898049198 -0.0016171943133150167 0.01150071735215473 -0.13480929617209941 0.12085785399822262 -0.035948144820199084 -0.011576154282562749 0.14490034250049658 0.086616929457890054 -0.052895354169713873 0.10877004287392895 0.022880772183412112 -0.019684782266150249 0.10488828066208354 0.0060153352136205632 -0.026887316435446468 -0.091033363812473192 0.057112970756868595 -0.090300235242482679 -0.06579446061615371 0.080354741110889305 0.039686810460256697 -0.038240408755664868 -0.053255260228031898 0.075558029341982649 0.055062958834243947 0.012057017423389082 0.026716190274820285 0.00095281122928828153 0.16538197827000189 -0.015826575545039336 -0.053548473082376688 0.031101523281568549 -0.039575232864195266 -0.057439907512816059 0.099475961502511701 -0.073346384627309011 -0.062710377667949416 0.025374769204622737 0.026966366655197898 0.10690641969071385 0.033740539794393593 -0.046672945922275763 0.051973709258511455 0.049432870278350353 -0.0082583726446209 -0.079170466738553782 -0.090638428396648832 0.060845868048085353 -0.026412670396245858 0.01366957431094409 -0.025508099357466889 0.039982002205193323
leaf_weight=23 21 32 33 78 26 21 20 26 39 20 20 27 29 21 20 40 29 24 39 28 27 51 26 31 23 25 27 25 34 38 20 47 22 25 36 21 24 20 21 1446 35 25 121 33 20 20 24 23 20 24 24 37 36 44 33 20 26 22 33 22 22 21
leaf_count=23 21 32 33 78 26 21 20 26 39 20 20 27 29 21 20 40 29 24 39 28 27 51 26 31 23 25 27 25 34 38 20 47 22 25 36 21 24 20 21 1446 35 25 121 33 20 20 24 23 20 24 24 37 36 44 33 20 26 22 33 22 22 21
internal_value=0.000413353 0.0219983 -0.0123907 -0.0146379 0.0638748 0.0878996 0.115887 0.0786743 0.0161951 0.051885 0.018761 -0.0176332 -0.0643366 0.0665216 0.0299971 0.00133637 0.012748 0.00342105 0.023083 0.0355824 0.0862508 0.0250769 -0.0024565 0.0138144 0.0422269 -0.010044 -0.0243766 -0.0148506 0.0109719 0.035501 -0.0266892 0.00166594 0.0259554 0.0177211 0.00821433 0.0220674 0.0710614 0.0524082 -0.0161634 -0.0134203 0.0294779 0.0926726 -0.0323794 -0.0107552 0.0548873 -0.0251504 0.0141216 0.0232059 -0.0219342 0.067189 -0.00242528 0.0185855 0.00469803 0.00700035 0.0247035 -0.0405444 -0.0486759 -0.0130332 0.00850153 -0.0241534 -0.060133 0.0760765
internal_weight=3290 1225 2065 2006 59 99 67 46 1126 99 165 1841 56 44 79 121 1027 540 487 327 56 271 160 121 70 338 201 176 137 83 54 129 202 178 153 81 52 59 1785 1527 81 46 258 111 41 51 219 175 44 47 45 131 95 128 77 40 147 102 55 59 47 47
internal_count=3290 1225 2065 2006 59 99 67 46 1126 99 165 1841 56 44 79 121 1027 540 487 327 56 271 160 121 70 338 201 176 137 83 54 129 202 178 153 81 52 59 1785 1527 81 46 258 111 41 51 219 175 44 47 45 131 95 128 77 40 147 102 55 59 47 47
is_linear=0
shrinkage=0.04


Tree=62
num_leaves=63
num_cat=0
split_feature=13 1 12 12 14 7 7 15 6 0 19 0 14 7 0 7 0 7 17 7 7 19 7 13 11 14 12 0 0 11 3 6 14 16 11 12 12 6 13 6 14 13 16 19 0 12 12 19 16 18 15 12 7 19 12 19 16 13 12 0 12 12
split_gain=603.531 365.348 151.732 136.704 142.023 123.014 102.273 116.389 101.69 102.35 114.586 101.879 100.936 97.2808 94.3435 93.731 267.274 112.847 81.1829 154.05 77.9508 89.9059 74.7417 68.2474 63.92 66.4836 79.1788 57.5559 63.64 56.0555 49.854 40.5281 40.2003 29.3935 28.8423 40.0758 28.7288 28.6328 41.0818 36.1292 34.4892 36.0555 45.3725 32.0177 63.9443 63.5853 80.9154 58.6624 53.8022 51.9742 49.3794 48.1588 47.1962 58.3791 40.0381 57.0896 57.4871 24.9904 24.3976 25.2579 24.8794 31.4483
threshold=-3.0954545454545452 1.0000000180025095e-35 9557.4530566534941 9643.6505350877214 7.3844893783327681 6.5000000000000009 12.500000000000002 0.98581488933601624 23.500000000000004 9.2843999809732445 0.99987255121452179 8.851110432145747 5.1859086008103725 27.500000000000004 8.3097199498727541 25.500000000000004 8.8156341786190868 24.500000000000004 72791.255000000019 11.500000000000002 1.0000000180025095e-35 0.95006295591819523 6.5000000000000009 5.3689931350114426 1.0000000180025095e-35 1.4487266298961141 6777.2826315789489 8.6791623662121005 8.976826988944735 89.500000000000014 2.5000000000000004 37.500000000000007 4.2592226772026125 0.84807692307692317 13.500000000000002 8275.6889809902732 8330.7211444444456 294.50000000000006 5.0438166311300643 283.50000000000006 5.1748179151023521 5.629670329670331 0.91987179487179505 1.2594307989544051 9.1513713778574779 8887.2617598633151 8644.5366666666687 1.4632662287472764 0.70294117647058829 0.11707595659623074 0.87240537240537253 8526.6893392857164 3.5000000000000004 1.0376148614317091 7850.4805263157896 0.77225648791899382 0.78759398496240618 5.2264957264957275 10538.088333333335 8.8058525241540853 8571.0603832752622 8637.0273347435232
decision_type=2 2 2 2 2 2 2 2 2 2 2 2 2 2 2 2 2 2 2 2 2 2 2 2 2 2 2 2 2 2 2 2 2 2 2 2 2 2 2 2 2 2 2 2 2 2 2 2 2 2 2 2 2 2 2 2 2 2 2 2 2 2
left_child=58 3 6 4 8 -5 22 12 9 10 11 14 -8 15 -2 17 -17 20 -6 -20 21 -10 -3 -15 27 -26 -27 -22 -29 32 31 -7 36 -25 35 -34 -28 39 -39 43 -40 -42 -43 44 45 46 50 -45 -49 -47 52 57 -36 54 -54 56 -56 -50 60 -60 -1 -62
right_child=1 2 -4 5 18 30 7 -9 13 -11 -12 -13 -14 23 -16 16 -18 -19 19 -21 24 -23 -24 33 25 26 29 28 -30 -31 -32 -33 34 -35 37 -37 -38 38 40 -41 41 42 -44 47 -46 49 -48 48 51 -51 -52 -53 53 -55 55 -57 -58 -59 59 -61 61 -63
leaf_value=-0.021418331308859666 -0.020086294065660502 0.061912549483380194 0.18004530268818583 0.039351314005450666 0.0021327427311323174 -0.048725353091063343 0.066724673514544225 0.11379742252812566 0.0015122289729840826 -0.04096184271485058 0.12311288438042643 -0.045440977627958228 -0.040215142080860751 0.0080372555882548997 0.079843574511634152 0.050807973243213671 -0.11748230729634461 0.084318645284619437 0.18361715317958624 0.041148387711147781 0.0096770030081866198 0.11458328311799339 0.16167658467098597 0.047847793078541159 0.071706689635747695 -0.053618021945874117 0.0027740095751317916 -0.10979337586536665 -0.01236520979641738 -0.044750025056975659 -0.010889269477481782 -0.11764109950494993 0.023382654587427776 0.11407776118314118 0.056947188163658541 -0.046149131124809249 -0.063284363914188457 0.035119791295793318 0.02929823476264919 0.064167699841247205 -0.057587630718606828 0.039496700452967277 -0.040075076449796014 0.075449304934139205 -0.036577989225432879 0.077044603848683862 -0.056186528692387071 0.069017355507787537 -0.0080436193172018326 0.014411463646213858 0.064369457339888567 -0.048052466479574493 -0.050253245564025696 0.060939654331302162 0.072268879824425605 -0.034492438898179364 -0.011009610479836786 0.055001675246366809 -0.077849280383456398 -0.023529364542693509 0.012842665895650118 -0.013485551113663993
leaf_weight=659 20 27 20 32 20 40 24 21 23 20 31 20 34 33 61 27 34 30 20 31 30 22 22 20 24 36 22 22 21 32 32 21 23 24 25 31 20 35 22 26 35 21 25 37 42 42 30 22 20 43 27 24 33 20 25 41 28 20 20 44 79 875
leaf_count=659 20 27 20 32 20 40 24 21 23 20 31 20 34 33 61 27 34 30 20 31 30 22 22 20 24 36 22 22 21 32 32 21 23 24 25 31 20 35 22 26 35 21 25 37 42 42 30 22 20 43 27 24 33 20 25 41 28 20 20 44 79 875
internal_value=0.000398485 0.0178672 0.0777424 0.0118122 0.0155455 -0.0281733 0.0616139 0.0333483 0.0124602 0.0431481 0.0559285 0.0351864 0.00404007 0.00827891 0.0551505 0.00506232 -0.0429992 0.00806309 0.0705666 0.0973076 0.00564175 0.0569673 0.106983 0.0516349 0.00307859 0.00623441 0.00427616 -0.0327779 -0.0623977 0.00698859 -0.0514464 -0.0726369 0.00923742 0.0841953 0.0115307 -0.0165083 -0.0287105 0.0138908 -0.0022421 0.0183029 -0.014979 -0.0270509 -0.00369857 0.0157964 0.00970456 0.0159113 0.00492805 0.0333895 0.0152041 0.0454373 0.0141749 -0.00334177 0.00625113 -0.00238991 -0.0124189 0.000881398 0.0282972 0.0234877 -0.0164025 -0.0406305 -0.0154375 -0.0113021
internal_weight=3290 1613 148 1465 1340 125 128 79 1269 152 132 101 58 1117 81 1040 61 979 71 51 949 45 49 77 904 831 807 73 43 771 93 61 739 44 697 54 42 643 138 505 103 81 46 479 356 314 229 123 86 85 199 64 172 147 127 94 53 40 1677 64 1613 954
internal_count=3290 1613 148 1465 1340 125 128 79 1269 152 132 101 58 1117 81 1040 61 979 71 51 949 45 49 77 904 831 807 73 43 771 93 61 739 44 697 54 42 643 138 505 103 81 46 479 356 314 229 123 86 85 199 64 172 147 127 94 53 40 1677 64 1613 954
is_linear=0
shrinkage=0.04


Tree=63
num_leaves=63
num_cat=0
split_feature=13 1 14 11 7 11 14 7 15 17 2 7 6 0 19 0 10 7 0 11 6 14 0 7 15 7 16 0 7 19 19 0 6 6 5 17 2 5 17 17 19 16 6 7 17 7 16 16 13 19 7 13 19 6 6 0 16 5 7 15 6 15
split_gain=556.345 336.854 115.915 113.397 142.001 107.62 127.24 105.192 62.3499 68.3185 46.0838 107.182 56.6954 167.591 84.9526 94.885 81.9646 113.236 145.859 79.5983 76.1309 95.1424 64.7334 52.1738 161.981 109.668 97.8761 82.4553 74.0219 92.4451 66.7281 40.6821 40.152 41.3634 56.0904 39.9094 39.4214 34.5626 32.8226 64.3097 63.27 100.641 83.028 59.6838 43.7917 52.8886 54.9179 40.8201 35.8 41.546 56.0557 40.1117 32.398 30.7987 59.6694 27.7096 27.3612 31.0316 25.4803 20.494 44.9396 27.4811
threshold=-3.0954545454545452 1.0000000180025095e-35 7.3844893783327681 18.500000000000004 11.500000000000002 5.5000000000000009 6.4488008953677252 23.500000000000004 0.79887640449438213 324556.6100000001 22.500000000000004 1.0000000180025095e-35 23.500000000000004 9.2398219852143662 0.99987255121452179 8.7399686730535198 526.50000000000011 22.500000000000004 8.6791623662121005 2.5000000000000004 41.500000000000007 3.6290567249093435 8.4862296719757655 11.500000000000002 0.77459677419354855 7.5000000000000009 0.53137254901960795 9.0270366401061697 23.500000000000004 0.99341403644144177 0.77225648791899382 8.9551738894000952 352.50000000000006 79.500000000000014 1.5000000000000002 612720.08499999996 37.500000000000007 2.5000000000000004 245225.36500000002 233429.53000000003 1.0761039209160004 0.73508771929824568 198.50000000000003 10.500000000000002 83782.255000000005 15.500000000000002 0.78174603174603186 0.87083333333333346 6.1635777598710728 0.5501649644129093 22.500000000000004 6.3786764705882364 1.0126986674780538 318.50000000000006 268.50000000000006 8.9372558993178473 0.70294117647058829 1.5000000000000002 13.500000000000002 0.061476442428823386 284.50000000000006 0.073801742919389998
decision_type=2 2 2 2 2 2 2 2 2 2 2 2 2 2 2 2 2 2 2 2 2 2 2 2 2 2 2 2 2 2 2 2 2 2 2 2 2 2 2 2 2 2 2 2 2 2 2 2 2 2 2 2 2 2 2 2 2 2 2 2 2 2
left_child=59 2 10 -4 -5 -3 7 8 -7 -10 23 -12 13 14 15 22 19 18 -18 -14 -21 31 -13 24 27 -26 -25 -2 29 30 -28 -22 33 34 -23 38 -36 -20 39 40 42 -42 44 -43 58 47 -47 -46 49 -40 53 -50 -52 54 56 -37 -51 -58 -35 -1 -61 -62
right_child=1 5 3 4 -6 6 -8 -9 9 -11 11 12 16 -15 -16 -17 17 -19 37 20 21 32 -24 26 25 -27 28 -29 -30 -31 -32 -33 -34 35 36 55 -38 -39 48 -41 41 43 -44 -45 45 46 -48 -49 51 50 52 -53 -54 -55 -56 -57 57 -59 -60 60 61 -63
leaf_value=-0.017836617904117297 0.022757328407043979 0.14522942889627613 -0.01184883334824653 0.1763090127973414 0.039520842638046408 0.1100548009663464 0.13821067375015927 -0.044470314149239763 -0.022225263553773057 0.072299418760738837 0.077203861561882525 0.028170527827237297 0.075710922362878158 -0.04191176328903589 0.11864373549872022 -0.02133373978299178 0.033997963833143983 0.043400896523416652 -0.048566412104918716 0.066016276351407041 -0.092209119446469714 -0.062623560666158193 0.12155623788410182 -0.082788931149370359 -0.086993674637935406 0.034492489141018233 -0.037555495308473776 0.12480547765137461 0.044680293158701784 -0.074131630132680607 0.061881173217997833 -0.012386463376420053 -0.046680636698037237 -0.048861150328731118 0.030877782947702003 -0.057334938935972558 -0.030899479079501059 -0.10830525661883397 0.058511029113604132 -0.060165862754622906 0.10789692007213 -0.038018587290982661 -0.060706582747854995 0.043868516607265269 0.094747983588222645 -0.04882600688256359 0.041392764322358555 0.017200948729443905 0.098519519098955594 0.052741195087519163 0.00068938108885786527 0.032110800361897722 -0.064446235611775329 -0.00509534659075903 0.079670968927285465 0.0082638029182126732 -0.033919162789815688 0.02698804942674415 0.0078185169255606222 -0.012663370757294446 0.062479525016983173 -0.00058100171758038968
leaf_weight=1371 32 28 24 20 31 25 25 20 21 29 39 26 29 35 28 28 25 29 30 35 21 27 22 33 29 20 21 21 34 35 22 20 20 23 40 20 28 33 35 21 25 23 31 37 24 21 22 20 20 22 31 54 20 43 33 21 24 30 28 262 22 22
leaf_count=1371 32 28 24 20 31 25 25 20 21 29 39 26 29 35 28 28 25 29 30 35 21 27 22 33 29 20 21 21 34 35 22 20 20 23 40 20 28 33 35 21 25 23 31 37 24 21 22 20 20 22 31 54 20 43 33 21 24 30 28 262 22 22
internal_value=0.000384027 0.017156 0.0113418 0.0597517 0.0934425 0.074649 0.0580564 0.036819 0.0585531 0.032594 0.0087242 0.0121104 0.00980232 0.0336805 0.0591552 0.037085 0.00635767 -0.025008 -0.0475982 0.01069 0.00837631 0.00579246 0.0711776 -0.00693603 0.0149627 -0.0373975 -0.0223541 0.0633881 -0.00447163 -0.0259522 0.0132982 -0.0534448 0.00907071 0.0106219 -0.0139556 0.0143447 0.0054027 -0.0800119 0.0170124 0.00692387 0.0125 0.0406287 -0.00165139 0.0124342 0.0116345 0.0288831 -0.00263222 0.0596636 0.025893 0.0183107 0.0113444 0.0501948 -0.024891 0.0235238 0.0348266 -0.0237486 0.0152493 -5.75145e-05 -0.0177494 -0.0157468 -0.0063741 0.0309741
internal_weight=3290 1613 1465 75 51 148 120 95 75 50 1390 1143 1104 139 104 76 965 117 88 848 819 784 48 247 102 49 145 53 112 78 43 41 743 723 95 628 68 63 587 275 254 85 169 60 138 87 43 44 312 238 203 74 51 152 109 41 76 54 51 1677 306 44
internal_count=3290 1613 1465 75 51 148 120 95 75 50 1390 1143 1104 139 104 76 965 117 88 848 819 784 48 247 102 49 145 53 112 78 43 41 743 723 95 628 68 63 587 275 254 85 169 60 138 87 43 44 312 238 203 74 51 152 109 41 76 54 51 1677 306 44
is_linear=0
shrinkage=0.04


Tree=64
num_leaves=63
num_cat=0
split_feature=13 1 12 12 14 7 6 7 0 19 0 7 6 7 0 7 0 10 10 7 7 7 19 19 13 10 14 12 0 0 6 7 14 10 10 7 7 0 2 16 18 19 7 7 19 10 19 18 7 14 10 13 0 6 17 12 15 12 0 12 13 18
split_gain=512.82 310.538 137.646 119.245 121.405 112.61 90.9731 90.468 88.4966 99.11 90.7848 88.3586 112.409 85.9144 243.08 101.13 84.4094 92.1409 81.6759 71.4138 111.163 65.9623 81.362 65.4077 66.5339 55.3 58.3507 69.0583 47.4925 58.0941 45.5318 80.4581 30.8315 31.9442 52.6953 51.474 74.2803 51.3325 71.2366 90.3778 49.4913 63.2865 56.185 103.336 52.1695 72.5657 85.8978 48.0305 45.8646 44.028 43.8031 34.5034 52.4143 31.8559 26.931 26.0783 23.0077 22.3779 23.4888 23.1511 42.0734 31.1582
threshold=-3.0954545454545452 1.0000000180025095e-35 9446.8367000000017 9643.6505350877214 7.3844893783327681 6.5000000000000009 23.500000000000004 27.500000000000004 9.2843999809732445 0.99987255121452179 8.851110432145747 24.500000000000004 225.50000000000003 25.500000000000004 8.8156341786190868 24.500000000000004 8.3097199498727541 15.500000000000002 5.5000000000000009 18.500000000000004 9.5000000000000018 1.0000000180025095e-35 0.95006295591819523 0.96713754185329759 5.5917467948717956 526.50000000000011 1.4487266298961141 6777.2826315789489 8.6791623662121005 8.976826988944735 17.500000000000004 20.500000000000004 4.2592226772026125 4.5000000000000009 2.5000000000000004 19.500000000000004 22.500000000000004 8.9821974691094475 37.500000000000007 0.87867647058823539 0.073801742919389998 0.73209194098866548 17.500000000000004 13.500000000000002 1.3343445164605314 7.5000000000000009 0.89611619365284245 0.07185886402753873 16.500000000000004 5.8888470392458059 1.5000000000000002 6.5702702702702709 8.7289076782391017 179.50000000000003 384988.25000000006 8330.7211444444456 0.75797962648556882 10538.088333333335 9.0159822587479308 8899.7686682650401 -4.7434210526315779 0.024540800963565194
decision_type=2 2 2 2 2 2 2 2 2 2 2 2 2 2 2 2 2 2 2 2 2 2 2 2 2 2 2 2 2 2 2 2 2 2 2 2 2 2 2 2 2 2 2 2 2 2 2 2 2 2 2 2 2 2 2 2 2 2 2 2 2 2
left_child=57 3 11 4 6 -5 8 13 9 10 16 12 19 15 -15 21 -2 -18 -6 20 -3 22 -8 24 -9 26 -23 -28 -27 -30 -7 -32 55 34 35 47 -37 48 39 -39 44 49 43 54 45 -35 -47 50 -36 -42 56 52 -49 -54 -43 -29 -34 59 -59 -1 -61 -62
right_child=1 2 -4 5 18 30 7 23 -10 -11 -12 -13 -14 14 -16 -17 17 -19 -20 -21 -22 25 -24 -25 -26 28 27 32 29 -31 31 -33 33 40 37 36 -38 38 -40 -41 41 42 -44 -45 -46 46 -48 51 -50 -51 -52 -53 53 -55 -56 -57 -58 58 -60 60 61 -63
leaf_value=-0.01776566904307952 -0.019173182578229191 0.069594044554274523 0.16148500243306674 0.038149659382962733 0.10404797144253236 -0.092442242439382621 -0.00031381104415629336 -0.036727623761589848 -0.037657343831228374 0.11491988872025173 -0.042966697370235007 -0.012136365854407687 0.14146694226018616 0.047913033899840834 -0.11257853574504602 0.0795286762714386 0.0073288324881362688 0.11089610662246285 0.017721772591737201 0.10407074346170797 -0.050980235397533213 0.066962770883967779 0.10707139129552368 0.090769651991880543 0.062776314871651792 0.0079007627322428258 -0.050276450598999406 0.0030416383678557105 -0.10284743864072395 -0.0097719583692143872 -0.069728599481505532 0.019108048230921687 0.053692218782777461 0.056711297326697087 -0.061315009986276689 -0.075310525099436448 0.027253648120893068 -0.0080191953819117451 -0.044471942296450087 0.10013503075832159 0.062779397301160764 -0.0011807661524442868 -0.055164073593211627 0.071797473183666097 0.076469146987407824 0.027383208797715813 -0.071267652317409599 0.010179894134351069 0.001163686137019154 0.0022597335534327474 -0.03837073092291976 0.00064708231559978643 0.10395143218808793 0.038337907411565827 -0.056596918120327223 -0.059891349931261433 -0.0060775641422366623 -0.062520128837627045 -0.013937947196752482 0.033438258942246758 -0.016923528760394272 0.0040034448899954542
leaf_weight=1037 20 29 23 32 39 27 23 20 20 31 20 25 27 27 34 30 21 40 32 23 21 24 22 34 23 30 36 22 22 21 37 29 21 50 53 23 22 32 29 20 38 32 37 25 36 39 22 29 29 39 31 27 30 20 25 20 20 32 32 37 376 163
leaf_count=1037 20 29 23 32 39 27 23 20 20 31 20 25 27 27 34 30 21 40 32 23 21 24 22 34 23 30 36 22 22 21 37 29 21 50 53 23 22 32 29 20 38 32 37 25 36 39 22 29 29 39 31 27 30 20 25 20 20 32 32 37 376 163
internal_value=0.000370058 0.0164726 0.0716744 0.0108901 0.0143769 -0.0264546 0.0115242 0.00756935 0.04055 0.0524343 0.0331411 0.0550173 0.0718211 0.00446742 -0.0415464 0.00734047 0.0519876 0.0753449 0.0652482 0.045876 0.0189123 0.00504819 0.0522623 0.0493794 0.0164712 0.0026902 0.00562569 0.00379099 -0.0306608 -0.0575665 -0.0487226 -0.0306942 0.00632433 0.00824755 0.000348488 0.0129868 -0.0251744 -0.016927 0.00563705 0.0336526 0.0171283 0.00395357 -0.0143153 0.0041368 0.0346665 0.0210342 -0.00822147 0.0226542 -0.03922 0.0321952 -0.00253236 0.0397672 0.0530944 0.0778749 -0.0255777 -0.02695 0.0245437 -0.0151169 -0.0383199 -0.0141927 -0.00775459 -0.0105917
internal_weight=3290 1613 148 1465 1340 125 1269 1117 152 132 101 125 100 1040 61 979 81 61 71 73 50 949 45 77 43 904 831 807 73 43 93 66 771 729 386 223 45 163 81 52 343 196 119 82 147 111 61 178 82 77 72 106 79 50 57 42 41 1677 64 1613 576 539
internal_count=3290 1613 148 1465 1340 125 1269 1117 152 132 101 125 100 1040 61 979 81 61 71 73 50 949 45 77 43 904 831 807 73 43 93 66 771 729 386 223 45 163 81 52 343 196 119 82 147 111 61 178 82 77 72 106 79 50 57 42 41 1677 64 1613 576 539
is_linear=0
shrinkage=0.04


end of trees

feature_importances:
log_amount=414
mean_days_late_hist=389
amount_vs_cust_avg=356
days_to_month_end=354
monetary_avg=321
inv_dayofyear=320
std_days_late_hist=242
dispute_rate_hist=227
recency_days=224
late_rate_hist=208
sum_amount_late_hist=179
frequency=174
late_rate_90d=173
inv_weekday=162
disputed=122
default_payment_terms=103
inv_month=58
inv_quarter=2
is_month_end=1
is_quarter_end=1

parameters:
[boosting: gbdt]
[objective: regression]
[metric: rmse,l1]
[tree_learner: serial]
[device_type: cpu]
[data_sample_strategy: bagging]
[data: ]
[valid: ]
[num_iterations: 65]
[learning_rate: 0.04]
[num_leaves: 63]
[num_threads: 0]
[seed: 42]
[deterministic: 0]
[force_col_wise: 0]
[force_row_wise: 0]
[histogram_pool_size: -1]
[max_depth: -1]
[min_data_in_leaf: 20]
[min_sum_hessian_in_leaf: 0.001]
[bagging_fraction: 0.85]
[pos_bagging_fraction: 1]
[neg_bagging_fraction: 1]
[bagging_freq: 5]
[bagging_seed: 400]
[bagging_by_query: 0]
[feature_fraction: 0.8]
[feature_fraction_bynode: 1]
[feature_fraction_seed: 30056]
[extra_trees: 0]
[extra_seed: 12879]
[early_stopping_round: 0]
[early_stopping_min_delta: 0]
[first_metric_only: 0]
[max_delta_step: 0]
[lambda_l1: 0.05]
[lambda_l2: 0.1]
[linear_lambda: 0]
[min_gain_to_split: 0]
[drop_rate: 0.1]
[max_drop: 50]
[skip_drop: 0.5]
[xgboost_dart_mode: 0]
[uniform_drop: 0]
[drop_seed: 17869]
[top_rate: 0.2]
[other_rate: 0.1]
[min_data_per_group: 100]
[max_cat_threshold: 32]
[cat_l2: 10]
[cat_smooth: 10]
[max_cat_to_onehot: 4]
[top_k: 20]
[monotone_constraints: ]
[monotone_constraints_method: basic]
[monotone_penalty: 0]
[feature_contri: ]
[forcedsplits_filename: ]
[refit_decay_rate: 0.9]
[cegb_tradeoff: 1]
[cegb_penalty_split: 0]
[cegb_penalty_feature_lazy: ]
[cegb_penalty_feature_coupled: ]
[path_smooth: 0]
[interaction_constraints: ]
[verbosity: -1]
[saved_feature_importance_type: 0]
[use_quantized_grad: 0]
[num_grad_quant_bins: 4]
[quant_train_renew_leaf: 0]
[stochastic_rounding: 1]
[linear_tree: 0]
[max_bin: 255]
[max_bin_by_feature: ]
[min_data_in_bin: 3]
[bin_construct_sample_cnt: 200000]
[data_random_seed: 175]
[is_enable_sparse: 1]
[enable_bundle: 1]
[use_missing: 1]
[zero_as_missing: 0]
[feature_pre_filter: 1]
[pre_partition: 0]
[two_round: 0]
[header: 0]
[label_column: ]
[weight_column: ]
[group_column: ]
[ignore_column: ]
[categorical_feature: ]
[forcedbins_filename: ]
[precise_float_parser: 0]
[parser_config_file: ]
[objective_seed: 16083]
[num_class: 1]
[is_unbalance: 0]
[scale_pos_weight: 1]
[sigmoid: 1]
[boost_from_average: 1]
[reg_sqrt: 0]
[alpha: 0.9]
[fair_c: 1]
[poisson_max_delta_step: 0.7]
[tweedie_variance_power: 1.5]
[lambdarank_truncation_level: 30]
[lambdarank_norm: 1]
[label_gain: ]
[lambdarank_position_bias_regularization: 0]
[eval_at: ]
[multi_error_top_k: 1]
[auc_mu_weights: ]
[num_machines: 1]
[local_listen_port: 12400]
[time_out: 120]
[machine_list_filename: ]
[machines: ]
[gpu_platform_id: -1]
[gpu_device_id: -1]
[gpu_use_dp: 0]
[num_gpu: 1]

end of parameters

pandas_categorical:null
